category,intervention,detail,task_valid,d_plus,d_minus,l_plus,l_minus,l_combined,cit,constant_one,timing_oracle,exclusive_relational_detection
admissible,baseline,"cw=0;ccw=0;control=(1, 0)",1,111,111,1,1,1,1,1,1,0
admissible,exchange_orientation_labels,"cw=0;ccw=0;control=(1, 0)",1,111,111,1,1,1,1,1,1,0
admissible,cyclic_relabel_1,"cw=0;ccw=0;control=(1, 0)",1,111,111,1,1,1,1,1,1,0
admissible,cyclic_relabel_2,"cw=0;ccw=0;control=(1, 0)",1,111,111,1,1,1,1,1,1,0
admissible,baseline,"cw=0;ccw=0;control=(0, 1)",1,111,111,1,1,1,1,1,1,0
admissible,exchange_orientation_labels,"cw=0;ccw=0;control=(0, 1)",1,111,111,1,1,1,1,1,1,0
admissible,cyclic_relabel_1,"cw=0;ccw=0;control=(0, 1)",1,111,111,1,1,1,1,1,1,0
admissible,cyclic_relabel_2,"cw=0;ccw=0;control=(0, 1)",1,111,111,1,1,1,1,1,1,0
admissible,baseline,"cw=0;ccw=1;control=(1, 0)",1,111,111,1,1,1,1,1,1,0
admissible,exchange_orientation_labels,"cw=0;ccw=1;control=(1, 0)",1,111,111,1,1,1,1,1,1,0
admissible,cyclic_relabel_1,"cw=0;ccw=1;control=(1, 0)",1,111,111,1,1,1,1,1,1,0
admissible,cyclic_relabel_2,"cw=0;ccw=1;control=(1, 0)",1,111,111,1,1,1,1,1,1,0
admissible,baseline,"cw=0;ccw=1;control=(0, 1)",1,111,111,1,1,1,1,1,1,0
admissible,exchange_orientation_labels,"cw=0;ccw=1;control=(0, 1)",1,111,111,1,1,1,1,1,1,0
admissible,cyclic_relabel_1,"cw=0;ccw=1;control=(0, 1)",1,111,111,1,1,1,1,1,1,0
admissible,cyclic_relabel_2,"cw=0;ccw=1;control=(0, 1)",1,111,111,1,1,1,1,1,1,0
admissible,baseline,"cw=0;ccw=2;control=(1, 0)",1,111,111,1,1,1,1,1,1,0
admissible,exchange_orientation_labels,"cw=0;ccw=2;control=(1, 0)",1,111,111,1,1,1,1,1,1,0
admissible,cyclic_relabel_1,"cw=0;ccw=2;control=(1, 0)",1,111,111,1,1,1,1,1,1,0
admissible,cyclic_relabel_2,"cw=0;ccw=2;control=(1, 0)",1,111,111,1,1,1,1,1,1,0
admissible,baseline,"cw=0;ccw=2;control=(0, 1)",1,111,111,1,1,1,1,1,1,0
admissible,exchange_orientation_labels,"cw=0;ccw=2;control=(0, 1)",1,111,111,1,1,1,1,1,1,0
admissible,cyclic_relabel_1,"cw=0;ccw=2;control=(0, 1)",1,111,111,1,1,1,1,1,1,0
admissible,cyclic_relabel_2,"cw=0;ccw=2;control=(0, 1)",1,111,111,1,1,1,1,1,1,0
admissible,baseline,"cw=0;ccw=3;control=(1, 0)",1,111,111,1,1,1,1,1,1,0
admissible,exchange_orientation_labels,"cw=0;ccw=3;control=(1, 0)",1,111,111,1,1,1,1,1,1,0
admissible,cyclic_relabel_1,"cw=0;ccw=3;control=(1, 0)",1,111,111,1,1,1,1,1,1,0
admissible,cyclic_relabel_2,"cw=0;ccw=3;control=(1, 0)",1,111,111,1,1,1,1,1,1,0
admissible,baseline,"cw=0;ccw=3;control=(0, 1)",1,111,111,1,1,1,1,1,1,0
admissible,exchange_orientation_labels,"cw=0;ccw=3;control=(0, 1)",1,111,111,1,1,1,1,1,1,0
admissible,cyclic_relabel_1,"cw=0;ccw=3;control=(0, 1)",1,111,111,1,1,1,1,1,1,0
admissible,cyclic_relabel_2,"cw=0;ccw=3;control=(0, 1)",1,111,111,1,1,1,1,1,1,0
admissible,baseline,"cw=0;ccw=4;control=(1, 0)",1,111,111,1,1,1,1,1,1,0
admissible,exchange_orientation_labels,"cw=0;ccw=4;control=(1, 0)",1,111,111,1,1,1,1,1,1,0
admissible,cyclic_relabel_1,"cw=0;ccw=4;control=(1, 0)",1,111,111,1,1,1,1,1,1,0
admissible,cyclic_relabel_2,"cw=0;ccw=4;control=(1, 0)",1,111,111,1,1,1,1,1,1,0
admissible,baseline,"cw=0;ccw=4;control=(0, 1)",1,111,111,1,1,1,1,1,1,0
admissible,exchange_orientation_labels,"cw=0;ccw=4;control=(0, 1)",1,111,111,1,1,1,1,1,1,0
admissible,cyclic_relabel_1,"cw=0;ccw=4;control=(0, 1)",1,111,111,1,1,1,1,1,1,0
admissible,cyclic_relabel_2,"cw=0;ccw=4;control=(0, 1)",1,111,111,1,1,1,1,1,1,0
admissible,baseline,"cw=0;ccw=5;control=(1, 0)",1,111,111,1,1,1,1,1,1,0
admissible,exchange_orientation_labels,"cw=0;ccw=5;control=(1, 0)",1,111,111,1,1,1,1,1,1,0
admissible,cyclic_relabel_1,"cw=0;ccw=5;control=(1, 0)",1,111,111,1,1,1,1,1,1,0
admissible,cyclic_relabel_2,"cw=0;ccw=5;control=(1, 0)",1,111,111,1,1,1,1,1,1,0
admissible,baseline,"cw=0;ccw=5;control=(0, 1)",1,111,111,1,1,1,1,1,1,0
admissible,exchange_orientation_labels,"cw=0;ccw=5;control=(0, 1)",1,111,111,1,1,1,1,1,1,0
admissible,cyclic_relabel_1,"cw=0;ccw=5;control=(0, 1)",1,111,111,1,1,1,1,1,1,0
admissible,cyclic_relabel_2,"cw=0;ccw=5;control=(0, 1)",1,111,111,1,1,1,1,1,1,0
admissible,baseline,"cw=0;ccw=6;control=(1, 0)",1,111,111,1,1,1,1,1,1,0
admissible,exchange_orientation_labels,"cw=0;ccw=6;control=(1, 0)",1,111,111,1,1,1,1,1,1,0
admissible,cyclic_relabel_1,"cw=0;ccw=6;control=(1, 0)",1,111,111,1,1,1,1,1,1,0
admissible,cyclic_relabel_2,"cw=0;ccw=6;control=(1, 0)",1,111,111,1,1,1,1,1,1,0
admissible,baseline,"cw=0;ccw=6;control=(0, 1)",1,111,111,1,1,1,1,1,1,0
admissible,exchange_orientation_labels,"cw=0;ccw=6;control=(0, 1)",1,111,111,1,1,1,1,1,1,0
admissible,cyclic_relabel_1,"cw=0;ccw=6;control=(0, 1)",1,111,111,1,1,1,1,1,1,0
admissible,cyclic_relabel_2,"cw=0;ccw=6;control=(0, 1)",1,111,111,1,1,1,1,1,1,0
admissible,baseline,"cw=0;ccw=7;control=(1, 0)",1,111,111,1,1,1,1,1,1,0
admissible,exchange_orientation_labels,"cw=0;ccw=7;control=(1, 0)",1,111,111,1,1,1,1,1,1,0
admissible,cyclic_relabel_1,"cw=0;ccw=7;control=(1, 0)",1,111,111,1,1,1,1,1,1,0
admissible,cyclic_relabel_2,"cw=0;ccw=7;control=(1, 0)",1,111,111,1,1,1,1,1,1,0
admissible,baseline,"cw=0;ccw=7;control=(0, 1)",1,111,111,1,1,1,1,1,1,0
admissible,exchange_orientation_labels,"cw=0;ccw=7;control=(0, 1)",1,111,111,1,1,1,1,1,1,0
admissible,cyclic_relabel_1,"cw=0;ccw=7;control=(0, 1)",1,111,111,1,1,1,1,1,1,0
admissible,cyclic_relabel_2,"cw=0;ccw=7;control=(0, 1)",1,111,111,1,1,1,1,1,1,0
admissible,baseline,"cw=1;ccw=0;control=(1, 0)",1,111,111,1,1,1,1,1,1,0
admissible,exchange_orientation_labels,"cw=1;ccw=0;control=(1, 0)",1,111,111,1,1,1,1,1,1,0
admissible,cyclic_relabel_1,"cw=1;ccw=0;control=(1, 0)",1,111,111,1,1,1,1,1,1,0
admissible,cyclic_relabel_2,"cw=1;ccw=0;control=(1, 0)",1,111,111,1,1,1,1,1,1,0
admissible,baseline,"cw=1;ccw=0;control=(0, 1)",1,111,111,1,1,1,1,1,1,0
admissible,exchange_orientation_labels,"cw=1;ccw=0;control=(0, 1)",1,111,111,1,1,1,1,1,1,0
admissible,cyclic_relabel_1,"cw=1;ccw=0;control=(0, 1)",1,111,111,1,1,1,1,1,1,0
admissible,cyclic_relabel_2,"cw=1;ccw=0;control=(0, 1)",1,111,111,1,1,1,1,1,1,0
admissible,baseline,"cw=1;ccw=1;control=(1, 0)",1,111,111,1,1,1,1,1,1,0
admissible,exchange_orientation_labels,"cw=1;ccw=1;control=(1, 0)",1,111,111,1,1,1,1,1,1,0
admissible,cyclic_relabel_1,"cw=1;ccw=1;control=(1, 0)",1,111,111,1,1,1,1,1,1,0
admissible,cyclic_relabel_2,"cw=1;ccw=1;control=(1, 0)",1,111,111,1,1,1,1,1,1,0
admissible,baseline,"cw=1;ccw=1;control=(0, 1)",1,111,111,1,1,1,1,1,1,0
admissible,exchange_orientation_labels,"cw=1;ccw=1;control=(0, 1)",1,111,111,1,1,1,1,1,1,0
admissible,cyclic_relabel_1,"cw=1;ccw=1;control=(0, 1)",1,111,111,1,1,1,1,1,1,0
admissible,cyclic_relabel_2,"cw=1;ccw=1;control=(0, 1)",1,111,111,1,1,1,1,1,1,0
admissible,baseline,"cw=1;ccw=2;control=(1, 0)",1,111,111,1,1,1,1,1,1,0
admissible,exchange_orientation_labels,"cw=1;ccw=2;control=(1, 0)",1,111,111,1,1,1,1,1,1,0
admissible,cyclic_relabel_1,"cw=1;ccw=2;control=(1, 0)",1,111,111,1,1,1,1,1,1,0
admissible,cyclic_relabel_2,"cw=1;ccw=2;control=(1, 0)",1,111,111,1,1,1,1,1,1,0
admissible,baseline,"cw=1;ccw=2;control=(0, 1)",1,111,111,1,1,1,1,1,1,0
admissible,exchange_orientation_labels,"cw=1;ccw=2;control=(0, 1)",1,111,111,1,1,1,1,1,1,0
admissible,cyclic_relabel_1,"cw=1;ccw=2;control=(0, 1)",1,111,111,1,1,1,1,1,1,0
admissible,cyclic_relabel_2,"cw=1;ccw=2;control=(0, 1)",1,111,111,1,1,1,1,1,1,0
admissible,baseline,"cw=1;ccw=3;control=(1, 0)",1,111,111,1,1,1,1,1,1,0
admissible,exchange_orientation_labels,"cw=1;ccw=3;control=(1, 0)",1,111,111,1,1,1,1,1,1,0
admissible,cyclic_relabel_1,"cw=1;ccw=3;control=(1, 0)",1,111,111,1,1,1,1,1,1,0
admissible,cyclic_relabel_2,"cw=1;ccw=3;control=(1, 0)",1,111,111,1,1,1,1,1,1,0
admissible,baseline,"cw=1;ccw=3;control=(0, 1)",1,111,111,1,1,1,1,1,1,0
admissible,exchange_orientation_labels,"cw=1;ccw=3;control=(0, 1)",1,111,111,1,1,1,1,1,1,0
admissible,cyclic_relabel_1,"cw=1;ccw=3;control=(0, 1)",1,111,111,1,1,1,1,1,1,0
admissible,cyclic_relabel_2,"cw=1;ccw=3;control=(0, 1)",1,111,111,1,1,1,1,1,1,0
admissible,baseline,"cw=1;ccw=4;control=(1, 0)",1,111,111,1,1,1,1,1,1,0
admissible,exchange_orientation_labels,"cw=1;ccw=4;control=(1, 0)",1,111,111,1,1,1,1,1,1,0
admissible,cyclic_relabel_1,"cw=1;ccw=4;control=(1, 0)",1,111,111,1,1,1,1,1,1,0
admissible,cyclic_relabel_2,"cw=1;ccw=4;control=(1, 0)",1,111,111,1,1,1,1,1,1,0
admissible,baseline,"cw=1;ccw=4;control=(0, 1)",1,111,111,1,1,1,1,1,1,0
admissible,exchange_orientation_labels,"cw=1;ccw=4;control=(0, 1)",1,111,111,1,1,1,1,1,1,0
admissible,cyclic_relabel_1,"cw=1;ccw=4;control=(0, 1)",1,111,111,1,1,1,1,1,1,0
admissible,cyclic_relabel_2,"cw=1;ccw=4;control=(0, 1)",1,111,111,1,1,1,1,1,1,0
admissible,baseline,"cw=1;ccw=5;control=(1, 0)",1,111,111,1,1,1,1,1,1,0
admissible,exchange_orientation_labels,"cw=1;ccw=5;control=(1, 0)",1,111,111,1,1,1,1,1,1,0
admissible,cyclic_relabel_1,"cw=1;ccw=5;control=(1, 0)",1,111,111,1,1,1,1,1,1,0
admissible,cyclic_relabel_2,"cw=1;ccw=5;control=(1, 0)",1,111,111,1,1,1,1,1,1,0
admissible,baseline,"cw=1;ccw=5;control=(0, 1)",1,111,111,1,1,1,1,1,1,0
admissible,exchange_orientation_labels,"cw=1;ccw=5;control=(0, 1)",1,111,111,1,1,1,1,1,1,0
admissible,cyclic_relabel_1,"cw=1;ccw=5;control=(0, 1)",1,111,111,1,1,1,1,1,1,0
admissible,cyclic_relabel_2,"cw=1;ccw=5;control=(0, 1)",1,111,111,1,1,1,1,1,1,0
admissible,baseline,"cw=1;ccw=6;control=(1, 0)",1,111,111,1,1,1,1,1,1,0
admissible,exchange_orientation_labels,"cw=1;ccw=6;control=(1, 0)",1,111,111,1,1,1,1,1,1,0
admissible,cyclic_relabel_1,"cw=1;ccw=6;control=(1, 0)",1,111,111,1,1,1,1,1,1,0
admissible,cyclic_relabel_2,"cw=1;ccw=6;control=(1, 0)",1,111,111,1,1,1,1,1,1,0
admissible,baseline,"cw=1;ccw=6;control=(0, 1)",1,111,111,1,1,1,1,1,1,0
admissible,exchange_orientation_labels,"cw=1;ccw=6;control=(0, 1)",1,111,111,1,1,1,1,1,1,0
admissible,cyclic_relabel_1,"cw=1;ccw=6;control=(0, 1)",1,111,111,1,1,1,1,1,1,0
admissible,cyclic_relabel_2,"cw=1;ccw=6;control=(0, 1)",1,111,111,1,1,1,1,1,1,0
admissible,baseline,"cw=1;ccw=7;control=(1, 0)",1,111,111,1,1,1,1,1,1,0
admissible,exchange_orientation_labels,"cw=1;ccw=7;control=(1, 0)",1,111,111,1,1,1,1,1,1,0
admissible,cyclic_relabel_1,"cw=1;ccw=7;control=(1, 0)",1,111,111,1,1,1,1,1,1,0
admissible,cyclic_relabel_2,"cw=1;ccw=7;control=(1, 0)",1,111,111,1,1,1,1,1,1,0
admissible,baseline,"cw=1;ccw=7;control=(0, 1)",1,111,111,1,1,1,1,1,1,0
admissible,exchange_orientation_labels,"cw=1;ccw=7;control=(0, 1)",1,111,111,1,1,1,1,1,1,0
admissible,cyclic_relabel_1,"cw=1;ccw=7;control=(0, 1)",1,111,111,1,1,1,1,1,1,0
admissible,cyclic_relabel_2,"cw=1;ccw=7;control=(0, 1)",1,111,111,1,1,1,1,1,1,0
admissible,baseline,"cw=2;ccw=0;control=(1, 0)",1,111,111,1,1,1,1,1,1,0
admissible,exchange_orientation_labels,"cw=2;ccw=0;control=(1, 0)",1,111,111,1,1,1,1,1,1,0
admissible,cyclic_relabel_1,"cw=2;ccw=0;control=(1, 0)",1,111,111,1,1,1,1,1,1,0
admissible,cyclic_relabel_2,"cw=2;ccw=0;control=(1, 0)",1,111,111,1,1,1,1,1,1,0
admissible,baseline,"cw=2;ccw=0;control=(0, 1)",1,111,111,1,1,1,1,1,1,0
admissible,exchange_orientation_labels,"cw=2;ccw=0;control=(0, 1)",1,111,111,1,1,1,1,1,1,0
admissible,cyclic_relabel_1,"cw=2;ccw=0;control=(0, 1)",1,111,111,1,1,1,1,1,1,0
admissible,cyclic_relabel_2,"cw=2;ccw=0;control=(0, 1)",1,111,111,1,1,1,1,1,1,0
admissible,baseline,"cw=2;ccw=1;control=(1, 0)",1,111,111,1,1,1,1,1,1,0
admissible,exchange_orientation_labels,"cw=2;ccw=1;control=(1, 0)",1,111,111,1,1,1,1,1,1,0
admissible,cyclic_relabel_1,"cw=2;ccw=1;control=(1, 0)",1,111,111,1,1,1,1,1,1,0
admissible,cyclic_relabel_2,"cw=2;ccw=1;control=(1, 0)",1,111,111,1,1,1,1,1,1,0
admissible,baseline,"cw=2;ccw=1;control=(0, 1)",1,111,111,1,1,1,1,1,1,0
admissible,exchange_orientation_labels,"cw=2;ccw=1;control=(0, 1)",1,111,111,1,1,1,1,1,1,0
admissible,cyclic_relabel_1,"cw=2;ccw=1;control=(0, 1)",1,111,111,1,1,1,1,1,1,0
admissible,cyclic_relabel_2,"cw=2;ccw=1;control=(0, 1)",1,111,111,1,1,1,1,1,1,0
admissible,baseline,"cw=2;ccw=2;control=(1, 0)",1,111,111,1,1,1,1,1,1,0
admissible,exchange_orientation_labels,"cw=2;ccw=2;control=(1, 0)",1,111,111,1,1,1,1,1,1,0
admissible,cyclic_relabel_1,"cw=2;ccw=2;control=(1, 0)",1,111,111,1,1,1,1,1,1,0
admissible,cyclic_relabel_2,"cw=2;ccw=2;control=(1, 0)",1,111,111,1,1,1,1,1,1,0
admissible,baseline,"cw=2;ccw=2;control=(0, 1)",1,111,111,1,1,1,1,1,1,0
admissible,exchange_orientation_labels,"cw=2;ccw=2;control=(0, 1)",1,111,111,1,1,1,1,1,1,0
admissible,cyclic_relabel_1,"cw=2;ccw=2;control=(0, 1)",1,111,111,1,1,1,1,1,1,0
admissible,cyclic_relabel_2,"cw=2;ccw=2;control=(0, 1)",1,111,111,1,1,1,1,1,1,0
admissible,baseline,"cw=2;ccw=3;control=(1, 0)",1,111,111,1,1,1,1,1,1,0
admissible,exchange_orientation_labels,"cw=2;ccw=3;control=(1, 0)",1,111,111,1,1,1,1,1,1,0
admissible,cyclic_relabel_1,"cw=2;ccw=3;control=(1, 0)",1,111,111,1,1,1,1,1,1,0
admissible,cyclic_relabel_2,"cw=2;ccw=3;control=(1, 0)",1,111,111,1,1,1,1,1,1,0
admissible,baseline,"cw=2;ccw=3;control=(0, 1)",1,111,111,1,1,1,1,1,1,0
admissible,exchange_orientation_labels,"cw=2;ccw=3;control=(0, 1)",1,111,111,1,1,1,1,1,1,0
admissible,cyclic_relabel_1,"cw=2;ccw=3;control=(0, 1)",1,111,111,1,1,1,1,1,1,0
admissible,cyclic_relabel_2,"cw=2;ccw=3;control=(0, 1)",1,111,111,1,1,1,1,1,1,0
admissible,baseline,"cw=2;ccw=4;control=(1, 0)",1,111,111,1,1,1,1,1,1,0
admissible,exchange_orientation_labels,"cw=2;ccw=4;control=(1, 0)",1,111,111,1,1,1,1,1,1,0
admissible,cyclic_relabel_1,"cw=2;ccw=4;control=(1, 0)",1,111,111,1,1,1,1,1,1,0
admissible,cyclic_relabel_2,"cw=2;ccw=4;control=(1, 0)",1,111,111,1,1,1,1,1,1,0
admissible,baseline,"cw=2;ccw=4;control=(0, 1)",1,111,111,1,1,1,1,1,1,0
admissible,exchange_orientation_labels,"cw=2;ccw=4;control=(0, 1)",1,111,111,1,1,1,1,1,1,0
admissible,cyclic_relabel_1,"cw=2;ccw=4;control=(0, 1)",1,111,111,1,1,1,1,1,1,0
admissible,cyclic_relabel_2,"cw=2;ccw=4;control=(0, 1)",1,111,111,1,1,1,1,1,1,0
admissible,baseline,"cw=2;ccw=5;control=(1, 0)",1,111,111,1,1,1,1,1,1,0
admissible,exchange_orientation_labels,"cw=2;ccw=5;control=(1, 0)",1,111,111,1,1,1,1,1,1,0
admissible,cyclic_relabel_1,"cw=2;ccw=5;control=(1, 0)",1,111,111,1,1,1,1,1,1,0
admissible,cyclic_relabel_2,"cw=2;ccw=5;control=(1, 0)",1,111,111,1,1,1,1,1,1,0
admissible,baseline,"cw=2;ccw=5;control=(0, 1)",1,111,111,1,1,1,1,1,1,0
admissible,exchange_orientation_labels,"cw=2;ccw=5;control=(0, 1)",1,111,111,1,1,1,1,1,1,0
admissible,cyclic_relabel_1,"cw=2;ccw=5;control=(0, 1)",1,111,111,1,1,1,1,1,1,0
admissible,cyclic_relabel_2,"cw=2;ccw=5;control=(0, 1)",1,111,111,1,1,1,1,1,1,0
admissible,baseline,"cw=2;ccw=6;control=(1, 0)",1,111,111,1,1,1,1,1,1,0
admissible,exchange_orientation_labels,"cw=2;ccw=6;control=(1, 0)",1,111,111,1,1,1,1,1,1,0
admissible,cyclic_relabel_1,"cw=2;ccw=6;control=(1, 0)",1,111,111,1,1,1,1,1,1,0
admissible,cyclic_relabel_2,"cw=2;ccw=6;control=(1, 0)",1,111,111,1,1,1,1,1,1,0
admissible,baseline,"cw=2;ccw=6;control=(0, 1)",1,111,111,1,1,1,1,1,1,0
admissible,exchange_orientation_labels,"cw=2;ccw=6;control=(0, 1)",1,111,111,1,1,1,1,1,1,0
admissible,cyclic_relabel_1,"cw=2;ccw=6;control=(0, 1)",1,111,111,1,1,1,1,1,1,0
admissible,cyclic_relabel_2,"cw=2;ccw=6;control=(0, 1)",1,111,111,1,1,1,1,1,1,0
admissible,baseline,"cw=2;ccw=7;control=(1, 0)",1,111,111,1,1,1,1,1,1,0
admissible,exchange_orientation_labels,"cw=2;ccw=7;control=(1, 0)",1,111,111,1,1,1,1,1,1,0
admissible,cyclic_relabel_1,"cw=2;ccw=7;control=(1, 0)",1,111,111,1,1,1,1,1,1,0
admissible,cyclic_relabel_2,"cw=2;ccw=7;control=(1, 0)",1,111,111,1,1,1,1,1,1,0
admissible,baseline,"cw=2;ccw=7;control=(0, 1)",1,111,111,1,1,1,1,1,1,0
admissible,exchange_orientation_labels,"cw=2;ccw=7;control=(0, 1)",1,111,111,1,1,1,1,1,1,0
admissible,cyclic_relabel_1,"cw=2;ccw=7;control=(0, 1)",1,111,111,1,1,1,1,1,1,0
admissible,cyclic_relabel_2,"cw=2;ccw=7;control=(0, 1)",1,111,111,1,1,1,1,1,1,0
admissible,baseline,"cw=3;ccw=0;control=(1, 0)",1,111,111,1,1,1,1,1,1,0
admissible,exchange_orientation_labels,"cw=3;ccw=0;control=(1, 0)",1,111,111,1,1,1,1,1,1,0
admissible,cyclic_relabel_1,"cw=3;ccw=0;control=(1, 0)",1,111,111,1,1,1,1,1,1,0
admissible,cyclic_relabel_2,"cw=3;ccw=0;control=(1, 0)",1,111,111,1,1,1,1,1,1,0
admissible,baseline,"cw=3;ccw=0;control=(0, 1)",1,111,111,1,1,1,1,1,1,0
admissible,exchange_orientation_labels,"cw=3;ccw=0;control=(0, 1)",1,111,111,1,1,1,1,1,1,0
admissible,cyclic_relabel_1,"cw=3;ccw=0;control=(0, 1)",1,111,111,1,1,1,1,1,1,0
admissible,cyclic_relabel_2,"cw=3;ccw=0;control=(0, 1)",1,111,111,1,1,1,1,1,1,0
admissible,baseline,"cw=3;ccw=1;control=(1, 0)",1,111,111,1,1,1,1,1,1,0
admissible,exchange_orientation_labels,"cw=3;ccw=1;control=(1, 0)",1,111,111,1,1,1,1,1,1,0
admissible,cyclic_relabel_1,"cw=3;ccw=1;control=(1, 0)",1,111,111,1,1,1,1,1,1,0
admissible,cyclic_relabel_2,"cw=3;ccw=1;control=(1, 0)",1,111,111,1,1,1,1,1,1,0
admissible,baseline,"cw=3;ccw=1;control=(0, 1)",1,111,111,1,1,1,1,1,1,0
admissible,exchange_orientation_labels,"cw=3;ccw=1;control=(0, 1)",1,111,111,1,1,1,1,1,1,0
admissible,cyclic_relabel_1,"cw=3;ccw=1;control=(0, 1)",1,111,111,1,1,1,1,1,1,0
admissible,cyclic_relabel_2,"cw=3;ccw=1;control=(0, 1)",1,111,111,1,1,1,1,1,1,0
admissible,baseline,"cw=3;ccw=2;control=(1, 0)",1,111,111,1,1,1,1,1,1,0
admissible,exchange_orientation_labels,"cw=3;ccw=2;control=(1, 0)",1,111,111,1,1,1,1,1,1,0
admissible,cyclic_relabel_1,"cw=3;ccw=2;control=(1, 0)",1,111,111,1,1,1,1,1,1,0
admissible,cyclic_relabel_2,"cw=3;ccw=2;control=(1, 0)",1,111,111,1,1,1,1,1,1,0
admissible,baseline,"cw=3;ccw=2;control=(0, 1)",1,111,111,1,1,1,1,1,1,0
admissible,exchange_orientation_labels,"cw=3;ccw=2;control=(0, 1)",1,111,111,1,1,1,1,1,1,0
admissible,cyclic_relabel_1,"cw=3;ccw=2;control=(0, 1)",1,111,111,1,1,1,1,1,1,0
admissible,cyclic_relabel_2,"cw=3;ccw=2;control=(0, 1)",1,111,111,1,1,1,1,1,1,0
admissible,baseline,"cw=3;ccw=3;control=(1, 0)",1,111,111,1,1,1,1,1,1,0
admissible,exchange_orientation_labels,"cw=3;ccw=3;control=(1, 0)",1,111,111,1,1,1,1,1,1,0
admissible,cyclic_relabel_1,"cw=3;ccw=3;control=(1, 0)",1,111,111,1,1,1,1,1,1,0
admissible,cyclic_relabel_2,"cw=3;ccw=3;control=(1, 0)",1,111,111,1,1,1,1,1,1,0
admissible,baseline,"cw=3;ccw=3;control=(0, 1)",1,111,111,1,1,1,1,1,1,0
admissible,exchange_orientation_labels,"cw=3;ccw=3;control=(0, 1)",1,111,111,1,1,1,1,1,1,0
admissible,cyclic_relabel_1,"cw=3;ccw=3;control=(0, 1)",1,111,111,1,1,1,1,1,1,0
admissible,cyclic_relabel_2,"cw=3;ccw=3;control=(0, 1)",1,111,111,1,1,1,1,1,1,0
admissible,baseline,"cw=3;ccw=4;control=(1, 0)",1,111,111,1,1,1,1,1,1,0
admissible,exchange_orientation_labels,"cw=3;ccw=4;control=(1, 0)",1,111,111,1,1,1,1,1,1,0
admissible,cyclic_relabel_1,"cw=3;ccw=4;control=(1, 0)",1,111,111,1,1,1,1,1,1,0
admissible,cyclic_relabel_2,"cw=3;ccw=4;control=(1, 0)",1,111,111,1,1,1,1,1,1,0
admissible,baseline,"cw=3;ccw=4;control=(0, 1)",1,111,111,1,1,1,1,1,1,0
admissible,exchange_orientation_labels,"cw=3;ccw=4;control=(0, 1)",1,111,111,1,1,1,1,1,1,0
admissible,cyclic_relabel_1,"cw=3;ccw=4;control=(0, 1)",1,111,111,1,1,1,1,1,1,0
admissible,cyclic_relabel_2,"cw=3;ccw=4;control=(0, 1)",1,111,111,1,1,1,1,1,1,0
admissible,baseline,"cw=3;ccw=5;control=(1, 0)",1,111,111,1,1,1,1,1,1,0
admissible,exchange_orientation_labels,"cw=3;ccw=5;control=(1, 0)",1,111,111,1,1,1,1,1,1,0
admissible,cyclic_relabel_1,"cw=3;ccw=5;control=(1, 0)",1,111,111,1,1,1,1,1,1,0
admissible,cyclic_relabel_2,"cw=3;ccw=5;control=(1, 0)",1,111,111,1,1,1,1,1,1,0
admissible,baseline,"cw=3;ccw=5;control=(0, 1)",1,111,111,1,1,1,1,1,1,0
admissible,exchange_orientation_labels,"cw=3;ccw=5;control=(0, 1)",1,111,111,1,1,1,1,1,1,0
admissible,cyclic_relabel_1,"cw=3;ccw=5;control=(0, 1)",1,111,111,1,1,1,1,1,1,0
admissible,cyclic_relabel_2,"cw=3;ccw=5;control=(0, 1)",1,111,111,1,1,1,1,1,1,0
admissible,baseline,"cw=3;ccw=6;control=(1, 0)",1,111,111,1,1,1,1,1,1,0
admissible,exchange_orientation_labels,"cw=3;ccw=6;control=(1, 0)",1,111,111,1,1,1,1,1,1,0
admissible,cyclic_relabel_1,"cw=3;ccw=6;control=(1, 0)",1,111,111,1,1,1,1,1,1,0
admissible,cyclic_relabel_2,"cw=3;ccw=6;control=(1, 0)",1,111,111,1,1,1,1,1,1,0
admissible,baseline,"cw=3;ccw=6;control=(0, 1)",1,111,111,1,1,1,1,1,1,0
admissible,exchange_orientation_labels,"cw=3;ccw=6;control=(0, 1)",1,111,111,1,1,1,1,1,1,0
admissible,cyclic_relabel_1,"cw=3;ccw=6;control=(0, 1)",1,111,111,1,1,1,1,1,1,0
admissible,cyclic_relabel_2,"cw=3;ccw=6;control=(0, 1)",1,111,111,1,1,1,1,1,1,0
admissible,baseline,"cw=3;ccw=7;control=(1, 0)",1,111,111,1,1,1,1,1,1,0
admissible,exchange_orientation_labels,"cw=3;ccw=7;control=(1, 0)",1,111,111,1,1,1,1,1,1,0
admissible,cyclic_relabel_1,"cw=3;ccw=7;control=(1, 0)",1,111,111,1,1,1,1,1,1,0
admissible,cyclic_relabel_2,"cw=3;ccw=7;control=(1, 0)",1,111,111,1,1,1,1,1,1,0
admissible,baseline,"cw=3;ccw=7;control=(0, 1)",1,111,111,1,1,1,1,1,1,0
admissible,exchange_orientation_labels,"cw=3;ccw=7;control=(0, 1)",1,111,111,1,1,1,1,1,1,0
admissible,cyclic_relabel_1,"cw=3;ccw=7;control=(0, 1)",1,111,111,1,1,1,1,1,1,0
admissible,cyclic_relabel_2,"cw=3;ccw=7;control=(0, 1)",1,111,111,1,1,1,1,1,1,0
admissible,baseline,"cw=4;ccw=0;control=(1, 0)",1,111,111,1,1,1,1,1,1,0
admissible,exchange_orientation_labels,"cw=4;ccw=0;control=(1, 0)",1,111,111,1,1,1,1,1,1,0
admissible,cyclic_relabel_1,"cw=4;ccw=0;control=(1, 0)",1,111,111,1,1,1,1,1,1,0
admissible,cyclic_relabel_2,"cw=4;ccw=0;control=(1, 0)",1,111,111,1,1,1,1,1,1,0
admissible,baseline,"cw=4;ccw=0;control=(0, 1)",1,111,111,1,1,1,1,1,1,0
admissible,exchange_orientation_labels,"cw=4;ccw=0;control=(0, 1)",1,111,111,1,1,1,1,1,1,0
admissible,cyclic_relabel_1,"cw=4;ccw=0;control=(0, 1)",1,111,111,1,1,1,1,1,1,0
admissible,cyclic_relabel_2,"cw=4;ccw=0;control=(0, 1)",1,111,111,1,1,1,1,1,1,0
admissible,baseline,"cw=4;ccw=1;control=(1, 0)",1,111,111,1,1,1,1,1,1,0
admissible,exchange_orientation_labels,"cw=4;ccw=1;control=(1, 0)",1,111,111,1,1,1,1,1,1,0
admissible,cyclic_relabel_1,"cw=4;ccw=1;control=(1, 0)",1,111,111,1,1,1,1,1,1,0
admissible,cyclic_relabel_2,"cw=4;ccw=1;control=(1, 0)",1,111,111,1,1,1,1,1,1,0
admissible,baseline,"cw=4;ccw=1;control=(0, 1)",1,111,111,1,1,1,1,1,1,0
admissible,exchange_orientation_labels,"cw=4;ccw=1;control=(0, 1)",1,111,111,1,1,1,1,1,1,0
admissible,cyclic_relabel_1,"cw=4;ccw=1;control=(0, 1)",1,111,111,1,1,1,1,1,1,0
admissible,cyclic_relabel_2,"cw=4;ccw=1;control=(0, 1)",1,111,111,1,1,1,1,1,1,0
admissible,baseline,"cw=4;ccw=2;control=(1, 0)",1,111,111,1,1,1,1,1,1,0
admissible,exchange_orientation_labels,"cw=4;ccw=2;control=(1, 0)",1,111,111,1,1,1,1,1,1,0
admissible,cyclic_relabel_1,"cw=4;ccw=2;control=(1, 0)",1,111,111,1,1,1,1,1,1,0
admissible,cyclic_relabel_2,"cw=4;ccw=2;control=(1, 0)",1,111,111,1,1,1,1,1,1,0
admissible,baseline,"cw=4;ccw=2;control=(0, 1)",1,111,111,1,1,1,1,1,1,0
admissible,exchange_orientation_labels,"cw=4;ccw=2;control=(0, 1)",1,111,111,1,1,1,1,1,1,0
admissible,cyclic_relabel_1,"cw=4;ccw=2;control=(0, 1)",1,111,111,1,1,1,1,1,1,0
admissible,cyclic_relabel_2,"cw=4;ccw=2;control=(0, 1)",1,111,111,1,1,1,1,1,1,0
admissible,baseline,"cw=4;ccw=3;control=(1, 0)",1,111,111,1,1,1,1,1,1,0
admissible,exchange_orientation_labels,"cw=4;ccw=3;control=(1, 0)",1,111,111,1,1,1,1,1,1,0
admissible,cyclic_relabel_1,"cw=4;ccw=3;control=(1, 0)",1,111,111,1,1,1,1,1,1,0
admissible,cyclic_relabel_2,"cw=4;ccw=3;control=(1, 0)",1,111,111,1,1,1,1,1,1,0
admissible,baseline,"cw=4;ccw=3;control=(0, 1)",1,111,111,1,1,1,1,1,1,0
admissible,exchange_orientation_labels,"cw=4;ccw=3;control=(0, 1)",1,111,111,1,1,1,1,1,1,0
admissible,cyclic_relabel_1,"cw=4;ccw=3;control=(0, 1)",1,111,111,1,1,1,1,1,1,0
admissible,cyclic_relabel_2,"cw=4;ccw=3;control=(0, 1)",1,111,111,1,1,1,1,1,1,0
admissible,baseline,"cw=4;ccw=4;control=(1, 0)",1,111,111,1,1,1,1,1,1,0
admissible,exchange_orientation_labels,"cw=4;ccw=4;control=(1, 0)",1,111,111,1,1,1,1,1,1,0
admissible,cyclic_relabel_1,"cw=4;ccw=4;control=(1, 0)",1,111,111,1,1,1,1,1,1,0
admissible,cyclic_relabel_2,"cw=4;ccw=4;control=(1, 0)",1,111,111,1,1,1,1,1,1,0
admissible,baseline,"cw=4;ccw=4;control=(0, 1)",1,111,111,1,1,1,1,1,1,0
admissible,exchange_orientation_labels,"cw=4;ccw=4;control=(0, 1)",1,111,111,1,1,1,1,1,1,0
admissible,cyclic_relabel_1,"cw=4;ccw=4;control=(0, 1)",1,111,111,1,1,1,1,1,1,0
admissible,cyclic_relabel_2,"cw=4;ccw=4;control=(0, 1)",1,111,111,1,1,1,1,1,1,0
admissible,baseline,"cw=4;ccw=5;control=(1, 0)",1,111,111,1,1,1,1,1,1,0
admissible,exchange_orientation_labels,"cw=4;ccw=5;control=(1, 0)",1,111,111,1,1,1,1,1,1,0
admissible,cyclic_relabel_1,"cw=4;ccw=5;control=(1, 0)",1,111,111,1,1,1,1,1,1,0
admissible,cyclic_relabel_2,"cw=4;ccw=5;control=(1, 0)",1,111,111,1,1,1,1,1,1,0
admissible,baseline,"cw=4;ccw=5;control=(0, 1)",1,111,111,1,1,1,1,1,1,0
admissible,exchange_orientation_labels,"cw=4;ccw=5;control=(0, 1)",1,111,111,1,1,1,1,1,1,0
admissible,cyclic_relabel_1,"cw=4;ccw=5;control=(0, 1)",1,111,111,1,1,1,1,1,1,0
admissible,cyclic_relabel_2,"cw=4;ccw=5;control=(0, 1)",1,111,111,1,1,1,1,1,1,0
admissible,baseline,"cw=4;ccw=6;control=(1, 0)",1,111,111,1,1,1,1,1,1,0
admissible,exchange_orientation_labels,"cw=4;ccw=6;control=(1, 0)",1,111,111,1,1,1,1,1,1,0
admissible,cyclic_relabel_1,"cw=4;ccw=6;control=(1, 0)",1,111,111,1,1,1,1,1,1,0
admissible,cyclic_relabel_2,"cw=4;ccw=6;control=(1, 0)",1,111,111,1,1,1,1,1,1,0
admissible,baseline,"cw=4;ccw=6;control=(0, 1)",1,111,111,1,1,1,1,1,1,0
admissible,exchange_orientation_labels,"cw=4;ccw=6;control=(0, 1)",1,111,111,1,1,1,1,1,1,0
admissible,cyclic_relabel_1,"cw=4;ccw=6;control=(0, 1)",1,111,111,1,1,1,1,1,1,0
admissible,cyclic_relabel_2,"cw=4;ccw=6;control=(0, 1)",1,111,111,1,1,1,1,1,1,0
admissible,baseline,"cw=4;ccw=7;control=(1, 0)",1,111,111,1,1,1,1,1,1,0
admissible,exchange_orientation_labels,"cw=4;ccw=7;control=(1, 0)",1,111,111,1,1,1,1,1,1,0
admissible,cyclic_relabel_1,"cw=4;ccw=7;control=(1, 0)",1,111,111,1,1,1,1,1,1,0
admissible,cyclic_relabel_2,"cw=4;ccw=7;control=(1, 0)",1,111,111,1,1,1,1,1,1,0
admissible,baseline,"cw=4;ccw=7;control=(0, 1)",1,111,111,1,1,1,1,1,1,0
admissible,exchange_orientation_labels,"cw=4;ccw=7;control=(0, 1)",1,111,111,1,1,1,1,1,1,0
admissible,cyclic_relabel_1,"cw=4;ccw=7;control=(0, 1)",1,111,111,1,1,1,1,1,1,0
admissible,cyclic_relabel_2,"cw=4;ccw=7;control=(0, 1)",1,111,111,1,1,1,1,1,1,0
admissible,baseline,"cw=5;ccw=0;control=(1, 0)",1,111,111,1,1,1,1,1,1,0
admissible,exchange_orientation_labels,"cw=5;ccw=0;control=(1, 0)",1,111,111,1,1,1,1,1,1,0
admissible,cyclic_relabel_1,"cw=5;ccw=0;control=(1, 0)",1,111,111,1,1,1,1,1,1,0
admissible,cyclic_relabel_2,"cw=5;ccw=0;control=(1, 0)",1,111,111,1,1,1,1,1,1,0
admissible,baseline,"cw=5;ccw=0;control=(0, 1)",1,111,111,1,1,1,1,1,1,0
admissible,exchange_orientation_labels,"cw=5;ccw=0;control=(0, 1)",1,111,111,1,1,1,1,1,1,0
admissible,cyclic_relabel_1,"cw=5;ccw=0;control=(0, 1)",1,111,111,1,1,1,1,1,1,0
admissible,cyclic_relabel_2,"cw=5;ccw=0;control=(0, 1)",1,111,111,1,1,1,1,1,1,0
admissible,baseline,"cw=5;ccw=1;control=(1, 0)",1,111,111,1,1,1,1,1,1,0
admissible,exchange_orientation_labels,"cw=5;ccw=1;control=(1, 0)",1,111,111,1,1,1,1,1,1,0
admissible,cyclic_relabel_1,"cw=5;ccw=1;control=(1, 0)",1,111,111,1,1,1,1,1,1,0
admissible,cyclic_relabel_2,"cw=5;ccw=1;control=(1, 0)",1,111,111,1,1,1,1,1,1,0
admissible,baseline,"cw=5;ccw=1;control=(0, 1)",1,111,111,1,1,1,1,1,1,0
admissible,exchange_orientation_labels,"cw=5;ccw=1;control=(0, 1)",1,111,111,1,1,1,1,1,1,0
admissible,cyclic_relabel_1,"cw=5;ccw=1;control=(0, 1)",1,111,111,1,1,1,1,1,1,0
admissible,cyclic_relabel_2,"cw=5;ccw=1;control=(0, 1)",1,111,111,1,1,1,1,1,1,0
admissible,baseline,"cw=5;ccw=2;control=(1, 0)",1,111,111,1,1,1,1,1,1,0
admissible,exchange_orientation_labels,"cw=5;ccw=2;control=(1, 0)",1,111,111,1,1,1,1,1,1,0
admissible,cyclic_relabel_1,"cw=5;ccw=2;control=(1, 0)",1,111,111,1,1,1,1,1,1,0
admissible,cyclic_relabel_2,"cw=5;ccw=2;control=(1, 0)",1,111,111,1,1,1,1,1,1,0
admissible,baseline,"cw=5;ccw=2;control=(0, 1)",1,111,111,1,1,1,1,1,1,0
admissible,exchange_orientation_labels,"cw=5;ccw=2;control=(0, 1)",1,111,111,1,1,1,1,1,1,0
admissible,cyclic_relabel_1,"cw=5;ccw=2;control=(0, 1)",1,111,111,1,1,1,1,1,1,0
admissible,cyclic_relabel_2,"cw=5;ccw=2;control=(0, 1)",1,111,111,1,1,1,1,1,1,0
admissible,baseline,"cw=5;ccw=3;control=(1, 0)",1,111,111,1,1,1,1,1,1,0
admissible,exchange_orientation_labels,"cw=5;ccw=3;control=(1, 0)",1,111,111,1,1,1,1,1,1,0
admissible,cyclic_relabel_1,"cw=5;ccw=3;control=(1, 0)",1,111,111,1,1,1,1,1,1,0
admissible,cyclic_relabel_2,"cw=5;ccw=3;control=(1, 0)",1,111,111,1,1,1,1,1,1,0
admissible,baseline,"cw=5;ccw=3;control=(0, 1)",1,111,111,1,1,1,1,1,1,0
admissible,exchange_orientation_labels,"cw=5;ccw=3;control=(0, 1)",1,111,111,1,1,1,1,1,1,0
admissible,cyclic_relabel_1,"cw=5;ccw=3;control=(0, 1)",1,111,111,1,1,1,1,1,1,0
admissible,cyclic_relabel_2,"cw=5;ccw=3;control=(0, 1)",1,111,111,1,1,1,1,1,1,0
admissible,baseline,"cw=5;ccw=4;control=(1, 0)",1,111,111,1,1,1,1,1,1,0
admissible,exchange_orientation_labels,"cw=5;ccw=4;control=(1, 0)",1,111,111,1,1,1,1,1,1,0
admissible,cyclic_relabel_1,"cw=5;ccw=4;control=(1, 0)",1,111,111,1,1,1,1,1,1,0
admissible,cyclic_relabel_2,"cw=5;ccw=4;control=(1, 0)",1,111,111,1,1,1,1,1,1,0
admissible,baseline,"cw=5;ccw=4;control=(0, 1)",1,111,111,1,1,1,1,1,1,0
admissible,exchange_orientation_labels,"cw=5;ccw=4;control=(0, 1)",1,111,111,1,1,1,1,1,1,0
admissible,cyclic_relabel_1,"cw=5;ccw=4;control=(0, 1)",1,111,111,1,1,1,1,1,1,0
admissible,cyclic_relabel_2,"cw=5;ccw=4;control=(0, 1)",1,111,111,1,1,1,1,1,1,0
admissible,baseline,"cw=5;ccw=5;control=(1, 0)",1,111,111,1,1,1,1,1,1,0
admissible,exchange_orientation_labels,"cw=5;ccw=5;control=(1, 0)",1,111,111,1,1,1,1,1,1,0
admissible,cyclic_relabel_1,"cw=5;ccw=5;control=(1, 0)",1,111,111,1,1,1,1,1,1,0
admissible,cyclic_relabel_2,"cw=5;ccw=5;control=(1, 0)",1,111,111,1,1,1,1,1,1,0
admissible,baseline,"cw=5;ccw=5;control=(0, 1)",1,111,111,1,1,1,1,1,1,0
admissible,exchange_orientation_labels,"cw=5;ccw=5;control=(0, 1)",1,111,111,1,1,1,1,1,1,0
admissible,cyclic_relabel_1,"cw=5;ccw=5;control=(0, 1)",1,111,111,1,1,1,1,1,1,0
admissible,cyclic_relabel_2,"cw=5;ccw=5;control=(0, 1)",1,111,111,1,1,1,1,1,1,0
admissible,baseline,"cw=5;ccw=6;control=(1, 0)",1,111,111,1,1,1,1,1,1,0
admissible,exchange_orientation_labels,"cw=5;ccw=6;control=(1, 0)",1,111,111,1,1,1,1,1,1,0
admissible,cyclic_relabel_1,"cw=5;ccw=6;control=(1, 0)",1,111,111,1,1,1,1,1,1,0
admissible,cyclic_relabel_2,"cw=5;ccw=6;control=(1, 0)",1,111,111,1,1,1,1,1,1,0
admissible,baseline,"cw=5;ccw=6;control=(0, 1)",1,111,111,1,1,1,1,1,1,0
admissible,exchange_orientation_labels,"cw=5;ccw=6;control=(0, 1)",1,111,111,1,1,1,1,1,1,0
admissible,cyclic_relabel_1,"cw=5;ccw=6;control=(0, 1)",1,111,111,1,1,1,1,1,1,0
admissible,cyclic_relabel_2,"cw=5;ccw=6;control=(0, 1)",1,111,111,1,1,1,1,1,1,0
admissible,baseline,"cw=5;ccw=7;control=(1, 0)",1,111,111,1,1,1,1,1,1,0
admissible,exchange_orientation_labels,"cw=5;ccw=7;control=(1, 0)",1,111,111,1,1,1,1,1,1,0
admissible,cyclic_relabel_1,"cw=5;ccw=7;control=(1, 0)",1,111,111,1,1,1,1,1,1,0
admissible,cyclic_relabel_2,"cw=5;ccw=7;control=(1, 0)",1,111,111,1,1,1,1,1,1,0
admissible,baseline,"cw=5;ccw=7;control=(0, 1)",1,111,111,1,1,1,1,1,1,0
admissible,exchange_orientation_labels,"cw=5;ccw=7;control=(0, 1)",1,111,111,1,1,1,1,1,1,0
admissible,cyclic_relabel_1,"cw=5;ccw=7;control=(0, 1)",1,111,111,1,1,1,1,1,1,0
admissible,cyclic_relabel_2,"cw=5;ccw=7;control=(0, 1)",1,111,111,1,1,1,1,1,1,0
admissible,baseline,"cw=6;ccw=0;control=(1, 0)",1,111,111,1,1,1,1,1,1,0
admissible,exchange_orientation_labels,"cw=6;ccw=0;control=(1, 0)",1,111,111,1,1,1,1,1,1,0
admissible,cyclic_relabel_1,"cw=6;ccw=0;control=(1, 0)",1,111,111,1,1,1,1,1,1,0
admissible,cyclic_relabel_2,"cw=6;ccw=0;control=(1, 0)",1,111,111,1,1,1,1,1,1,0
admissible,baseline,"cw=6;ccw=0;control=(0, 1)",1,111,111,1,1,1,1,1,1,0
admissible,exchange_orientation_labels,"cw=6;ccw=0;control=(0, 1)",1,111,111,1,1,1,1,1,1,0
admissible,cyclic_relabel_1,"cw=6;ccw=0;control=(0, 1)",1,111,111,1,1,1,1,1,1,0
admissible,cyclic_relabel_2,"cw=6;ccw=0;control=(0, 1)",1,111,111,1,1,1,1,1,1,0
admissible,baseline,"cw=6;ccw=1;control=(1, 0)",1,111,111,1,1,1,1,1,1,0
admissible,exchange_orientation_labels,"cw=6;ccw=1;control=(1, 0)",1,111,111,1,1,1,1,1,1,0
admissible,cyclic_relabel_1,"cw=6;ccw=1;control=(1, 0)",1,111,111,1,1,1,1,1,1,0
admissible,cyclic_relabel_2,"cw=6;ccw=1;control=(1, 0)",1,111,111,1,1,1,1,1,1,0
admissible,baseline,"cw=6;ccw=1;control=(0, 1)",1,111,111,1,1,1,1,1,1,0
admissible,exchange_orientation_labels,"cw=6;ccw=1;control=(0, 1)",1,111,111,1,1,1,1,1,1,0
admissible,cyclic_relabel_1,"cw=6;ccw=1;control=(0, 1)",1,111,111,1,1,1,1,1,1,0
admissible,cyclic_relabel_2,"cw=6;ccw=1;control=(0, 1)",1,111,111,1,1,1,1,1,1,0
admissible,baseline,"cw=6;ccw=2;control=(1, 0)",1,111,111,1,1,1,1,1,1,0
admissible,exchange_orientation_labels,"cw=6;ccw=2;control=(1, 0)",1,111,111,1,1,1,1,1,1,0
admissible,cyclic_relabel_1,"cw=6;ccw=2;control=(1, 0)",1,111,111,1,1,1,1,1,1,0
admissible,cyclic_relabel_2,"cw=6;ccw=2;control=(1, 0)",1,111,111,1,1,1,1,1,1,0
admissible,baseline,"cw=6;ccw=2;control=(0, 1)",1,111,111,1,1,1,1,1,1,0
admissible,exchange_orientation_labels,"cw=6;ccw=2;control=(0, 1)",1,111,111,1,1,1,1,1,1,0
admissible,cyclic_relabel_1,"cw=6;ccw=2;control=(0, 1)",1,111,111,1,1,1,1,1,1,0
admissible,cyclic_relabel_2,"cw=6;ccw=2;control=(0, 1)",1,111,111,1,1,1,1,1,1,0
admissible,baseline,"cw=6;ccw=3;control=(1, 0)",1,111,111,1,1,1,1,1,1,0
admissible,exchange_orientation_labels,"cw=6;ccw=3;control=(1, 0)",1,111,111,1,1,1,1,1,1,0
admissible,cyclic_relabel_1,"cw=6;ccw=3;control=(1, 0)",1,111,111,1,1,1,1,1,1,0
admissible,cyclic_relabel_2,"cw=6;ccw=3;control=(1, 0)",1,111,111,1,1,1,1,1,1,0
admissible,baseline,"cw=6;ccw=3;control=(0, 1)",1,111,111,1,1,1,1,1,1,0
admissible,exchange_orientation_labels,"cw=6;ccw=3;control=(0, 1)",1,111,111,1,1,1,1,1,1,0
admissible,cyclic_relabel_1,"cw=6;ccw=3;control=(0, 1)",1,111,111,1,1,1,1,1,1,0
admissible,cyclic_relabel_2,"cw=6;ccw=3;control=(0, 1)",1,111,111,1,1,1,1,1,1,0
admissible,baseline,"cw=6;ccw=4;control=(1, 0)",1,111,111,1,1,1,1,1,1,0
admissible,exchange_orientation_labels,"cw=6;ccw=4;control=(1, 0)",1,111,111,1,1,1,1,1,1,0
admissible,cyclic_relabel_1,"cw=6;ccw=4;control=(1, 0)",1,111,111,1,1,1,1,1,1,0
admissible,cyclic_relabel_2,"cw=6;ccw=4;control=(1, 0)",1,111,111,1,1,1,1,1,1,0
admissible,baseline,"cw=6;ccw=4;control=(0, 1)",1,111,111,1,1,1,1,1,1,0
admissible,exchange_orientation_labels,"cw=6;ccw=4;control=(0, 1)",1,111,111,1,1,1,1,1,1,0
admissible,cyclic_relabel_1,"cw=6;ccw=4;control=(0, 1)",1,111,111,1,1,1,1,1,1,0
admissible,cyclic_relabel_2,"cw=6;ccw=4;control=(0, 1)",1,111,111,1,1,1,1,1,1,0
admissible,baseline,"cw=6;ccw=5;control=(1, 0)",1,111,111,1,1,1,1,1,1,0
admissible,exchange_orientation_labels,"cw=6;ccw=5;control=(1, 0)",1,111,111,1,1,1,1,1,1,0
admissible,cyclic_relabel_1,"cw=6;ccw=5;control=(1, 0)",1,111,111,1,1,1,1,1,1,0
admissible,cyclic_relabel_2,"cw=6;ccw=5;control=(1, 0)",1,111,111,1,1,1,1,1,1,0
admissible,baseline,"cw=6;ccw=5;control=(0, 1)",1,111,111,1,1,1,1,1,1,0
admissible,exchange_orientation_labels,"cw=6;ccw=5;control=(0, 1)",1,111,111,1,1,1,1,1,1,0
admissible,cyclic_relabel_1,"cw=6;ccw=5;control=(0, 1)",1,111,111,1,1,1,1,1,1,0
admissible,cyclic_relabel_2,"cw=6;ccw=5;control=(0, 1)",1,111,111,1,1,1,1,1,1,0
admissible,baseline,"cw=6;ccw=6;control=(1, 0)",1,111,111,1,1,1,1,1,1,0
admissible,exchange_orientation_labels,"cw=6;ccw=6;control=(1, 0)",1,111,111,1,1,1,1,1,1,0
admissible,cyclic_relabel_1,"cw=6;ccw=6;control=(1, 0)",1,111,111,1,1,1,1,1,1,0
admissible,cyclic_relabel_2,"cw=6;ccw=6;control=(1, 0)",1,111,111,1,1,1,1,1,1,0
admissible,baseline,"cw=6;ccw=6;control=(0, 1)",1,111,111,1,1,1,1,1,1,0
admissible,exchange_orientation_labels,"cw=6;ccw=6;control=(0, 1)",1,111,111,1,1,1,1,1,1,0
admissible,cyclic_relabel_1,"cw=6;ccw=6;control=(0, 1)",1,111,111,1,1,1,1,1,1,0
admissible,cyclic_relabel_2,"cw=6;ccw=6;control=(0, 1)",1,111,111,1,1,1,1,1,1,0
admissible,baseline,"cw=6;ccw=7;control=(1, 0)",1,111,111,1,1,1,1,1,1,0
admissible,exchange_orientation_labels,"cw=6;ccw=7;control=(1, 0)",1,111,111,1,1,1,1,1,1,0
admissible,cyclic_relabel_1,"cw=6;ccw=7;control=(1, 0)",1,111,111,1,1,1,1,1,1,0
admissible,cyclic_relabel_2,"cw=6;ccw=7;control=(1, 0)",1,111,111,1,1,1,1,1,1,0
admissible,baseline,"cw=6;ccw=7;control=(0, 1)",1,111,111,1,1,1,1,1,1,0
admissible,exchange_orientation_labels,"cw=6;ccw=7;control=(0, 1)",1,111,111,1,1,1,1,1,1,0
admissible,cyclic_relabel_1,"cw=6;ccw=7;control=(0, 1)",1,111,111,1,1,1,1,1,1,0
admissible,cyclic_relabel_2,"cw=6;ccw=7;control=(0, 1)",1,111,111,1,1,1,1,1,1,0
admissible,baseline,"cw=7;ccw=0;control=(1, 0)",1,111,111,1,1,1,1,1,1,0
admissible,exchange_orientation_labels,"cw=7;ccw=0;control=(1, 0)",1,111,111,1,1,1,1,1,1,0
admissible,cyclic_relabel_1,"cw=7;ccw=0;control=(1, 0)",1,111,111,1,1,1,1,1,1,0
admissible,cyclic_relabel_2,"cw=7;ccw=0;control=(1, 0)",1,111,111,1,1,1,1,1,1,0
admissible,baseline,"cw=7;ccw=0;control=(0, 1)",1,111,111,1,1,1,1,1,1,0
admissible,exchange_orientation_labels,"cw=7;ccw=0;control=(0, 1)",1,111,111,1,1,1,1,1,1,0
admissible,cyclic_relabel_1,"cw=7;ccw=0;control=(0, 1)",1,111,111,1,1,1,1,1,1,0
admissible,cyclic_relabel_2,"cw=7;ccw=0;control=(0, 1)",1,111,111,1,1,1,1,1,1,0
admissible,baseline,"cw=7;ccw=1;control=(1, 0)",1,111,111,1,1,1,1,1,1,0
admissible,exchange_orientation_labels,"cw=7;ccw=1;control=(1, 0)",1,111,111,1,1,1,1,1,1,0
admissible,cyclic_relabel_1,"cw=7;ccw=1;control=(1, 0)",1,111,111,1,1,1,1,1,1,0
admissible,cyclic_relabel_2,"cw=7;ccw=1;control=(1, 0)",1,111,111,1,1,1,1,1,1,0
admissible,baseline,"cw=7;ccw=1;control=(0, 1)",1,111,111,1,1,1,1,1,1,0
admissible,exchange_orientation_labels,"cw=7;ccw=1;control=(0, 1)",1,111,111,1,1,1,1,1,1,0
admissible,cyclic_relabel_1,"cw=7;ccw=1;control=(0, 1)",1,111,111,1,1,1,1,1,1,0
admissible,cyclic_relabel_2,"cw=7;ccw=1;control=(0, 1)",1,111,111,1,1,1,1,1,1,0
admissible,baseline,"cw=7;ccw=2;control=(1, 0)",1,111,111,1,1,1,1,1,1,0
admissible,exchange_orientation_labels,"cw=7;ccw=2;control=(1, 0)",1,111,111,1,1,1,1,1,1,0
admissible,cyclic_relabel_1,"cw=7;ccw=2;control=(1, 0)",1,111,111,1,1,1,1,1,1,0
admissible,cyclic_relabel_2,"cw=7;ccw=2;control=(1, 0)",1,111,111,1,1,1,1,1,1,0
admissible,baseline,"cw=7;ccw=2;control=(0, 1)",1,111,111,1,1,1,1,1,1,0
admissible,exchange_orientation_labels,"cw=7;ccw=2;control=(0, 1)",1,111,111,1,1,1,1,1,1,0
admissible,cyclic_relabel_1,"cw=7;ccw=2;control=(0, 1)",1,111,111,1,1,1,1,1,1,0
admissible,cyclic_relabel_2,"cw=7;ccw=2;control=(0, 1)",1,111,111,1,1,1,1,1,1,0
admissible,baseline,"cw=7;ccw=3;control=(1, 0)",1,111,111,1,1,1,1,1,1,0
admissible,exchange_orientation_labels,"cw=7;ccw=3;control=(1, 0)",1,111,111,1,1,1,1,1,1,0
admissible,cyclic_relabel_1,"cw=7;ccw=3;control=(1, 0)",1,111,111,1,1,1,1,1,1,0
admissible,cyclic_relabel_2,"cw=7;ccw=3;control=(1, 0)",1,111,111,1,1,1,1,1,1,0
admissible,baseline,"cw=7;ccw=3;control=(0, 1)",1,111,111,1,1,1,1,1,1,0
admissible,exchange_orientation_labels,"cw=7;ccw=3;control=(0, 1)",1,111,111,1,1,1,1,1,1,0
admissible,cyclic_relabel_1,"cw=7;ccw=3;control=(0, 1)",1,111,111,1,1,1,1,1,1,0
admissible,cyclic_relabel_2,"cw=7;ccw=3;control=(0, 1)",1,111,111,1,1,1,1,1,1,0
admissible,baseline,"cw=7;ccw=4;control=(1, 0)",1,111,111,1,1,1,1,1,1,0
admissible,exchange_orientation_labels,"cw=7;ccw=4;control=(1, 0)",1,111,111,1,1,1,1,1,1,0
admissible,cyclic_relabel_1,"cw=7;ccw=4;control=(1, 0)",1,111,111,1,1,1,1,1,1,0
admissible,cyclic_relabel_2,"cw=7;ccw=4;control=(1, 0)",1,111,111,1,1,1,1,1,1,0
admissible,baseline,"cw=7;ccw=4;control=(0, 1)",1,111,111,1,1,1,1,1,1,0
admissible,exchange_orientation_labels,"cw=7;ccw=4;control=(0, 1)",1,111,111,1,1,1,1,1,1,0
admissible,cyclic_relabel_1,"cw=7;ccw=4;control=(0, 1)",1,111,111,1,1,1,1,1,1,0
admissible,cyclic_relabel_2,"cw=7;ccw=4;control=(0, 1)",1,111,111,1,1,1,1,1,1,0
admissible,baseline,"cw=7;ccw=5;control=(1, 0)",1,111,111,1,1,1,1,1,1,0
admissible,exchange_orientation_labels,"cw=7;ccw=5;control=(1, 0)",1,111,111,1,1,1,1,1,1,0
admissible,cyclic_relabel_1,"cw=7;ccw=5;control=(1, 0)",1,111,111,1,1,1,1,1,1,0
admissible,cyclic_relabel_2,"cw=7;ccw=5;control=(1, 0)",1,111,111,1,1,1,1,1,1,0
admissible,baseline,"cw=7;ccw=5;control=(0, 1)",1,111,111,1,1,1,1,1,1,0
admissible,exchange_orientation_labels,"cw=7;ccw=5;control=(0, 1)",1,111,111,1,1,1,1,1,1,0
admissible,cyclic_relabel_1,"cw=7;ccw=5;control=(0, 1)",1,111,111,1,1,1,1,1,1,0
admissible,cyclic_relabel_2,"cw=7;ccw=5;control=(0, 1)",1,111,111,1,1,1,1,1,1,0
admissible,baseline,"cw=7;ccw=6;control=(1, 0)",1,111,111,1,1,1,1,1,1,0
admissible,exchange_orientation_labels,"cw=7;ccw=6;control=(1, 0)",1,111,111,1,1,1,1,1,1,0
admissible,cyclic_relabel_1,"cw=7;ccw=6;control=(1, 0)",1,111,111,1,1,1,1,1,1,0
admissible,cyclic_relabel_2,"cw=7;ccw=6;control=(1, 0)",1,111,111,1,1,1,1,1,1,0
admissible,baseline,"cw=7;ccw=6;control=(0, 1)",1,111,111,1,1,1,1,1,1,0
admissible,exchange_orientation_labels,"cw=7;ccw=6;control=(0, 1)",1,111,111,1,1,1,1,1,1,0
admissible,cyclic_relabel_1,"cw=7;ccw=6;control=(0, 1)",1,111,111,1,1,1,1,1,1,0
admissible,cyclic_relabel_2,"cw=7;ccw=6;control=(0, 1)",1,111,111,1,1,1,1,1,1,0
admissible,baseline,"cw=7;ccw=7;control=(1, 0)",1,111,111,1,1,1,1,1,1,0
admissible,exchange_orientation_labels,"cw=7;ccw=7;control=(1, 0)",1,111,111,1,1,1,1,1,1,0
admissible,cyclic_relabel_1,"cw=7;ccw=7;control=(1, 0)",1,111,111,1,1,1,1,1,1,0
admissible,cyclic_relabel_2,"cw=7;ccw=7;control=(1, 0)",1,111,111,1,1,1,1,1,1,0
admissible,baseline,"cw=7;ccw=7;control=(0, 1)",1,111,111,1,1,1,1,1,1,0
admissible,exchange_orientation_labels,"cw=7;ccw=7;control=(0, 1)",1,111,111,1,1,1,1,1,1,0
admissible,cyclic_relabel_1,"cw=7;ccw=7;control=(0, 1)",1,111,111,1,1,1,1,1,1,0
admissible,cyclic_relabel_2,"cw=7;ccw=7;control=(0, 1)",1,111,111,1,1,1,1,1,1,0
local_integrity,invert_cw_sum,"cw=0;ccw=0;control=(1, 0);site=0",0,011,111,0,1,0,0,1,0,0
local_integrity,invert_cw_sum,"cw=0;ccw=0;control=(1, 0);site=1",0,101,111,0,1,0,0,1,0,0
local_integrity,invert_cw_sum,"cw=0;ccw=0;control=(1, 0);site=2",0,110,111,0,1,0,0,1,0,0
local_integrity,invert_cw_carry,"cw=0;ccw=0;control=(1, 0);site=0",0,011,111,0,1,0,0,1,0,0
local_integrity,invert_cw_carry,"cw=0;ccw=0;control=(1, 0);site=1",0,101,111,0,1,0,0,1,0,0
local_integrity,invert_cw_carry,"cw=0;ccw=0;control=(1, 0);site=2",0,110,111,0,1,0,0,1,0,0
local_integrity,invert_ccw_sum,"cw=0;ccw=0;control=(1, 0);site=0",0,111,011,1,0,0,0,1,0,0
local_integrity,invert_ccw_sum,"cw=0;ccw=0;control=(1, 0);site=1",0,111,101,1,0,0,0,1,0,0
local_integrity,invert_ccw_sum,"cw=0;ccw=0;control=(1, 0);site=2",0,111,110,1,0,0,0,1,0,0
local_integrity,invert_ccw_carry,"cw=0;ccw=0;control=(1, 0);site=0",0,111,011,1,0,0,0,1,0,0
local_integrity,invert_ccw_carry,"cw=0;ccw=0;control=(1, 0);site=1",0,111,101,1,0,0,0,1,0,0
local_integrity,invert_ccw_carry,"cw=0;ccw=0;control=(1, 0);site=2",0,111,110,1,0,0,0,1,0,0
local_integrity,invert_cw_sum,"cw=0;ccw=0;control=(0, 1);site=0",0,011,111,0,1,0,0,1,0,0
local_integrity,invert_cw_sum,"cw=0;ccw=0;control=(0, 1);site=1",0,101,111,0,1,0,0,1,0,0
local_integrity,invert_cw_sum,"cw=0;ccw=0;control=(0, 1);site=2",0,110,111,0,1,0,0,1,0,0
local_integrity,invert_cw_carry,"cw=0;ccw=0;control=(0, 1);site=0",0,011,111,0,1,0,0,1,0,0
local_integrity,invert_cw_carry,"cw=0;ccw=0;control=(0, 1);site=1",0,101,111,0,1,0,0,1,0,0
local_integrity,invert_cw_carry,"cw=0;ccw=0;control=(0, 1);site=2",0,110,111,0,1,0,0,1,0,0
local_integrity,invert_ccw_sum,"cw=0;ccw=0;control=(0, 1);site=0",0,111,011,1,0,0,0,1,0,0
local_integrity,invert_ccw_sum,"cw=0;ccw=0;control=(0, 1);site=1",0,111,101,1,0,0,0,1,0,0
local_integrity,invert_ccw_sum,"cw=0;ccw=0;control=(0, 1);site=2",0,111,110,1,0,0,0,1,0,0
local_integrity,invert_ccw_carry,"cw=0;ccw=0;control=(0, 1);site=0",0,111,011,1,0,0,0,1,0,0
local_integrity,invert_ccw_carry,"cw=0;ccw=0;control=(0, 1);site=1",0,111,101,1,0,0,0,1,0,0
local_integrity,invert_ccw_carry,"cw=0;ccw=0;control=(0, 1);site=2",0,111,110,1,0,0,0,1,0,0
local_integrity,invert_cw_sum,"cw=0;ccw=1;control=(1, 0);site=0",0,011,111,0,1,0,0,1,0,0
local_integrity,invert_cw_sum,"cw=0;ccw=1;control=(1, 0);site=1",0,101,111,0,1,0,0,1,0,0
local_integrity,invert_cw_sum,"cw=0;ccw=1;control=(1, 0);site=2",0,110,111,0,1,0,0,1,0,0
local_integrity,invert_cw_carry,"cw=0;ccw=1;control=(1, 0);site=0",0,011,111,0,1,0,0,1,0,0
local_integrity,invert_cw_carry,"cw=0;ccw=1;control=(1, 0);site=1",0,101,111,0,1,0,0,1,0,0
local_integrity,invert_cw_carry,"cw=0;ccw=1;control=(1, 0);site=2",0,110,111,0,1,0,0,1,0,0
local_integrity,invert_ccw_sum,"cw=0;ccw=1;control=(1, 0);site=0",0,111,011,1,0,0,0,1,0,0
local_integrity,invert_ccw_sum,"cw=0;ccw=1;control=(1, 0);site=1",0,111,101,1,0,0,0,1,0,0
local_integrity,invert_ccw_sum,"cw=0;ccw=1;control=(1, 0);site=2",0,111,110,1,0,0,0,1,0,0
local_integrity,invert_ccw_carry,"cw=0;ccw=1;control=(1, 0);site=0",0,111,011,1,0,0,0,1,0,0
local_integrity,invert_ccw_carry,"cw=0;ccw=1;control=(1, 0);site=1",0,111,101,1,0,0,0,1,0,0
local_integrity,invert_ccw_carry,"cw=0;ccw=1;control=(1, 0);site=2",0,111,110,1,0,0,0,1,0,0
local_integrity,invert_cw_sum,"cw=0;ccw=1;control=(0, 1);site=0",0,011,111,0,1,0,0,1,0,0
local_integrity,invert_cw_sum,"cw=0;ccw=1;control=(0, 1);site=1",0,101,111,0,1,0,0,1,0,0
local_integrity,invert_cw_sum,"cw=0;ccw=1;control=(0, 1);site=2",0,110,111,0,1,0,0,1,0,0
local_integrity,invert_cw_carry,"cw=0;ccw=1;control=(0, 1);site=0",0,011,111,0,1,0,0,1,0,0
local_integrity,invert_cw_carry,"cw=0;ccw=1;control=(0, 1);site=1",0,101,111,0,1,0,0,1,0,0
local_integrity,invert_cw_carry,"cw=0;ccw=1;control=(0, 1);site=2",0,110,111,0,1,0,0,1,0,0
local_integrity,invert_ccw_sum,"cw=0;ccw=1;control=(0, 1);site=0",0,111,011,1,0,0,0,1,0,0
local_integrity,invert_ccw_sum,"cw=0;ccw=1;control=(0, 1);site=1",0,111,101,1,0,0,0,1,0,0
local_integrity,invert_ccw_sum,"cw=0;ccw=1;control=(0, 1);site=2",0,111,110,1,0,0,0,1,0,0
local_integrity,invert_ccw_carry,"cw=0;ccw=1;control=(0, 1);site=0",0,111,011,1,0,0,0,1,0,0
local_integrity,invert_ccw_carry,"cw=0;ccw=1;control=(0, 1);site=1",0,111,101,1,0,0,0,1,0,0
local_integrity,invert_ccw_carry,"cw=0;ccw=1;control=(0, 1);site=2",0,111,110,1,0,0,0,1,0,0
local_integrity,invert_cw_sum,"cw=0;ccw=2;control=(1, 0);site=0",0,011,111,0,1,0,0,1,0,0
local_integrity,invert_cw_sum,"cw=0;ccw=2;control=(1, 0);site=1",0,101,111,0,1,0,0,1,0,0
local_integrity,invert_cw_sum,"cw=0;ccw=2;control=(1, 0);site=2",0,110,111,0,1,0,0,1,0,0
local_integrity,invert_cw_carry,"cw=0;ccw=2;control=(1, 0);site=0",0,011,111,0,1,0,0,1,0,0
local_integrity,invert_cw_carry,"cw=0;ccw=2;control=(1, 0);site=1",0,101,111,0,1,0,0,1,0,0
local_integrity,invert_cw_carry,"cw=0;ccw=2;control=(1, 0);site=2",0,110,111,0,1,0,0,1,0,0
local_integrity,invert_ccw_sum,"cw=0;ccw=2;control=(1, 0);site=0",0,111,011,1,0,0,0,1,0,0
local_integrity,invert_ccw_sum,"cw=0;ccw=2;control=(1, 0);site=1",0,111,101,1,0,0,0,1,0,0
local_integrity,invert_ccw_sum,"cw=0;ccw=2;control=(1, 0);site=2",0,111,110,1,0,0,0,1,0,0
local_integrity,invert_ccw_carry,"cw=0;ccw=2;control=(1, 0);site=0",0,111,011,1,0,0,0,1,0,0
local_integrity,invert_ccw_carry,"cw=0;ccw=2;control=(1, 0);site=1",0,111,101,1,0,0,0,1,0,0
local_integrity,invert_ccw_carry,"cw=0;ccw=2;control=(1, 0);site=2",0,111,110,1,0,0,0,1,0,0
local_integrity,invert_cw_sum,"cw=0;ccw=2;control=(0, 1);site=0",0,011,111,0,1,0,0,1,0,0
local_integrity,invert_cw_sum,"cw=0;ccw=2;control=(0, 1);site=1",0,101,111,0,1,0,0,1,0,0
local_integrity,invert_cw_sum,"cw=0;ccw=2;control=(0, 1);site=2",0,110,111,0,1,0,0,1,0,0
local_integrity,invert_cw_carry,"cw=0;ccw=2;control=(0, 1);site=0",0,011,111,0,1,0,0,1,0,0
local_integrity,invert_cw_carry,"cw=0;ccw=2;control=(0, 1);site=1",0,101,111,0,1,0,0,1,0,0
local_integrity,invert_cw_carry,"cw=0;ccw=2;control=(0, 1);site=2",0,110,111,0,1,0,0,1,0,0
local_integrity,invert_ccw_sum,"cw=0;ccw=2;control=(0, 1);site=0",0,111,011,1,0,0,0,1,0,0
local_integrity,invert_ccw_sum,"cw=0;ccw=2;control=(0, 1);site=1",0,111,101,1,0,0,0,1,0,0
local_integrity,invert_ccw_sum,"cw=0;ccw=2;control=(0, 1);site=2",0,111,110,1,0,0,0,1,0,0
local_integrity,invert_ccw_carry,"cw=0;ccw=2;control=(0, 1);site=0",0,111,011,1,0,0,0,1,0,0
local_integrity,invert_ccw_carry,"cw=0;ccw=2;control=(0, 1);site=1",0,111,101,1,0,0,0,1,0,0
local_integrity,invert_ccw_carry,"cw=0;ccw=2;control=(0, 1);site=2",0,111,110,1,0,0,0,1,0,0
local_integrity,invert_cw_sum,"cw=0;ccw=3;control=(1, 0);site=0",0,011,111,0,1,0,0,1,0,0
local_integrity,invert_cw_sum,"cw=0;ccw=3;control=(1, 0);site=1",0,101,111,0,1,0,0,1,0,0
local_integrity,invert_cw_sum,"cw=0;ccw=3;control=(1, 0);site=2",0,110,111,0,1,0,0,1,0,0
local_integrity,invert_cw_carry,"cw=0;ccw=3;control=(1, 0);site=0",0,011,111,0,1,0,0,1,0,0
local_integrity,invert_cw_carry,"cw=0;ccw=3;control=(1, 0);site=1",0,101,111,0,1,0,0,1,0,0
local_integrity,invert_cw_carry,"cw=0;ccw=3;control=(1, 0);site=2",0,110,111,0,1,0,0,1,0,0
local_integrity,invert_ccw_sum,"cw=0;ccw=3;control=(1, 0);site=0",0,111,011,1,0,0,0,1,0,0
local_integrity,invert_ccw_sum,"cw=0;ccw=3;control=(1, 0);site=1",0,111,101,1,0,0,0,1,0,0
local_integrity,invert_ccw_sum,"cw=0;ccw=3;control=(1, 0);site=2",0,111,110,1,0,0,0,1,0,0
local_integrity,invert_ccw_carry,"cw=0;ccw=3;control=(1, 0);site=0",0,111,011,1,0,0,0,1,0,0
local_integrity,invert_ccw_carry,"cw=0;ccw=3;control=(1, 0);site=1",0,111,101,1,0,0,0,1,0,0
local_integrity,invert_ccw_carry,"cw=0;ccw=3;control=(1, 0);site=2",0,111,110,1,0,0,0,1,0,0
local_integrity,invert_cw_sum,"cw=0;ccw=3;control=(0, 1);site=0",0,011,111,0,1,0,0,1,0,0
local_integrity,invert_cw_sum,"cw=0;ccw=3;control=(0, 1);site=1",0,101,111,0,1,0,0,1,0,0
local_integrity,invert_cw_sum,"cw=0;ccw=3;control=(0, 1);site=2",0,110,111,0,1,0,0,1,0,0
local_integrity,invert_cw_carry,"cw=0;ccw=3;control=(0, 1);site=0",0,011,111,0,1,0,0,1,0,0
local_integrity,invert_cw_carry,"cw=0;ccw=3;control=(0, 1);site=1",0,101,111,0,1,0,0,1,0,0
local_integrity,invert_cw_carry,"cw=0;ccw=3;control=(0, 1);site=2",0,110,111,0,1,0,0,1,0,0
local_integrity,invert_ccw_sum,"cw=0;ccw=3;control=(0, 1);site=0",0,111,011,1,0,0,0,1,0,0
local_integrity,invert_ccw_sum,"cw=0;ccw=3;control=(0, 1);site=1",0,111,101,1,0,0,0,1,0,0
local_integrity,invert_ccw_sum,"cw=0;ccw=3;control=(0, 1);site=2",0,111,110,1,0,0,0,1,0,0
local_integrity,invert_ccw_carry,"cw=0;ccw=3;control=(0, 1);site=0",0,111,011,1,0,0,0,1,0,0
local_integrity,invert_ccw_carry,"cw=0;ccw=3;control=(0, 1);site=1",0,111,101,1,0,0,0,1,0,0
local_integrity,invert_ccw_carry,"cw=0;ccw=3;control=(0, 1);site=2",0,111,110,1,0,0,0,1,0,0
local_integrity,invert_cw_sum,"cw=0;ccw=4;control=(1, 0);site=0",0,011,111,0,1,0,0,1,0,0
local_integrity,invert_cw_sum,"cw=0;ccw=4;control=(1, 0);site=1",0,101,111,0,1,0,0,1,0,0
local_integrity,invert_cw_sum,"cw=0;ccw=4;control=(1, 0);site=2",0,110,111,0,1,0,0,1,0,0
local_integrity,invert_cw_carry,"cw=0;ccw=4;control=(1, 0);site=0",0,011,111,0,1,0,0,1,0,0
local_integrity,invert_cw_carry,"cw=0;ccw=4;control=(1, 0);site=1",0,101,111,0,1,0,0,1,0,0
local_integrity,invert_cw_carry,"cw=0;ccw=4;control=(1, 0);site=2",0,110,111,0,1,0,0,1,0,0
local_integrity,invert_ccw_sum,"cw=0;ccw=4;control=(1, 0);site=0",0,111,011,1,0,0,0,1,0,0
local_integrity,invert_ccw_sum,"cw=0;ccw=4;control=(1, 0);site=1",0,111,101,1,0,0,0,1,0,0
local_integrity,invert_ccw_sum,"cw=0;ccw=4;control=(1, 0);site=2",0,111,110,1,0,0,0,1,0,0
local_integrity,invert_ccw_carry,"cw=0;ccw=4;control=(1, 0);site=0",0,111,011,1,0,0,0,1,0,0
local_integrity,invert_ccw_carry,"cw=0;ccw=4;control=(1, 0);site=1",0,111,101,1,0,0,0,1,0,0
local_integrity,invert_ccw_carry,"cw=0;ccw=4;control=(1, 0);site=2",0,111,110,1,0,0,0,1,0,0
local_integrity,invert_cw_sum,"cw=0;ccw=4;control=(0, 1);site=0",0,011,111,0,1,0,0,1,0,0
local_integrity,invert_cw_sum,"cw=0;ccw=4;control=(0, 1);site=1",0,101,111,0,1,0,0,1,0,0
local_integrity,invert_cw_sum,"cw=0;ccw=4;control=(0, 1);site=2",0,110,111,0,1,0,0,1,0,0
local_integrity,invert_cw_carry,"cw=0;ccw=4;control=(0, 1);site=0",0,011,111,0,1,0,0,1,0,0
local_integrity,invert_cw_carry,"cw=0;ccw=4;control=(0, 1);site=1",0,101,111,0,1,0,0,1,0,0
local_integrity,invert_cw_carry,"cw=0;ccw=4;control=(0, 1);site=2",0,110,111,0,1,0,0,1,0,0
local_integrity,invert_ccw_sum,"cw=0;ccw=4;control=(0, 1);site=0",0,111,011,1,0,0,0,1,0,0
local_integrity,invert_ccw_sum,"cw=0;ccw=4;control=(0, 1);site=1",0,111,101,1,0,0,0,1,0,0
local_integrity,invert_ccw_sum,"cw=0;ccw=4;control=(0, 1);site=2",0,111,110,1,0,0,0,1,0,0
local_integrity,invert_ccw_carry,"cw=0;ccw=4;control=(0, 1);site=0",0,111,011,1,0,0,0,1,0,0
local_integrity,invert_ccw_carry,"cw=0;ccw=4;control=(0, 1);site=1",0,111,101,1,0,0,0,1,0,0
local_integrity,invert_ccw_carry,"cw=0;ccw=4;control=(0, 1);site=2",0,111,110,1,0,0,0,1,0,0
local_integrity,invert_cw_sum,"cw=0;ccw=5;control=(1, 0);site=0",0,011,111,0,1,0,0,1,0,0
local_integrity,invert_cw_sum,"cw=0;ccw=5;control=(1, 0);site=1",0,101,111,0,1,0,0,1,0,0
local_integrity,invert_cw_sum,"cw=0;ccw=5;control=(1, 0);site=2",0,110,111,0,1,0,0,1,0,0
local_integrity,invert_cw_carry,"cw=0;ccw=5;control=(1, 0);site=0",0,011,111,0,1,0,0,1,0,0
local_integrity,invert_cw_carry,"cw=0;ccw=5;control=(1, 0);site=1",0,101,111,0,1,0,0,1,0,0
local_integrity,invert_cw_carry,"cw=0;ccw=5;control=(1, 0);site=2",0,110,111,0,1,0,0,1,0,0
local_integrity,invert_ccw_sum,"cw=0;ccw=5;control=(1, 0);site=0",0,111,011,1,0,0,0,1,0,0
local_integrity,invert_ccw_sum,"cw=0;ccw=5;control=(1, 0);site=1",0,111,101,1,0,0,0,1,0,0
local_integrity,invert_ccw_sum,"cw=0;ccw=5;control=(1, 0);site=2",0,111,110,1,0,0,0,1,0,0
local_integrity,invert_ccw_carry,"cw=0;ccw=5;control=(1, 0);site=0",0,111,011,1,0,0,0,1,0,0
local_integrity,invert_ccw_carry,"cw=0;ccw=5;control=(1, 0);site=1",0,111,101,1,0,0,0,1,0,0
local_integrity,invert_ccw_carry,"cw=0;ccw=5;control=(1, 0);site=2",0,111,110,1,0,0,0,1,0,0
local_integrity,invert_cw_sum,"cw=0;ccw=5;control=(0, 1);site=0",0,011,111,0,1,0,0,1,0,0
local_integrity,invert_cw_sum,"cw=0;ccw=5;control=(0, 1);site=1",0,101,111,0,1,0,0,1,0,0
local_integrity,invert_cw_sum,"cw=0;ccw=5;control=(0, 1);site=2",0,110,111,0,1,0,0,1,0,0
local_integrity,invert_cw_carry,"cw=0;ccw=5;control=(0, 1);site=0",0,011,111,0,1,0,0,1,0,0
local_integrity,invert_cw_carry,"cw=0;ccw=5;control=(0, 1);site=1",0,101,111,0,1,0,0,1,0,0
local_integrity,invert_cw_carry,"cw=0;ccw=5;control=(0, 1);site=2",0,110,111,0,1,0,0,1,0,0
local_integrity,invert_ccw_sum,"cw=0;ccw=5;control=(0, 1);site=0",0,111,011,1,0,0,0,1,0,0
local_integrity,invert_ccw_sum,"cw=0;ccw=5;control=(0, 1);site=1",0,111,101,1,0,0,0,1,0,0
local_integrity,invert_ccw_sum,"cw=0;ccw=5;control=(0, 1);site=2",0,111,110,1,0,0,0,1,0,0
local_integrity,invert_ccw_carry,"cw=0;ccw=5;control=(0, 1);site=0",0,111,011,1,0,0,0,1,0,0
local_integrity,invert_ccw_carry,"cw=0;ccw=5;control=(0, 1);site=1",0,111,101,1,0,0,0,1,0,0
local_integrity,invert_ccw_carry,"cw=0;ccw=5;control=(0, 1);site=2",0,111,110,1,0,0,0,1,0,0
local_integrity,invert_cw_sum,"cw=0;ccw=6;control=(1, 0);site=0",0,011,111,0,1,0,0,1,0,0
local_integrity,invert_cw_sum,"cw=0;ccw=6;control=(1, 0);site=1",0,101,111,0,1,0,0,1,0,0
local_integrity,invert_cw_sum,"cw=0;ccw=6;control=(1, 0);site=2",0,110,111,0,1,0,0,1,0,0
local_integrity,invert_cw_carry,"cw=0;ccw=6;control=(1, 0);site=0",0,011,111,0,1,0,0,1,0,0
local_integrity,invert_cw_carry,"cw=0;ccw=6;control=(1, 0);site=1",0,101,111,0,1,0,0,1,0,0
local_integrity,invert_cw_carry,"cw=0;ccw=6;control=(1, 0);site=2",0,110,111,0,1,0,0,1,0,0
local_integrity,invert_ccw_sum,"cw=0;ccw=6;control=(1, 0);site=0",0,111,011,1,0,0,0,1,0,0
local_integrity,invert_ccw_sum,"cw=0;ccw=6;control=(1, 0);site=1",0,111,101,1,0,0,0,1,0,0
local_integrity,invert_ccw_sum,"cw=0;ccw=6;control=(1, 0);site=2",0,111,110,1,0,0,0,1,0,0
local_integrity,invert_ccw_carry,"cw=0;ccw=6;control=(1, 0);site=0",0,111,011,1,0,0,0,1,0,0
local_integrity,invert_ccw_carry,"cw=0;ccw=6;control=(1, 0);site=1",0,111,101,1,0,0,0,1,0,0
local_integrity,invert_ccw_carry,"cw=0;ccw=6;control=(1, 0);site=2",0,111,110,1,0,0,0,1,0,0
local_integrity,invert_cw_sum,"cw=0;ccw=6;control=(0, 1);site=0",0,011,111,0,1,0,0,1,0,0
local_integrity,invert_cw_sum,"cw=0;ccw=6;control=(0, 1);site=1",0,101,111,0,1,0,0,1,0,0
local_integrity,invert_cw_sum,"cw=0;ccw=6;control=(0, 1);site=2",0,110,111,0,1,0,0,1,0,0
local_integrity,invert_cw_carry,"cw=0;ccw=6;control=(0, 1);site=0",0,011,111,0,1,0,0,1,0,0
local_integrity,invert_cw_carry,"cw=0;ccw=6;control=(0, 1);site=1",0,101,111,0,1,0,0,1,0,0
local_integrity,invert_cw_carry,"cw=0;ccw=6;control=(0, 1);site=2",0,110,111,0,1,0,0,1,0,0
local_integrity,invert_ccw_sum,"cw=0;ccw=6;control=(0, 1);site=0",0,111,011,1,0,0,0,1,0,0
local_integrity,invert_ccw_sum,"cw=0;ccw=6;control=(0, 1);site=1",0,111,101,1,0,0,0,1,0,0
local_integrity,invert_ccw_sum,"cw=0;ccw=6;control=(0, 1);site=2",0,111,110,1,0,0,0,1,0,0
local_integrity,invert_ccw_carry,"cw=0;ccw=6;control=(0, 1);site=0",0,111,011,1,0,0,0,1,0,0
local_integrity,invert_ccw_carry,"cw=0;ccw=6;control=(0, 1);site=1",0,111,101,1,0,0,0,1,0,0
local_integrity,invert_ccw_carry,"cw=0;ccw=6;control=(0, 1);site=2",0,111,110,1,0,0,0,1,0,0
local_integrity,invert_cw_sum,"cw=0;ccw=7;control=(1, 0);site=0",0,011,111,0,1,0,0,1,0,0
local_integrity,invert_cw_sum,"cw=0;ccw=7;control=(1, 0);site=1",0,101,111,0,1,0,0,1,0,0
local_integrity,invert_cw_sum,"cw=0;ccw=7;control=(1, 0);site=2",0,110,111,0,1,0,0,1,0,0
local_integrity,invert_cw_carry,"cw=0;ccw=7;control=(1, 0);site=0",0,011,111,0,1,0,0,1,0,0
local_integrity,invert_cw_carry,"cw=0;ccw=7;control=(1, 0);site=1",0,101,111,0,1,0,0,1,0,0
local_integrity,invert_cw_carry,"cw=0;ccw=7;control=(1, 0);site=2",0,110,111,0,1,0,0,1,0,0
local_integrity,invert_ccw_sum,"cw=0;ccw=7;control=(1, 0);site=0",0,111,011,1,0,0,0,1,0,0
local_integrity,invert_ccw_sum,"cw=0;ccw=7;control=(1, 0);site=1",0,111,101,1,0,0,0,1,0,0
local_integrity,invert_ccw_sum,"cw=0;ccw=7;control=(1, 0);site=2",0,111,110,1,0,0,0,1,0,0
local_integrity,invert_ccw_carry,"cw=0;ccw=7;control=(1, 0);site=0",0,111,011,1,0,0,0,1,0,0
local_integrity,invert_ccw_carry,"cw=0;ccw=7;control=(1, 0);site=1",0,111,101,1,0,0,0,1,0,0
local_integrity,invert_ccw_carry,"cw=0;ccw=7;control=(1, 0);site=2",0,111,110,1,0,0,0,1,0,0
local_integrity,invert_cw_sum,"cw=0;ccw=7;control=(0, 1);site=0",0,011,111,0,1,0,0,1,0,0
local_integrity,invert_cw_sum,"cw=0;ccw=7;control=(0, 1);site=1",0,101,111,0,1,0,0,1,0,0
local_integrity,invert_cw_sum,"cw=0;ccw=7;control=(0, 1);site=2",0,110,111,0,1,0,0,1,0,0
local_integrity,invert_cw_carry,"cw=0;ccw=7;control=(0, 1);site=0",0,011,111,0,1,0,0,1,0,0
local_integrity,invert_cw_carry,"cw=0;ccw=7;control=(0, 1);site=1",0,101,111,0,1,0,0,1,0,0
local_integrity,invert_cw_carry,"cw=0;ccw=7;control=(0, 1);site=2",0,110,111,0,1,0,0,1,0,0
local_integrity,invert_ccw_sum,"cw=0;ccw=7;control=(0, 1);site=0",0,111,011,1,0,0,0,1,0,0
local_integrity,invert_ccw_sum,"cw=0;ccw=7;control=(0, 1);site=1",0,111,101,1,0,0,0,1,0,0
local_integrity,invert_ccw_sum,"cw=0;ccw=7;control=(0, 1);site=2",0,111,110,1,0,0,0,1,0,0
local_integrity,invert_ccw_carry,"cw=0;ccw=7;control=(0, 1);site=0",0,111,011,1,0,0,0,1,0,0
local_integrity,invert_ccw_carry,"cw=0;ccw=7;control=(0, 1);site=1",0,111,101,1,0,0,0,1,0,0
local_integrity,invert_ccw_carry,"cw=0;ccw=7;control=(0, 1);site=2",0,111,110,1,0,0,0,1,0,0
local_integrity,invert_cw_sum,"cw=1;ccw=0;control=(1, 0);site=0",0,011,111,0,1,0,0,1,0,0
local_integrity,invert_cw_sum,"cw=1;ccw=0;control=(1, 0);site=1",0,101,111,0,1,0,0,1,0,0
local_integrity,invert_cw_sum,"cw=1;ccw=0;control=(1, 0);site=2",0,110,111,0,1,0,0,1,0,0
local_integrity,invert_cw_carry,"cw=1;ccw=0;control=(1, 0);site=0",0,011,111,0,1,0,0,1,0,0
local_integrity,invert_cw_carry,"cw=1;ccw=0;control=(1, 0);site=1",0,101,111,0,1,0,0,1,0,0
local_integrity,invert_cw_carry,"cw=1;ccw=0;control=(1, 0);site=2",0,110,111,0,1,0,0,1,0,0
local_integrity,invert_ccw_sum,"cw=1;ccw=0;control=(1, 0);site=0",0,111,011,1,0,0,0,1,0,0
local_integrity,invert_ccw_sum,"cw=1;ccw=0;control=(1, 0);site=1",0,111,101,1,0,0,0,1,0,0
local_integrity,invert_ccw_sum,"cw=1;ccw=0;control=(1, 0);site=2",0,111,110,1,0,0,0,1,0,0
local_integrity,invert_ccw_carry,"cw=1;ccw=0;control=(1, 0);site=0",0,111,011,1,0,0,0,1,0,0
local_integrity,invert_ccw_carry,"cw=1;ccw=0;control=(1, 0);site=1",0,111,101,1,0,0,0,1,0,0
local_integrity,invert_ccw_carry,"cw=1;ccw=0;control=(1, 0);site=2",0,111,110,1,0,0,0,1,0,0
local_integrity,invert_cw_sum,"cw=1;ccw=0;control=(0, 1);site=0",0,011,111,0,1,0,0,1,0,0
local_integrity,invert_cw_sum,"cw=1;ccw=0;control=(0, 1);site=1",0,101,111,0,1,0,0,1,0,0
local_integrity,invert_cw_sum,"cw=1;ccw=0;control=(0, 1);site=2",0,110,111,0,1,0,0,1,0,0
local_integrity,invert_cw_carry,"cw=1;ccw=0;control=(0, 1);site=0",0,011,111,0,1,0,0,1,0,0
local_integrity,invert_cw_carry,"cw=1;ccw=0;control=(0, 1);site=1",0,101,111,0,1,0,0,1,0,0
local_integrity,invert_cw_carry,"cw=1;ccw=0;control=(0, 1);site=2",0,110,111,0,1,0,0,1,0,0
local_integrity,invert_ccw_sum,"cw=1;ccw=0;control=(0, 1);site=0",0,111,011,1,0,0,0,1,0,0
local_integrity,invert_ccw_sum,"cw=1;ccw=0;control=(0, 1);site=1",0,111,101,1,0,0,0,1,0,0
local_integrity,invert_ccw_sum,"cw=1;ccw=0;control=(0, 1);site=2",0,111,110,1,0,0,0,1,0,0
local_integrity,invert_ccw_carry,"cw=1;ccw=0;control=(0, 1);site=0",0,111,011,1,0,0,0,1,0,0
local_integrity,invert_ccw_carry,"cw=1;ccw=0;control=(0, 1);site=1",0,111,101,1,0,0,0,1,0,0
local_integrity,invert_ccw_carry,"cw=1;ccw=0;control=(0, 1);site=2",0,111,110,1,0,0,0,1,0,0
local_integrity,invert_cw_sum,"cw=1;ccw=1;control=(1, 0);site=0",0,011,111,0,1,0,0,1,0,0
local_integrity,invert_cw_sum,"cw=1;ccw=1;control=(1, 0);site=1",0,101,111,0,1,0,0,1,0,0
local_integrity,invert_cw_sum,"cw=1;ccw=1;control=(1, 0);site=2",0,110,111,0,1,0,0,1,0,0
local_integrity,invert_cw_carry,"cw=1;ccw=1;control=(1, 0);site=0",0,011,111,0,1,0,0,1,0,0
local_integrity,invert_cw_carry,"cw=1;ccw=1;control=(1, 0);site=1",0,101,111,0,1,0,0,1,0,0
local_integrity,invert_cw_carry,"cw=1;ccw=1;control=(1, 0);site=2",0,110,111,0,1,0,0,1,0,0
local_integrity,invert_ccw_sum,"cw=1;ccw=1;control=(1, 0);site=0",0,111,011,1,0,0,0,1,0,0
local_integrity,invert_ccw_sum,"cw=1;ccw=1;control=(1, 0);site=1",0,111,101,1,0,0,0,1,0,0
local_integrity,invert_ccw_sum,"cw=1;ccw=1;control=(1, 0);site=2",0,111,110,1,0,0,0,1,0,0
local_integrity,invert_ccw_carry,"cw=1;ccw=1;control=(1, 0);site=0",0,111,011,1,0,0,0,1,0,0
local_integrity,invert_ccw_carry,"cw=1;ccw=1;control=(1, 0);site=1",0,111,101,1,0,0,0,1,0,0
local_integrity,invert_ccw_carry,"cw=1;ccw=1;control=(1, 0);site=2",0,111,110,1,0,0,0,1,0,0
local_integrity,invert_cw_sum,"cw=1;ccw=1;control=(0, 1);site=0",0,011,111,0,1,0,0,1,0,0
local_integrity,invert_cw_sum,"cw=1;ccw=1;control=(0, 1);site=1",0,101,111,0,1,0,0,1,0,0
local_integrity,invert_cw_sum,"cw=1;ccw=1;control=(0, 1);site=2",0,110,111,0,1,0,0,1,0,0
local_integrity,invert_cw_carry,"cw=1;ccw=1;control=(0, 1);site=0",0,011,111,0,1,0,0,1,0,0
local_integrity,invert_cw_carry,"cw=1;ccw=1;control=(0, 1);site=1",0,101,111,0,1,0,0,1,0,0
local_integrity,invert_cw_carry,"cw=1;ccw=1;control=(0, 1);site=2",0,110,111,0,1,0,0,1,0,0
local_integrity,invert_ccw_sum,"cw=1;ccw=1;control=(0, 1);site=0",0,111,011,1,0,0,0,1,0,0
local_integrity,invert_ccw_sum,"cw=1;ccw=1;control=(0, 1);site=1",0,111,101,1,0,0,0,1,0,0
local_integrity,invert_ccw_sum,"cw=1;ccw=1;control=(0, 1);site=2",0,111,110,1,0,0,0,1,0,0
local_integrity,invert_ccw_carry,"cw=1;ccw=1;control=(0, 1);site=0",0,111,011,1,0,0,0,1,0,0
local_integrity,invert_ccw_carry,"cw=1;ccw=1;control=(0, 1);site=1",0,111,101,1,0,0,0,1,0,0
local_integrity,invert_ccw_carry,"cw=1;ccw=1;control=(0, 1);site=2",0,111,110,1,0,0,0,1,0,0
local_integrity,invert_cw_sum,"cw=1;ccw=2;control=(1, 0);site=0",0,011,111,0,1,0,0,1,0,0
local_integrity,invert_cw_sum,"cw=1;ccw=2;control=(1, 0);site=1",0,101,111,0,1,0,0,1,0,0
local_integrity,invert_cw_sum,"cw=1;ccw=2;control=(1, 0);site=2",0,110,111,0,1,0,0,1,0,0
local_integrity,invert_cw_carry,"cw=1;ccw=2;control=(1, 0);site=0",0,011,111,0,1,0,0,1,0,0
local_integrity,invert_cw_carry,"cw=1;ccw=2;control=(1, 0);site=1",0,101,111,0,1,0,0,1,0,0
local_integrity,invert_cw_carry,"cw=1;ccw=2;control=(1, 0);site=2",0,110,111,0,1,0,0,1,0,0
local_integrity,invert_ccw_sum,"cw=1;ccw=2;control=(1, 0);site=0",0,111,011,1,0,0,0,1,0,0
local_integrity,invert_ccw_sum,"cw=1;ccw=2;control=(1, 0);site=1",0,111,101,1,0,0,0,1,0,0
local_integrity,invert_ccw_sum,"cw=1;ccw=2;control=(1, 0);site=2",0,111,110,1,0,0,0,1,0,0
local_integrity,invert_ccw_carry,"cw=1;ccw=2;control=(1, 0);site=0",0,111,011,1,0,0,0,1,0,0
local_integrity,invert_ccw_carry,"cw=1;ccw=2;control=(1, 0);site=1",0,111,101,1,0,0,0,1,0,0
local_integrity,invert_ccw_carry,"cw=1;ccw=2;control=(1, 0);site=2",0,111,110,1,0,0,0,1,0,0
local_integrity,invert_cw_sum,"cw=1;ccw=2;control=(0, 1);site=0",0,011,111,0,1,0,0,1,0,0
local_integrity,invert_cw_sum,"cw=1;ccw=2;control=(0, 1);site=1",0,101,111,0,1,0,0,1,0,0
local_integrity,invert_cw_sum,"cw=1;ccw=2;control=(0, 1);site=2",0,110,111,0,1,0,0,1,0,0
local_integrity,invert_cw_carry,"cw=1;ccw=2;control=(0, 1);site=0",0,011,111,0,1,0,0,1,0,0
local_integrity,invert_cw_carry,"cw=1;ccw=2;control=(0, 1);site=1",0,101,111,0,1,0,0,1,0,0
local_integrity,invert_cw_carry,"cw=1;ccw=2;control=(0, 1);site=2",0,110,111,0,1,0,0,1,0,0
local_integrity,invert_ccw_sum,"cw=1;ccw=2;control=(0, 1);site=0",0,111,011,1,0,0,0,1,0,0
local_integrity,invert_ccw_sum,"cw=1;ccw=2;control=(0, 1);site=1",0,111,101,1,0,0,0,1,0,0
local_integrity,invert_ccw_sum,"cw=1;ccw=2;control=(0, 1);site=2",0,111,110,1,0,0,0,1,0,0
local_integrity,invert_ccw_carry,"cw=1;ccw=2;control=(0, 1);site=0",0,111,011,1,0,0,0,1,0,0
local_integrity,invert_ccw_carry,"cw=1;ccw=2;control=(0, 1);site=1",0,111,101,1,0,0,0,1,0,0
local_integrity,invert_ccw_carry,"cw=1;ccw=2;control=(0, 1);site=2",0,111,110,1,0,0,0,1,0,0
local_integrity,invert_cw_sum,"cw=1;ccw=3;control=(1, 0);site=0",0,011,111,0,1,0,0,1,0,0
local_integrity,invert_cw_sum,"cw=1;ccw=3;control=(1, 0);site=1",0,101,111,0,1,0,0,1,0,0
local_integrity,invert_cw_sum,"cw=1;ccw=3;control=(1, 0);site=2",0,110,111,0,1,0,0,1,0,0
local_integrity,invert_cw_carry,"cw=1;ccw=3;control=(1, 0);site=0",0,011,111,0,1,0,0,1,0,0
local_integrity,invert_cw_carry,"cw=1;ccw=3;control=(1, 0);site=1",0,101,111,0,1,0,0,1,0,0
local_integrity,invert_cw_carry,"cw=1;ccw=3;control=(1, 0);site=2",0,110,111,0,1,0,0,1,0,0
local_integrity,invert_ccw_sum,"cw=1;ccw=3;control=(1, 0);site=0",0,111,011,1,0,0,0,1,0,0
local_integrity,invert_ccw_sum,"cw=1;ccw=3;control=(1, 0);site=1",0,111,101,1,0,0,0,1,0,0
local_integrity,invert_ccw_sum,"cw=1;ccw=3;control=(1, 0);site=2",0,111,110,1,0,0,0,1,0,0
local_integrity,invert_ccw_carry,"cw=1;ccw=3;control=(1, 0);site=0",0,111,011,1,0,0,0,1,0,0
local_integrity,invert_ccw_carry,"cw=1;ccw=3;control=(1, 0);site=1",0,111,101,1,0,0,0,1,0,0
local_integrity,invert_ccw_carry,"cw=1;ccw=3;control=(1, 0);site=2",0,111,110,1,0,0,0,1,0,0
local_integrity,invert_cw_sum,"cw=1;ccw=3;control=(0, 1);site=0",0,011,111,0,1,0,0,1,0,0
local_integrity,invert_cw_sum,"cw=1;ccw=3;control=(0, 1);site=1",0,101,111,0,1,0,0,1,0,0
local_integrity,invert_cw_sum,"cw=1;ccw=3;control=(0, 1);site=2",0,110,111,0,1,0,0,1,0,0
local_integrity,invert_cw_carry,"cw=1;ccw=3;control=(0, 1);site=0",0,011,111,0,1,0,0,1,0,0
local_integrity,invert_cw_carry,"cw=1;ccw=3;control=(0, 1);site=1",0,101,111,0,1,0,0,1,0,0
local_integrity,invert_cw_carry,"cw=1;ccw=3;control=(0, 1);site=2",0,110,111,0,1,0,0,1,0,0
local_integrity,invert_ccw_sum,"cw=1;ccw=3;control=(0, 1);site=0",0,111,011,1,0,0,0,1,0,0
local_integrity,invert_ccw_sum,"cw=1;ccw=3;control=(0, 1);site=1",0,111,101,1,0,0,0,1,0,0
local_integrity,invert_ccw_sum,"cw=1;ccw=3;control=(0, 1);site=2",0,111,110,1,0,0,0,1,0,0
local_integrity,invert_ccw_carry,"cw=1;ccw=3;control=(0, 1);site=0",0,111,011,1,0,0,0,1,0,0
local_integrity,invert_ccw_carry,"cw=1;ccw=3;control=(0, 1);site=1",0,111,101,1,0,0,0,1,0,0
local_integrity,invert_ccw_carry,"cw=1;ccw=3;control=(0, 1);site=2",0,111,110,1,0,0,0,1,0,0
local_integrity,invert_cw_sum,"cw=1;ccw=4;control=(1, 0);site=0",0,011,111,0,1,0,0,1,0,0
local_integrity,invert_cw_sum,"cw=1;ccw=4;control=(1, 0);site=1",0,101,111,0,1,0,0,1,0,0
local_integrity,invert_cw_sum,"cw=1;ccw=4;control=(1, 0);site=2",0,110,111,0,1,0,0,1,0,0
local_integrity,invert_cw_carry,"cw=1;ccw=4;control=(1, 0);site=0",0,011,111,0,1,0,0,1,0,0
local_integrity,invert_cw_carry,"cw=1;ccw=4;control=(1, 0);site=1",0,101,111,0,1,0,0,1,0,0
local_integrity,invert_cw_carry,"cw=1;ccw=4;control=(1, 0);site=2",0,110,111,0,1,0,0,1,0,0
local_integrity,invert_ccw_sum,"cw=1;ccw=4;control=(1, 0);site=0",0,111,011,1,0,0,0,1,0,0
local_integrity,invert_ccw_sum,"cw=1;ccw=4;control=(1, 0);site=1",0,111,101,1,0,0,0,1,0,0
local_integrity,invert_ccw_sum,"cw=1;ccw=4;control=(1, 0);site=2",0,111,110,1,0,0,0,1,0,0
local_integrity,invert_ccw_carry,"cw=1;ccw=4;control=(1, 0);site=0",0,111,011,1,0,0,0,1,0,0
local_integrity,invert_ccw_carry,"cw=1;ccw=4;control=(1, 0);site=1",0,111,101,1,0,0,0,1,0,0
local_integrity,invert_ccw_carry,"cw=1;ccw=4;control=(1, 0);site=2",0,111,110,1,0,0,0,1,0,0
local_integrity,invert_cw_sum,"cw=1;ccw=4;control=(0, 1);site=0",0,011,111,0,1,0,0,1,0,0
local_integrity,invert_cw_sum,"cw=1;ccw=4;control=(0, 1);site=1",0,101,111,0,1,0,0,1,0,0
local_integrity,invert_cw_sum,"cw=1;ccw=4;control=(0, 1);site=2",0,110,111,0,1,0,0,1,0,0
local_integrity,invert_cw_carry,"cw=1;ccw=4;control=(0, 1);site=0",0,011,111,0,1,0,0,1,0,0
local_integrity,invert_cw_carry,"cw=1;ccw=4;control=(0, 1);site=1",0,101,111,0,1,0,0,1,0,0
local_integrity,invert_cw_carry,"cw=1;ccw=4;control=(0, 1);site=2",0,110,111,0,1,0,0,1,0,0
local_integrity,invert_ccw_sum,"cw=1;ccw=4;control=(0, 1);site=0",0,111,011,1,0,0,0,1,0,0
local_integrity,invert_ccw_sum,"cw=1;ccw=4;control=(0, 1);site=1",0,111,101,1,0,0,0,1,0,0
local_integrity,invert_ccw_sum,"cw=1;ccw=4;control=(0, 1);site=2",0,111,110,1,0,0,0,1,0,0
local_integrity,invert_ccw_carry,"cw=1;ccw=4;control=(0, 1);site=0",0,111,011,1,0,0,0,1,0,0
local_integrity,invert_ccw_carry,"cw=1;ccw=4;control=(0, 1);site=1",0,111,101,1,0,0,0,1,0,0
local_integrity,invert_ccw_carry,"cw=1;ccw=4;control=(0, 1);site=2",0,111,110,1,0,0,0,1,0,0
local_integrity,invert_cw_sum,"cw=1;ccw=5;control=(1, 0);site=0",0,011,111,0,1,0,0,1,0,0
local_integrity,invert_cw_sum,"cw=1;ccw=5;control=(1, 0);site=1",0,101,111,0,1,0,0,1,0,0
local_integrity,invert_cw_sum,"cw=1;ccw=5;control=(1, 0);site=2",0,110,111,0,1,0,0,1,0,0
local_integrity,invert_cw_carry,"cw=1;ccw=5;control=(1, 0);site=0",0,011,111,0,1,0,0,1,0,0
local_integrity,invert_cw_carry,"cw=1;ccw=5;control=(1, 0);site=1",0,101,111,0,1,0,0,1,0,0
local_integrity,invert_cw_carry,"cw=1;ccw=5;control=(1, 0);site=2",0,110,111,0,1,0,0,1,0,0
local_integrity,invert_ccw_sum,"cw=1;ccw=5;control=(1, 0);site=0",0,111,011,1,0,0,0,1,0,0
local_integrity,invert_ccw_sum,"cw=1;ccw=5;control=(1, 0);site=1",0,111,101,1,0,0,0,1,0,0
local_integrity,invert_ccw_sum,"cw=1;ccw=5;control=(1, 0);site=2",0,111,110,1,0,0,0,1,0,0
local_integrity,invert_ccw_carry,"cw=1;ccw=5;control=(1, 0);site=0",0,111,011,1,0,0,0,1,0,0
local_integrity,invert_ccw_carry,"cw=1;ccw=5;control=(1, 0);site=1",0,111,101,1,0,0,0,1,0,0
local_integrity,invert_ccw_carry,"cw=1;ccw=5;control=(1, 0);site=2",0,111,110,1,0,0,0,1,0,0
local_integrity,invert_cw_sum,"cw=1;ccw=5;control=(0, 1);site=0",0,011,111,0,1,0,0,1,0,0
local_integrity,invert_cw_sum,"cw=1;ccw=5;control=(0, 1);site=1",0,101,111,0,1,0,0,1,0,0
local_integrity,invert_cw_sum,"cw=1;ccw=5;control=(0, 1);site=2",0,110,111,0,1,0,0,1,0,0
local_integrity,invert_cw_carry,"cw=1;ccw=5;control=(0, 1);site=0",0,011,111,0,1,0,0,1,0,0
local_integrity,invert_cw_carry,"cw=1;ccw=5;control=(0, 1);site=1",0,101,111,0,1,0,0,1,0,0
local_integrity,invert_cw_carry,"cw=1;ccw=5;control=(0, 1);site=2",0,110,111,0,1,0,0,1,0,0
local_integrity,invert_ccw_sum,"cw=1;ccw=5;control=(0, 1);site=0",0,111,011,1,0,0,0,1,0,0
local_integrity,invert_ccw_sum,"cw=1;ccw=5;control=(0, 1);site=1",0,111,101,1,0,0,0,1,0,0
local_integrity,invert_ccw_sum,"cw=1;ccw=5;control=(0, 1);site=2",0,111,110,1,0,0,0,1,0,0
local_integrity,invert_ccw_carry,"cw=1;ccw=5;control=(0, 1);site=0",0,111,011,1,0,0,0,1,0,0
local_integrity,invert_ccw_carry,"cw=1;ccw=5;control=(0, 1);site=1",0,111,101,1,0,0,0,1,0,0
local_integrity,invert_ccw_carry,"cw=1;ccw=5;control=(0, 1);site=2",0,111,110,1,0,0,0,1,0,0
local_integrity,invert_cw_sum,"cw=1;ccw=6;control=(1, 0);site=0",0,011,111,0,1,0,0,1,0,0
local_integrity,invert_cw_sum,"cw=1;ccw=6;control=(1, 0);site=1",0,101,111,0,1,0,0,1,0,0
local_integrity,invert_cw_sum,"cw=1;ccw=6;control=(1, 0);site=2",0,110,111,0,1,0,0,1,0,0
local_integrity,invert_cw_carry,"cw=1;ccw=6;control=(1, 0);site=0",0,011,111,0,1,0,0,1,0,0
local_integrity,invert_cw_carry,"cw=1;ccw=6;control=(1, 0);site=1",0,101,111,0,1,0,0,1,0,0
local_integrity,invert_cw_carry,"cw=1;ccw=6;control=(1, 0);site=2",0,110,111,0,1,0,0,1,0,0
local_integrity,invert_ccw_sum,"cw=1;ccw=6;control=(1, 0);site=0",0,111,011,1,0,0,0,1,0,0
local_integrity,invert_ccw_sum,"cw=1;ccw=6;control=(1, 0);site=1",0,111,101,1,0,0,0,1,0,0
local_integrity,invert_ccw_sum,"cw=1;ccw=6;control=(1, 0);site=2",0,111,110,1,0,0,0,1,0,0
local_integrity,invert_ccw_carry,"cw=1;ccw=6;control=(1, 0);site=0",0,111,011,1,0,0,0,1,0,0
local_integrity,invert_ccw_carry,"cw=1;ccw=6;control=(1, 0);site=1",0,111,101,1,0,0,0,1,0,0
local_integrity,invert_ccw_carry,"cw=1;ccw=6;control=(1, 0);site=2",0,111,110,1,0,0,0,1,0,0
local_integrity,invert_cw_sum,"cw=1;ccw=6;control=(0, 1);site=0",0,011,111,0,1,0,0,1,0,0
local_integrity,invert_cw_sum,"cw=1;ccw=6;control=(0, 1);site=1",0,101,111,0,1,0,0,1,0,0
local_integrity,invert_cw_sum,"cw=1;ccw=6;control=(0, 1);site=2",0,110,111,0,1,0,0,1,0,0
local_integrity,invert_cw_carry,"cw=1;ccw=6;control=(0, 1);site=0",0,011,111,0,1,0,0,1,0,0
local_integrity,invert_cw_carry,"cw=1;ccw=6;control=(0, 1);site=1",0,101,111,0,1,0,0,1,0,0
local_integrity,invert_cw_carry,"cw=1;ccw=6;control=(0, 1);site=2",0,110,111,0,1,0,0,1,0,0
local_integrity,invert_ccw_sum,"cw=1;ccw=6;control=(0, 1);site=0",0,111,011,1,0,0,0,1,0,0
local_integrity,invert_ccw_sum,"cw=1;ccw=6;control=(0, 1);site=1",0,111,101,1,0,0,0,1,0,0
local_integrity,invert_ccw_sum,"cw=1;ccw=6;control=(0, 1);site=2",0,111,110,1,0,0,0,1,0,0
local_integrity,invert_ccw_carry,"cw=1;ccw=6;control=(0, 1);site=0",0,111,011,1,0,0,0,1,0,0
local_integrity,invert_ccw_carry,"cw=1;ccw=6;control=(0, 1);site=1",0,111,101,1,0,0,0,1,0,0
local_integrity,invert_ccw_carry,"cw=1;ccw=6;control=(0, 1);site=2",0,111,110,1,0,0,0,1,0,0
local_integrity,invert_cw_sum,"cw=1;ccw=7;control=(1, 0);site=0",0,011,111,0,1,0,0,1,0,0
local_integrity,invert_cw_sum,"cw=1;ccw=7;control=(1, 0);site=1",0,101,111,0,1,0,0,1,0,0
local_integrity,invert_cw_sum,"cw=1;ccw=7;control=(1, 0);site=2",0,110,111,0,1,0,0,1,0,0
local_integrity,invert_cw_carry,"cw=1;ccw=7;control=(1, 0);site=0",0,011,111,0,1,0,0,1,0,0
local_integrity,invert_cw_carry,"cw=1;ccw=7;control=(1, 0);site=1",0,101,111,0,1,0,0,1,0,0
local_integrity,invert_cw_carry,"cw=1;ccw=7;control=(1, 0);site=2",0,110,111,0,1,0,0,1,0,0
local_integrity,invert_ccw_sum,"cw=1;ccw=7;control=(1, 0);site=0",0,111,011,1,0,0,0,1,0,0
local_integrity,invert_ccw_sum,"cw=1;ccw=7;control=(1, 0);site=1",0,111,101,1,0,0,0,1,0,0
local_integrity,invert_ccw_sum,"cw=1;ccw=7;control=(1, 0);site=2",0,111,110,1,0,0,0,1,0,0
local_integrity,invert_ccw_carry,"cw=1;ccw=7;control=(1, 0);site=0",0,111,011,1,0,0,0,1,0,0
local_integrity,invert_ccw_carry,"cw=1;ccw=7;control=(1, 0);site=1",0,111,101,1,0,0,0,1,0,0
local_integrity,invert_ccw_carry,"cw=1;ccw=7;control=(1, 0);site=2",0,111,110,1,0,0,0,1,0,0
local_integrity,invert_cw_sum,"cw=1;ccw=7;control=(0, 1);site=0",0,011,111,0,1,0,0,1,0,0
local_integrity,invert_cw_sum,"cw=1;ccw=7;control=(0, 1);site=1",0,101,111,0,1,0,0,1,0,0
local_integrity,invert_cw_sum,"cw=1;ccw=7;control=(0, 1);site=2",0,110,111,0,1,0,0,1,0,0
local_integrity,invert_cw_carry,"cw=1;ccw=7;control=(0, 1);site=0",0,011,111,0,1,0,0,1,0,0
local_integrity,invert_cw_carry,"cw=1;ccw=7;control=(0, 1);site=1",0,101,111,0,1,0,0,1,0,0
local_integrity,invert_cw_carry,"cw=1;ccw=7;control=(0, 1);site=2",0,110,111,0,1,0,0,1,0,0
local_integrity,invert_ccw_sum,"cw=1;ccw=7;control=(0, 1);site=0",0,111,011,1,0,0,0,1,0,0
local_integrity,invert_ccw_sum,"cw=1;ccw=7;control=(0, 1);site=1",0,111,101,1,0,0,0,1,0,0
local_integrity,invert_ccw_sum,"cw=1;ccw=7;control=(0, 1);site=2",0,111,110,1,0,0,0,1,0,0
local_integrity,invert_ccw_carry,"cw=1;ccw=7;control=(0, 1);site=0",0,111,011,1,0,0,0,1,0,0
local_integrity,invert_ccw_carry,"cw=1;ccw=7;control=(0, 1);site=1",0,111,101,1,0,0,0,1,0,0
local_integrity,invert_ccw_carry,"cw=1;ccw=7;control=(0, 1);site=2",0,111,110,1,0,0,0,1,0,0
local_integrity,invert_cw_sum,"cw=2;ccw=0;control=(1, 0);site=0",0,011,111,0,1,0,0,1,0,0
local_integrity,invert_cw_sum,"cw=2;ccw=0;control=(1, 0);site=1",0,101,111,0,1,0,0,1,0,0
local_integrity,invert_cw_sum,"cw=2;ccw=0;control=(1, 0);site=2",0,110,111,0,1,0,0,1,0,0
local_integrity,invert_cw_carry,"cw=2;ccw=0;control=(1, 0);site=0",0,011,111,0,1,0,0,1,0,0
local_integrity,invert_cw_carry,"cw=2;ccw=0;control=(1, 0);site=1",0,101,111,0,1,0,0,1,0,0
local_integrity,invert_cw_carry,"cw=2;ccw=0;control=(1, 0);site=2",0,110,111,0,1,0,0,1,0,0
local_integrity,invert_ccw_sum,"cw=2;ccw=0;control=(1, 0);site=0",0,111,011,1,0,0,0,1,0,0
local_integrity,invert_ccw_sum,"cw=2;ccw=0;control=(1, 0);site=1",0,111,101,1,0,0,0,1,0,0
local_integrity,invert_ccw_sum,"cw=2;ccw=0;control=(1, 0);site=2",0,111,110,1,0,0,0,1,0,0
local_integrity,invert_ccw_carry,"cw=2;ccw=0;control=(1, 0);site=0",0,111,011,1,0,0,0,1,0,0
local_integrity,invert_ccw_carry,"cw=2;ccw=0;control=(1, 0);site=1",0,111,101,1,0,0,0,1,0,0
local_integrity,invert_ccw_carry,"cw=2;ccw=0;control=(1, 0);site=2",0,111,110,1,0,0,0,1,0,0
local_integrity,invert_cw_sum,"cw=2;ccw=0;control=(0, 1);site=0",0,011,111,0,1,0,0,1,0,0
local_integrity,invert_cw_sum,"cw=2;ccw=0;control=(0, 1);site=1",0,101,111,0,1,0,0,1,0,0
local_integrity,invert_cw_sum,"cw=2;ccw=0;control=(0, 1);site=2",0,110,111,0,1,0,0,1,0,0
local_integrity,invert_cw_carry,"cw=2;ccw=0;control=(0, 1);site=0",0,011,111,0,1,0,0,1,0,0
local_integrity,invert_cw_carry,"cw=2;ccw=0;control=(0, 1);site=1",0,101,111,0,1,0,0,1,0,0
local_integrity,invert_cw_carry,"cw=2;ccw=0;control=(0, 1);site=2",0,110,111,0,1,0,0,1,0,0
local_integrity,invert_ccw_sum,"cw=2;ccw=0;control=(0, 1);site=0",0,111,011,1,0,0,0,1,0,0
local_integrity,invert_ccw_sum,"cw=2;ccw=0;control=(0, 1);site=1",0,111,101,1,0,0,0,1,0,0
local_integrity,invert_ccw_sum,"cw=2;ccw=0;control=(0, 1);site=2",0,111,110,1,0,0,0,1,0,0
local_integrity,invert_ccw_carry,"cw=2;ccw=0;control=(0, 1);site=0",0,111,011,1,0,0,0,1,0,0
local_integrity,invert_ccw_carry,"cw=2;ccw=0;control=(0, 1);site=1",0,111,101,1,0,0,0,1,0,0
local_integrity,invert_ccw_carry,"cw=2;ccw=0;control=(0, 1);site=2",0,111,110,1,0,0,0,1,0,0
local_integrity,invert_cw_sum,"cw=2;ccw=1;control=(1, 0);site=0",0,011,111,0,1,0,0,1,0,0
local_integrity,invert_cw_sum,"cw=2;ccw=1;control=(1, 0);site=1",0,101,111,0,1,0,0,1,0,0
local_integrity,invert_cw_sum,"cw=2;ccw=1;control=(1, 0);site=2",0,110,111,0,1,0,0,1,0,0
local_integrity,invert_cw_carry,"cw=2;ccw=1;control=(1, 0);site=0",0,011,111,0,1,0,0,1,0,0
local_integrity,invert_cw_carry,"cw=2;ccw=1;control=(1, 0);site=1",0,101,111,0,1,0,0,1,0,0
local_integrity,invert_cw_carry,"cw=2;ccw=1;control=(1, 0);site=2",0,110,111,0,1,0,0,1,0,0
local_integrity,invert_ccw_sum,"cw=2;ccw=1;control=(1, 0);site=0",0,111,011,1,0,0,0,1,0,0
local_integrity,invert_ccw_sum,"cw=2;ccw=1;control=(1, 0);site=1",0,111,101,1,0,0,0,1,0,0
local_integrity,invert_ccw_sum,"cw=2;ccw=1;control=(1, 0);site=2",0,111,110,1,0,0,0,1,0,0
local_integrity,invert_ccw_carry,"cw=2;ccw=1;control=(1, 0);site=0",0,111,011,1,0,0,0,1,0,0
local_integrity,invert_ccw_carry,"cw=2;ccw=1;control=(1, 0);site=1",0,111,101,1,0,0,0,1,0,0
local_integrity,invert_ccw_carry,"cw=2;ccw=1;control=(1, 0);site=2",0,111,110,1,0,0,0,1,0,0
local_integrity,invert_cw_sum,"cw=2;ccw=1;control=(0, 1);site=0",0,011,111,0,1,0,0,1,0,0
local_integrity,invert_cw_sum,"cw=2;ccw=1;control=(0, 1);site=1",0,101,111,0,1,0,0,1,0,0
local_integrity,invert_cw_sum,"cw=2;ccw=1;control=(0, 1);site=2",0,110,111,0,1,0,0,1,0,0
local_integrity,invert_cw_carry,"cw=2;ccw=1;control=(0, 1);site=0",0,011,111,0,1,0,0,1,0,0
local_integrity,invert_cw_carry,"cw=2;ccw=1;control=(0, 1);site=1",0,101,111,0,1,0,0,1,0,0
local_integrity,invert_cw_carry,"cw=2;ccw=1;control=(0, 1);site=2",0,110,111,0,1,0,0,1,0,0
local_integrity,invert_ccw_sum,"cw=2;ccw=1;control=(0, 1);site=0",0,111,011,1,0,0,0,1,0,0
local_integrity,invert_ccw_sum,"cw=2;ccw=1;control=(0, 1);site=1",0,111,101,1,0,0,0,1,0,0
local_integrity,invert_ccw_sum,"cw=2;ccw=1;control=(0, 1);site=2",0,111,110,1,0,0,0,1,0,0
local_integrity,invert_ccw_carry,"cw=2;ccw=1;control=(0, 1);site=0",0,111,011,1,0,0,0,1,0,0
local_integrity,invert_ccw_carry,"cw=2;ccw=1;control=(0, 1);site=1",0,111,101,1,0,0,0,1,0,0
local_integrity,invert_ccw_carry,"cw=2;ccw=1;control=(0, 1);site=2",0,111,110,1,0,0,0,1,0,0
local_integrity,invert_cw_sum,"cw=2;ccw=2;control=(1, 0);site=0",0,011,111,0,1,0,0,1,0,0
local_integrity,invert_cw_sum,"cw=2;ccw=2;control=(1, 0);site=1",0,101,111,0,1,0,0,1,0,0
local_integrity,invert_cw_sum,"cw=2;ccw=2;control=(1, 0);site=2",0,110,111,0,1,0,0,1,0,0
local_integrity,invert_cw_carry,"cw=2;ccw=2;control=(1, 0);site=0",0,011,111,0,1,0,0,1,0,0
local_integrity,invert_cw_carry,"cw=2;ccw=2;control=(1, 0);site=1",0,101,111,0,1,0,0,1,0,0
local_integrity,invert_cw_carry,"cw=2;ccw=2;control=(1, 0);site=2",0,110,111,0,1,0,0,1,0,0
local_integrity,invert_ccw_sum,"cw=2;ccw=2;control=(1, 0);site=0",0,111,011,1,0,0,0,1,0,0
local_integrity,invert_ccw_sum,"cw=2;ccw=2;control=(1, 0);site=1",0,111,101,1,0,0,0,1,0,0
local_integrity,invert_ccw_sum,"cw=2;ccw=2;control=(1, 0);site=2",0,111,110,1,0,0,0,1,0,0
local_integrity,invert_ccw_carry,"cw=2;ccw=2;control=(1, 0);site=0",0,111,011,1,0,0,0,1,0,0
local_integrity,invert_ccw_carry,"cw=2;ccw=2;control=(1, 0);site=1",0,111,101,1,0,0,0,1,0,0
local_integrity,invert_ccw_carry,"cw=2;ccw=2;control=(1, 0);site=2",0,111,110,1,0,0,0,1,0,0
local_integrity,invert_cw_sum,"cw=2;ccw=2;control=(0, 1);site=0",0,011,111,0,1,0,0,1,0,0
local_integrity,invert_cw_sum,"cw=2;ccw=2;control=(0, 1);site=1",0,101,111,0,1,0,0,1,0,0
local_integrity,invert_cw_sum,"cw=2;ccw=2;control=(0, 1);site=2",0,110,111,0,1,0,0,1,0,0
local_integrity,invert_cw_carry,"cw=2;ccw=2;control=(0, 1);site=0",0,011,111,0,1,0,0,1,0,0
local_integrity,invert_cw_carry,"cw=2;ccw=2;control=(0, 1);site=1",0,101,111,0,1,0,0,1,0,0
local_integrity,invert_cw_carry,"cw=2;ccw=2;control=(0, 1);site=2",0,110,111,0,1,0,0,1,0,0
local_integrity,invert_ccw_sum,"cw=2;ccw=2;control=(0, 1);site=0",0,111,011,1,0,0,0,1,0,0
local_integrity,invert_ccw_sum,"cw=2;ccw=2;control=(0, 1);site=1",0,111,101,1,0,0,0,1,0,0
local_integrity,invert_ccw_sum,"cw=2;ccw=2;control=(0, 1);site=2",0,111,110,1,0,0,0,1,0,0
local_integrity,invert_ccw_carry,"cw=2;ccw=2;control=(0, 1);site=0",0,111,011,1,0,0,0,1,0,0
local_integrity,invert_ccw_carry,"cw=2;ccw=2;control=(0, 1);site=1",0,111,101,1,0,0,0,1,0,0
local_integrity,invert_ccw_carry,"cw=2;ccw=2;control=(0, 1);site=2",0,111,110,1,0,0,0,1,0,0
local_integrity,invert_cw_sum,"cw=2;ccw=3;control=(1, 0);site=0",0,011,111,0,1,0,0,1,0,0
local_integrity,invert_cw_sum,"cw=2;ccw=3;control=(1, 0);site=1",0,101,111,0,1,0,0,1,0,0
local_integrity,invert_cw_sum,"cw=2;ccw=3;control=(1, 0);site=2",0,110,111,0,1,0,0,1,0,0
local_integrity,invert_cw_carry,"cw=2;ccw=3;control=(1, 0);site=0",0,011,111,0,1,0,0,1,0,0
local_integrity,invert_cw_carry,"cw=2;ccw=3;control=(1, 0);site=1",0,101,111,0,1,0,0,1,0,0
local_integrity,invert_cw_carry,"cw=2;ccw=3;control=(1, 0);site=2",0,110,111,0,1,0,0,1,0,0
local_integrity,invert_ccw_sum,"cw=2;ccw=3;control=(1, 0);site=0",0,111,011,1,0,0,0,1,0,0
local_integrity,invert_ccw_sum,"cw=2;ccw=3;control=(1, 0);site=1",0,111,101,1,0,0,0,1,0,0
local_integrity,invert_ccw_sum,"cw=2;ccw=3;control=(1, 0);site=2",0,111,110,1,0,0,0,1,0,0
local_integrity,invert_ccw_carry,"cw=2;ccw=3;control=(1, 0);site=0",0,111,011,1,0,0,0,1,0,0
local_integrity,invert_ccw_carry,"cw=2;ccw=3;control=(1, 0);site=1",0,111,101,1,0,0,0,1,0,0
local_integrity,invert_ccw_carry,"cw=2;ccw=3;control=(1, 0);site=2",0,111,110,1,0,0,0,1,0,0
local_integrity,invert_cw_sum,"cw=2;ccw=3;control=(0, 1);site=0",0,011,111,0,1,0,0,1,0,0
local_integrity,invert_cw_sum,"cw=2;ccw=3;control=(0, 1);site=1",0,101,111,0,1,0,0,1,0,0
local_integrity,invert_cw_sum,"cw=2;ccw=3;control=(0, 1);site=2",0,110,111,0,1,0,0,1,0,0
local_integrity,invert_cw_carry,"cw=2;ccw=3;control=(0, 1);site=0",0,011,111,0,1,0,0,1,0,0
local_integrity,invert_cw_carry,"cw=2;ccw=3;control=(0, 1);site=1",0,101,111,0,1,0,0,1,0,0
local_integrity,invert_cw_carry,"cw=2;ccw=3;control=(0, 1);site=2",0,110,111,0,1,0,0,1,0,0
local_integrity,invert_ccw_sum,"cw=2;ccw=3;control=(0, 1);site=0",0,111,011,1,0,0,0,1,0,0
local_integrity,invert_ccw_sum,"cw=2;ccw=3;control=(0, 1);site=1",0,111,101,1,0,0,0,1,0,0
local_integrity,invert_ccw_sum,"cw=2;ccw=3;control=(0, 1);site=2",0,111,110,1,0,0,0,1,0,0
local_integrity,invert_ccw_carry,"cw=2;ccw=3;control=(0, 1);site=0",0,111,011,1,0,0,0,1,0,0
local_integrity,invert_ccw_carry,"cw=2;ccw=3;control=(0, 1);site=1",0,111,101,1,0,0,0,1,0,0
local_integrity,invert_ccw_carry,"cw=2;ccw=3;control=(0, 1);site=2",0,111,110,1,0,0,0,1,0,0
local_integrity,invert_cw_sum,"cw=2;ccw=4;control=(1, 0);site=0",0,011,111,0,1,0,0,1,0,0
local_integrity,invert_cw_sum,"cw=2;ccw=4;control=(1, 0);site=1",0,101,111,0,1,0,0,1,0,0
local_integrity,invert_cw_sum,"cw=2;ccw=4;control=(1, 0);site=2",0,110,111,0,1,0,0,1,0,0
local_integrity,invert_cw_carry,"cw=2;ccw=4;control=(1, 0);site=0",0,011,111,0,1,0,0,1,0,0
local_integrity,invert_cw_carry,"cw=2;ccw=4;control=(1, 0);site=1",0,101,111,0,1,0,0,1,0,0
local_integrity,invert_cw_carry,"cw=2;ccw=4;control=(1, 0);site=2",0,110,111,0,1,0,0,1,0,0
local_integrity,invert_ccw_sum,"cw=2;ccw=4;control=(1, 0);site=0",0,111,011,1,0,0,0,1,0,0
local_integrity,invert_ccw_sum,"cw=2;ccw=4;control=(1, 0);site=1",0,111,101,1,0,0,0,1,0,0
local_integrity,invert_ccw_sum,"cw=2;ccw=4;control=(1, 0);site=2",0,111,110,1,0,0,0,1,0,0
local_integrity,invert_ccw_carry,"cw=2;ccw=4;control=(1, 0);site=0",0,111,011,1,0,0,0,1,0,0
local_integrity,invert_ccw_carry,"cw=2;ccw=4;control=(1, 0);site=1",0,111,101,1,0,0,0,1,0,0
local_integrity,invert_ccw_carry,"cw=2;ccw=4;control=(1, 0);site=2",0,111,110,1,0,0,0,1,0,0
local_integrity,invert_cw_sum,"cw=2;ccw=4;control=(0, 1);site=0",0,011,111,0,1,0,0,1,0,0
local_integrity,invert_cw_sum,"cw=2;ccw=4;control=(0, 1);site=1",0,101,111,0,1,0,0,1,0,0
local_integrity,invert_cw_sum,"cw=2;ccw=4;control=(0, 1);site=2",0,110,111,0,1,0,0,1,0,0
local_integrity,invert_cw_carry,"cw=2;ccw=4;control=(0, 1);site=0",0,011,111,0,1,0,0,1,0,0
local_integrity,invert_cw_carry,"cw=2;ccw=4;control=(0, 1);site=1",0,101,111,0,1,0,0,1,0,0
local_integrity,invert_cw_carry,"cw=2;ccw=4;control=(0, 1);site=2",0,110,111,0,1,0,0,1,0,0
local_integrity,invert_ccw_sum,"cw=2;ccw=4;control=(0, 1);site=0",0,111,011,1,0,0,0,1,0,0
local_integrity,invert_ccw_sum,"cw=2;ccw=4;control=(0, 1);site=1",0,111,101,1,0,0,0,1,0,0
local_integrity,invert_ccw_sum,"cw=2;ccw=4;control=(0, 1);site=2",0,111,110,1,0,0,0,1,0,0
local_integrity,invert_ccw_carry,"cw=2;ccw=4;control=(0, 1);site=0",0,111,011,1,0,0,0,1,0,0
local_integrity,invert_ccw_carry,"cw=2;ccw=4;control=(0, 1);site=1",0,111,101,1,0,0,0,1,0,0
local_integrity,invert_ccw_carry,"cw=2;ccw=4;control=(0, 1);site=2",0,111,110,1,0,0,0,1,0,0
local_integrity,invert_cw_sum,"cw=2;ccw=5;control=(1, 0);site=0",0,011,111,0,1,0,0,1,0,0
local_integrity,invert_cw_sum,"cw=2;ccw=5;control=(1, 0);site=1",0,101,111,0,1,0,0,1,0,0
local_integrity,invert_cw_sum,"cw=2;ccw=5;control=(1, 0);site=2",0,110,111,0,1,0,0,1,0,0
local_integrity,invert_cw_carry,"cw=2;ccw=5;control=(1, 0);site=0",0,011,111,0,1,0,0,1,0,0
local_integrity,invert_cw_carry,"cw=2;ccw=5;control=(1, 0);site=1",0,101,111,0,1,0,0,1,0,0
local_integrity,invert_cw_carry,"cw=2;ccw=5;control=(1, 0);site=2",0,110,111,0,1,0,0,1,0,0
local_integrity,invert_ccw_sum,"cw=2;ccw=5;control=(1, 0);site=0",0,111,011,1,0,0,0,1,0,0
local_integrity,invert_ccw_sum,"cw=2;ccw=5;control=(1, 0);site=1",0,111,101,1,0,0,0,1,0,0
local_integrity,invert_ccw_sum,"cw=2;ccw=5;control=(1, 0);site=2",0,111,110,1,0,0,0,1,0,0
local_integrity,invert_ccw_carry,"cw=2;ccw=5;control=(1, 0);site=0",0,111,011,1,0,0,0,1,0,0
local_integrity,invert_ccw_carry,"cw=2;ccw=5;control=(1, 0);site=1",0,111,101,1,0,0,0,1,0,0
local_integrity,invert_ccw_carry,"cw=2;ccw=5;control=(1, 0);site=2",0,111,110,1,0,0,0,1,0,0
local_integrity,invert_cw_sum,"cw=2;ccw=5;control=(0, 1);site=0",0,011,111,0,1,0,0,1,0,0
local_integrity,invert_cw_sum,"cw=2;ccw=5;control=(0, 1);site=1",0,101,111,0,1,0,0,1,0,0
local_integrity,invert_cw_sum,"cw=2;ccw=5;control=(0, 1);site=2",0,110,111,0,1,0,0,1,0,0
local_integrity,invert_cw_carry,"cw=2;ccw=5;control=(0, 1);site=0",0,011,111,0,1,0,0,1,0,0
local_integrity,invert_cw_carry,"cw=2;ccw=5;control=(0, 1);site=1",0,101,111,0,1,0,0,1,0,0
local_integrity,invert_cw_carry,"cw=2;ccw=5;control=(0, 1);site=2",0,110,111,0,1,0,0,1,0,0
local_integrity,invert_ccw_sum,"cw=2;ccw=5;control=(0, 1);site=0",0,111,011,1,0,0,0,1,0,0
local_integrity,invert_ccw_sum,"cw=2;ccw=5;control=(0, 1);site=1",0,111,101,1,0,0,0,1,0,0
local_integrity,invert_ccw_sum,"cw=2;ccw=5;control=(0, 1);site=2",0,111,110,1,0,0,0,1,0,0
local_integrity,invert_ccw_carry,"cw=2;ccw=5;control=(0, 1);site=0",0,111,011,1,0,0,0,1,0,0
local_integrity,invert_ccw_carry,"cw=2;ccw=5;control=(0, 1);site=1",0,111,101,1,0,0,0,1,0,0
local_integrity,invert_ccw_carry,"cw=2;ccw=5;control=(0, 1);site=2",0,111,110,1,0,0,0,1,0,0
local_integrity,invert_cw_sum,"cw=2;ccw=6;control=(1, 0);site=0",0,011,111,0,1,0,0,1,0,0
local_integrity,invert_cw_sum,"cw=2;ccw=6;control=(1, 0);site=1",0,101,111,0,1,0,0,1,0,0
local_integrity,invert_cw_sum,"cw=2;ccw=6;control=(1, 0);site=2",0,110,111,0,1,0,0,1,0,0
local_integrity,invert_cw_carry,"cw=2;ccw=6;control=(1, 0);site=0",0,011,111,0,1,0,0,1,0,0
local_integrity,invert_cw_carry,"cw=2;ccw=6;control=(1, 0);site=1",0,101,111,0,1,0,0,1,0,0
local_integrity,invert_cw_carry,"cw=2;ccw=6;control=(1, 0);site=2",0,110,111,0,1,0,0,1,0,0
local_integrity,invert_ccw_sum,"cw=2;ccw=6;control=(1, 0);site=0",0,111,011,1,0,0,0,1,0,0
local_integrity,invert_ccw_sum,"cw=2;ccw=6;control=(1, 0);site=1",0,111,101,1,0,0,0,1,0,0
local_integrity,invert_ccw_sum,"cw=2;ccw=6;control=(1, 0);site=2",0,111,110,1,0,0,0,1,0,0
local_integrity,invert_ccw_carry,"cw=2;ccw=6;control=(1, 0);site=0",0,111,011,1,0,0,0,1,0,0
local_integrity,invert_ccw_carry,"cw=2;ccw=6;control=(1, 0);site=1",0,111,101,1,0,0,0,1,0,0
local_integrity,invert_ccw_carry,"cw=2;ccw=6;control=(1, 0);site=2",0,111,110,1,0,0,0,1,0,0
local_integrity,invert_cw_sum,"cw=2;ccw=6;control=(0, 1);site=0",0,011,111,0,1,0,0,1,0,0
local_integrity,invert_cw_sum,"cw=2;ccw=6;control=(0, 1);site=1",0,101,111,0,1,0,0,1,0,0
local_integrity,invert_cw_sum,"cw=2;ccw=6;control=(0, 1);site=2",0,110,111,0,1,0,0,1,0,0
local_integrity,invert_cw_carry,"cw=2;ccw=6;control=(0, 1);site=0",0,011,111,0,1,0,0,1,0,0
local_integrity,invert_cw_carry,"cw=2;ccw=6;control=(0, 1);site=1",0,101,111,0,1,0,0,1,0,0
local_integrity,invert_cw_carry,"cw=2;ccw=6;control=(0, 1);site=2",0,110,111,0,1,0,0,1,0,0
local_integrity,invert_ccw_sum,"cw=2;ccw=6;control=(0, 1);site=0",0,111,011,1,0,0,0,1,0,0
local_integrity,invert_ccw_sum,"cw=2;ccw=6;control=(0, 1);site=1",0,111,101,1,0,0,0,1,0,0
local_integrity,invert_ccw_sum,"cw=2;ccw=6;control=(0, 1);site=2",0,111,110,1,0,0,0,1,0,0
local_integrity,invert_ccw_carry,"cw=2;ccw=6;control=(0, 1);site=0",0,111,011,1,0,0,0,1,0,0
local_integrity,invert_ccw_carry,"cw=2;ccw=6;control=(0, 1);site=1",0,111,101,1,0,0,0,1,0,0
local_integrity,invert_ccw_carry,"cw=2;ccw=6;control=(0, 1);site=2",0,111,110,1,0,0,0,1,0,0
local_integrity,invert_cw_sum,"cw=2;ccw=7;control=(1, 0);site=0",0,011,111,0,1,0,0,1,0,0
local_integrity,invert_cw_sum,"cw=2;ccw=7;control=(1, 0);site=1",0,101,111,0,1,0,0,1,0,0
local_integrity,invert_cw_sum,"cw=2;ccw=7;control=(1, 0);site=2",0,110,111,0,1,0,0,1,0,0
local_integrity,invert_cw_carry,"cw=2;ccw=7;control=(1, 0);site=0",0,011,111,0,1,0,0,1,0,0
local_integrity,invert_cw_carry,"cw=2;ccw=7;control=(1, 0);site=1",0,101,111,0,1,0,0,1,0,0
local_integrity,invert_cw_carry,"cw=2;ccw=7;control=(1, 0);site=2",0,110,111,0,1,0,0,1,0,0
local_integrity,invert_ccw_sum,"cw=2;ccw=7;control=(1, 0);site=0",0,111,011,1,0,0,0,1,0,0
local_integrity,invert_ccw_sum,"cw=2;ccw=7;control=(1, 0);site=1",0,111,101,1,0,0,0,1,0,0
local_integrity,invert_ccw_sum,"cw=2;ccw=7;control=(1, 0);site=2",0,111,110,1,0,0,0,1,0,0
local_integrity,invert_ccw_carry,"cw=2;ccw=7;control=(1, 0);site=0",0,111,011,1,0,0,0,1,0,0
local_integrity,invert_ccw_carry,"cw=2;ccw=7;control=(1, 0);site=1",0,111,101,1,0,0,0,1,0,0
local_integrity,invert_ccw_carry,"cw=2;ccw=7;control=(1, 0);site=2",0,111,110,1,0,0,0,1,0,0
local_integrity,invert_cw_sum,"cw=2;ccw=7;control=(0, 1);site=0",0,011,111,0,1,0,0,1,0,0
local_integrity,invert_cw_sum,"cw=2;ccw=7;control=(0, 1);site=1",0,101,111,0,1,0,0,1,0,0
local_integrity,invert_cw_sum,"cw=2;ccw=7;control=(0, 1);site=2",0,110,111,0,1,0,0,1,0,0
local_integrity,invert_cw_carry,"cw=2;ccw=7;control=(0, 1);site=0",0,011,111,0,1,0,0,1,0,0
local_integrity,invert_cw_carry,"cw=2;ccw=7;control=(0, 1);site=1",0,101,111,0,1,0,0,1,0,0
local_integrity,invert_cw_carry,"cw=2;ccw=7;control=(0, 1);site=2",0,110,111,0,1,0,0,1,0,0
local_integrity,invert_ccw_sum,"cw=2;ccw=7;control=(0, 1);site=0",0,111,011,1,0,0,0,1,0,0
local_integrity,invert_ccw_sum,"cw=2;ccw=7;control=(0, 1);site=1",0,111,101,1,0,0,0,1,0,0
local_integrity,invert_ccw_sum,"cw=2;ccw=7;control=(0, 1);site=2",0,111,110,1,0,0,0,1,0,0
local_integrity,invert_ccw_carry,"cw=2;ccw=7;control=(0, 1);site=0",0,111,011,1,0,0,0,1,0,0
local_integrity,invert_ccw_carry,"cw=2;ccw=7;control=(0, 1);site=1",0,111,101,1,0,0,0,1,0,0
local_integrity,invert_ccw_carry,"cw=2;ccw=7;control=(0, 1);site=2",0,111,110,1,0,0,0,1,0,0
local_integrity,invert_cw_sum,"cw=3;ccw=0;control=(1, 0);site=0",0,011,111,0,1,0,0,1,0,0
local_integrity,invert_cw_sum,"cw=3;ccw=0;control=(1, 0);site=1",0,101,111,0,1,0,0,1,0,0
local_integrity,invert_cw_sum,"cw=3;ccw=0;control=(1, 0);site=2",0,110,111,0,1,0,0,1,0,0
local_integrity,invert_cw_carry,"cw=3;ccw=0;control=(1, 0);site=0",0,011,111,0,1,0,0,1,0,0
local_integrity,invert_cw_carry,"cw=3;ccw=0;control=(1, 0);site=1",0,101,111,0,1,0,0,1,0,0
local_integrity,invert_cw_carry,"cw=3;ccw=0;control=(1, 0);site=2",0,110,111,0,1,0,0,1,0,0
local_integrity,invert_ccw_sum,"cw=3;ccw=0;control=(1, 0);site=0",0,111,011,1,0,0,0,1,0,0
local_integrity,invert_ccw_sum,"cw=3;ccw=0;control=(1, 0);site=1",0,111,101,1,0,0,0,1,0,0
local_integrity,invert_ccw_sum,"cw=3;ccw=0;control=(1, 0);site=2",0,111,110,1,0,0,0,1,0,0
local_integrity,invert_ccw_carry,"cw=3;ccw=0;control=(1, 0);site=0",0,111,011,1,0,0,0,1,0,0
local_integrity,invert_ccw_carry,"cw=3;ccw=0;control=(1, 0);site=1",0,111,101,1,0,0,0,1,0,0
local_integrity,invert_ccw_carry,"cw=3;ccw=0;control=(1, 0);site=2",0,111,110,1,0,0,0,1,0,0
local_integrity,invert_cw_sum,"cw=3;ccw=0;control=(0, 1);site=0",0,011,111,0,1,0,0,1,0,0
local_integrity,invert_cw_sum,"cw=3;ccw=0;control=(0, 1);site=1",0,101,111,0,1,0,0,1,0,0
local_integrity,invert_cw_sum,"cw=3;ccw=0;control=(0, 1);site=2",0,110,111,0,1,0,0,1,0,0
local_integrity,invert_cw_carry,"cw=3;ccw=0;control=(0, 1);site=0",0,011,111,0,1,0,0,1,0,0
local_integrity,invert_cw_carry,"cw=3;ccw=0;control=(0, 1);site=1",0,101,111,0,1,0,0,1,0,0
local_integrity,invert_cw_carry,"cw=3;ccw=0;control=(0, 1);site=2",0,110,111,0,1,0,0,1,0,0
local_integrity,invert_ccw_sum,"cw=3;ccw=0;control=(0, 1);site=0",0,111,011,1,0,0,0,1,0,0
local_integrity,invert_ccw_sum,"cw=3;ccw=0;control=(0, 1);site=1",0,111,101,1,0,0,0,1,0,0
local_integrity,invert_ccw_sum,"cw=3;ccw=0;control=(0, 1);site=2",0,111,110,1,0,0,0,1,0,0
local_integrity,invert_ccw_carry,"cw=3;ccw=0;control=(0, 1);site=0",0,111,011,1,0,0,0,1,0,0
local_integrity,invert_ccw_carry,"cw=3;ccw=0;control=(0, 1);site=1",0,111,101,1,0,0,0,1,0,0
local_integrity,invert_ccw_carry,"cw=3;ccw=0;control=(0, 1);site=2",0,111,110,1,0,0,0,1,0,0
local_integrity,invert_cw_sum,"cw=3;ccw=1;control=(1, 0);site=0",0,011,111,0,1,0,0,1,0,0
local_integrity,invert_cw_sum,"cw=3;ccw=1;control=(1, 0);site=1",0,101,111,0,1,0,0,1,0,0
local_integrity,invert_cw_sum,"cw=3;ccw=1;control=(1, 0);site=2",0,110,111,0,1,0,0,1,0,0
local_integrity,invert_cw_carry,"cw=3;ccw=1;control=(1, 0);site=0",0,011,111,0,1,0,0,1,0,0
local_integrity,invert_cw_carry,"cw=3;ccw=1;control=(1, 0);site=1",0,101,111,0,1,0,0,1,0,0
local_integrity,invert_cw_carry,"cw=3;ccw=1;control=(1, 0);site=2",0,110,111,0,1,0,0,1,0,0
local_integrity,invert_ccw_sum,"cw=3;ccw=1;control=(1, 0);site=0",0,111,011,1,0,0,0,1,0,0
local_integrity,invert_ccw_sum,"cw=3;ccw=1;control=(1, 0);site=1",0,111,101,1,0,0,0,1,0,0
local_integrity,invert_ccw_sum,"cw=3;ccw=1;control=(1, 0);site=2",0,111,110,1,0,0,0,1,0,0
local_integrity,invert_ccw_carry,"cw=3;ccw=1;control=(1, 0);site=0",0,111,011,1,0,0,0,1,0,0
local_integrity,invert_ccw_carry,"cw=3;ccw=1;control=(1, 0);site=1",0,111,101,1,0,0,0,1,0,0
local_integrity,invert_ccw_carry,"cw=3;ccw=1;control=(1, 0);site=2",0,111,110,1,0,0,0,1,0,0
local_integrity,invert_cw_sum,"cw=3;ccw=1;control=(0, 1);site=0",0,011,111,0,1,0,0,1,0,0
local_integrity,invert_cw_sum,"cw=3;ccw=1;control=(0, 1);site=1",0,101,111,0,1,0,0,1,0,0
local_integrity,invert_cw_sum,"cw=3;ccw=1;control=(0, 1);site=2",0,110,111,0,1,0,0,1,0,0
local_integrity,invert_cw_carry,"cw=3;ccw=1;control=(0, 1);site=0",0,011,111,0,1,0,0,1,0,0
local_integrity,invert_cw_carry,"cw=3;ccw=1;control=(0, 1);site=1",0,101,111,0,1,0,0,1,0,0
local_integrity,invert_cw_carry,"cw=3;ccw=1;control=(0, 1);site=2",0,110,111,0,1,0,0,1,0,0
local_integrity,invert_ccw_sum,"cw=3;ccw=1;control=(0, 1);site=0",0,111,011,1,0,0,0,1,0,0
local_integrity,invert_ccw_sum,"cw=3;ccw=1;control=(0, 1);site=1",0,111,101,1,0,0,0,1,0,0
local_integrity,invert_ccw_sum,"cw=3;ccw=1;control=(0, 1);site=2",0,111,110,1,0,0,0,1,0,0
local_integrity,invert_ccw_carry,"cw=3;ccw=1;control=(0, 1);site=0",0,111,011,1,0,0,0,1,0,0
local_integrity,invert_ccw_carry,"cw=3;ccw=1;control=(0, 1);site=1",0,111,101,1,0,0,0,1,0,0
local_integrity,invert_ccw_carry,"cw=3;ccw=1;control=(0, 1);site=2",0,111,110,1,0,0,0,1,0,0
local_integrity,invert_cw_sum,"cw=3;ccw=2;control=(1, 0);site=0",0,011,111,0,1,0,0,1,0,0
local_integrity,invert_cw_sum,"cw=3;ccw=2;control=(1, 0);site=1",0,101,111,0,1,0,0,1,0,0
local_integrity,invert_cw_sum,"cw=3;ccw=2;control=(1, 0);site=2",0,110,111,0,1,0,0,1,0,0
local_integrity,invert_cw_carry,"cw=3;ccw=2;control=(1, 0);site=0",0,011,111,0,1,0,0,1,0,0
local_integrity,invert_cw_carry,"cw=3;ccw=2;control=(1, 0);site=1",0,101,111,0,1,0,0,1,0,0
local_integrity,invert_cw_carry,"cw=3;ccw=2;control=(1, 0);site=2",0,110,111,0,1,0,0,1,0,0
local_integrity,invert_ccw_sum,"cw=3;ccw=2;control=(1, 0);site=0",0,111,011,1,0,0,0,1,0,0
local_integrity,invert_ccw_sum,"cw=3;ccw=2;control=(1, 0);site=1",0,111,101,1,0,0,0,1,0,0
local_integrity,invert_ccw_sum,"cw=3;ccw=2;control=(1, 0);site=2",0,111,110,1,0,0,0,1,0,0
local_integrity,invert_ccw_carry,"cw=3;ccw=2;control=(1, 0);site=0",0,111,011,1,0,0,0,1,0,0
local_integrity,invert_ccw_carry,"cw=3;ccw=2;control=(1, 0);site=1",0,111,101,1,0,0,0,1,0,0
local_integrity,invert_ccw_carry,"cw=3;ccw=2;control=(1, 0);site=2",0,111,110,1,0,0,0,1,0,0
local_integrity,invert_cw_sum,"cw=3;ccw=2;control=(0, 1);site=0",0,011,111,0,1,0,0,1,0,0
local_integrity,invert_cw_sum,"cw=3;ccw=2;control=(0, 1);site=1",0,101,111,0,1,0,0,1,0,0
local_integrity,invert_cw_sum,"cw=3;ccw=2;control=(0, 1);site=2",0,110,111,0,1,0,0,1,0,0
local_integrity,invert_cw_carry,"cw=3;ccw=2;control=(0, 1);site=0",0,011,111,0,1,0,0,1,0,0
local_integrity,invert_cw_carry,"cw=3;ccw=2;control=(0, 1);site=1",0,101,111,0,1,0,0,1,0,0
local_integrity,invert_cw_carry,"cw=3;ccw=2;control=(0, 1);site=2",0,110,111,0,1,0,0,1,0,0
local_integrity,invert_ccw_sum,"cw=3;ccw=2;control=(0, 1);site=0",0,111,011,1,0,0,0,1,0,0
local_integrity,invert_ccw_sum,"cw=3;ccw=2;control=(0, 1);site=1",0,111,101,1,0,0,0,1,0,0
local_integrity,invert_ccw_sum,"cw=3;ccw=2;control=(0, 1);site=2",0,111,110,1,0,0,0,1,0,0
local_integrity,invert_ccw_carry,"cw=3;ccw=2;control=(0, 1);site=0",0,111,011,1,0,0,0,1,0,0
local_integrity,invert_ccw_carry,"cw=3;ccw=2;control=(0, 1);site=1",0,111,101,1,0,0,0,1,0,0
local_integrity,invert_ccw_carry,"cw=3;ccw=2;control=(0, 1);site=2",0,111,110,1,0,0,0,1,0,0
local_integrity,invert_cw_sum,"cw=3;ccw=3;control=(1, 0);site=0",0,011,111,0,1,0,0,1,0,0
local_integrity,invert_cw_sum,"cw=3;ccw=3;control=(1, 0);site=1",0,101,111,0,1,0,0,1,0,0
local_integrity,invert_cw_sum,"cw=3;ccw=3;control=(1, 0);site=2",0,110,111,0,1,0,0,1,0,0
local_integrity,invert_cw_carry,"cw=3;ccw=3;control=(1, 0);site=0",0,011,111,0,1,0,0,1,0,0
local_integrity,invert_cw_carry,"cw=3;ccw=3;control=(1, 0);site=1",0,101,111,0,1,0,0,1,0,0
local_integrity,invert_cw_carry,"cw=3;ccw=3;control=(1, 0);site=2",0,110,111,0,1,0,0,1,0,0
local_integrity,invert_ccw_sum,"cw=3;ccw=3;control=(1, 0);site=0",0,111,011,1,0,0,0,1,0,0
local_integrity,invert_ccw_sum,"cw=3;ccw=3;control=(1, 0);site=1",0,111,101,1,0,0,0,1,0,0
local_integrity,invert_ccw_sum,"cw=3;ccw=3;control=(1, 0);site=2",0,111,110,1,0,0,0,1,0,0
local_integrity,invert_ccw_carry,"cw=3;ccw=3;control=(1, 0);site=0",0,111,011,1,0,0,0,1,0,0
local_integrity,invert_ccw_carry,"cw=3;ccw=3;control=(1, 0);site=1",0,111,101,1,0,0,0,1,0,0
local_integrity,invert_ccw_carry,"cw=3;ccw=3;control=(1, 0);site=2",0,111,110,1,0,0,0,1,0,0
local_integrity,invert_cw_sum,"cw=3;ccw=3;control=(0, 1);site=0",0,011,111,0,1,0,0,1,0,0
local_integrity,invert_cw_sum,"cw=3;ccw=3;control=(0, 1);site=1",0,101,111,0,1,0,0,1,0,0
local_integrity,invert_cw_sum,"cw=3;ccw=3;control=(0, 1);site=2",0,110,111,0,1,0,0,1,0,0
local_integrity,invert_cw_carry,"cw=3;ccw=3;control=(0, 1);site=0",0,011,111,0,1,0,0,1,0,0
local_integrity,invert_cw_carry,"cw=3;ccw=3;control=(0, 1);site=1",0,101,111,0,1,0,0,1,0,0
local_integrity,invert_cw_carry,"cw=3;ccw=3;control=(0, 1);site=2",0,110,111,0,1,0,0,1,0,0
local_integrity,invert_ccw_sum,"cw=3;ccw=3;control=(0, 1);site=0",0,111,011,1,0,0,0,1,0,0
local_integrity,invert_ccw_sum,"cw=3;ccw=3;control=(0, 1);site=1",0,111,101,1,0,0,0,1,0,0
local_integrity,invert_ccw_sum,"cw=3;ccw=3;control=(0, 1);site=2",0,111,110,1,0,0,0,1,0,0
local_integrity,invert_ccw_carry,"cw=3;ccw=3;control=(0, 1);site=0",0,111,011,1,0,0,0,1,0,0
local_integrity,invert_ccw_carry,"cw=3;ccw=3;control=(0, 1);site=1",0,111,101,1,0,0,0,1,0,0
local_integrity,invert_ccw_carry,"cw=3;ccw=3;control=(0, 1);site=2",0,111,110,1,0,0,0,1,0,0
local_integrity,invert_cw_sum,"cw=3;ccw=4;control=(1, 0);site=0",0,011,111,0,1,0,0,1,0,0
local_integrity,invert_cw_sum,"cw=3;ccw=4;control=(1, 0);site=1",0,101,111,0,1,0,0,1,0,0
local_integrity,invert_cw_sum,"cw=3;ccw=4;control=(1, 0);site=2",0,110,111,0,1,0,0,1,0,0
local_integrity,invert_cw_carry,"cw=3;ccw=4;control=(1, 0);site=0",0,011,111,0,1,0,0,1,0,0
local_integrity,invert_cw_carry,"cw=3;ccw=4;control=(1, 0);site=1",0,101,111,0,1,0,0,1,0,0
local_integrity,invert_cw_carry,"cw=3;ccw=4;control=(1, 0);site=2",0,110,111,0,1,0,0,1,0,0
local_integrity,invert_ccw_sum,"cw=3;ccw=4;control=(1, 0);site=0",0,111,011,1,0,0,0,1,0,0
local_integrity,invert_ccw_sum,"cw=3;ccw=4;control=(1, 0);site=1",0,111,101,1,0,0,0,1,0,0
local_integrity,invert_ccw_sum,"cw=3;ccw=4;control=(1, 0);site=2",0,111,110,1,0,0,0,1,0,0
local_integrity,invert_ccw_carry,"cw=3;ccw=4;control=(1, 0);site=0",0,111,011,1,0,0,0,1,0,0
local_integrity,invert_ccw_carry,"cw=3;ccw=4;control=(1, 0);site=1",0,111,101,1,0,0,0,1,0,0
local_integrity,invert_ccw_carry,"cw=3;ccw=4;control=(1, 0);site=2",0,111,110,1,0,0,0,1,0,0
local_integrity,invert_cw_sum,"cw=3;ccw=4;control=(0, 1);site=0",0,011,111,0,1,0,0,1,0,0
local_integrity,invert_cw_sum,"cw=3;ccw=4;control=(0, 1);site=1",0,101,111,0,1,0,0,1,0,0
local_integrity,invert_cw_sum,"cw=3;ccw=4;control=(0, 1);site=2",0,110,111,0,1,0,0,1,0,0
local_integrity,invert_cw_carry,"cw=3;ccw=4;control=(0, 1);site=0",0,011,111,0,1,0,0,1,0,0
local_integrity,invert_cw_carry,"cw=3;ccw=4;control=(0, 1);site=1",0,101,111,0,1,0,0,1,0,0
local_integrity,invert_cw_carry,"cw=3;ccw=4;control=(0, 1);site=2",0,110,111,0,1,0,0,1,0,0
local_integrity,invert_ccw_sum,"cw=3;ccw=4;control=(0, 1);site=0",0,111,011,1,0,0,0,1,0,0
local_integrity,invert_ccw_sum,"cw=3;ccw=4;control=(0, 1);site=1",0,111,101,1,0,0,0,1,0,0
local_integrity,invert_ccw_sum,"cw=3;ccw=4;control=(0, 1);site=2",0,111,110,1,0,0,0,1,0,0
local_integrity,invert_ccw_carry,"cw=3;ccw=4;control=(0, 1);site=0",0,111,011,1,0,0,0,1,0,0
local_integrity,invert_ccw_carry,"cw=3;ccw=4;control=(0, 1);site=1",0,111,101,1,0,0,0,1,0,0
local_integrity,invert_ccw_carry,"cw=3;ccw=4;control=(0, 1);site=2",0,111,110,1,0,0,0,1,0,0
local_integrity,invert_cw_sum,"cw=3;ccw=5;control=(1, 0);site=0",0,011,111,0,1,0,0,1,0,0
local_integrity,invert_cw_sum,"cw=3;ccw=5;control=(1, 0);site=1",0,101,111,0,1,0,0,1,0,0
local_integrity,invert_cw_sum,"cw=3;ccw=5;control=(1, 0);site=2",0,110,111,0,1,0,0,1,0,0
local_integrity,invert_cw_carry,"cw=3;ccw=5;control=(1, 0);site=0",0,011,111,0,1,0,0,1,0,0
local_integrity,invert_cw_carry,"cw=3;ccw=5;control=(1, 0);site=1",0,101,111,0,1,0,0,1,0,0
local_integrity,invert_cw_carry,"cw=3;ccw=5;control=(1, 0);site=2",0,110,111,0,1,0,0,1,0,0
local_integrity,invert_ccw_sum,"cw=3;ccw=5;control=(1, 0);site=0",0,111,011,1,0,0,0,1,0,0
local_integrity,invert_ccw_sum,"cw=3;ccw=5;control=(1, 0);site=1",0,111,101,1,0,0,0,1,0,0
local_integrity,invert_ccw_sum,"cw=3;ccw=5;control=(1, 0);site=2",0,111,110,1,0,0,0,1,0,0
local_integrity,invert_ccw_carry,"cw=3;ccw=5;control=(1, 0);site=0",0,111,011,1,0,0,0,1,0,0
local_integrity,invert_ccw_carry,"cw=3;ccw=5;control=(1, 0);site=1",0,111,101,1,0,0,0,1,0,0
local_integrity,invert_ccw_carry,"cw=3;ccw=5;control=(1, 0);site=2",0,111,110,1,0,0,0,1,0,0
local_integrity,invert_cw_sum,"cw=3;ccw=5;control=(0, 1);site=0",0,011,111,0,1,0,0,1,0,0
local_integrity,invert_cw_sum,"cw=3;ccw=5;control=(0, 1);site=1",0,101,111,0,1,0,0,1,0,0
local_integrity,invert_cw_sum,"cw=3;ccw=5;control=(0, 1);site=2",0,110,111,0,1,0,0,1,0,0
local_integrity,invert_cw_carry,"cw=3;ccw=5;control=(0, 1);site=0",0,011,111,0,1,0,0,1,0,0
local_integrity,invert_cw_carry,"cw=3;ccw=5;control=(0, 1);site=1",0,101,111,0,1,0,0,1,0,0
local_integrity,invert_cw_carry,"cw=3;ccw=5;control=(0, 1);site=2",0,110,111,0,1,0,0,1,0,0
local_integrity,invert_ccw_sum,"cw=3;ccw=5;control=(0, 1);site=0",0,111,011,1,0,0,0,1,0,0
local_integrity,invert_ccw_sum,"cw=3;ccw=5;control=(0, 1);site=1",0,111,101,1,0,0,0,1,0,0
local_integrity,invert_ccw_sum,"cw=3;ccw=5;control=(0, 1);site=2",0,111,110,1,0,0,0,1,0,0
local_integrity,invert_ccw_carry,"cw=3;ccw=5;control=(0, 1);site=0",0,111,011,1,0,0,0,1,0,0
local_integrity,invert_ccw_carry,"cw=3;ccw=5;control=(0, 1);site=1",0,111,101,1,0,0,0,1,0,0
local_integrity,invert_ccw_carry,"cw=3;ccw=5;control=(0, 1);site=2",0,111,110,1,0,0,0,1,0,0
local_integrity,invert_cw_sum,"cw=3;ccw=6;control=(1, 0);site=0",0,011,111,0,1,0,0,1,0,0
local_integrity,invert_cw_sum,"cw=3;ccw=6;control=(1, 0);site=1",0,101,111,0,1,0,0,1,0,0
local_integrity,invert_cw_sum,"cw=3;ccw=6;control=(1, 0);site=2",0,110,111,0,1,0,0,1,0,0
local_integrity,invert_cw_carry,"cw=3;ccw=6;control=(1, 0);site=0",0,011,111,0,1,0,0,1,0,0
local_integrity,invert_cw_carry,"cw=3;ccw=6;control=(1, 0);site=1",0,101,111,0,1,0,0,1,0,0
local_integrity,invert_cw_carry,"cw=3;ccw=6;control=(1, 0);site=2",0,110,111,0,1,0,0,1,0,0
local_integrity,invert_ccw_sum,"cw=3;ccw=6;control=(1, 0);site=0",0,111,011,1,0,0,0,1,0,0
local_integrity,invert_ccw_sum,"cw=3;ccw=6;control=(1, 0);site=1",0,111,101,1,0,0,0,1,0,0
local_integrity,invert_ccw_sum,"cw=3;ccw=6;control=(1, 0);site=2",0,111,110,1,0,0,0,1,0,0
local_integrity,invert_ccw_carry,"cw=3;ccw=6;control=(1, 0);site=0",0,111,011,1,0,0,0,1,0,0
local_integrity,invert_ccw_carry,"cw=3;ccw=6;control=(1, 0);site=1",0,111,101,1,0,0,0,1,0,0
local_integrity,invert_ccw_carry,"cw=3;ccw=6;control=(1, 0);site=2",0,111,110,1,0,0,0,1,0,0
local_integrity,invert_cw_sum,"cw=3;ccw=6;control=(0, 1);site=0",0,011,111,0,1,0,0,1,0,0
local_integrity,invert_cw_sum,"cw=3;ccw=6;control=(0, 1);site=1",0,101,111,0,1,0,0,1,0,0
local_integrity,invert_cw_sum,"cw=3;ccw=6;control=(0, 1);site=2",0,110,111,0,1,0,0,1,0,0
local_integrity,invert_cw_carry,"cw=3;ccw=6;control=(0, 1);site=0",0,011,111,0,1,0,0,1,0,0
local_integrity,invert_cw_carry,"cw=3;ccw=6;control=(0, 1);site=1",0,101,111,0,1,0,0,1,0,0
local_integrity,invert_cw_carry,"cw=3;ccw=6;control=(0, 1);site=2",0,110,111,0,1,0,0,1,0,0
local_integrity,invert_ccw_sum,"cw=3;ccw=6;control=(0, 1);site=0",0,111,011,1,0,0,0,1,0,0
local_integrity,invert_ccw_sum,"cw=3;ccw=6;control=(0, 1);site=1",0,111,101,1,0,0,0,1,0,0
local_integrity,invert_ccw_sum,"cw=3;ccw=6;control=(0, 1);site=2",0,111,110,1,0,0,0,1,0,0
local_integrity,invert_ccw_carry,"cw=3;ccw=6;control=(0, 1);site=0",0,111,011,1,0,0,0,1,0,0
local_integrity,invert_ccw_carry,"cw=3;ccw=6;control=(0, 1);site=1",0,111,101,1,0,0,0,1,0,0
local_integrity,invert_ccw_carry,"cw=3;ccw=6;control=(0, 1);site=2",0,111,110,1,0,0,0,1,0,0
local_integrity,invert_cw_sum,"cw=3;ccw=7;control=(1, 0);site=0",0,011,111,0,1,0,0,1,0,0
local_integrity,invert_cw_sum,"cw=3;ccw=7;control=(1, 0);site=1",0,101,111,0,1,0,0,1,0,0
local_integrity,invert_cw_sum,"cw=3;ccw=7;control=(1, 0);site=2",0,110,111,0,1,0,0,1,0,0
local_integrity,invert_cw_carry,"cw=3;ccw=7;control=(1, 0);site=0",0,011,111,0,1,0,0,1,0,0
local_integrity,invert_cw_carry,"cw=3;ccw=7;control=(1, 0);site=1",0,101,111,0,1,0,0,1,0,0
local_integrity,invert_cw_carry,"cw=3;ccw=7;control=(1, 0);site=2",0,110,111,0,1,0,0,1,0,0
local_integrity,invert_ccw_sum,"cw=3;ccw=7;control=(1, 0);site=0",0,111,011,1,0,0,0,1,0,0
local_integrity,invert_ccw_sum,"cw=3;ccw=7;control=(1, 0);site=1",0,111,101,1,0,0,0,1,0,0
local_integrity,invert_ccw_sum,"cw=3;ccw=7;control=(1, 0);site=2",0,111,110,1,0,0,0,1,0,0
local_integrity,invert_ccw_carry,"cw=3;ccw=7;control=(1, 0);site=0",0,111,011,1,0,0,0,1,0,0
local_integrity,invert_ccw_carry,"cw=3;ccw=7;control=(1, 0);site=1",0,111,101,1,0,0,0,1,0,0
local_integrity,invert_ccw_carry,"cw=3;ccw=7;control=(1, 0);site=2",0,111,110,1,0,0,0,1,0,0
local_integrity,invert_cw_sum,"cw=3;ccw=7;control=(0, 1);site=0",0,011,111,0,1,0,0,1,0,0
local_integrity,invert_cw_sum,"cw=3;ccw=7;control=(0, 1);site=1",0,101,111,0,1,0,0,1,0,0
local_integrity,invert_cw_sum,"cw=3;ccw=7;control=(0, 1);site=2",0,110,111,0,1,0,0,1,0,0
local_integrity,invert_cw_carry,"cw=3;ccw=7;control=(0, 1);site=0",0,011,111,0,1,0,0,1,0,0
local_integrity,invert_cw_carry,"cw=3;ccw=7;control=(0, 1);site=1",0,101,111,0,1,0,0,1,0,0
local_integrity,invert_cw_carry,"cw=3;ccw=7;control=(0, 1);site=2",0,110,111,0,1,0,0,1,0,0
local_integrity,invert_ccw_sum,"cw=3;ccw=7;control=(0, 1);site=0",0,111,011,1,0,0,0,1,0,0
local_integrity,invert_ccw_sum,"cw=3;ccw=7;control=(0, 1);site=1",0,111,101,1,0,0,0,1,0,0
local_integrity,invert_ccw_sum,"cw=3;ccw=7;control=(0, 1);site=2",0,111,110,1,0,0,0,1,0,0
local_integrity,invert_ccw_carry,"cw=3;ccw=7;control=(0, 1);site=0",0,111,011,1,0,0,0,1,0,0
local_integrity,invert_ccw_carry,"cw=3;ccw=7;control=(0, 1);site=1",0,111,101,1,0,0,0,1,0,0
local_integrity,invert_ccw_carry,"cw=3;ccw=7;control=(0, 1);site=2",0,111,110,1,0,0,0,1,0,0
local_integrity,invert_cw_sum,"cw=4;ccw=0;control=(1, 0);site=0",0,011,111,0,1,0,0,1,0,0
local_integrity,invert_cw_sum,"cw=4;ccw=0;control=(1, 0);site=1",0,101,111,0,1,0,0,1,0,0
local_integrity,invert_cw_sum,"cw=4;ccw=0;control=(1, 0);site=2",0,110,111,0,1,0,0,1,0,0
local_integrity,invert_cw_carry,"cw=4;ccw=0;control=(1, 0);site=0",0,011,111,0,1,0,0,1,0,0
local_integrity,invert_cw_carry,"cw=4;ccw=0;control=(1, 0);site=1",0,101,111,0,1,0,0,1,0,0
local_integrity,invert_cw_carry,"cw=4;ccw=0;control=(1, 0);site=2",0,110,111,0,1,0,0,1,0,0
local_integrity,invert_ccw_sum,"cw=4;ccw=0;control=(1, 0);site=0",0,111,011,1,0,0,0,1,0,0
local_integrity,invert_ccw_sum,"cw=4;ccw=0;control=(1, 0);site=1",0,111,101,1,0,0,0,1,0,0
local_integrity,invert_ccw_sum,"cw=4;ccw=0;control=(1, 0);site=2",0,111,110,1,0,0,0,1,0,0
local_integrity,invert_ccw_carry,"cw=4;ccw=0;control=(1, 0);site=0",0,111,011,1,0,0,0,1,0,0
local_integrity,invert_ccw_carry,"cw=4;ccw=0;control=(1, 0);site=1",0,111,101,1,0,0,0,1,0,0
local_integrity,invert_ccw_carry,"cw=4;ccw=0;control=(1, 0);site=2",0,111,110,1,0,0,0,1,0,0
local_integrity,invert_cw_sum,"cw=4;ccw=0;control=(0, 1);site=0",0,011,111,0,1,0,0,1,0,0
local_integrity,invert_cw_sum,"cw=4;ccw=0;control=(0, 1);site=1",0,101,111,0,1,0,0,1,0,0
local_integrity,invert_cw_sum,"cw=4;ccw=0;control=(0, 1);site=2",0,110,111,0,1,0,0,1,0,0
local_integrity,invert_cw_carry,"cw=4;ccw=0;control=(0, 1);site=0",0,011,111,0,1,0,0,1,0,0
local_integrity,invert_cw_carry,"cw=4;ccw=0;control=(0, 1);site=1",0,101,111,0,1,0,0,1,0,0
local_integrity,invert_cw_carry,"cw=4;ccw=0;control=(0, 1);site=2",0,110,111,0,1,0,0,1,0,0
local_integrity,invert_ccw_sum,"cw=4;ccw=0;control=(0, 1);site=0",0,111,011,1,0,0,0,1,0,0
local_integrity,invert_ccw_sum,"cw=4;ccw=0;control=(0, 1);site=1",0,111,101,1,0,0,0,1,0,0
local_integrity,invert_ccw_sum,"cw=4;ccw=0;control=(0, 1);site=2",0,111,110,1,0,0,0,1,0,0
local_integrity,invert_ccw_carry,"cw=4;ccw=0;control=(0, 1);site=0",0,111,011,1,0,0,0,1,0,0
local_integrity,invert_ccw_carry,"cw=4;ccw=0;control=(0, 1);site=1",0,111,101,1,0,0,0,1,0,0
local_integrity,invert_ccw_carry,"cw=4;ccw=0;control=(0, 1);site=2",0,111,110,1,0,0,0,1,0,0
local_integrity,invert_cw_sum,"cw=4;ccw=1;control=(1, 0);site=0",0,011,111,0,1,0,0,1,0,0
local_integrity,invert_cw_sum,"cw=4;ccw=1;control=(1, 0);site=1",0,101,111,0,1,0,0,1,0,0
local_integrity,invert_cw_sum,"cw=4;ccw=1;control=(1, 0);site=2",0,110,111,0,1,0,0,1,0,0
local_integrity,invert_cw_carry,"cw=4;ccw=1;control=(1, 0);site=0",0,011,111,0,1,0,0,1,0,0
local_integrity,invert_cw_carry,"cw=4;ccw=1;control=(1, 0);site=1",0,101,111,0,1,0,0,1,0,0
local_integrity,invert_cw_carry,"cw=4;ccw=1;control=(1, 0);site=2",0,110,111,0,1,0,0,1,0,0
local_integrity,invert_ccw_sum,"cw=4;ccw=1;control=(1, 0);site=0",0,111,011,1,0,0,0,1,0,0
local_integrity,invert_ccw_sum,"cw=4;ccw=1;control=(1, 0);site=1",0,111,101,1,0,0,0,1,0,0
local_integrity,invert_ccw_sum,"cw=4;ccw=1;control=(1, 0);site=2",0,111,110,1,0,0,0,1,0,0
local_integrity,invert_ccw_carry,"cw=4;ccw=1;control=(1, 0);site=0",0,111,011,1,0,0,0,1,0,0
local_integrity,invert_ccw_carry,"cw=4;ccw=1;control=(1, 0);site=1",0,111,101,1,0,0,0,1,0,0
local_integrity,invert_ccw_carry,"cw=4;ccw=1;control=(1, 0);site=2",0,111,110,1,0,0,0,1,0,0
local_integrity,invert_cw_sum,"cw=4;ccw=1;control=(0, 1);site=0",0,011,111,0,1,0,0,1,0,0
local_integrity,invert_cw_sum,"cw=4;ccw=1;control=(0, 1);site=1",0,101,111,0,1,0,0,1,0,0
local_integrity,invert_cw_sum,"cw=4;ccw=1;control=(0, 1);site=2",0,110,111,0,1,0,0,1,0,0
local_integrity,invert_cw_carry,"cw=4;ccw=1;control=(0, 1);site=0",0,011,111,0,1,0,0,1,0,0
local_integrity,invert_cw_carry,"cw=4;ccw=1;control=(0, 1);site=1",0,101,111,0,1,0,0,1,0,0
local_integrity,invert_cw_carry,"cw=4;ccw=1;control=(0, 1);site=2",0,110,111,0,1,0,0,1,0,0
local_integrity,invert_ccw_sum,"cw=4;ccw=1;control=(0, 1);site=0",0,111,011,1,0,0,0,1,0,0
local_integrity,invert_ccw_sum,"cw=4;ccw=1;control=(0, 1);site=1",0,111,101,1,0,0,0,1,0,0
local_integrity,invert_ccw_sum,"cw=4;ccw=1;control=(0, 1);site=2",0,111,110,1,0,0,0,1,0,0
local_integrity,invert_ccw_carry,"cw=4;ccw=1;control=(0, 1);site=0",0,111,011,1,0,0,0,1,0,0
local_integrity,invert_ccw_carry,"cw=4;ccw=1;control=(0, 1);site=1",0,111,101,1,0,0,0,1,0,0
local_integrity,invert_ccw_carry,"cw=4;ccw=1;control=(0, 1);site=2",0,111,110,1,0,0,0,1,0,0
local_integrity,invert_cw_sum,"cw=4;ccw=2;control=(1, 0);site=0",0,011,111,0,1,0,0,1,0,0
local_integrity,invert_cw_sum,"cw=4;ccw=2;control=(1, 0);site=1",0,101,111,0,1,0,0,1,0,0
local_integrity,invert_cw_sum,"cw=4;ccw=2;control=(1, 0);site=2",0,110,111,0,1,0,0,1,0,0
local_integrity,invert_cw_carry,"cw=4;ccw=2;control=(1, 0);site=0",0,011,111,0,1,0,0,1,0,0
local_integrity,invert_cw_carry,"cw=4;ccw=2;control=(1, 0);site=1",0,101,111,0,1,0,0,1,0,0
local_integrity,invert_cw_carry,"cw=4;ccw=2;control=(1, 0);site=2",0,110,111,0,1,0,0,1,0,0
local_integrity,invert_ccw_sum,"cw=4;ccw=2;control=(1, 0);site=0",0,111,011,1,0,0,0,1,0,0
local_integrity,invert_ccw_sum,"cw=4;ccw=2;control=(1, 0);site=1",0,111,101,1,0,0,0,1,0,0
local_integrity,invert_ccw_sum,"cw=4;ccw=2;control=(1, 0);site=2",0,111,110,1,0,0,0,1,0,0
local_integrity,invert_ccw_carry,"cw=4;ccw=2;control=(1, 0);site=0",0,111,011,1,0,0,0,1,0,0
local_integrity,invert_ccw_carry,"cw=4;ccw=2;control=(1, 0);site=1",0,111,101,1,0,0,0,1,0,0
local_integrity,invert_ccw_carry,"cw=4;ccw=2;control=(1, 0);site=2",0,111,110,1,0,0,0,1,0,0
local_integrity,invert_cw_sum,"cw=4;ccw=2;control=(0, 1);site=0",0,011,111,0,1,0,0,1,0,0
local_integrity,invert_cw_sum,"cw=4;ccw=2;control=(0, 1);site=1",0,101,111,0,1,0,0,1,0,0
local_integrity,invert_cw_sum,"cw=4;ccw=2;control=(0, 1);site=2",0,110,111,0,1,0,0,1,0,0
local_integrity,invert_cw_carry,"cw=4;ccw=2;control=(0, 1);site=0",0,011,111,0,1,0,0,1,0,0
local_integrity,invert_cw_carry,"cw=4;ccw=2;control=(0, 1);site=1",0,101,111,0,1,0,0,1,0,0
local_integrity,invert_cw_carry,"cw=4;ccw=2;control=(0, 1);site=2",0,110,111,0,1,0,0,1,0,0
local_integrity,invert_ccw_sum,"cw=4;ccw=2;control=(0, 1);site=0",0,111,011,1,0,0,0,1,0,0
local_integrity,invert_ccw_sum,"cw=4;ccw=2;control=(0, 1);site=1",0,111,101,1,0,0,0,1,0,0
local_integrity,invert_ccw_sum,"cw=4;ccw=2;control=(0, 1);site=2",0,111,110,1,0,0,0,1,0,0
local_integrity,invert_ccw_carry,"cw=4;ccw=2;control=(0, 1);site=0",0,111,011,1,0,0,0,1,0,0
local_integrity,invert_ccw_carry,"cw=4;ccw=2;control=(0, 1);site=1",0,111,101,1,0,0,0,1,0,0
local_integrity,invert_ccw_carry,"cw=4;ccw=2;control=(0, 1);site=2",0,111,110,1,0,0,0,1,0,0
local_integrity,invert_cw_sum,"cw=4;ccw=3;control=(1, 0);site=0",0,011,111,0,1,0,0,1,0,0
local_integrity,invert_cw_sum,"cw=4;ccw=3;control=(1, 0);site=1",0,101,111,0,1,0,0,1,0,0
local_integrity,invert_cw_sum,"cw=4;ccw=3;control=(1, 0);site=2",0,110,111,0,1,0,0,1,0,0
local_integrity,invert_cw_carry,"cw=4;ccw=3;control=(1, 0);site=0",0,011,111,0,1,0,0,1,0,0
local_integrity,invert_cw_carry,"cw=4;ccw=3;control=(1, 0);site=1",0,101,111,0,1,0,0,1,0,0
local_integrity,invert_cw_carry,"cw=4;ccw=3;control=(1, 0);site=2",0,110,111,0,1,0,0,1,0,0
local_integrity,invert_ccw_sum,"cw=4;ccw=3;control=(1, 0);site=0",0,111,011,1,0,0,0,1,0,0
local_integrity,invert_ccw_sum,"cw=4;ccw=3;control=(1, 0);site=1",0,111,101,1,0,0,0,1,0,0
local_integrity,invert_ccw_sum,"cw=4;ccw=3;control=(1, 0);site=2",0,111,110,1,0,0,0,1,0,0
local_integrity,invert_ccw_carry,"cw=4;ccw=3;control=(1, 0);site=0",0,111,011,1,0,0,0,1,0,0
local_integrity,invert_ccw_carry,"cw=4;ccw=3;control=(1, 0);site=1",0,111,101,1,0,0,0,1,0,0
local_integrity,invert_ccw_carry,"cw=4;ccw=3;control=(1, 0);site=2",0,111,110,1,0,0,0,1,0,0
local_integrity,invert_cw_sum,"cw=4;ccw=3;control=(0, 1);site=0",0,011,111,0,1,0,0,1,0,0
local_integrity,invert_cw_sum,"cw=4;ccw=3;control=(0, 1);site=1",0,101,111,0,1,0,0,1,0,0
local_integrity,invert_cw_sum,"cw=4;ccw=3;control=(0, 1);site=2",0,110,111,0,1,0,0,1,0,0
local_integrity,invert_cw_carry,"cw=4;ccw=3;control=(0, 1);site=0",0,011,111,0,1,0,0,1,0,0
local_integrity,invert_cw_carry,"cw=4;ccw=3;control=(0, 1);site=1",0,101,111,0,1,0,0,1,0,0
local_integrity,invert_cw_carry,"cw=4;ccw=3;control=(0, 1);site=2",0,110,111,0,1,0,0,1,0,0
local_integrity,invert_ccw_sum,"cw=4;ccw=3;control=(0, 1);site=0",0,111,011,1,0,0,0,1,0,0
local_integrity,invert_ccw_sum,"cw=4;ccw=3;control=(0, 1);site=1",0,111,101,1,0,0,0,1,0,0
local_integrity,invert_ccw_sum,"cw=4;ccw=3;control=(0, 1);site=2",0,111,110,1,0,0,0,1,0,0
local_integrity,invert_ccw_carry,"cw=4;ccw=3;control=(0, 1);site=0",0,111,011,1,0,0,0,1,0,0
local_integrity,invert_ccw_carry,"cw=4;ccw=3;control=(0, 1);site=1",0,111,101,1,0,0,0,1,0,0
local_integrity,invert_ccw_carry,"cw=4;ccw=3;control=(0, 1);site=2",0,111,110,1,0,0,0,1,0,0
local_integrity,invert_cw_sum,"cw=4;ccw=4;control=(1, 0);site=0",0,011,111,0,1,0,0,1,0,0
local_integrity,invert_cw_sum,"cw=4;ccw=4;control=(1, 0);site=1",0,101,111,0,1,0,0,1,0,0
local_integrity,invert_cw_sum,"cw=4;ccw=4;control=(1, 0);site=2",0,110,111,0,1,0,0,1,0,0
local_integrity,invert_cw_carry,"cw=4;ccw=4;control=(1, 0);site=0",0,011,111,0,1,0,0,1,0,0
local_integrity,invert_cw_carry,"cw=4;ccw=4;control=(1, 0);site=1",0,101,111,0,1,0,0,1,0,0
local_integrity,invert_cw_carry,"cw=4;ccw=4;control=(1, 0);site=2",0,110,111,0,1,0,0,1,0,0
local_integrity,invert_ccw_sum,"cw=4;ccw=4;control=(1, 0);site=0",0,111,011,1,0,0,0,1,0,0
local_integrity,invert_ccw_sum,"cw=4;ccw=4;control=(1, 0);site=1",0,111,101,1,0,0,0,1,0,0
local_integrity,invert_ccw_sum,"cw=4;ccw=4;control=(1, 0);site=2",0,111,110,1,0,0,0,1,0,0
local_integrity,invert_ccw_carry,"cw=4;ccw=4;control=(1, 0);site=0",0,111,011,1,0,0,0,1,0,0
local_integrity,invert_ccw_carry,"cw=4;ccw=4;control=(1, 0);site=1",0,111,101,1,0,0,0,1,0,0
local_integrity,invert_ccw_carry,"cw=4;ccw=4;control=(1, 0);site=2",0,111,110,1,0,0,0,1,0,0
local_integrity,invert_cw_sum,"cw=4;ccw=4;control=(0, 1);site=0",0,011,111,0,1,0,0,1,0,0
local_integrity,invert_cw_sum,"cw=4;ccw=4;control=(0, 1);site=1",0,101,111,0,1,0,0,1,0,0
local_integrity,invert_cw_sum,"cw=4;ccw=4;control=(0, 1);site=2",0,110,111,0,1,0,0,1,0,0
local_integrity,invert_cw_carry,"cw=4;ccw=4;control=(0, 1);site=0",0,011,111,0,1,0,0,1,0,0
local_integrity,invert_cw_carry,"cw=4;ccw=4;control=(0, 1);site=1",0,101,111,0,1,0,0,1,0,0
local_integrity,invert_cw_carry,"cw=4;ccw=4;control=(0, 1);site=2",0,110,111,0,1,0,0,1,0,0
local_integrity,invert_ccw_sum,"cw=4;ccw=4;control=(0, 1);site=0",0,111,011,1,0,0,0,1,0,0
local_integrity,invert_ccw_sum,"cw=4;ccw=4;control=(0, 1);site=1",0,111,101,1,0,0,0,1,0,0
local_integrity,invert_ccw_sum,"cw=4;ccw=4;control=(0, 1);site=2",0,111,110,1,0,0,0,1,0,0
local_integrity,invert_ccw_carry,"cw=4;ccw=4;control=(0, 1);site=0",0,111,011,1,0,0,0,1,0,0
local_integrity,invert_ccw_carry,"cw=4;ccw=4;control=(0, 1);site=1",0,111,101,1,0,0,0,1,0,0
local_integrity,invert_ccw_carry,"cw=4;ccw=4;control=(0, 1);site=2",0,111,110,1,0,0,0,1,0,0
local_integrity,invert_cw_sum,"cw=4;ccw=5;control=(1, 0);site=0",0,011,111,0,1,0,0,1,0,0
local_integrity,invert_cw_sum,"cw=4;ccw=5;control=(1, 0);site=1",0,101,111,0,1,0,0,1,0,0
local_integrity,invert_cw_sum,"cw=4;ccw=5;control=(1, 0);site=2",0,110,111,0,1,0,0,1,0,0
local_integrity,invert_cw_carry,"cw=4;ccw=5;control=(1, 0);site=0",0,011,111,0,1,0,0,1,0,0
local_integrity,invert_cw_carry,"cw=4;ccw=5;control=(1, 0);site=1",0,101,111,0,1,0,0,1,0,0
local_integrity,invert_cw_carry,"cw=4;ccw=5;control=(1, 0);site=2",0,110,111,0,1,0,0,1,0,0
local_integrity,invert_ccw_sum,"cw=4;ccw=5;control=(1, 0);site=0",0,111,011,1,0,0,0,1,0,0
local_integrity,invert_ccw_sum,"cw=4;ccw=5;control=(1, 0);site=1",0,111,101,1,0,0,0,1,0,0
local_integrity,invert_ccw_sum,"cw=4;ccw=5;control=(1, 0);site=2",0,111,110,1,0,0,0,1,0,0
local_integrity,invert_ccw_carry,"cw=4;ccw=5;control=(1, 0);site=0",0,111,011,1,0,0,0,1,0,0
local_integrity,invert_ccw_carry,"cw=4;ccw=5;control=(1, 0);site=1",0,111,101,1,0,0,0,1,0,0
local_integrity,invert_ccw_carry,"cw=4;ccw=5;control=(1, 0);site=2",0,111,110,1,0,0,0,1,0,0
local_integrity,invert_cw_sum,"cw=4;ccw=5;control=(0, 1);site=0",0,011,111,0,1,0,0,1,0,0
local_integrity,invert_cw_sum,"cw=4;ccw=5;control=(0, 1);site=1",0,101,111,0,1,0,0,1,0,0
local_integrity,invert_cw_sum,"cw=4;ccw=5;control=(0, 1);site=2",0,110,111,0,1,0,0,1,0,0
local_integrity,invert_cw_carry,"cw=4;ccw=5;control=(0, 1);site=0",0,011,111,0,1,0,0,1,0,0
local_integrity,invert_cw_carry,"cw=4;ccw=5;control=(0, 1);site=1",0,101,111,0,1,0,0,1,0,0
local_integrity,invert_cw_carry,"cw=4;ccw=5;control=(0, 1);site=2",0,110,111,0,1,0,0,1,0,0
local_integrity,invert_ccw_sum,"cw=4;ccw=5;control=(0, 1);site=0",0,111,011,1,0,0,0,1,0,0
local_integrity,invert_ccw_sum,"cw=4;ccw=5;control=(0, 1);site=1",0,111,101,1,0,0,0,1,0,0
local_integrity,invert_ccw_sum,"cw=4;ccw=5;control=(0, 1);site=2",0,111,110,1,0,0,0,1,0,0
local_integrity,invert_ccw_carry,"cw=4;ccw=5;control=(0, 1);site=0",0,111,011,1,0,0,0,1,0,0
local_integrity,invert_ccw_carry,"cw=4;ccw=5;control=(0, 1);site=1",0,111,101,1,0,0,0,1,0,0
local_integrity,invert_ccw_carry,"cw=4;ccw=5;control=(0, 1);site=2",0,111,110,1,0,0,0,1,0,0
local_integrity,invert_cw_sum,"cw=4;ccw=6;control=(1, 0);site=0",0,011,111,0,1,0,0,1,0,0
local_integrity,invert_cw_sum,"cw=4;ccw=6;control=(1, 0);site=1",0,101,111,0,1,0,0,1,0,0
local_integrity,invert_cw_sum,"cw=4;ccw=6;control=(1, 0);site=2",0,110,111,0,1,0,0,1,0,0
local_integrity,invert_cw_carry,"cw=4;ccw=6;control=(1, 0);site=0",0,011,111,0,1,0,0,1,0,0
local_integrity,invert_cw_carry,"cw=4;ccw=6;control=(1, 0);site=1",0,101,111,0,1,0,0,1,0,0
local_integrity,invert_cw_carry,"cw=4;ccw=6;control=(1, 0);site=2",0,110,111,0,1,0,0,1,0,0
local_integrity,invert_ccw_sum,"cw=4;ccw=6;control=(1, 0);site=0",0,111,011,1,0,0,0,1,0,0
local_integrity,invert_ccw_sum,"cw=4;ccw=6;control=(1, 0);site=1",0,111,101,1,0,0,0,1,0,0
local_integrity,invert_ccw_sum,"cw=4;ccw=6;control=(1, 0);site=2",0,111,110,1,0,0,0,1,0,0
local_integrity,invert_ccw_carry,"cw=4;ccw=6;control=(1, 0);site=0",0,111,011,1,0,0,0,1,0,0
local_integrity,invert_ccw_carry,"cw=4;ccw=6;control=(1, 0);site=1",0,111,101,1,0,0,0,1,0,0
local_integrity,invert_ccw_carry,"cw=4;ccw=6;control=(1, 0);site=2",0,111,110,1,0,0,0,1,0,0
local_integrity,invert_cw_sum,"cw=4;ccw=6;control=(0, 1);site=0",0,011,111,0,1,0,0,1,0,0
local_integrity,invert_cw_sum,"cw=4;ccw=6;control=(0, 1);site=1",0,101,111,0,1,0,0,1,0,0
local_integrity,invert_cw_sum,"cw=4;ccw=6;control=(0, 1);site=2",0,110,111,0,1,0,0,1,0,0
local_integrity,invert_cw_carry,"cw=4;ccw=6;control=(0, 1);site=0",0,011,111,0,1,0,0,1,0,0
local_integrity,invert_cw_carry,"cw=4;ccw=6;control=(0, 1);site=1",0,101,111,0,1,0,0,1,0,0
local_integrity,invert_cw_carry,"cw=4;ccw=6;control=(0, 1);site=2",0,110,111,0,1,0,0,1,0,0
local_integrity,invert_ccw_sum,"cw=4;ccw=6;control=(0, 1);site=0",0,111,011,1,0,0,0,1,0,0
local_integrity,invert_ccw_sum,"cw=4;ccw=6;control=(0, 1);site=1",0,111,101,1,0,0,0,1,0,0
local_integrity,invert_ccw_sum,"cw=4;ccw=6;control=(0, 1);site=2",0,111,110,1,0,0,0,1,0,0
local_integrity,invert_ccw_carry,"cw=4;ccw=6;control=(0, 1);site=0",0,111,011,1,0,0,0,1,0,0
local_integrity,invert_ccw_carry,"cw=4;ccw=6;control=(0, 1);site=1",0,111,101,1,0,0,0,1,0,0
local_integrity,invert_ccw_carry,"cw=4;ccw=6;control=(0, 1);site=2",0,111,110,1,0,0,0,1,0,0
local_integrity,invert_cw_sum,"cw=4;ccw=7;control=(1, 0);site=0",0,011,111,0,1,0,0,1,0,0
local_integrity,invert_cw_sum,"cw=4;ccw=7;control=(1, 0);site=1",0,101,111,0,1,0,0,1,0,0
local_integrity,invert_cw_sum,"cw=4;ccw=7;control=(1, 0);site=2",0,110,111,0,1,0,0,1,0,0
local_integrity,invert_cw_carry,"cw=4;ccw=7;control=(1, 0);site=0",0,011,111,0,1,0,0,1,0,0
local_integrity,invert_cw_carry,"cw=4;ccw=7;control=(1, 0);site=1",0,101,111,0,1,0,0,1,0,0
local_integrity,invert_cw_carry,"cw=4;ccw=7;control=(1, 0);site=2",0,110,111,0,1,0,0,1,0,0
local_integrity,invert_ccw_sum,"cw=4;ccw=7;control=(1, 0);site=0",0,111,011,1,0,0,0,1,0,0
local_integrity,invert_ccw_sum,"cw=4;ccw=7;control=(1, 0);site=1",0,111,101,1,0,0,0,1,0,0
local_integrity,invert_ccw_sum,"cw=4;ccw=7;control=(1, 0);site=2",0,111,110,1,0,0,0,1,0,0
local_integrity,invert_ccw_carry,"cw=4;ccw=7;control=(1, 0);site=0",0,111,011,1,0,0,0,1,0,0
local_integrity,invert_ccw_carry,"cw=4;ccw=7;control=(1, 0);site=1",0,111,101,1,0,0,0,1,0,0
local_integrity,invert_ccw_carry,"cw=4;ccw=7;control=(1, 0);site=2",0,111,110,1,0,0,0,1,0,0
local_integrity,invert_cw_sum,"cw=4;ccw=7;control=(0, 1);site=0",0,011,111,0,1,0,0,1,0,0
local_integrity,invert_cw_sum,"cw=4;ccw=7;control=(0, 1);site=1",0,101,111,0,1,0,0,1,0,0
local_integrity,invert_cw_sum,"cw=4;ccw=7;control=(0, 1);site=2",0,110,111,0,1,0,0,1,0,0
local_integrity,invert_cw_carry,"cw=4;ccw=7;control=(0, 1);site=0",0,011,111,0,1,0,0,1,0,0
local_integrity,invert_cw_carry,"cw=4;ccw=7;control=(0, 1);site=1",0,101,111,0,1,0,0,1,0,0
local_integrity,invert_cw_carry,"cw=4;ccw=7;control=(0, 1);site=2",0,110,111,0,1,0,0,1,0,0
local_integrity,invert_ccw_sum,"cw=4;ccw=7;control=(0, 1);site=0",0,111,011,1,0,0,0,1,0,0
local_integrity,invert_ccw_sum,"cw=4;ccw=7;control=(0, 1);site=1",0,111,101,1,0,0,0,1,0,0
local_integrity,invert_ccw_sum,"cw=4;ccw=7;control=(0, 1);site=2",0,111,110,1,0,0,0,1,0,0
local_integrity,invert_ccw_carry,"cw=4;ccw=7;control=(0, 1);site=0",0,111,011,1,0,0,0,1,0,0
local_integrity,invert_ccw_carry,"cw=4;ccw=7;control=(0, 1);site=1",0,111,101,1,0,0,0,1,0,0
local_integrity,invert_ccw_carry,"cw=4;ccw=7;control=(0, 1);site=2",0,111,110,1,0,0,0,1,0,0
local_integrity,invert_cw_sum,"cw=5;ccw=0;control=(1, 0);site=0",0,011,111,0,1,0,0,1,0,0
local_integrity,invert_cw_sum,"cw=5;ccw=0;control=(1, 0);site=1",0,101,111,0,1,0,0,1,0,0
local_integrity,invert_cw_sum,"cw=5;ccw=0;control=(1, 0);site=2",0,110,111,0,1,0,0,1,0,0
local_integrity,invert_cw_carry,"cw=5;ccw=0;control=(1, 0);site=0",0,011,111,0,1,0,0,1,0,0
local_integrity,invert_cw_carry,"cw=5;ccw=0;control=(1, 0);site=1",0,101,111,0,1,0,0,1,0,0
local_integrity,invert_cw_carry,"cw=5;ccw=0;control=(1, 0);site=2",0,110,111,0,1,0,0,1,0,0
local_integrity,invert_ccw_sum,"cw=5;ccw=0;control=(1, 0);site=0",0,111,011,1,0,0,0,1,0,0
local_integrity,invert_ccw_sum,"cw=5;ccw=0;control=(1, 0);site=1",0,111,101,1,0,0,0,1,0,0
local_integrity,invert_ccw_sum,"cw=5;ccw=0;control=(1, 0);site=2",0,111,110,1,0,0,0,1,0,0
local_integrity,invert_ccw_carry,"cw=5;ccw=0;control=(1, 0);site=0",0,111,011,1,0,0,0,1,0,0
local_integrity,invert_ccw_carry,"cw=5;ccw=0;control=(1, 0);site=1",0,111,101,1,0,0,0,1,0,0
local_integrity,invert_ccw_carry,"cw=5;ccw=0;control=(1, 0);site=2",0,111,110,1,0,0,0,1,0,0
local_integrity,invert_cw_sum,"cw=5;ccw=0;control=(0, 1);site=0",0,011,111,0,1,0,0,1,0,0
local_integrity,invert_cw_sum,"cw=5;ccw=0;control=(0, 1);site=1",0,101,111,0,1,0,0,1,0,0
local_integrity,invert_cw_sum,"cw=5;ccw=0;control=(0, 1);site=2",0,110,111,0,1,0,0,1,0,0
local_integrity,invert_cw_carry,"cw=5;ccw=0;control=(0, 1);site=0",0,011,111,0,1,0,0,1,0,0
local_integrity,invert_cw_carry,"cw=5;ccw=0;control=(0, 1);site=1",0,101,111,0,1,0,0,1,0,0
local_integrity,invert_cw_carry,"cw=5;ccw=0;control=(0, 1);site=2",0,110,111,0,1,0,0,1,0,0
local_integrity,invert_ccw_sum,"cw=5;ccw=0;control=(0, 1);site=0",0,111,011,1,0,0,0,1,0,0
local_integrity,invert_ccw_sum,"cw=5;ccw=0;control=(0, 1);site=1",0,111,101,1,0,0,0,1,0,0
local_integrity,invert_ccw_sum,"cw=5;ccw=0;control=(0, 1);site=2",0,111,110,1,0,0,0,1,0,0
local_integrity,invert_ccw_carry,"cw=5;ccw=0;control=(0, 1);site=0",0,111,011,1,0,0,0,1,0,0
local_integrity,invert_ccw_carry,"cw=5;ccw=0;control=(0, 1);site=1",0,111,101,1,0,0,0,1,0,0
local_integrity,invert_ccw_carry,"cw=5;ccw=0;control=(0, 1);site=2",0,111,110,1,0,0,0,1,0,0
local_integrity,invert_cw_sum,"cw=5;ccw=1;control=(1, 0);site=0",0,011,111,0,1,0,0,1,0,0
local_integrity,invert_cw_sum,"cw=5;ccw=1;control=(1, 0);site=1",0,101,111,0,1,0,0,1,0,0
local_integrity,invert_cw_sum,"cw=5;ccw=1;control=(1, 0);site=2",0,110,111,0,1,0,0,1,0,0
local_integrity,invert_cw_carry,"cw=5;ccw=1;control=(1, 0);site=0",0,011,111,0,1,0,0,1,0,0
local_integrity,invert_cw_carry,"cw=5;ccw=1;control=(1, 0);site=1",0,101,111,0,1,0,0,1,0,0
local_integrity,invert_cw_carry,"cw=5;ccw=1;control=(1, 0);site=2",0,110,111,0,1,0,0,1,0,0
local_integrity,invert_ccw_sum,"cw=5;ccw=1;control=(1, 0);site=0",0,111,011,1,0,0,0,1,0,0
local_integrity,invert_ccw_sum,"cw=5;ccw=1;control=(1, 0);site=1",0,111,101,1,0,0,0,1,0,0
local_integrity,invert_ccw_sum,"cw=5;ccw=1;control=(1, 0);site=2",0,111,110,1,0,0,0,1,0,0
local_integrity,invert_ccw_carry,"cw=5;ccw=1;control=(1, 0);site=0",0,111,011,1,0,0,0,1,0,0
local_integrity,invert_ccw_carry,"cw=5;ccw=1;control=(1, 0);site=1",0,111,101,1,0,0,0,1,0,0
local_integrity,invert_ccw_carry,"cw=5;ccw=1;control=(1, 0);site=2",0,111,110,1,0,0,0,1,0,0
local_integrity,invert_cw_sum,"cw=5;ccw=1;control=(0, 1);site=0",0,011,111,0,1,0,0,1,0,0
local_integrity,invert_cw_sum,"cw=5;ccw=1;control=(0, 1);site=1",0,101,111,0,1,0,0,1,0,0
local_integrity,invert_cw_sum,"cw=5;ccw=1;control=(0, 1);site=2",0,110,111,0,1,0,0,1,0,0
local_integrity,invert_cw_carry,"cw=5;ccw=1;control=(0, 1);site=0",0,011,111,0,1,0,0,1,0,0
local_integrity,invert_cw_carry,"cw=5;ccw=1;control=(0, 1);site=1",0,101,111,0,1,0,0,1,0,0
local_integrity,invert_cw_carry,"cw=5;ccw=1;control=(0, 1);site=2",0,110,111,0,1,0,0,1,0,0
local_integrity,invert_ccw_sum,"cw=5;ccw=1;control=(0, 1);site=0",0,111,011,1,0,0,0,1,0,0
local_integrity,invert_ccw_sum,"cw=5;ccw=1;control=(0, 1);site=1",0,111,101,1,0,0,0,1,0,0
local_integrity,invert_ccw_sum,"cw=5;ccw=1;control=(0, 1);site=2",0,111,110,1,0,0,0,1,0,0
local_integrity,invert_ccw_carry,"cw=5;ccw=1;control=(0, 1);site=0",0,111,011,1,0,0,0,1,0,0
local_integrity,invert_ccw_carry,"cw=5;ccw=1;control=(0, 1);site=1",0,111,101,1,0,0,0,1,0,0
local_integrity,invert_ccw_carry,"cw=5;ccw=1;control=(0, 1);site=2",0,111,110,1,0,0,0,1,0,0
local_integrity,invert_cw_sum,"cw=5;ccw=2;control=(1, 0);site=0",0,011,111,0,1,0,0,1,0,0
local_integrity,invert_cw_sum,"cw=5;ccw=2;control=(1, 0);site=1",0,101,111,0,1,0,0,1,0,0
local_integrity,invert_cw_sum,"cw=5;ccw=2;control=(1, 0);site=2",0,110,111,0,1,0,0,1,0,0
local_integrity,invert_cw_carry,"cw=5;ccw=2;control=(1, 0);site=0",0,011,111,0,1,0,0,1,0,0
local_integrity,invert_cw_carry,"cw=5;ccw=2;control=(1, 0);site=1",0,101,111,0,1,0,0,1,0,0
local_integrity,invert_cw_carry,"cw=5;ccw=2;control=(1, 0);site=2",0,110,111,0,1,0,0,1,0,0
local_integrity,invert_ccw_sum,"cw=5;ccw=2;control=(1, 0);site=0",0,111,011,1,0,0,0,1,0,0
local_integrity,invert_ccw_sum,"cw=5;ccw=2;control=(1, 0);site=1",0,111,101,1,0,0,0,1,0,0
local_integrity,invert_ccw_sum,"cw=5;ccw=2;control=(1, 0);site=2",0,111,110,1,0,0,0,1,0,0
local_integrity,invert_ccw_carry,"cw=5;ccw=2;control=(1, 0);site=0",0,111,011,1,0,0,0,1,0,0
local_integrity,invert_ccw_carry,"cw=5;ccw=2;control=(1, 0);site=1",0,111,101,1,0,0,0,1,0,0
local_integrity,invert_ccw_carry,"cw=5;ccw=2;control=(1, 0);site=2",0,111,110,1,0,0,0,1,0,0
local_integrity,invert_cw_sum,"cw=5;ccw=2;control=(0, 1);site=0",0,011,111,0,1,0,0,1,0,0
local_integrity,invert_cw_sum,"cw=5;ccw=2;control=(0, 1);site=1",0,101,111,0,1,0,0,1,0,0
local_integrity,invert_cw_sum,"cw=5;ccw=2;control=(0, 1);site=2",0,110,111,0,1,0,0,1,0,0
local_integrity,invert_cw_carry,"cw=5;ccw=2;control=(0, 1);site=0",0,011,111,0,1,0,0,1,0,0
local_integrity,invert_cw_carry,"cw=5;ccw=2;control=(0, 1);site=1",0,101,111,0,1,0,0,1,0,0
local_integrity,invert_cw_carry,"cw=5;ccw=2;control=(0, 1);site=2",0,110,111,0,1,0,0,1,0,0
local_integrity,invert_ccw_sum,"cw=5;ccw=2;control=(0, 1);site=0",0,111,011,1,0,0,0,1,0,0
local_integrity,invert_ccw_sum,"cw=5;ccw=2;control=(0, 1);site=1",0,111,101,1,0,0,0,1,0,0
local_integrity,invert_ccw_sum,"cw=5;ccw=2;control=(0, 1);site=2",0,111,110,1,0,0,0,1,0,0
local_integrity,invert_ccw_carry,"cw=5;ccw=2;control=(0, 1);site=0",0,111,011,1,0,0,0,1,0,0
local_integrity,invert_ccw_carry,"cw=5;ccw=2;control=(0, 1);site=1",0,111,101,1,0,0,0,1,0,0
local_integrity,invert_ccw_carry,"cw=5;ccw=2;control=(0, 1);site=2",0,111,110,1,0,0,0,1,0,0
local_integrity,invert_cw_sum,"cw=5;ccw=3;control=(1, 0);site=0",0,011,111,0,1,0,0,1,0,0
local_integrity,invert_cw_sum,"cw=5;ccw=3;control=(1, 0);site=1",0,101,111,0,1,0,0,1,0,0
local_integrity,invert_cw_sum,"cw=5;ccw=3;control=(1, 0);site=2",0,110,111,0,1,0,0,1,0,0
local_integrity,invert_cw_carry,"cw=5;ccw=3;control=(1, 0);site=0",0,011,111,0,1,0,0,1,0,0
local_integrity,invert_cw_carry,"cw=5;ccw=3;control=(1, 0);site=1",0,101,111,0,1,0,0,1,0,0
local_integrity,invert_cw_carry,"cw=5;ccw=3;control=(1, 0);site=2",0,110,111,0,1,0,0,1,0,0
local_integrity,invert_ccw_sum,"cw=5;ccw=3;control=(1, 0);site=0",0,111,011,1,0,0,0,1,0,0
local_integrity,invert_ccw_sum,"cw=5;ccw=3;control=(1, 0);site=1",0,111,101,1,0,0,0,1,0,0
local_integrity,invert_ccw_sum,"cw=5;ccw=3;control=(1, 0);site=2",0,111,110,1,0,0,0,1,0,0
local_integrity,invert_ccw_carry,"cw=5;ccw=3;control=(1, 0);site=0",0,111,011,1,0,0,0,1,0,0
local_integrity,invert_ccw_carry,"cw=5;ccw=3;control=(1, 0);site=1",0,111,101,1,0,0,0,1,0,0
local_integrity,invert_ccw_carry,"cw=5;ccw=3;control=(1, 0);site=2",0,111,110,1,0,0,0,1,0,0
local_integrity,invert_cw_sum,"cw=5;ccw=3;control=(0, 1);site=0",0,011,111,0,1,0,0,1,0,0
local_integrity,invert_cw_sum,"cw=5;ccw=3;control=(0, 1);site=1",0,101,111,0,1,0,0,1,0,0
local_integrity,invert_cw_sum,"cw=5;ccw=3;control=(0, 1);site=2",0,110,111,0,1,0,0,1,0,0
local_integrity,invert_cw_carry,"cw=5;ccw=3;control=(0, 1);site=0",0,011,111,0,1,0,0,1,0,0
local_integrity,invert_cw_carry,"cw=5;ccw=3;control=(0, 1);site=1",0,101,111,0,1,0,0,1,0,0
local_integrity,invert_cw_carry,"cw=5;ccw=3;control=(0, 1);site=2",0,110,111,0,1,0,0,1,0,0
local_integrity,invert_ccw_sum,"cw=5;ccw=3;control=(0, 1);site=0",0,111,011,1,0,0,0,1,0,0
local_integrity,invert_ccw_sum,"cw=5;ccw=3;control=(0, 1);site=1",0,111,101,1,0,0,0,1,0,0
local_integrity,invert_ccw_sum,"cw=5;ccw=3;control=(0, 1);site=2",0,111,110,1,0,0,0,1,0,0
local_integrity,invert_ccw_carry,"cw=5;ccw=3;control=(0, 1);site=0",0,111,011,1,0,0,0,1,0,0
local_integrity,invert_ccw_carry,"cw=5;ccw=3;control=(0, 1);site=1",0,111,101,1,0,0,0,1,0,0
local_integrity,invert_ccw_carry,"cw=5;ccw=3;control=(0, 1);site=2",0,111,110,1,0,0,0,1,0,0
local_integrity,invert_cw_sum,"cw=5;ccw=4;control=(1, 0);site=0",0,011,111,0,1,0,0,1,0,0
local_integrity,invert_cw_sum,"cw=5;ccw=4;control=(1, 0);site=1",0,101,111,0,1,0,0,1,0,0
local_integrity,invert_cw_sum,"cw=5;ccw=4;control=(1, 0);site=2",0,110,111,0,1,0,0,1,0,0
local_integrity,invert_cw_carry,"cw=5;ccw=4;control=(1, 0);site=0",0,011,111,0,1,0,0,1,0,0
local_integrity,invert_cw_carry,"cw=5;ccw=4;control=(1, 0);site=1",0,101,111,0,1,0,0,1,0,0
local_integrity,invert_cw_carry,"cw=5;ccw=4;control=(1, 0);site=2",0,110,111,0,1,0,0,1,0,0
local_integrity,invert_ccw_sum,"cw=5;ccw=4;control=(1, 0);site=0",0,111,011,1,0,0,0,1,0,0
local_integrity,invert_ccw_sum,"cw=5;ccw=4;control=(1, 0);site=1",0,111,101,1,0,0,0,1,0,0
local_integrity,invert_ccw_sum,"cw=5;ccw=4;control=(1, 0);site=2",0,111,110,1,0,0,0,1,0,0
local_integrity,invert_ccw_carry,"cw=5;ccw=4;control=(1, 0);site=0",0,111,011,1,0,0,0,1,0,0
local_integrity,invert_ccw_carry,"cw=5;ccw=4;control=(1, 0);site=1",0,111,101,1,0,0,0,1,0,0
local_integrity,invert_ccw_carry,"cw=5;ccw=4;control=(1, 0);site=2",0,111,110,1,0,0,0,1,0,0
local_integrity,invert_cw_sum,"cw=5;ccw=4;control=(0, 1);site=0",0,011,111,0,1,0,0,1,0,0
local_integrity,invert_cw_sum,"cw=5;ccw=4;control=(0, 1);site=1",0,101,111,0,1,0,0,1,0,0
local_integrity,invert_cw_sum,"cw=5;ccw=4;control=(0, 1);site=2",0,110,111,0,1,0,0,1,0,0
local_integrity,invert_cw_carry,"cw=5;ccw=4;control=(0, 1);site=0",0,011,111,0,1,0,0,1,0,0
local_integrity,invert_cw_carry,"cw=5;ccw=4;control=(0, 1);site=1",0,101,111,0,1,0,0,1,0,0
local_integrity,invert_cw_carry,"cw=5;ccw=4;control=(0, 1);site=2",0,110,111,0,1,0,0,1,0,0
local_integrity,invert_ccw_sum,"cw=5;ccw=4;control=(0, 1);site=0",0,111,011,1,0,0,0,1,0,0
local_integrity,invert_ccw_sum,"cw=5;ccw=4;control=(0, 1);site=1",0,111,101,1,0,0,0,1,0,0
local_integrity,invert_ccw_sum,"cw=5;ccw=4;control=(0, 1);site=2",0,111,110,1,0,0,0,1,0,0
local_integrity,invert_ccw_carry,"cw=5;ccw=4;control=(0, 1);site=0",0,111,011,1,0,0,0,1,0,0
local_integrity,invert_ccw_carry,"cw=5;ccw=4;control=(0, 1);site=1",0,111,101,1,0,0,0,1,0,0
local_integrity,invert_ccw_carry,"cw=5;ccw=4;control=(0, 1);site=2",0,111,110,1,0,0,0,1,0,0
local_integrity,invert_cw_sum,"cw=5;ccw=5;control=(1, 0);site=0",0,011,111,0,1,0,0,1,0,0
local_integrity,invert_cw_sum,"cw=5;ccw=5;control=(1, 0);site=1",0,101,111,0,1,0,0,1,0,0
local_integrity,invert_cw_sum,"cw=5;ccw=5;control=(1, 0);site=2",0,110,111,0,1,0,0,1,0,0
local_integrity,invert_cw_carry,"cw=5;ccw=5;control=(1, 0);site=0",0,011,111,0,1,0,0,1,0,0
local_integrity,invert_cw_carry,"cw=5;ccw=5;control=(1, 0);site=1",0,101,111,0,1,0,0,1,0,0
local_integrity,invert_cw_carry,"cw=5;ccw=5;control=(1, 0);site=2",0,110,111,0,1,0,0,1,0,0
local_integrity,invert_ccw_sum,"cw=5;ccw=5;control=(1, 0);site=0",0,111,011,1,0,0,0,1,0,0
local_integrity,invert_ccw_sum,"cw=5;ccw=5;control=(1, 0);site=1",0,111,101,1,0,0,0,1,0,0
local_integrity,invert_ccw_sum,"cw=5;ccw=5;control=(1, 0);site=2",0,111,110,1,0,0,0,1,0,0
local_integrity,invert_ccw_carry,"cw=5;ccw=5;control=(1, 0);site=0",0,111,011,1,0,0,0,1,0,0
local_integrity,invert_ccw_carry,"cw=5;ccw=5;control=(1, 0);site=1",0,111,101,1,0,0,0,1,0,0
local_integrity,invert_ccw_carry,"cw=5;ccw=5;control=(1, 0);site=2",0,111,110,1,0,0,0,1,0,0
local_integrity,invert_cw_sum,"cw=5;ccw=5;control=(0, 1);site=0",0,011,111,0,1,0,0,1,0,0
local_integrity,invert_cw_sum,"cw=5;ccw=5;control=(0, 1);site=1",0,101,111,0,1,0,0,1,0,0
local_integrity,invert_cw_sum,"cw=5;ccw=5;control=(0, 1);site=2",0,110,111,0,1,0,0,1,0,0
local_integrity,invert_cw_carry,"cw=5;ccw=5;control=(0, 1);site=0",0,011,111,0,1,0,0,1,0,0
local_integrity,invert_cw_carry,"cw=5;ccw=5;control=(0, 1);site=1",0,101,111,0,1,0,0,1,0,0
local_integrity,invert_cw_carry,"cw=5;ccw=5;control=(0, 1);site=2",0,110,111,0,1,0,0,1,0,0
local_integrity,invert_ccw_sum,"cw=5;ccw=5;control=(0, 1);site=0",0,111,011,1,0,0,0,1,0,0
local_integrity,invert_ccw_sum,"cw=5;ccw=5;control=(0, 1);site=1",0,111,101,1,0,0,0,1,0,0
local_integrity,invert_ccw_sum,"cw=5;ccw=5;control=(0, 1);site=2",0,111,110,1,0,0,0,1,0,0
local_integrity,invert_ccw_carry,"cw=5;ccw=5;control=(0, 1);site=0",0,111,011,1,0,0,0,1,0,0
local_integrity,invert_ccw_carry,"cw=5;ccw=5;control=(0, 1);site=1",0,111,101,1,0,0,0,1,0,0
local_integrity,invert_ccw_carry,"cw=5;ccw=5;control=(0, 1);site=2",0,111,110,1,0,0,0,1,0,0
local_integrity,invert_cw_sum,"cw=5;ccw=6;control=(1, 0);site=0",0,011,111,0,1,0,0,1,0,0
local_integrity,invert_cw_sum,"cw=5;ccw=6;control=(1, 0);site=1",0,101,111,0,1,0,0,1,0,0
local_integrity,invert_cw_sum,"cw=5;ccw=6;control=(1, 0);site=2",0,110,111,0,1,0,0,1,0,0
local_integrity,invert_cw_carry,"cw=5;ccw=6;control=(1, 0);site=0",0,011,111,0,1,0,0,1,0,0
local_integrity,invert_cw_carry,"cw=5;ccw=6;control=(1, 0);site=1",0,101,111,0,1,0,0,1,0,0
local_integrity,invert_cw_carry,"cw=5;ccw=6;control=(1, 0);site=2",0,110,111,0,1,0,0,1,0,0
local_integrity,invert_ccw_sum,"cw=5;ccw=6;control=(1, 0);site=0",0,111,011,1,0,0,0,1,0,0
local_integrity,invert_ccw_sum,"cw=5;ccw=6;control=(1, 0);site=1",0,111,101,1,0,0,0,1,0,0
local_integrity,invert_ccw_sum,"cw=5;ccw=6;control=(1, 0);site=2",0,111,110,1,0,0,0,1,0,0
local_integrity,invert_ccw_carry,"cw=5;ccw=6;control=(1, 0);site=0",0,111,011,1,0,0,0,1,0,0
local_integrity,invert_ccw_carry,"cw=5;ccw=6;control=(1, 0);site=1",0,111,101,1,0,0,0,1,0,0
local_integrity,invert_ccw_carry,"cw=5;ccw=6;control=(1, 0);site=2",0,111,110,1,0,0,0,1,0,0
local_integrity,invert_cw_sum,"cw=5;ccw=6;control=(0, 1);site=0",0,011,111,0,1,0,0,1,0,0
local_integrity,invert_cw_sum,"cw=5;ccw=6;control=(0, 1);site=1",0,101,111,0,1,0,0,1,0,0
local_integrity,invert_cw_sum,"cw=5;ccw=6;control=(0, 1);site=2",0,110,111,0,1,0,0,1,0,0
local_integrity,invert_cw_carry,"cw=5;ccw=6;control=(0, 1);site=0",0,011,111,0,1,0,0,1,0,0
local_integrity,invert_cw_carry,"cw=5;ccw=6;control=(0, 1);site=1",0,101,111,0,1,0,0,1,0,0
local_integrity,invert_cw_carry,"cw=5;ccw=6;control=(0, 1);site=2",0,110,111,0,1,0,0,1,0,0
local_integrity,invert_ccw_sum,"cw=5;ccw=6;control=(0, 1);site=0",0,111,011,1,0,0,0,1,0,0
local_integrity,invert_ccw_sum,"cw=5;ccw=6;control=(0, 1);site=1",0,111,101,1,0,0,0,1,0,0
local_integrity,invert_ccw_sum,"cw=5;ccw=6;control=(0, 1);site=2",0,111,110,1,0,0,0,1,0,0
local_integrity,invert_ccw_carry,"cw=5;ccw=6;control=(0, 1);site=0",0,111,011,1,0,0,0,1,0,0
local_integrity,invert_ccw_carry,"cw=5;ccw=6;control=(0, 1);site=1",0,111,101,1,0,0,0,1,0,0
local_integrity,invert_ccw_carry,"cw=5;ccw=6;control=(0, 1);site=2",0,111,110,1,0,0,0,1,0,0
local_integrity,invert_cw_sum,"cw=5;ccw=7;control=(1, 0);site=0",0,011,111,0,1,0,0,1,0,0
local_integrity,invert_cw_sum,"cw=5;ccw=7;control=(1, 0);site=1",0,101,111,0,1,0,0,1,0,0
local_integrity,invert_cw_sum,"cw=5;ccw=7;control=(1, 0);site=2",0,110,111,0,1,0,0,1,0,0
local_integrity,invert_cw_carry,"cw=5;ccw=7;control=(1, 0);site=0",0,011,111,0,1,0,0,1,0,0
local_integrity,invert_cw_carry,"cw=5;ccw=7;control=(1, 0);site=1",0,101,111,0,1,0,0,1,0,0
local_integrity,invert_cw_carry,"cw=5;ccw=7;control=(1, 0);site=2",0,110,111,0,1,0,0,1,0,0
local_integrity,invert_ccw_sum,"cw=5;ccw=7;control=(1, 0);site=0",0,111,011,1,0,0,0,1,0,0
local_integrity,invert_ccw_sum,"cw=5;ccw=7;control=(1, 0);site=1",0,111,101,1,0,0,0,1,0,0
local_integrity,invert_ccw_sum,"cw=5;ccw=7;control=(1, 0);site=2",0,111,110,1,0,0,0,1,0,0
local_integrity,invert_ccw_carry,"cw=5;ccw=7;control=(1, 0);site=0",0,111,011,1,0,0,0,1,0,0
local_integrity,invert_ccw_carry,"cw=5;ccw=7;control=(1, 0);site=1",0,111,101,1,0,0,0,1,0,0
local_integrity,invert_ccw_carry,"cw=5;ccw=7;control=(1, 0);site=2",0,111,110,1,0,0,0,1,0,0
local_integrity,invert_cw_sum,"cw=5;ccw=7;control=(0, 1);site=0",0,011,111,0,1,0,0,1,0,0
local_integrity,invert_cw_sum,"cw=5;ccw=7;control=(0, 1);site=1",0,101,111,0,1,0,0,1,0,0
local_integrity,invert_cw_sum,"cw=5;ccw=7;control=(0, 1);site=2",0,110,111,0,1,0,0,1,0,0
local_integrity,invert_cw_carry,"cw=5;ccw=7;control=(0, 1);site=0",0,011,111,0,1,0,0,1,0,0
local_integrity,invert_cw_carry,"cw=5;ccw=7;control=(0, 1);site=1",0,101,111,0,1,0,0,1,0,0
local_integrity,invert_cw_carry,"cw=5;ccw=7;control=(0, 1);site=2",0,110,111,0,1,0,0,1,0,0
local_integrity,invert_ccw_sum,"cw=5;ccw=7;control=(0, 1);site=0",0,111,011,1,0,0,0,1,0,0
local_integrity,invert_ccw_sum,"cw=5;ccw=7;control=(0, 1);site=1",0,111,101,1,0,0,0,1,0,0
local_integrity,invert_ccw_sum,"cw=5;ccw=7;control=(0, 1);site=2",0,111,110,1,0,0,0,1,0,0
local_integrity,invert_ccw_carry,"cw=5;ccw=7;control=(0, 1);site=0",0,111,011,1,0,0,0,1,0,0
local_integrity,invert_ccw_carry,"cw=5;ccw=7;control=(0, 1);site=1",0,111,101,1,0,0,0,1,0,0
local_integrity,invert_ccw_carry,"cw=5;ccw=7;control=(0, 1);site=2",0,111,110,1,0,0,0,1,0,0
local_integrity,invert_cw_sum,"cw=6;ccw=0;control=(1, 0);site=0",0,011,111,0,1,0,0,1,0,0
local_integrity,invert_cw_sum,"cw=6;ccw=0;control=(1, 0);site=1",0,101,111,0,1,0,0,1,0,0
local_integrity,invert_cw_sum,"cw=6;ccw=0;control=(1, 0);site=2",0,110,111,0,1,0,0,1,0,0
local_integrity,invert_cw_carry,"cw=6;ccw=0;control=(1, 0);site=0",0,011,111,0,1,0,0,1,0,0
local_integrity,invert_cw_carry,"cw=6;ccw=0;control=(1, 0);site=1",0,101,111,0,1,0,0,1,0,0
local_integrity,invert_cw_carry,"cw=6;ccw=0;control=(1, 0);site=2",0,110,111,0,1,0,0,1,0,0
local_integrity,invert_ccw_sum,"cw=6;ccw=0;control=(1, 0);site=0",0,111,011,1,0,0,0,1,0,0
local_integrity,invert_ccw_sum,"cw=6;ccw=0;control=(1, 0);site=1",0,111,101,1,0,0,0,1,0,0
local_integrity,invert_ccw_sum,"cw=6;ccw=0;control=(1, 0);site=2",0,111,110,1,0,0,0,1,0,0
local_integrity,invert_ccw_carry,"cw=6;ccw=0;control=(1, 0);site=0",0,111,011,1,0,0,0,1,0,0
local_integrity,invert_ccw_carry,"cw=6;ccw=0;control=(1, 0);site=1",0,111,101,1,0,0,0,1,0,0
local_integrity,invert_ccw_carry,"cw=6;ccw=0;control=(1, 0);site=2",0,111,110,1,0,0,0,1,0,0
local_integrity,invert_cw_sum,"cw=6;ccw=0;control=(0, 1);site=0",0,011,111,0,1,0,0,1,0,0
local_integrity,invert_cw_sum,"cw=6;ccw=0;control=(0, 1);site=1",0,101,111,0,1,0,0,1,0,0
local_integrity,invert_cw_sum,"cw=6;ccw=0;control=(0, 1);site=2",0,110,111,0,1,0,0,1,0,0
local_integrity,invert_cw_carry,"cw=6;ccw=0;control=(0, 1);site=0",0,011,111,0,1,0,0,1,0,0
local_integrity,invert_cw_carry,"cw=6;ccw=0;control=(0, 1);site=1",0,101,111,0,1,0,0,1,0,0
local_integrity,invert_cw_carry,"cw=6;ccw=0;control=(0, 1);site=2",0,110,111,0,1,0,0,1,0,0
local_integrity,invert_ccw_sum,"cw=6;ccw=0;control=(0, 1);site=0",0,111,011,1,0,0,0,1,0,0
local_integrity,invert_ccw_sum,"cw=6;ccw=0;control=(0, 1);site=1",0,111,101,1,0,0,0,1,0,0
local_integrity,invert_ccw_sum,"cw=6;ccw=0;control=(0, 1);site=2",0,111,110,1,0,0,0,1,0,0
local_integrity,invert_ccw_carry,"cw=6;ccw=0;control=(0, 1);site=0",0,111,011,1,0,0,0,1,0,0
local_integrity,invert_ccw_carry,"cw=6;ccw=0;control=(0, 1);site=1",0,111,101,1,0,0,0,1,0,0
local_integrity,invert_ccw_carry,"cw=6;ccw=0;control=(0, 1);site=2",0,111,110,1,0,0,0,1,0,0
local_integrity,invert_cw_sum,"cw=6;ccw=1;control=(1, 0);site=0",0,011,111,0,1,0,0,1,0,0
local_integrity,invert_cw_sum,"cw=6;ccw=1;control=(1, 0);site=1",0,101,111,0,1,0,0,1,0,0
local_integrity,invert_cw_sum,"cw=6;ccw=1;control=(1, 0);site=2",0,110,111,0,1,0,0,1,0,0
local_integrity,invert_cw_carry,"cw=6;ccw=1;control=(1, 0);site=0",0,011,111,0,1,0,0,1,0,0
local_integrity,invert_cw_carry,"cw=6;ccw=1;control=(1, 0);site=1",0,101,111,0,1,0,0,1,0,0
local_integrity,invert_cw_carry,"cw=6;ccw=1;control=(1, 0);site=2",0,110,111,0,1,0,0,1,0,0
local_integrity,invert_ccw_sum,"cw=6;ccw=1;control=(1, 0);site=0",0,111,011,1,0,0,0,1,0,0
local_integrity,invert_ccw_sum,"cw=6;ccw=1;control=(1, 0);site=1",0,111,101,1,0,0,0,1,0,0
local_integrity,invert_ccw_sum,"cw=6;ccw=1;control=(1, 0);site=2",0,111,110,1,0,0,0,1,0,0
local_integrity,invert_ccw_carry,"cw=6;ccw=1;control=(1, 0);site=0",0,111,011,1,0,0,0,1,0,0
local_integrity,invert_ccw_carry,"cw=6;ccw=1;control=(1, 0);site=1",0,111,101,1,0,0,0,1,0,0
local_integrity,invert_ccw_carry,"cw=6;ccw=1;control=(1, 0);site=2",0,111,110,1,0,0,0,1,0,0
local_integrity,invert_cw_sum,"cw=6;ccw=1;control=(0, 1);site=0",0,011,111,0,1,0,0,1,0,0
local_integrity,invert_cw_sum,"cw=6;ccw=1;control=(0, 1);site=1",0,101,111,0,1,0,0,1,0,0
local_integrity,invert_cw_sum,"cw=6;ccw=1;control=(0, 1);site=2",0,110,111,0,1,0,0,1,0,0
local_integrity,invert_cw_carry,"cw=6;ccw=1;control=(0, 1);site=0",0,011,111,0,1,0,0,1,0,0
local_integrity,invert_cw_carry,"cw=6;ccw=1;control=(0, 1);site=1",0,101,111,0,1,0,0,1,0,0
local_integrity,invert_cw_carry,"cw=6;ccw=1;control=(0, 1);site=2",0,110,111,0,1,0,0,1,0,0
local_integrity,invert_ccw_sum,"cw=6;ccw=1;control=(0, 1);site=0",0,111,011,1,0,0,0,1,0,0
local_integrity,invert_ccw_sum,"cw=6;ccw=1;control=(0, 1);site=1",0,111,101,1,0,0,0,1,0,0
local_integrity,invert_ccw_sum,"cw=6;ccw=1;control=(0, 1);site=2",0,111,110,1,0,0,0,1,0,0
local_integrity,invert_ccw_carry,"cw=6;ccw=1;control=(0, 1);site=0",0,111,011,1,0,0,0,1,0,0
local_integrity,invert_ccw_carry,"cw=6;ccw=1;control=(0, 1);site=1",0,111,101,1,0,0,0,1,0,0
local_integrity,invert_ccw_carry,"cw=6;ccw=1;control=(0, 1);site=2",0,111,110,1,0,0,0,1,0,0
local_integrity,invert_cw_sum,"cw=6;ccw=2;control=(1, 0);site=0",0,011,111,0,1,0,0,1,0,0
local_integrity,invert_cw_sum,"cw=6;ccw=2;control=(1, 0);site=1",0,101,111,0,1,0,0,1,0,0
local_integrity,invert_cw_sum,"cw=6;ccw=2;control=(1, 0);site=2",0,110,111,0,1,0,0,1,0,0
local_integrity,invert_cw_carry,"cw=6;ccw=2;control=(1, 0);site=0",0,011,111,0,1,0,0,1,0,0
local_integrity,invert_cw_carry,"cw=6;ccw=2;control=(1, 0);site=1",0,101,111,0,1,0,0,1,0,0
local_integrity,invert_cw_carry,"cw=6;ccw=2;control=(1, 0);site=2",0,110,111,0,1,0,0,1,0,0
local_integrity,invert_ccw_sum,"cw=6;ccw=2;control=(1, 0);site=0",0,111,011,1,0,0,0,1,0,0
local_integrity,invert_ccw_sum,"cw=6;ccw=2;control=(1, 0);site=1",0,111,101,1,0,0,0,1,0,0
local_integrity,invert_ccw_sum,"cw=6;ccw=2;control=(1, 0);site=2",0,111,110,1,0,0,0,1,0,0
local_integrity,invert_ccw_carry,"cw=6;ccw=2;control=(1, 0);site=0",0,111,011,1,0,0,0,1,0,0
local_integrity,invert_ccw_carry,"cw=6;ccw=2;control=(1, 0);site=1",0,111,101,1,0,0,0,1,0,0
local_integrity,invert_ccw_carry,"cw=6;ccw=2;control=(1, 0);site=2",0,111,110,1,0,0,0,1,0,0
local_integrity,invert_cw_sum,"cw=6;ccw=2;control=(0, 1);site=0",0,011,111,0,1,0,0,1,0,0
local_integrity,invert_cw_sum,"cw=6;ccw=2;control=(0, 1);site=1",0,101,111,0,1,0,0,1,0,0
local_integrity,invert_cw_sum,"cw=6;ccw=2;control=(0, 1);site=2",0,110,111,0,1,0,0,1,0,0
local_integrity,invert_cw_carry,"cw=6;ccw=2;control=(0, 1);site=0",0,011,111,0,1,0,0,1,0,0
local_integrity,invert_cw_carry,"cw=6;ccw=2;control=(0, 1);site=1",0,101,111,0,1,0,0,1,0,0
local_integrity,invert_cw_carry,"cw=6;ccw=2;control=(0, 1);site=2",0,110,111,0,1,0,0,1,0,0
local_integrity,invert_ccw_sum,"cw=6;ccw=2;control=(0, 1);site=0",0,111,011,1,0,0,0,1,0,0
local_integrity,invert_ccw_sum,"cw=6;ccw=2;control=(0, 1);site=1",0,111,101,1,0,0,0,1,0,0
local_integrity,invert_ccw_sum,"cw=6;ccw=2;control=(0, 1);site=2",0,111,110,1,0,0,0,1,0,0
local_integrity,invert_ccw_carry,"cw=6;ccw=2;control=(0, 1);site=0",0,111,011,1,0,0,0,1,0,0
local_integrity,invert_ccw_carry,"cw=6;ccw=2;control=(0, 1);site=1",0,111,101,1,0,0,0,1,0,0
local_integrity,invert_ccw_carry,"cw=6;ccw=2;control=(0, 1);site=2",0,111,110,1,0,0,0,1,0,0
local_integrity,invert_cw_sum,"cw=6;ccw=3;control=(1, 0);site=0",0,011,111,0,1,0,0,1,0,0
local_integrity,invert_cw_sum,"cw=6;ccw=3;control=(1, 0);site=1",0,101,111,0,1,0,0,1,0,0
local_integrity,invert_cw_sum,"cw=6;ccw=3;control=(1, 0);site=2",0,110,111,0,1,0,0,1,0,0
local_integrity,invert_cw_carry,"cw=6;ccw=3;control=(1, 0);site=0",0,011,111,0,1,0,0,1,0,0
local_integrity,invert_cw_carry,"cw=6;ccw=3;control=(1, 0);site=1",0,101,111,0,1,0,0,1,0,0
local_integrity,invert_cw_carry,"cw=6;ccw=3;control=(1, 0);site=2",0,110,111,0,1,0,0,1,0,0
local_integrity,invert_ccw_sum,"cw=6;ccw=3;control=(1, 0);site=0",0,111,011,1,0,0,0,1,0,0
local_integrity,invert_ccw_sum,"cw=6;ccw=3;control=(1, 0);site=1",0,111,101,1,0,0,0,1,0,0
local_integrity,invert_ccw_sum,"cw=6;ccw=3;control=(1, 0);site=2",0,111,110,1,0,0,0,1,0,0
local_integrity,invert_ccw_carry,"cw=6;ccw=3;control=(1, 0);site=0",0,111,011,1,0,0,0,1,0,0
local_integrity,invert_ccw_carry,"cw=6;ccw=3;control=(1, 0);site=1",0,111,101,1,0,0,0,1,0,0
local_integrity,invert_ccw_carry,"cw=6;ccw=3;control=(1, 0);site=2",0,111,110,1,0,0,0,1,0,0
local_integrity,invert_cw_sum,"cw=6;ccw=3;control=(0, 1);site=0",0,011,111,0,1,0,0,1,0,0
local_integrity,invert_cw_sum,"cw=6;ccw=3;control=(0, 1);site=1",0,101,111,0,1,0,0,1,0,0
local_integrity,invert_cw_sum,"cw=6;ccw=3;control=(0, 1);site=2",0,110,111,0,1,0,0,1,0,0
local_integrity,invert_cw_carry,"cw=6;ccw=3;control=(0, 1);site=0",0,011,111,0,1,0,0,1,0,0
local_integrity,invert_cw_carry,"cw=6;ccw=3;control=(0, 1);site=1",0,101,111,0,1,0,0,1,0,0
local_integrity,invert_cw_carry,"cw=6;ccw=3;control=(0, 1);site=2",0,110,111,0,1,0,0,1,0,0
local_integrity,invert_ccw_sum,"cw=6;ccw=3;control=(0, 1);site=0",0,111,011,1,0,0,0,1,0,0
local_integrity,invert_ccw_sum,"cw=6;ccw=3;control=(0, 1);site=1",0,111,101,1,0,0,0,1,0,0
local_integrity,invert_ccw_sum,"cw=6;ccw=3;control=(0, 1);site=2",0,111,110,1,0,0,0,1,0,0
local_integrity,invert_ccw_carry,"cw=6;ccw=3;control=(0, 1);site=0",0,111,011,1,0,0,0,1,0,0
local_integrity,invert_ccw_carry,"cw=6;ccw=3;control=(0, 1);site=1",0,111,101,1,0,0,0,1,0,0
local_integrity,invert_ccw_carry,"cw=6;ccw=3;control=(0, 1);site=2",0,111,110,1,0,0,0,1,0,0
local_integrity,invert_cw_sum,"cw=6;ccw=4;control=(1, 0);site=0",0,011,111,0,1,0,0,1,0,0
local_integrity,invert_cw_sum,"cw=6;ccw=4;control=(1, 0);site=1",0,101,111,0,1,0,0,1,0,0
local_integrity,invert_cw_sum,"cw=6;ccw=4;control=(1, 0);site=2",0,110,111,0,1,0,0,1,0,0
local_integrity,invert_cw_carry,"cw=6;ccw=4;control=(1, 0);site=0",0,011,111,0,1,0,0,1,0,0
local_integrity,invert_cw_carry,"cw=6;ccw=4;control=(1, 0);site=1",0,101,111,0,1,0,0,1,0,0
local_integrity,invert_cw_carry,"cw=6;ccw=4;control=(1, 0);site=2",0,110,111,0,1,0,0,1,0,0
local_integrity,invert_ccw_sum,"cw=6;ccw=4;control=(1, 0);site=0",0,111,011,1,0,0,0,1,0,0
local_integrity,invert_ccw_sum,"cw=6;ccw=4;control=(1, 0);site=1",0,111,101,1,0,0,0,1,0,0
local_integrity,invert_ccw_sum,"cw=6;ccw=4;control=(1, 0);site=2",0,111,110,1,0,0,0,1,0,0
local_integrity,invert_ccw_carry,"cw=6;ccw=4;control=(1, 0);site=0",0,111,011,1,0,0,0,1,0,0
local_integrity,invert_ccw_carry,"cw=6;ccw=4;control=(1, 0);site=1",0,111,101,1,0,0,0,1,0,0
local_integrity,invert_ccw_carry,"cw=6;ccw=4;control=(1, 0);site=2",0,111,110,1,0,0,0,1,0,0
local_integrity,invert_cw_sum,"cw=6;ccw=4;control=(0, 1);site=0",0,011,111,0,1,0,0,1,0,0
local_integrity,invert_cw_sum,"cw=6;ccw=4;control=(0, 1);site=1",0,101,111,0,1,0,0,1,0,0
local_integrity,invert_cw_sum,"cw=6;ccw=4;control=(0, 1);site=2",0,110,111,0,1,0,0,1,0,0
local_integrity,invert_cw_carry,"cw=6;ccw=4;control=(0, 1);site=0",0,011,111,0,1,0,0,1,0,0
local_integrity,invert_cw_carry,"cw=6;ccw=4;control=(0, 1);site=1",0,101,111,0,1,0,0,1,0,0
local_integrity,invert_cw_carry,"cw=6;ccw=4;control=(0, 1);site=2",0,110,111,0,1,0,0,1,0,0
local_integrity,invert_ccw_sum,"cw=6;ccw=4;control=(0, 1);site=0",0,111,011,1,0,0,0,1,0,0
local_integrity,invert_ccw_sum,"cw=6;ccw=4;control=(0, 1);site=1",0,111,101,1,0,0,0,1,0,0
local_integrity,invert_ccw_sum,"cw=6;ccw=4;control=(0, 1);site=2",0,111,110,1,0,0,0,1,0,0
local_integrity,invert_ccw_carry,"cw=6;ccw=4;control=(0, 1);site=0",0,111,011,1,0,0,0,1,0,0
local_integrity,invert_ccw_carry,"cw=6;ccw=4;control=(0, 1);site=1",0,111,101,1,0,0,0,1,0,0
local_integrity,invert_ccw_carry,"cw=6;ccw=4;control=(0, 1);site=2",0,111,110,1,0,0,0,1,0,0
local_integrity,invert_cw_sum,"cw=6;ccw=5;control=(1, 0);site=0",0,011,111,0,1,0,0,1,0,0
local_integrity,invert_cw_sum,"cw=6;ccw=5;control=(1, 0);site=1",0,101,111,0,1,0,0,1,0,0
local_integrity,invert_cw_sum,"cw=6;ccw=5;control=(1, 0);site=2",0,110,111,0,1,0,0,1,0,0
local_integrity,invert_cw_carry,"cw=6;ccw=5;control=(1, 0);site=0",0,011,111,0,1,0,0,1,0,0
local_integrity,invert_cw_carry,"cw=6;ccw=5;control=(1, 0);site=1",0,101,111,0,1,0,0,1,0,0
local_integrity,invert_cw_carry,"cw=6;ccw=5;control=(1, 0);site=2",0,110,111,0,1,0,0,1,0,0
local_integrity,invert_ccw_sum,"cw=6;ccw=5;control=(1, 0);site=0",0,111,011,1,0,0,0,1,0,0
local_integrity,invert_ccw_sum,"cw=6;ccw=5;control=(1, 0);site=1",0,111,101,1,0,0,0,1,0,0
local_integrity,invert_ccw_sum,"cw=6;ccw=5;control=(1, 0);site=2",0,111,110,1,0,0,0,1,0,0
local_integrity,invert_ccw_carry,"cw=6;ccw=5;control=(1, 0);site=0",0,111,011,1,0,0,0,1,0,0
local_integrity,invert_ccw_carry,"cw=6;ccw=5;control=(1, 0);site=1",0,111,101,1,0,0,0,1,0,0
local_integrity,invert_ccw_carry,"cw=6;ccw=5;control=(1, 0);site=2",0,111,110,1,0,0,0,1,0,0
local_integrity,invert_cw_sum,"cw=6;ccw=5;control=(0, 1);site=0",0,011,111,0,1,0,0,1,0,0
local_integrity,invert_cw_sum,"cw=6;ccw=5;control=(0, 1);site=1",0,101,111,0,1,0,0,1,0,0
local_integrity,invert_cw_sum,"cw=6;ccw=5;control=(0, 1);site=2",0,110,111,0,1,0,0,1,0,0
local_integrity,invert_cw_carry,"cw=6;ccw=5;control=(0, 1);site=0",0,011,111,0,1,0,0,1,0,0
local_integrity,invert_cw_carry,"cw=6;ccw=5;control=(0, 1);site=1",0,101,111,0,1,0,0,1,0,0
local_integrity,invert_cw_carry,"cw=6;ccw=5;control=(0, 1);site=2",0,110,111,0,1,0,0,1,0,0
local_integrity,invert_ccw_sum,"cw=6;ccw=5;control=(0, 1);site=0",0,111,011,1,0,0,0,1,0,0
local_integrity,invert_ccw_sum,"cw=6;ccw=5;control=(0, 1);site=1",0,111,101,1,0,0,0,1,0,0
local_integrity,invert_ccw_sum,"cw=6;ccw=5;control=(0, 1);site=2",0,111,110,1,0,0,0,1,0,0
local_integrity,invert_ccw_carry,"cw=6;ccw=5;control=(0, 1);site=0",0,111,011,1,0,0,0,1,0,0
local_integrity,invert_ccw_carry,"cw=6;ccw=5;control=(0, 1);site=1",0,111,101,1,0,0,0,1,0,0
local_integrity,invert_ccw_carry,"cw=6;ccw=5;control=(0, 1);site=2",0,111,110,1,0,0,0,1,0,0
local_integrity,invert_cw_sum,"cw=6;ccw=6;control=(1, 0);site=0",0,011,111,0,1,0,0,1,0,0
local_integrity,invert_cw_sum,"cw=6;ccw=6;control=(1, 0);site=1",0,101,111,0,1,0,0,1,0,0
local_integrity,invert_cw_sum,"cw=6;ccw=6;control=(1, 0);site=2",0,110,111,0,1,0,0,1,0,0
local_integrity,invert_cw_carry,"cw=6;ccw=6;control=(1, 0);site=0",0,011,111,0,1,0,0,1,0,0
local_integrity,invert_cw_carry,"cw=6;ccw=6;control=(1, 0);site=1",0,101,111,0,1,0,0,1,0,0
local_integrity,invert_cw_carry,"cw=6;ccw=6;control=(1, 0);site=2",0,110,111,0,1,0,0,1,0,0
local_integrity,invert_ccw_sum,"cw=6;ccw=6;control=(1, 0);site=0",0,111,011,1,0,0,0,1,0,0
local_integrity,invert_ccw_sum,"cw=6;ccw=6;control=(1, 0);site=1",0,111,101,1,0,0,0,1,0,0
local_integrity,invert_ccw_sum,"cw=6;ccw=6;control=(1, 0);site=2",0,111,110,1,0,0,0,1,0,0
local_integrity,invert_ccw_carry,"cw=6;ccw=6;control=(1, 0);site=0",0,111,011,1,0,0,0,1,0,0
local_integrity,invert_ccw_carry,"cw=6;ccw=6;control=(1, 0);site=1",0,111,101,1,0,0,0,1,0,0
local_integrity,invert_ccw_carry,"cw=6;ccw=6;control=(1, 0);site=2",0,111,110,1,0,0,0,1,0,0
local_integrity,invert_cw_sum,"cw=6;ccw=6;control=(0, 1);site=0",0,011,111,0,1,0,0,1,0,0
local_integrity,invert_cw_sum,"cw=6;ccw=6;control=(0, 1);site=1",0,101,111,0,1,0,0,1,0,0
local_integrity,invert_cw_sum,"cw=6;ccw=6;control=(0, 1);site=2",0,110,111,0,1,0,0,1,0,0
local_integrity,invert_cw_carry,"cw=6;ccw=6;control=(0, 1);site=0",0,011,111,0,1,0,0,1,0,0
local_integrity,invert_cw_carry,"cw=6;ccw=6;control=(0, 1);site=1",0,101,111,0,1,0,0,1,0,0
local_integrity,invert_cw_carry,"cw=6;ccw=6;control=(0, 1);site=2",0,110,111,0,1,0,0,1,0,0
local_integrity,invert_ccw_sum,"cw=6;ccw=6;control=(0, 1);site=0",0,111,011,1,0,0,0,1,0,0
local_integrity,invert_ccw_sum,"cw=6;ccw=6;control=(0, 1);site=1",0,111,101,1,0,0,0,1,0,0
local_integrity,invert_ccw_sum,"cw=6;ccw=6;control=(0, 1);site=2",0,111,110,1,0,0,0,1,0,0
local_integrity,invert_ccw_carry,"cw=6;ccw=6;control=(0, 1);site=0",0,111,011,1,0,0,0,1,0,0
local_integrity,invert_ccw_carry,"cw=6;ccw=6;control=(0, 1);site=1",0,111,101,1,0,0,0,1,0,0
local_integrity,invert_ccw_carry,"cw=6;ccw=6;control=(0, 1);site=2",0,111,110,1,0,0,0,1,0,0
local_integrity,invert_cw_sum,"cw=6;ccw=7;control=(1, 0);site=0",0,011,111,0,1,0,0,1,0,0
local_integrity,invert_cw_sum,"cw=6;ccw=7;control=(1, 0);site=1",0,101,111,0,1,0,0,1,0,0
local_integrity,invert_cw_sum,"cw=6;ccw=7;control=(1, 0);site=2",0,110,111,0,1,0,0,1,0,0
local_integrity,invert_cw_carry,"cw=6;ccw=7;control=(1, 0);site=0",0,011,111,0,1,0,0,1,0,0
local_integrity,invert_cw_carry,"cw=6;ccw=7;control=(1, 0);site=1",0,101,111,0,1,0,0,1,0,0
local_integrity,invert_cw_carry,"cw=6;ccw=7;control=(1, 0);site=2",0,110,111,0,1,0,0,1,0,0
local_integrity,invert_ccw_sum,"cw=6;ccw=7;control=(1, 0);site=0",0,111,011,1,0,0,0,1,0,0
local_integrity,invert_ccw_sum,"cw=6;ccw=7;control=(1, 0);site=1",0,111,101,1,0,0,0,1,0,0
local_integrity,invert_ccw_sum,"cw=6;ccw=7;control=(1, 0);site=2",0,111,110,1,0,0,0,1,0,0
local_integrity,invert_ccw_carry,"cw=6;ccw=7;control=(1, 0);site=0",0,111,011,1,0,0,0,1,0,0
local_integrity,invert_ccw_carry,"cw=6;ccw=7;control=(1, 0);site=1",0,111,101,1,0,0,0,1,0,0
local_integrity,invert_ccw_carry,"cw=6;ccw=7;control=(1, 0);site=2",0,111,110,1,0,0,0,1,0,0
local_integrity,invert_cw_sum,"cw=6;ccw=7;control=(0, 1);site=0",0,011,111,0,1,0,0,1,0,0
local_integrity,invert_cw_sum,"cw=6;ccw=7;control=(0, 1);site=1",0,101,111,0,1,0,0,1,0,0
local_integrity,invert_cw_sum,"cw=6;ccw=7;control=(0, 1);site=2",0,110,111,0,1,0,0,1,0,0
local_integrity,invert_cw_carry,"cw=6;ccw=7;control=(0, 1);site=0",0,011,111,0,1,0,0,1,0,0
local_integrity,invert_cw_carry,"cw=6;ccw=7;control=(0, 1);site=1",0,101,111,0,1,0,0,1,0,0
local_integrity,invert_cw_carry,"cw=6;ccw=7;control=(0, 1);site=2",0,110,111,0,1,0,0,1,0,0
local_integrity,invert_ccw_sum,"cw=6;ccw=7;control=(0, 1);site=0",0,111,011,1,0,0,0,1,0,0
local_integrity,invert_ccw_sum,"cw=6;ccw=7;control=(0, 1);site=1",0,111,101,1,0,0,0,1,0,0
local_integrity,invert_ccw_sum,"cw=6;ccw=7;control=(0, 1);site=2",0,111,110,1,0,0,0,1,0,0
local_integrity,invert_ccw_carry,"cw=6;ccw=7;control=(0, 1);site=0",0,111,011,1,0,0,0,1,0,0
local_integrity,invert_ccw_carry,"cw=6;ccw=7;control=(0, 1);site=1",0,111,101,1,0,0,0,1,0,0
local_integrity,invert_ccw_carry,"cw=6;ccw=7;control=(0, 1);site=2",0,111,110,1,0,0,0,1,0,0
local_integrity,invert_cw_sum,"cw=7;ccw=0;control=(1, 0);site=0",0,011,111,0,1,0,0,1,0,0
local_integrity,invert_cw_sum,"cw=7;ccw=0;control=(1, 0);site=1",0,101,111,0,1,0,0,1,0,0
local_integrity,invert_cw_sum,"cw=7;ccw=0;control=(1, 0);site=2",0,110,111,0,1,0,0,1,0,0
local_integrity,invert_cw_carry,"cw=7;ccw=0;control=(1, 0);site=0",0,011,111,0,1,0,0,1,0,0
local_integrity,invert_cw_carry,"cw=7;ccw=0;control=(1, 0);site=1",0,101,111,0,1,0,0,1,0,0
local_integrity,invert_cw_carry,"cw=7;ccw=0;control=(1, 0);site=2",0,110,111,0,1,0,0,1,0,0
local_integrity,invert_ccw_sum,"cw=7;ccw=0;control=(1, 0);site=0",0,111,011,1,0,0,0,1,0,0
local_integrity,invert_ccw_sum,"cw=7;ccw=0;control=(1, 0);site=1",0,111,101,1,0,0,0,1,0,0
local_integrity,invert_ccw_sum,"cw=7;ccw=0;control=(1, 0);site=2",0,111,110,1,0,0,0,1,0,0
local_integrity,invert_ccw_carry,"cw=7;ccw=0;control=(1, 0);site=0",0,111,011,1,0,0,0,1,0,0
local_integrity,invert_ccw_carry,"cw=7;ccw=0;control=(1, 0);site=1",0,111,101,1,0,0,0,1,0,0
local_integrity,invert_ccw_carry,"cw=7;ccw=0;control=(1, 0);site=2",0,111,110,1,0,0,0,1,0,0
local_integrity,invert_cw_sum,"cw=7;ccw=0;control=(0, 1);site=0",0,011,111,0,1,0,0,1,0,0
local_integrity,invert_cw_sum,"cw=7;ccw=0;control=(0, 1);site=1",0,101,111,0,1,0,0,1,0,0
local_integrity,invert_cw_sum,"cw=7;ccw=0;control=(0, 1);site=2",0,110,111,0,1,0,0,1,0,0
local_integrity,invert_cw_carry,"cw=7;ccw=0;control=(0, 1);site=0",0,011,111,0,1,0,0,1,0,0
local_integrity,invert_cw_carry,"cw=7;ccw=0;control=(0, 1);site=1",0,101,111,0,1,0,0,1,0,0
local_integrity,invert_cw_carry,"cw=7;ccw=0;control=(0, 1);site=2",0,110,111,0,1,0,0,1,0,0
local_integrity,invert_ccw_sum,"cw=7;ccw=0;control=(0, 1);site=0",0,111,011,1,0,0,0,1,0,0
local_integrity,invert_ccw_sum,"cw=7;ccw=0;control=(0, 1);site=1",0,111,101,1,0,0,0,1,0,0
local_integrity,invert_ccw_sum,"cw=7;ccw=0;control=(0, 1);site=2",0,111,110,1,0,0,0,1,0,0
local_integrity,invert_ccw_carry,"cw=7;ccw=0;control=(0, 1);site=0",0,111,011,1,0,0,0,1,0,0
local_integrity,invert_ccw_carry,"cw=7;ccw=0;control=(0, 1);site=1",0,111,101,1,0,0,0,1,0,0
local_integrity,invert_ccw_carry,"cw=7;ccw=0;control=(0, 1);site=2",0,111,110,1,0,0,0,1,0,0
local_integrity,invert_cw_sum,"cw=7;ccw=1;control=(1, 0);site=0",0,011,111,0,1,0,0,1,0,0
local_integrity,invert_cw_sum,"cw=7;ccw=1;control=(1, 0);site=1",0,101,111,0,1,0,0,1,0,0
local_integrity,invert_cw_sum,"cw=7;ccw=1;control=(1, 0);site=2",0,110,111,0,1,0,0,1,0,0
local_integrity,invert_cw_carry,"cw=7;ccw=1;control=(1, 0);site=0",0,011,111,0,1,0,0,1,0,0
local_integrity,invert_cw_carry,"cw=7;ccw=1;control=(1, 0);site=1",0,101,111,0,1,0,0,1,0,0
local_integrity,invert_cw_carry,"cw=7;ccw=1;control=(1, 0);site=2",0,110,111,0,1,0,0,1,0,0
local_integrity,invert_ccw_sum,"cw=7;ccw=1;control=(1, 0);site=0",0,111,011,1,0,0,0,1,0,0
local_integrity,invert_ccw_sum,"cw=7;ccw=1;control=(1, 0);site=1",0,111,101,1,0,0,0,1,0,0
local_integrity,invert_ccw_sum,"cw=7;ccw=1;control=(1, 0);site=2",0,111,110,1,0,0,0,1,0,0
local_integrity,invert_ccw_carry,"cw=7;ccw=1;control=(1, 0);site=0",0,111,011,1,0,0,0,1,0,0
local_integrity,invert_ccw_carry,"cw=7;ccw=1;control=(1, 0);site=1",0,111,101,1,0,0,0,1,0,0
local_integrity,invert_ccw_carry,"cw=7;ccw=1;control=(1, 0);site=2",0,111,110,1,0,0,0,1,0,0
local_integrity,invert_cw_sum,"cw=7;ccw=1;control=(0, 1);site=0",0,011,111,0,1,0,0,1,0,0
local_integrity,invert_cw_sum,"cw=7;ccw=1;control=(0, 1);site=1",0,101,111,0,1,0,0,1,0,0
local_integrity,invert_cw_sum,"cw=7;ccw=1;control=(0, 1);site=2",0,110,111,0,1,0,0,1,0,0
local_integrity,invert_cw_carry,"cw=7;ccw=1;control=(0, 1);site=0",0,011,111,0,1,0,0,1,0,0
local_integrity,invert_cw_carry,"cw=7;ccw=1;control=(0, 1);site=1",0,101,111,0,1,0,0,1,0,0
local_integrity,invert_cw_carry,"cw=7;ccw=1;control=(0, 1);site=2",0,110,111,0,1,0,0,1,0,0
local_integrity,invert_ccw_sum,"cw=7;ccw=1;control=(0, 1);site=0",0,111,011,1,0,0,0,1,0,0
local_integrity,invert_ccw_sum,"cw=7;ccw=1;control=(0, 1);site=1",0,111,101,1,0,0,0,1,0,0
local_integrity,invert_ccw_sum,"cw=7;ccw=1;control=(0, 1);site=2",0,111,110,1,0,0,0,1,0,0
local_integrity,invert_ccw_carry,"cw=7;ccw=1;control=(0, 1);site=0",0,111,011,1,0,0,0,1,0,0
local_integrity,invert_ccw_carry,"cw=7;ccw=1;control=(0, 1);site=1",0,111,101,1,0,0,0,1,0,0
local_integrity,invert_ccw_carry,"cw=7;ccw=1;control=(0, 1);site=2",0,111,110,1,0,0,0,1,0,0
local_integrity,invert_cw_sum,"cw=7;ccw=2;control=(1, 0);site=0",0,011,111,0,1,0,0,1,0,0
local_integrity,invert_cw_sum,"cw=7;ccw=2;control=(1, 0);site=1",0,101,111,0,1,0,0,1,0,0
local_integrity,invert_cw_sum,"cw=7;ccw=2;control=(1, 0);site=2",0,110,111,0,1,0,0,1,0,0
local_integrity,invert_cw_carry,"cw=7;ccw=2;control=(1, 0);site=0",0,011,111,0,1,0,0,1,0,0
local_integrity,invert_cw_carry,"cw=7;ccw=2;control=(1, 0);site=1",0,101,111,0,1,0,0,1,0,0
local_integrity,invert_cw_carry,"cw=7;ccw=2;control=(1, 0);site=2",0,110,111,0,1,0,0,1,0,0
local_integrity,invert_ccw_sum,"cw=7;ccw=2;control=(1, 0);site=0",0,111,011,1,0,0,0,1,0,0
local_integrity,invert_ccw_sum,"cw=7;ccw=2;control=(1, 0);site=1",0,111,101,1,0,0,0,1,0,0
local_integrity,invert_ccw_sum,"cw=7;ccw=2;control=(1, 0);site=2",0,111,110,1,0,0,0,1,0,0
local_integrity,invert_ccw_carry,"cw=7;ccw=2;control=(1, 0);site=0",0,111,011,1,0,0,0,1,0,0
local_integrity,invert_ccw_carry,"cw=7;ccw=2;control=(1, 0);site=1",0,111,101,1,0,0,0,1,0,0
local_integrity,invert_ccw_carry,"cw=7;ccw=2;control=(1, 0);site=2",0,111,110,1,0,0,0,1,0,0
local_integrity,invert_cw_sum,"cw=7;ccw=2;control=(0, 1);site=0",0,011,111,0,1,0,0,1,0,0
local_integrity,invert_cw_sum,"cw=7;ccw=2;control=(0, 1);site=1",0,101,111,0,1,0,0,1,0,0
local_integrity,invert_cw_sum,"cw=7;ccw=2;control=(0, 1);site=2",0,110,111,0,1,0,0,1,0,0
local_integrity,invert_cw_carry,"cw=7;ccw=2;control=(0, 1);site=0",0,011,111,0,1,0,0,1,0,0
local_integrity,invert_cw_carry,"cw=7;ccw=2;control=(0, 1);site=1",0,101,111,0,1,0,0,1,0,0
local_integrity,invert_cw_carry,"cw=7;ccw=2;control=(0, 1);site=2",0,110,111,0,1,0,0,1,0,0
local_integrity,invert_ccw_sum,"cw=7;ccw=2;control=(0, 1);site=0",0,111,011,1,0,0,0,1,0,0
local_integrity,invert_ccw_sum,"cw=7;ccw=2;control=(0, 1);site=1",0,111,101,1,0,0,0,1,0,0
local_integrity,invert_ccw_sum,"cw=7;ccw=2;control=(0, 1);site=2",0,111,110,1,0,0,0,1,0,0
local_integrity,invert_ccw_carry,"cw=7;ccw=2;control=(0, 1);site=0",0,111,011,1,0,0,0,1,0,0
local_integrity,invert_ccw_carry,"cw=7;ccw=2;control=(0, 1);site=1",0,111,101,1,0,0,0,1,0,0
local_integrity,invert_ccw_carry,"cw=7;ccw=2;control=(0, 1);site=2",0,111,110,1,0,0,0,1,0,0
local_integrity,invert_cw_sum,"cw=7;ccw=3;control=(1, 0);site=0",0,011,111,0,1,0,0,1,0,0
local_integrity,invert_cw_sum,"cw=7;ccw=3;control=(1, 0);site=1",0,101,111,0,1,0,0,1,0,0
local_integrity,invert_cw_sum,"cw=7;ccw=3;control=(1, 0);site=2",0,110,111,0,1,0,0,1,0,0
local_integrity,invert_cw_carry,"cw=7;ccw=3;control=(1, 0);site=0",0,011,111,0,1,0,0,1,0,0
local_integrity,invert_cw_carry,"cw=7;ccw=3;control=(1, 0);site=1",0,101,111,0,1,0,0,1,0,0
local_integrity,invert_cw_carry,"cw=7;ccw=3;control=(1, 0);site=2",0,110,111,0,1,0,0,1,0,0
local_integrity,invert_ccw_sum,"cw=7;ccw=3;control=(1, 0);site=0",0,111,011,1,0,0,0,1,0,0
local_integrity,invert_ccw_sum,"cw=7;ccw=3;control=(1, 0);site=1",0,111,101,1,0,0,0,1,0,0
local_integrity,invert_ccw_sum,"cw=7;ccw=3;control=(1, 0);site=2",0,111,110,1,0,0,0,1,0,0
local_integrity,invert_ccw_carry,"cw=7;ccw=3;control=(1, 0);site=0",0,111,011,1,0,0,0,1,0,0
local_integrity,invert_ccw_carry,"cw=7;ccw=3;control=(1, 0);site=1",0,111,101,1,0,0,0,1,0,0
local_integrity,invert_ccw_carry,"cw=7;ccw=3;control=(1, 0);site=2",0,111,110,1,0,0,0,1,0,0
local_integrity,invert_cw_sum,"cw=7;ccw=3;control=(0, 1);site=0",0,011,111,0,1,0,0,1,0,0
local_integrity,invert_cw_sum,"cw=7;ccw=3;control=(0, 1);site=1",0,101,111,0,1,0,0,1,0,0
local_integrity,invert_cw_sum,"cw=7;ccw=3;control=(0, 1);site=2",0,110,111,0,1,0,0,1,0,0
local_integrity,invert_cw_carry,"cw=7;ccw=3;control=(0, 1);site=0",0,011,111,0,1,0,0,1,0,0
local_integrity,invert_cw_carry,"cw=7;ccw=3;control=(0, 1);site=1",0,101,111,0,1,0,0,1,0,0
local_integrity,invert_cw_carry,"cw=7;ccw=3;control=(0, 1);site=2",0,110,111,0,1,0,0,1,0,0
local_integrity,invert_ccw_sum,"cw=7;ccw=3;control=(0, 1);site=0",0,111,011,1,0,0,0,1,0,0
local_integrity,invert_ccw_sum,"cw=7;ccw=3;control=(0, 1);site=1",0,111,101,1,0,0,0,1,0,0
local_integrity,invert_ccw_sum,"cw=7;ccw=3;control=(0, 1);site=2",0,111,110,1,0,0,0,1,0,0
local_integrity,invert_ccw_carry,"cw=7;ccw=3;control=(0, 1);site=0",0,111,011,1,0,0,0,1,0,0
local_integrity,invert_ccw_carry,"cw=7;ccw=3;control=(0, 1);site=1",0,111,101,1,0,0,0,1,0,0
local_integrity,invert_ccw_carry,"cw=7;ccw=3;control=(0, 1);site=2",0,111,110,1,0,0,0,1,0,0
local_integrity,invert_cw_sum,"cw=7;ccw=4;control=(1, 0);site=0",0,011,111,0,1,0,0,1,0,0
local_integrity,invert_cw_sum,"cw=7;ccw=4;control=(1, 0);site=1",0,101,111,0,1,0,0,1,0,0
local_integrity,invert_cw_sum,"cw=7;ccw=4;control=(1, 0);site=2",0,110,111,0,1,0,0,1,0,0
local_integrity,invert_cw_carry,"cw=7;ccw=4;control=(1, 0);site=0",0,011,111,0,1,0,0,1,0,0
local_integrity,invert_cw_carry,"cw=7;ccw=4;control=(1, 0);site=1",0,101,111,0,1,0,0,1,0,0
local_integrity,invert_cw_carry,"cw=7;ccw=4;control=(1, 0);site=2",0,110,111,0,1,0,0,1,0,0
local_integrity,invert_ccw_sum,"cw=7;ccw=4;control=(1, 0);site=0",0,111,011,1,0,0,0,1,0,0
local_integrity,invert_ccw_sum,"cw=7;ccw=4;control=(1, 0);site=1",0,111,101,1,0,0,0,1,0,0
local_integrity,invert_ccw_sum,"cw=7;ccw=4;control=(1, 0);site=2",0,111,110,1,0,0,0,1,0,0
local_integrity,invert_ccw_carry,"cw=7;ccw=4;control=(1, 0);site=0",0,111,011,1,0,0,0,1,0,0
local_integrity,invert_ccw_carry,"cw=7;ccw=4;control=(1, 0);site=1",0,111,101,1,0,0,0,1,0,0
local_integrity,invert_ccw_carry,"cw=7;ccw=4;control=(1, 0);site=2",0,111,110,1,0,0,0,1,0,0
local_integrity,invert_cw_sum,"cw=7;ccw=4;control=(0, 1);site=0",0,011,111,0,1,0,0,1,0,0
local_integrity,invert_cw_sum,"cw=7;ccw=4;control=(0, 1);site=1",0,101,111,0,1,0,0,1,0,0
local_integrity,invert_cw_sum,"cw=7;ccw=4;control=(0, 1);site=2",0,110,111,0,1,0,0,1,0,0
local_integrity,invert_cw_carry,"cw=7;ccw=4;control=(0, 1);site=0",0,011,111,0,1,0,0,1,0,0
local_integrity,invert_cw_carry,"cw=7;ccw=4;control=(0, 1);site=1",0,101,111,0,1,0,0,1,0,0
local_integrity,invert_cw_carry,"cw=7;ccw=4;control=(0, 1);site=2",0,110,111,0,1,0,0,1,0,0
local_integrity,invert_ccw_sum,"cw=7;ccw=4;control=(0, 1);site=0",0,111,011,1,0,0,0,1,0,0
local_integrity,invert_ccw_sum,"cw=7;ccw=4;control=(0, 1);site=1",0,111,101,1,0,0,0,1,0,0
local_integrity,invert_ccw_sum,"cw=7;ccw=4;control=(0, 1);site=2",0,111,110,1,0,0,0,1,0,0
local_integrity,invert_ccw_carry,"cw=7;ccw=4;control=(0, 1);site=0",0,111,011,1,0,0,0,1,0,0
local_integrity,invert_ccw_carry,"cw=7;ccw=4;control=(0, 1);site=1",0,111,101,1,0,0,0,1,0,0
local_integrity,invert_ccw_carry,"cw=7;ccw=4;control=(0, 1);site=2",0,111,110,1,0,0,0,1,0,0
local_integrity,invert_cw_sum,"cw=7;ccw=5;control=(1, 0);site=0",0,011,111,0,1,0,0,1,0,0
local_integrity,invert_cw_sum,"cw=7;ccw=5;control=(1, 0);site=1",0,101,111,0,1,0,0,1,0,0
local_integrity,invert_cw_sum,"cw=7;ccw=5;control=(1, 0);site=2",0,110,111,0,1,0,0,1,0,0
local_integrity,invert_cw_carry,"cw=7;ccw=5;control=(1, 0);site=0",0,011,111,0,1,0,0,1,0,0
local_integrity,invert_cw_carry,"cw=7;ccw=5;control=(1, 0);site=1",0,101,111,0,1,0,0,1,0,0
local_integrity,invert_cw_carry,"cw=7;ccw=5;control=(1, 0);site=2",0,110,111,0,1,0,0,1,0,0
local_integrity,invert_ccw_sum,"cw=7;ccw=5;control=(1, 0);site=0",0,111,011,1,0,0,0,1,0,0
local_integrity,invert_ccw_sum,"cw=7;ccw=5;control=(1, 0);site=1",0,111,101,1,0,0,0,1,0,0
local_integrity,invert_ccw_sum,"cw=7;ccw=5;control=(1, 0);site=2",0,111,110,1,0,0,0,1,0,0
local_integrity,invert_ccw_carry,"cw=7;ccw=5;control=(1, 0);site=0",0,111,011,1,0,0,0,1,0,0
local_integrity,invert_ccw_carry,"cw=7;ccw=5;control=(1, 0);site=1",0,111,101,1,0,0,0,1,0,0
local_integrity,invert_ccw_carry,"cw=7;ccw=5;control=(1, 0);site=2",0,111,110,1,0,0,0,1,0,0
local_integrity,invert_cw_sum,"cw=7;ccw=5;control=(0, 1);site=0",0,011,111,0,1,0,0,1,0,0
local_integrity,invert_cw_sum,"cw=7;ccw=5;control=(0, 1);site=1",0,101,111,0,1,0,0,1,0,0
local_integrity,invert_cw_sum,"cw=7;ccw=5;control=(0, 1);site=2",0,110,111,0,1,0,0,1,0,0
local_integrity,invert_cw_carry,"cw=7;ccw=5;control=(0, 1);site=0",0,011,111,0,1,0,0,1,0,0
local_integrity,invert_cw_carry,"cw=7;ccw=5;control=(0, 1);site=1",0,101,111,0,1,0,0,1,0,0
local_integrity,invert_cw_carry,"cw=7;ccw=5;control=(0, 1);site=2",0,110,111,0,1,0,0,1,0,0
local_integrity,invert_ccw_sum,"cw=7;ccw=5;control=(0, 1);site=0",0,111,011,1,0,0,0,1,0,0
local_integrity,invert_ccw_sum,"cw=7;ccw=5;control=(0, 1);site=1",0,111,101,1,0,0,0,1,0,0
local_integrity,invert_ccw_sum,"cw=7;ccw=5;control=(0, 1);site=2",0,111,110,1,0,0,0,1,0,0
local_integrity,invert_ccw_carry,"cw=7;ccw=5;control=(0, 1);site=0",0,111,011,1,0,0,0,1,0,0
local_integrity,invert_ccw_carry,"cw=7;ccw=5;control=(0, 1);site=1",0,111,101,1,0,0,0,1,0,0
local_integrity,invert_ccw_carry,"cw=7;ccw=5;control=(0, 1);site=2",0,111,110,1,0,0,0,1,0,0
local_integrity,invert_cw_sum,"cw=7;ccw=6;control=(1, 0);site=0",0,011,111,0,1,0,0,1,0,0
local_integrity,invert_cw_sum,"cw=7;ccw=6;control=(1, 0);site=1",0,101,111,0,1,0,0,1,0,0
local_integrity,invert_cw_sum,"cw=7;ccw=6;control=(1, 0);site=2",0,110,111,0,1,0,0,1,0,0
local_integrity,invert_cw_carry,"cw=7;ccw=6;control=(1, 0);site=0",0,011,111,0,1,0,0,1,0,0
local_integrity,invert_cw_carry,"cw=7;ccw=6;control=(1, 0);site=1",0,101,111,0,1,0,0,1,0,0
local_integrity,invert_cw_carry,"cw=7;ccw=6;control=(1, 0);site=2",0,110,111,0,1,0,0,1,0,0
local_integrity,invert_ccw_sum,"cw=7;ccw=6;control=(1, 0);site=0",0,111,011,1,0,0,0,1,0,0
local_integrity,invert_ccw_sum,"cw=7;ccw=6;control=(1, 0);site=1",0,111,101,1,0,0,0,1,0,0
local_integrity,invert_ccw_sum,"cw=7;ccw=6;control=(1, 0);site=2",0,111,110,1,0,0,0,1,0,0
local_integrity,invert_ccw_carry,"cw=7;ccw=6;control=(1, 0);site=0",0,111,011,1,0,0,0,1,0,0
local_integrity,invert_ccw_carry,"cw=7;ccw=6;control=(1, 0);site=1",0,111,101,1,0,0,0,1,0,0
local_integrity,invert_ccw_carry,"cw=7;ccw=6;control=(1, 0);site=2",0,111,110,1,0,0,0,1,0,0
local_integrity,invert_cw_sum,"cw=7;ccw=6;control=(0, 1);site=0",0,011,111,0,1,0,0,1,0,0
local_integrity,invert_cw_sum,"cw=7;ccw=6;control=(0, 1);site=1",0,101,111,0,1,0,0,1,0,0
local_integrity,invert_cw_sum,"cw=7;ccw=6;control=(0, 1);site=2",0,110,111,0,1,0,0,1,0,0
local_integrity,invert_cw_carry,"cw=7;ccw=6;control=(0, 1);site=0",0,011,111,0,1,0,0,1,0,0
local_integrity,invert_cw_carry,"cw=7;ccw=6;control=(0, 1);site=1",0,101,111,0,1,0,0,1,0,0
local_integrity,invert_cw_carry,"cw=7;ccw=6;control=(0, 1);site=2",0,110,111,0,1,0,0,1,0,0
local_integrity,invert_ccw_sum,"cw=7;ccw=6;control=(0, 1);site=0",0,111,011,1,0,0,0,1,0,0
local_integrity,invert_ccw_sum,"cw=7;ccw=6;control=(0, 1);site=1",0,111,101,1,0,0,0,1,0,0
local_integrity,invert_ccw_sum,"cw=7;ccw=6;control=(0, 1);site=2",0,111,110,1,0,0,0,1,0,0
local_integrity,invert_ccw_carry,"cw=7;ccw=6;control=(0, 1);site=0",0,111,011,1,0,0,0,1,0,0
local_integrity,invert_ccw_carry,"cw=7;ccw=6;control=(0, 1);site=1",0,111,101,1,0,0,0,1,0,0
local_integrity,invert_ccw_carry,"cw=7;ccw=6;control=(0, 1);site=2",0,111,110,1,0,0,0,1,0,0
local_integrity,invert_cw_sum,"cw=7;ccw=7;control=(1, 0);site=0",0,011,111,0,1,0,0,1,0,0
local_integrity,invert_cw_sum,"cw=7;ccw=7;control=(1, 0);site=1",0,101,111,0,1,0,0,1,0,0
local_integrity,invert_cw_sum,"cw=7;ccw=7;control=(1, 0);site=2",0,110,111,0,1,0,0,1,0,0
local_integrity,invert_cw_carry,"cw=7;ccw=7;control=(1, 0);site=0",0,011,111,0,1,0,0,1,0,0
local_integrity,invert_cw_carry,"cw=7;ccw=7;control=(1, 0);site=1",0,101,111,0,1,0,0,1,0,0
local_integrity,invert_cw_carry,"cw=7;ccw=7;control=(1, 0);site=2",0,110,111,0,1,0,0,1,0,0
local_integrity,invert_ccw_sum,"cw=7;ccw=7;control=(1, 0);site=0",0,111,011,1,0,0,0,1,0,0
local_integrity,invert_ccw_sum,"cw=7;ccw=7;control=(1, 0);site=1",0,111,101,1,0,0,0,1,0,0
local_integrity,invert_ccw_sum,"cw=7;ccw=7;control=(1, 0);site=2",0,111,110,1,0,0,0,1,0,0
local_integrity,invert_ccw_carry,"cw=7;ccw=7;control=(1, 0);site=0",0,111,011,1,0,0,0,1,0,0
local_integrity,invert_ccw_carry,"cw=7;ccw=7;control=(1, 0);site=1",0,111,101,1,0,0,0,1,0,0
local_integrity,invert_ccw_carry,"cw=7;ccw=7;control=(1, 0);site=2",0,111,110,1,0,0,0,1,0,0
local_integrity,invert_cw_sum,"cw=7;ccw=7;control=(0, 1);site=0",0,011,111,0,1,0,0,1,0,0
local_integrity,invert_cw_sum,"cw=7;ccw=7;control=(0, 1);site=1",0,101,111,0,1,0,0,1,0,0
local_integrity,invert_cw_sum,"cw=7;ccw=7;control=(0, 1);site=2",0,110,111,0,1,0,0,1,0,0
local_integrity,invert_cw_carry,"cw=7;ccw=7;control=(0, 1);site=0",0,011,111,0,1,0,0,1,0,0
local_integrity,invert_cw_carry,"cw=7;ccw=7;control=(0, 1);site=1",0,101,111,0,1,0,0,1,0,0
local_integrity,invert_cw_carry,"cw=7;ccw=7;control=(0, 1);site=2",0,110,111,0,1,0,0,1,0,0
local_integrity,invert_ccw_sum,"cw=7;ccw=7;control=(0, 1);site=0",0,111,011,1,0,0,0,1,0,0
local_integrity,invert_ccw_sum,"cw=7;ccw=7;control=(0, 1);site=1",0,111,101,1,0,0,0,1,0,0
local_integrity,invert_ccw_sum,"cw=7;ccw=7;control=(0, 1);site=2",0,111,110,1,0,0,0,1,0,0
local_integrity,invert_ccw_carry,"cw=7;ccw=7;control=(0, 1);site=0",0,111,011,1,0,0,0,1,0,0
local_integrity,invert_ccw_carry,"cw=7;ccw=7;control=(0, 1);site=1",0,111,101,1,0,0,0,1,0,0
local_integrity,invert_ccw_carry,"cw=7;ccw=7;control=(0, 1);site=2",0,111,110,1,0,0,0,1,0,0
local_integrity,unmatched_epoch_cw_sum,"current=0;prior=1;control=(1, 0)",0,110,111,0,1,0,0,1,0,0
local_integrity,unmatched_epoch_cw_carry,"current=0;prior=1;control=(1, 0)",0,110,111,0,1,0,0,1,0,0
local_integrity,unmatched_epoch_ccw_sum,"current=0;prior=1;control=(1, 0)",0,111,110,1,0,0,0,1,0,0
local_integrity,unmatched_epoch_ccw_carry,"current=0;prior=1;control=(1, 0)",0,111,110,1,0,0,0,1,0,0
local_integrity,unmatched_epoch_cw_sum,"current=0;prior=1;control=(0, 1)",0,110,111,0,1,0,0,1,0,0
local_integrity,unmatched_epoch_cw_carry,"current=0;prior=1;control=(0, 1)",0,110,111,0,1,0,0,1,0,0
local_integrity,unmatched_epoch_ccw_sum,"current=0;prior=1;control=(0, 1)",0,111,110,1,0,0,0,1,0,0
local_integrity,unmatched_epoch_ccw_carry,"current=0;prior=1;control=(0, 1)",0,111,110,1,0,0,0,1,0,0
local_integrity,unmatched_epoch_cw_sum,"current=0;prior=2;control=(1, 0)",0,101,111,0,1,0,0,1,0,0
local_integrity,unmatched_epoch_cw_carry,"current=0;prior=2;control=(1, 0)",0,101,111,0,1,0,0,1,0,0
local_integrity,unmatched_epoch_ccw_sum,"current=0;prior=2;control=(1, 0)",0,111,101,1,0,0,0,1,0,0
local_integrity,unmatched_epoch_ccw_carry,"current=0;prior=2;control=(1, 0)",0,111,101,1,0,0,0,1,0,0
local_integrity,unmatched_epoch_cw_sum,"current=0;prior=2;control=(0, 1)",0,101,111,0,1,0,0,1,0,0
local_integrity,unmatched_epoch_cw_carry,"current=0;prior=2;control=(0, 1)",0,101,111,0,1,0,0,1,0,0
local_integrity,unmatched_epoch_ccw_sum,"current=0;prior=2;control=(0, 1)",0,111,101,1,0,0,0,1,0,0
local_integrity,unmatched_epoch_ccw_carry,"current=0;prior=2;control=(0, 1)",0,111,101,1,0,0,0,1,0,0
local_integrity,unmatched_epoch_cw_sum,"current=0;prior=3;control=(1, 0)",0,100,111,0,1,0,0,1,0,0
local_integrity,unmatched_epoch_cw_carry,"current=0;prior=3;control=(1, 0)",0,100,111,0,1,0,0,1,0,0
local_integrity,unmatched_epoch_ccw_sum,"current=0;prior=3;control=(1, 0)",0,111,100,1,0,0,0,1,0,0
local_integrity,unmatched_epoch_ccw_carry,"current=0;prior=3;control=(1, 0)",0,111,100,1,0,0,0,1,0,0
local_integrity,unmatched_epoch_cw_sum,"current=0;prior=3;control=(0, 1)",0,100,111,0,1,0,0,1,0,0
local_integrity,unmatched_epoch_cw_carry,"current=0;prior=3;control=(0, 1)",0,100,111,0,1,0,0,1,0,0
local_integrity,unmatched_epoch_ccw_sum,"current=0;prior=3;control=(0, 1)",0,111,100,1,0,0,0,1,0,0
local_integrity,unmatched_epoch_ccw_carry,"current=0;prior=3;control=(0, 1)",0,111,100,1,0,0,0,1,0,0
local_integrity,unmatched_epoch_cw_sum,"current=0;prior=4;control=(1, 0)",0,011,111,0,1,0,0,1,0,0
local_integrity,unmatched_epoch_cw_carry,"current=0;prior=4;control=(1, 0)",0,011,111,0,1,0,0,1,0,0
local_integrity,unmatched_epoch_ccw_sum,"current=0;prior=4;control=(1, 0)",0,111,011,1,0,0,0,1,0,0
local_integrity,unmatched_epoch_ccw_carry,"current=0;prior=4;control=(1, 0)",0,111,011,1,0,0,0,1,0,0
local_integrity,unmatched_epoch_cw_sum,"current=0;prior=4;control=(0, 1)",0,011,111,0,1,0,0,1,0,0
local_integrity,unmatched_epoch_cw_carry,"current=0;prior=4;control=(0, 1)",0,011,111,0,1,0,0,1,0,0
local_integrity,unmatched_epoch_ccw_sum,"current=0;prior=4;control=(0, 1)",0,111,011,1,0,0,0,1,0,0
local_integrity,unmatched_epoch_ccw_carry,"current=0;prior=4;control=(0, 1)",0,111,011,1,0,0,0,1,0,0
local_integrity,unmatched_epoch_cw_sum,"current=0;prior=5;control=(1, 0)",0,010,111,0,1,0,0,1,0,0
local_integrity,unmatched_epoch_cw_carry,"current=0;prior=5;control=(1, 0)",0,010,111,0,1,0,0,1,0,0
local_integrity,unmatched_epoch_ccw_sum,"current=0;prior=5;control=(1, 0)",0,111,010,1,0,0,0,1,0,0
local_integrity,unmatched_epoch_ccw_carry,"current=0;prior=5;control=(1, 0)",0,111,010,1,0,0,0,1,0,0
local_integrity,unmatched_epoch_cw_sum,"current=0;prior=5;control=(0, 1)",0,010,111,0,1,0,0,1,0,0
local_integrity,unmatched_epoch_cw_carry,"current=0;prior=5;control=(0, 1)",0,010,111,0,1,0,0,1,0,0
local_integrity,unmatched_epoch_ccw_sum,"current=0;prior=5;control=(0, 1)",0,111,010,1,0,0,0,1,0,0
local_integrity,unmatched_epoch_ccw_carry,"current=0;prior=5;control=(0, 1)",0,111,010,1,0,0,0,1,0,0
local_integrity,unmatched_epoch_cw_sum,"current=0;prior=6;control=(1, 0)",0,001,111,0,1,0,0,1,0,0
local_integrity,unmatched_epoch_cw_carry,"current=0;prior=6;control=(1, 0)",0,001,111,0,1,0,0,1,0,0
local_integrity,unmatched_epoch_ccw_sum,"current=0;prior=6;control=(1, 0)",0,111,001,1,0,0,0,1,0,0
local_integrity,unmatched_epoch_ccw_carry,"current=0;prior=6;control=(1, 0)",0,111,001,1,0,0,0,1,0,0
local_integrity,unmatched_epoch_cw_sum,"current=0;prior=6;control=(0, 1)",0,001,111,0,1,0,0,1,0,0
local_integrity,unmatched_epoch_cw_carry,"current=0;prior=6;control=(0, 1)",0,001,111,0,1,0,0,1,0,0
local_integrity,unmatched_epoch_ccw_sum,"current=0;prior=6;control=(0, 1)",0,111,001,1,0,0,0,1,0,0
local_integrity,unmatched_epoch_ccw_carry,"current=0;prior=6;control=(0, 1)",0,111,001,1,0,0,0,1,0,0
local_integrity,unmatched_epoch_cw_sum,"current=0;prior=7;control=(1, 0)",0,000,111,0,1,0,0,1,0,0
local_integrity,unmatched_epoch_cw_carry,"current=0;prior=7;control=(1, 0)",0,000,111,0,1,0,0,1,0,0
local_integrity,unmatched_epoch_ccw_sum,"current=0;prior=7;control=(1, 0)",0,111,000,1,0,0,0,1,0,0
local_integrity,unmatched_epoch_ccw_carry,"current=0;prior=7;control=(1, 0)",0,111,000,1,0,0,0,1,0,0
local_integrity,unmatched_epoch_cw_sum,"current=0;prior=7;control=(0, 1)",0,000,111,0,1,0,0,1,0,0
local_integrity,unmatched_epoch_cw_carry,"current=0;prior=7;control=(0, 1)",0,000,111,0,1,0,0,1,0,0
local_integrity,unmatched_epoch_ccw_sum,"current=0;prior=7;control=(0, 1)",0,111,000,1,0,0,0,1,0,0
local_integrity,unmatched_epoch_ccw_carry,"current=0;prior=7;control=(0, 1)",0,111,000,1,0,0,0,1,0,0
local_integrity,unmatched_epoch_cw_sum,"current=1;prior=0;control=(1, 0)",0,110,111,0,1,0,0,1,0,0
local_integrity,unmatched_epoch_cw_carry,"current=1;prior=0;control=(1, 0)",0,110,111,0,1,0,0,1,0,0
local_integrity,unmatched_epoch_ccw_sum,"current=1;prior=0;control=(1, 0)",0,111,110,1,0,0,0,1,0,0
local_integrity,unmatched_epoch_ccw_carry,"current=1;prior=0;control=(1, 0)",0,111,110,1,0,0,0,1,0,0
local_integrity,unmatched_epoch_cw_sum,"current=1;prior=0;control=(0, 1)",0,110,111,0,1,0,0,1,0,0
local_integrity,unmatched_epoch_cw_carry,"current=1;prior=0;control=(0, 1)",0,110,111,0,1,0,0,1,0,0
local_integrity,unmatched_epoch_ccw_sum,"current=1;prior=0;control=(0, 1)",0,111,110,1,0,0,0,1,0,0
local_integrity,unmatched_epoch_ccw_carry,"current=1;prior=0;control=(0, 1)",0,111,110,1,0,0,0,1,0,0
local_integrity,unmatched_epoch_cw_sum,"current=1;prior=2;control=(1, 0)",0,100,111,0,1,0,0,1,0,0
local_integrity,unmatched_epoch_cw_carry,"current=1;prior=2;control=(1, 0)",0,100,111,0,1,0,0,1,0,0
local_integrity,unmatched_epoch_ccw_sum,"current=1;prior=2;control=(1, 0)",0,111,100,1,0,0,0,1,0,0
local_integrity,unmatched_epoch_ccw_carry,"current=1;prior=2;control=(1, 0)",0,111,100,1,0,0,0,1,0,0
local_integrity,unmatched_epoch_cw_sum,"current=1;prior=2;control=(0, 1)",0,100,111,0,1,0,0,1,0,0
local_integrity,unmatched_epoch_cw_carry,"current=1;prior=2;control=(0, 1)",0,100,111,0,1,0,0,1,0,0
local_integrity,unmatched_epoch_ccw_sum,"current=1;prior=2;control=(0, 1)",0,111,100,1,0,0,0,1,0,0
local_integrity,unmatched_epoch_ccw_carry,"current=1;prior=2;control=(0, 1)",0,111,100,1,0,0,0,1,0,0
local_integrity,unmatched_epoch_cw_sum,"current=1;prior=3;control=(1, 0)",0,101,111,0,1,0,0,1,0,0
local_integrity,unmatched_epoch_cw_carry,"current=1;prior=3;control=(1, 0)",0,101,111,0,1,0,0,1,0,0
local_integrity,unmatched_epoch_ccw_sum,"current=1;prior=3;control=(1, 0)",0,111,101,1,0,0,0,1,0,0
local_integrity,unmatched_epoch_ccw_carry,"current=1;prior=3;control=(1, 0)",0,111,101,1,0,0,0,1,0,0
local_integrity,unmatched_epoch_cw_sum,"current=1;prior=3;control=(0, 1)",0,101,111,0,1,0,0,1,0,0
local_integrity,unmatched_epoch_cw_carry,"current=1;prior=3;control=(0, 1)",0,101,111,0,1,0,0,1,0,0
local_integrity,unmatched_epoch_ccw_sum,"current=1;prior=3;control=(0, 1)",0,111,101,1,0,0,0,1,0,0
local_integrity,unmatched_epoch_ccw_carry,"current=1;prior=3;control=(0, 1)",0,111,101,1,0,0,0,1,0,0
local_integrity,unmatched_epoch_cw_sum,"current=1;prior=4;control=(1, 0)",0,010,111,0,1,0,0,1,0,0
local_integrity,unmatched_epoch_cw_carry,"current=1;prior=4;control=(1, 0)",0,010,111,0,1,0,0,1,0,0
local_integrity,unmatched_epoch_ccw_sum,"current=1;prior=4;control=(1, 0)",0,111,010,1,0,0,0,1,0,0
local_integrity,unmatched_epoch_ccw_carry,"current=1;prior=4;control=(1, 0)",0,111,010,1,0,0,0,1,0,0
local_integrity,unmatched_epoch_cw_sum,"current=1;prior=4;control=(0, 1)",0,010,111,0,1,0,0,1,0,0
local_integrity,unmatched_epoch_cw_carry,"current=1;prior=4;control=(0, 1)",0,010,111,0,1,0,0,1,0,0
local_integrity,unmatched_epoch_ccw_sum,"current=1;prior=4;control=(0, 1)",0,111,010,1,0,0,0,1,0,0
local_integrity,unmatched_epoch_ccw_carry,"current=1;prior=4;control=(0, 1)",0,111,010,1,0,0,0,1,0,0
local_integrity,unmatched_epoch_cw_sum,"current=1;prior=5;control=(1, 0)",0,011,111,0,1,0,0,1,0,0
local_integrity,unmatched_epoch_cw_carry,"current=1;prior=5;control=(1, 0)",0,011,111,0,1,0,0,1,0,0
local_integrity,unmatched_epoch_ccw_sum,"current=1;prior=5;control=(1, 0)",0,111,011,1,0,0,0,1,0,0
local_integrity,unmatched_epoch_ccw_carry,"current=1;prior=5;control=(1, 0)",0,111,011,1,0,0,0,1,0,0
local_integrity,unmatched_epoch_cw_sum,"current=1;prior=5;control=(0, 1)",0,011,111,0,1,0,0,1,0,0
local_integrity,unmatched_epoch_cw_carry,"current=1;prior=5;control=(0, 1)",0,011,111,0,1,0,0,1,0,0
local_integrity,unmatched_epoch_ccw_sum,"current=1;prior=5;control=(0, 1)",0,111,011,1,0,0,0,1,0,0
local_integrity,unmatched_epoch_ccw_carry,"current=1;prior=5;control=(0, 1)",0,111,011,1,0,0,0,1,0,0
local_integrity,unmatched_epoch_cw_sum,"current=1;prior=6;control=(1, 0)",0,000,111,0,1,0,0,1,0,0
local_integrity,unmatched_epoch_cw_carry,"current=1;prior=6;control=(1, 0)",0,000,111,0,1,0,0,1,0,0
local_integrity,unmatched_epoch_ccw_sum,"current=1;prior=6;control=(1, 0)",0,111,000,1,0,0,0,1,0,0
local_integrity,unmatched_epoch_ccw_carry,"current=1;prior=6;control=(1, 0)",0,111,000,1,0,0,0,1,0,0
local_integrity,unmatched_epoch_cw_sum,"current=1;prior=6;control=(0, 1)",0,000,111,0,1,0,0,1,0,0
local_integrity,unmatched_epoch_cw_carry,"current=1;prior=6;control=(0, 1)",0,000,111,0,1,0,0,1,0,0
local_integrity,unmatched_epoch_ccw_sum,"current=1;prior=6;control=(0, 1)",0,111,000,1,0,0,0,1,0,0
local_integrity,unmatched_epoch_ccw_carry,"current=1;prior=6;control=(0, 1)",0,111,000,1,0,0,0,1,0,0
local_integrity,unmatched_epoch_cw_sum,"current=1;prior=7;control=(1, 0)",0,001,111,0,1,0,0,1,0,0
local_integrity,unmatched_epoch_cw_carry,"current=1;prior=7;control=(1, 0)",0,001,111,0,1,0,0,1,0,0
local_integrity,unmatched_epoch_ccw_sum,"current=1;prior=7;control=(1, 0)",0,111,001,1,0,0,0,1,0,0
local_integrity,unmatched_epoch_ccw_carry,"current=1;prior=7;control=(1, 0)",0,111,001,1,0,0,0,1,0,0
local_integrity,unmatched_epoch_cw_sum,"current=1;prior=7;control=(0, 1)",0,001,111,0,1,0,0,1,0,0
local_integrity,unmatched_epoch_cw_carry,"current=1;prior=7;control=(0, 1)",0,001,111,0,1,0,0,1,0,0
local_integrity,unmatched_epoch_ccw_sum,"current=1;prior=7;control=(0, 1)",0,111,001,1,0,0,0,1,0,0
local_integrity,unmatched_epoch_ccw_carry,"current=1;prior=7;control=(0, 1)",0,111,001,1,0,0,0,1,0,0
local_integrity,unmatched_epoch_cw_sum,"current=2;prior=0;control=(1, 0)",0,101,111,0,1,0,0,1,0,0
local_integrity,unmatched_epoch_cw_carry,"current=2;prior=0;control=(1, 0)",0,101,111,0,1,0,0,1,0,0
local_integrity,unmatched_epoch_ccw_sum,"current=2;prior=0;control=(1, 0)",0,111,101,1,0,0,0,1,0,0
local_integrity,unmatched_epoch_ccw_carry,"current=2;prior=0;control=(1, 0)",0,111,101,1,0,0,0,1,0,0
local_integrity,unmatched_epoch_cw_sum,"current=2;prior=0;control=(0, 1)",0,101,111,0,1,0,0,1,0,0
local_integrity,unmatched_epoch_cw_carry,"current=2;prior=0;control=(0, 1)",0,101,111,0,1,0,0,1,0,0
local_integrity,unmatched_epoch_ccw_sum,"current=2;prior=0;control=(0, 1)",0,111,101,1,0,0,0,1,0,0
local_integrity,unmatched_epoch_ccw_carry,"current=2;prior=0;control=(0, 1)",0,111,101,1,0,0,0,1,0,0
local_integrity,unmatched_epoch_cw_sum,"current=2;prior=1;control=(1, 0)",0,100,111,0,1,0,0,1,0,0
local_integrity,unmatched_epoch_cw_carry,"current=2;prior=1;control=(1, 0)",0,100,111,0,1,0,0,1,0,0
local_integrity,unmatched_epoch_ccw_sum,"current=2;prior=1;control=(1, 0)",0,111,100,1,0,0,0,1,0,0
local_integrity,unmatched_epoch_ccw_carry,"current=2;prior=1;control=(1, 0)",0,111,100,1,0,0,0,1,0,0
local_integrity,unmatched_epoch_cw_sum,"current=2;prior=1;control=(0, 1)",0,100,111,0,1,0,0,1,0,0
local_integrity,unmatched_epoch_cw_carry,"current=2;prior=1;control=(0, 1)",0,100,111,0,1,0,0,1,0,0
local_integrity,unmatched_epoch_ccw_sum,"current=2;prior=1;control=(0, 1)",0,111,100,1,0,0,0,1,0,0
local_integrity,unmatched_epoch_ccw_carry,"current=2;prior=1;control=(0, 1)",0,111,100,1,0,0,0,1,0,0
local_integrity,unmatched_epoch_cw_sum,"current=2;prior=3;control=(1, 0)",0,110,111,0,1,0,0,1,0,0
local_integrity,unmatched_epoch_cw_carry,"current=2;prior=3;control=(1, 0)",0,110,111,0,1,0,0,1,0,0
local_integrity,unmatched_epoch_ccw_sum,"current=2;prior=3;control=(1, 0)",0,111,110,1,0,0,0,1,0,0
local_integrity,unmatched_epoch_ccw_carry,"current=2;prior=3;control=(1, 0)",0,111,110,1,0,0,0,1,0,0
local_integrity,unmatched_epoch_cw_sum,"current=2;prior=3;control=(0, 1)",0,110,111,0,1,0,0,1,0,0
local_integrity,unmatched_epoch_cw_carry,"current=2;prior=3;control=(0, 1)",0,110,111,0,1,0,0,1,0,0
local_integrity,unmatched_epoch_ccw_sum,"current=2;prior=3;control=(0, 1)",0,111,110,1,0,0,0,1,0,0
local_integrity,unmatched_epoch_ccw_carry,"current=2;prior=3;control=(0, 1)",0,111,110,1,0,0,0,1,0,0
local_integrity,unmatched_epoch_cw_sum,"current=2;prior=4;control=(1, 0)",0,001,111,0,1,0,0,1,0,0
local_integrity,unmatched_epoch_cw_carry,"current=2;prior=4;control=(1, 0)",0,001,111,0,1,0,0,1,0,0
local_integrity,unmatched_epoch_ccw_sum,"current=2;prior=4;control=(1, 0)",0,111,001,1,0,0,0,1,0,0
local_integrity,unmatched_epoch_ccw_carry,"current=2;prior=4;control=(1, 0)",0,111,001,1,0,0,0,1,0,0
local_integrity,unmatched_epoch_cw_sum,"current=2;prior=4;control=(0, 1)",0,001,111,0,1,0,0,1,0,0
local_integrity,unmatched_epoch_cw_carry,"current=2;prior=4;control=(0, 1)",0,001,111,0,1,0,0,1,0,0
local_integrity,unmatched_epoch_ccw_sum,"current=2;prior=4;control=(0, 1)",0,111,001,1,0,0,0,1,0,0
local_integrity,unmatched_epoch_ccw_carry,"current=2;prior=4;control=(0, 1)",0,111,001,1,0,0,0,1,0,0
local_integrity,unmatched_epoch_cw_sum,"current=2;prior=5;control=(1, 0)",0,000,111,0,1,0,0,1,0,0
local_integrity,unmatched_epoch_cw_carry,"current=2;prior=5;control=(1, 0)",0,000,111,0,1,0,0,1,0,0
local_integrity,unmatched_epoch_ccw_sum,"current=2;prior=5;control=(1, 0)",0,111,000,1,0,0,0,1,0,0
local_integrity,unmatched_epoch_ccw_carry,"current=2;prior=5;control=(1, 0)",0,111,000,1,0,0,0,1,0,0
local_integrity,unmatched_epoch_cw_sum,"current=2;prior=5;control=(0, 1)",0,000,111,0,1,0,0,1,0,0
local_integrity,unmatched_epoch_cw_carry,"current=2;prior=5;control=(0, 1)",0,000,111,0,1,0,0,1,0,0
local_integrity,unmatched_epoch_ccw_sum,"current=2;prior=5;control=(0, 1)",0,111,000,1,0,0,0,1,0,0
local_integrity,unmatched_epoch_ccw_carry,"current=2;prior=5;control=(0, 1)",0,111,000,1,0,0,0,1,0,0
local_integrity,unmatched_epoch_cw_sum,"current=2;prior=6;control=(1, 0)",0,011,111,0,1,0,0,1,0,0
local_integrity,unmatched_epoch_cw_carry,"current=2;prior=6;control=(1, 0)",0,011,111,0,1,0,0,1,0,0
local_integrity,unmatched_epoch_ccw_sum,"current=2;prior=6;control=(1, 0)",0,111,011,1,0,0,0,1,0,0
local_integrity,unmatched_epoch_ccw_carry,"current=2;prior=6;control=(1, 0)",0,111,011,1,0,0,0,1,0,0
local_integrity,unmatched_epoch_cw_sum,"current=2;prior=6;control=(0, 1)",0,011,111,0,1,0,0,1,0,0
local_integrity,unmatched_epoch_cw_carry,"current=2;prior=6;control=(0, 1)",0,011,111,0,1,0,0,1,0,0
local_integrity,unmatched_epoch_ccw_sum,"current=2;prior=6;control=(0, 1)",0,111,011,1,0,0,0,1,0,0
local_integrity,unmatched_epoch_ccw_carry,"current=2;prior=6;control=(0, 1)",0,111,011,1,0,0,0,1,0,0
local_integrity,unmatched_epoch_cw_sum,"current=2;prior=7;control=(1, 0)",0,010,111,0,1,0,0,1,0,0
local_integrity,unmatched_epoch_cw_carry,"current=2;prior=7;control=(1, 0)",0,010,111,0,1,0,0,1,0,0
local_integrity,unmatched_epoch_ccw_sum,"current=2;prior=7;control=(1, 0)",0,111,010,1,0,0,0,1,0,0
local_integrity,unmatched_epoch_ccw_carry,"current=2;prior=7;control=(1, 0)",0,111,010,1,0,0,0,1,0,0
local_integrity,unmatched_epoch_cw_sum,"current=2;prior=7;control=(0, 1)",0,010,111,0,1,0,0,1,0,0
local_integrity,unmatched_epoch_cw_carry,"current=2;prior=7;control=(0, 1)",0,010,111,0,1,0,0,1,0,0
local_integrity,unmatched_epoch_ccw_sum,"current=2;prior=7;control=(0, 1)",0,111,010,1,0,0,0,1,0,0
local_integrity,unmatched_epoch_ccw_carry,"current=2;prior=7;control=(0, 1)",0,111,010,1,0,0,0,1,0,0
local_integrity,unmatched_epoch_cw_sum,"current=3;prior=0;control=(1, 0)",0,100,111,0,1,0,0,1,0,0
local_integrity,unmatched_epoch_cw_carry,"current=3;prior=0;control=(1, 0)",0,100,111,0,1,0,0,1,0,0
local_integrity,unmatched_epoch_ccw_sum,"current=3;prior=0;control=(1, 0)",0,111,100,1,0,0,0,1,0,0
local_integrity,unmatched_epoch_ccw_carry,"current=3;prior=0;control=(1, 0)",0,111,100,1,0,0,0,1,0,0
local_integrity,unmatched_epoch_cw_sum,"current=3;prior=0;control=(0, 1)",0,100,111,0,1,0,0,1,0,0
local_integrity,unmatched_epoch_cw_carry,"current=3;prior=0;control=(0, 1)",0,100,111,0,1,0,0,1,0,0
local_integrity,unmatched_epoch_ccw_sum,"current=3;prior=0;control=(0, 1)",0,111,100,1,0,0,0,1,0,0
local_integrity,unmatched_epoch_ccw_carry,"current=3;prior=0;control=(0, 1)",0,111,100,1,0,0,0,1,0,0
local_integrity,unmatched_epoch_cw_sum,"current=3;prior=1;control=(1, 0)",0,101,111,0,1,0,0,1,0,0
local_integrity,unmatched_epoch_cw_carry,"current=3;prior=1;control=(1, 0)",0,101,111,0,1,0,0,1,0,0
local_integrity,unmatched_epoch_ccw_sum,"current=3;prior=1;control=(1, 0)",0,111,101,1,0,0,0,1,0,0
local_integrity,unmatched_epoch_ccw_carry,"current=3;prior=1;control=(1, 0)",0,111,101,1,0,0,0,1,0,0
local_integrity,unmatched_epoch_cw_sum,"current=3;prior=1;control=(0, 1)",0,101,111,0,1,0,0,1,0,0
local_integrity,unmatched_epoch_cw_carry,"current=3;prior=1;control=(0, 1)",0,101,111,0,1,0,0,1,0,0
local_integrity,unmatched_epoch_ccw_sum,"current=3;prior=1;control=(0, 1)",0,111,101,1,0,0,0,1,0,0
local_integrity,unmatched_epoch_ccw_carry,"current=3;prior=1;control=(0, 1)",0,111,101,1,0,0,0,1,0,0
local_integrity,unmatched_epoch_cw_sum,"current=3;prior=2;control=(1, 0)",0,110,111,0,1,0,0,1,0,0
local_integrity,unmatched_epoch_cw_carry,"current=3;prior=2;control=(1, 0)",0,110,111,0,1,0,0,1,0,0
local_integrity,unmatched_epoch_ccw_sum,"current=3;prior=2;control=(1, 0)",0,111,110,1,0,0,0,1,0,0
local_integrity,unmatched_epoch_ccw_carry,"current=3;prior=2;control=(1, 0)",0,111,110,1,0,0,0,1,0,0
local_integrity,unmatched_epoch_cw_sum,"current=3;prior=2;control=(0, 1)",0,110,111,0,1,0,0,1,0,0
local_integrity,unmatched_epoch_cw_carry,"current=3;prior=2;control=(0, 1)",0,110,111,0,1,0,0,1,0,0
local_integrity,unmatched_epoch_ccw_sum,"current=3;prior=2;control=(0, 1)",0,111,110,1,0,0,0,1,0,0
local_integrity,unmatched_epoch_ccw_carry,"current=3;prior=2;control=(0, 1)",0,111,110,1,0,0,0,1,0,0
local_integrity,unmatched_epoch_cw_sum,"current=3;prior=4;control=(1, 0)",0,000,111,0,1,0,0,1,0,0
local_integrity,unmatched_epoch_cw_carry,"current=3;prior=4;control=(1, 0)",0,000,111,0,1,0,0,1,0,0
local_integrity,unmatched_epoch_ccw_sum,"current=3;prior=4;control=(1, 0)",0,111,000,1,0,0,0,1,0,0
local_integrity,unmatched_epoch_ccw_carry,"current=3;prior=4;control=(1, 0)",0,111,000,1,0,0,0,1,0,0
local_integrity,unmatched_epoch_cw_sum,"current=3;prior=4;control=(0, 1)",0,000,111,0,1,0,0,1,0,0
local_integrity,unmatched_epoch_cw_carry,"current=3;prior=4;control=(0, 1)",0,000,111,0,1,0,0,1,0,0
local_integrity,unmatched_epoch_ccw_sum,"current=3;prior=4;control=(0, 1)",0,111,000,1,0,0,0,1,0,0
local_integrity,unmatched_epoch_ccw_carry,"current=3;prior=4;control=(0, 1)",0,111,000,1,0,0,0,1,0,0
local_integrity,unmatched_epoch_cw_sum,"current=3;prior=5;control=(1, 0)",0,001,111,0,1,0,0,1,0,0
local_integrity,unmatched_epoch_cw_carry,"current=3;prior=5;control=(1, 0)",0,001,111,0,1,0,0,1,0,0
local_integrity,unmatched_epoch_ccw_sum,"current=3;prior=5;control=(1, 0)",0,111,001,1,0,0,0,1,0,0
local_integrity,unmatched_epoch_ccw_carry,"current=3;prior=5;control=(1, 0)",0,111,001,1,0,0,0,1,0,0
local_integrity,unmatched_epoch_cw_sum,"current=3;prior=5;control=(0, 1)",0,001,111,0,1,0,0,1,0,0
local_integrity,unmatched_epoch_cw_carry,"current=3;prior=5;control=(0, 1)",0,001,111,0,1,0,0,1,0,0
local_integrity,unmatched_epoch_ccw_sum,"current=3;prior=5;control=(0, 1)",0,111,001,1,0,0,0,1,0,0
local_integrity,unmatched_epoch_ccw_carry,"current=3;prior=5;control=(0, 1)",0,111,001,1,0,0,0,1,0,0
local_integrity,unmatched_epoch_cw_sum,"current=3;prior=6;control=(1, 0)",0,010,111,0,1,0,0,1,0,0
local_integrity,unmatched_epoch_cw_carry,"current=3;prior=6;control=(1, 0)",0,010,111,0,1,0,0,1,0,0
local_integrity,unmatched_epoch_ccw_sum,"current=3;prior=6;control=(1, 0)",0,111,010,1,0,0,0,1,0,0
local_integrity,unmatched_epoch_ccw_carry,"current=3;prior=6;control=(1, 0)",0,111,010,1,0,0,0,1,0,0
local_integrity,unmatched_epoch_cw_sum,"current=3;prior=6;control=(0, 1)",0,010,111,0,1,0,0,1,0,0
local_integrity,unmatched_epoch_cw_carry,"current=3;prior=6;control=(0, 1)",0,010,111,0,1,0,0,1,0,0
local_integrity,unmatched_epoch_ccw_sum,"current=3;prior=6;control=(0, 1)",0,111,010,1,0,0,0,1,0,0
local_integrity,unmatched_epoch_ccw_carry,"current=3;prior=6;control=(0, 1)",0,111,010,1,0,0,0,1,0,0
local_integrity,unmatched_epoch_cw_sum,"current=3;prior=7;control=(1, 0)",0,011,111,0,1,0,0,1,0,0
local_integrity,unmatched_epoch_cw_carry,"current=3;prior=7;control=(1, 0)",0,011,111,0,1,0,0,1,0,0
local_integrity,unmatched_epoch_ccw_sum,"current=3;prior=7;control=(1, 0)",0,111,011,1,0,0,0,1,0,0
local_integrity,unmatched_epoch_ccw_carry,"current=3;prior=7;control=(1, 0)",0,111,011,1,0,0,0,1,0,0
local_integrity,unmatched_epoch_cw_sum,"current=3;prior=7;control=(0, 1)",0,011,111,0,1,0,0,1,0,0
local_integrity,unmatched_epoch_cw_carry,"current=3;prior=7;control=(0, 1)",0,011,111,0,1,0,0,1,0,0
local_integrity,unmatched_epoch_ccw_sum,"current=3;prior=7;control=(0, 1)",0,111,011,1,0,0,0,1,0,0
local_integrity,unmatched_epoch_ccw_carry,"current=3;prior=7;control=(0, 1)",0,111,011,1,0,0,0,1,0,0
local_integrity,unmatched_epoch_cw_sum,"current=4;prior=0;control=(1, 0)",0,011,111,0,1,0,0,1,0,0
local_integrity,unmatched_epoch_cw_carry,"current=4;prior=0;control=(1, 0)",0,011,111,0,1,0,0,1,0,0
local_integrity,unmatched_epoch_ccw_sum,"current=4;prior=0;control=(1, 0)",0,111,011,1,0,0,0,1,0,0
local_integrity,unmatched_epoch_ccw_carry,"current=4;prior=0;control=(1, 0)",0,111,011,1,0,0,0,1,0,0
local_integrity,unmatched_epoch_cw_sum,"current=4;prior=0;control=(0, 1)",0,011,111,0,1,0,0,1,0,0
local_integrity,unmatched_epoch_cw_carry,"current=4;prior=0;control=(0, 1)",0,011,111,0,1,0,0,1,0,0
local_integrity,unmatched_epoch_ccw_sum,"current=4;prior=0;control=(0, 1)",0,111,011,1,0,0,0,1,0,0
local_integrity,unmatched_epoch_ccw_carry,"current=4;prior=0;control=(0, 1)",0,111,011,1,0,0,0,1,0,0
local_integrity,unmatched_epoch_cw_sum,"current=4;prior=1;control=(1, 0)",0,010,111,0,1,0,0,1,0,0
local_integrity,unmatched_epoch_cw_carry,"current=4;prior=1;control=(1, 0)",0,010,111,0,1,0,0,1,0,0
local_integrity,unmatched_epoch_ccw_sum,"current=4;prior=1;control=(1, 0)",0,111,010,1,0,0,0,1,0,0
local_integrity,unmatched_epoch_ccw_carry,"current=4;prior=1;control=(1, 0)",0,111,010,1,0,0,0,1,0,0
local_integrity,unmatched_epoch_cw_sum,"current=4;prior=1;control=(0, 1)",0,010,111,0,1,0,0,1,0,0
local_integrity,unmatched_epoch_cw_carry,"current=4;prior=1;control=(0, 1)",0,010,111,0,1,0,0,1,0,0
local_integrity,unmatched_epoch_ccw_sum,"current=4;prior=1;control=(0, 1)",0,111,010,1,0,0,0,1,0,0
local_integrity,unmatched_epoch_ccw_carry,"current=4;prior=1;control=(0, 1)",0,111,010,1,0,0,0,1,0,0
local_integrity,unmatched_epoch_cw_sum,"current=4;prior=2;control=(1, 0)",0,001,111,0,1,0,0,1,0,0
local_integrity,unmatched_epoch_cw_carry,"current=4;prior=2;control=(1, 0)",0,001,111,0,1,0,0,1,0,0
local_integrity,unmatched_epoch_ccw_sum,"current=4;prior=2;control=(1, 0)",0,111,001,1,0,0,0,1,0,0
local_integrity,unmatched_epoch_ccw_carry,"current=4;prior=2;control=(1, 0)",0,111,001,1,0,0,0,1,0,0
local_integrity,unmatched_epoch_cw_sum,"current=4;prior=2;control=(0, 1)",0,001,111,0,1,0,0,1,0,0
local_integrity,unmatched_epoch_cw_carry,"current=4;prior=2;control=(0, 1)",0,001,111,0,1,0,0,1,0,0
local_integrity,unmatched_epoch_ccw_sum,"current=4;prior=2;control=(0, 1)",0,111,001,1,0,0,0,1,0,0
local_integrity,unmatched_epoch_ccw_carry,"current=4;prior=2;control=(0, 1)",0,111,001,1,0,0,0,1,0,0
local_integrity,unmatched_epoch_cw_sum,"current=4;prior=3;control=(1, 0)",0,000,111,0,1,0,0,1,0,0
local_integrity,unmatched_epoch_cw_carry,"current=4;prior=3;control=(1, 0)",0,000,111,0,1,0,0,1,0,0
local_integrity,unmatched_epoch_ccw_sum,"current=4;prior=3;control=(1, 0)",0,111,000,1,0,0,0,1,0,0
local_integrity,unmatched_epoch_ccw_carry,"current=4;prior=3;control=(1, 0)",0,111,000,1,0,0,0,1,0,0
local_integrity,unmatched_epoch_cw_sum,"current=4;prior=3;control=(0, 1)",0,000,111,0,1,0,0,1,0,0
local_integrity,unmatched_epoch_cw_carry,"current=4;prior=3;control=(0, 1)",0,000,111,0,1,0,0,1,0,0
local_integrity,unmatched_epoch_ccw_sum,"current=4;prior=3;control=(0, 1)",0,111,000,1,0,0,0,1,0,0
local_integrity,unmatched_epoch_ccw_carry,"current=4;prior=3;control=(0, 1)",0,111,000,1,0,0,0,1,0,0
local_integrity,unmatched_epoch_cw_sum,"current=4;prior=5;control=(1, 0)",0,110,111,0,1,0,0,1,0,0
local_integrity,unmatched_epoch_cw_carry,"current=4;prior=5;control=(1, 0)",0,110,111,0,1,0,0,1,0,0
local_integrity,unmatched_epoch_ccw_sum,"current=4;prior=5;control=(1, 0)",0,111,110,1,0,0,0,1,0,0
local_integrity,unmatched_epoch_ccw_carry,"current=4;prior=5;control=(1, 0)",0,111,110,1,0,0,0,1,0,0
local_integrity,unmatched_epoch_cw_sum,"current=4;prior=5;control=(0, 1)",0,110,111,0,1,0,0,1,0,0
local_integrity,unmatched_epoch_cw_carry,"current=4;prior=5;control=(0, 1)",0,110,111,0,1,0,0,1,0,0
local_integrity,unmatched_epoch_ccw_sum,"current=4;prior=5;control=(0, 1)",0,111,110,1,0,0,0,1,0,0
local_integrity,unmatched_epoch_ccw_carry,"current=4;prior=5;control=(0, 1)",0,111,110,1,0,0,0,1,0,0
local_integrity,unmatched_epoch_cw_sum,"current=4;prior=6;control=(1, 0)",0,101,111,0,1,0,0,1,0,0
local_integrity,unmatched_epoch_cw_carry,"current=4;prior=6;control=(1, 0)",0,101,111,0,1,0,0,1,0,0
local_integrity,unmatched_epoch_ccw_sum,"current=4;prior=6;control=(1, 0)",0,111,101,1,0,0,0,1,0,0
local_integrity,unmatched_epoch_ccw_carry,"current=4;prior=6;control=(1, 0)",0,111,101,1,0,0,0,1,0,0
local_integrity,unmatched_epoch_cw_sum,"current=4;prior=6;control=(0, 1)",0,101,111,0,1,0,0,1,0,0
local_integrity,unmatched_epoch_cw_carry,"current=4;prior=6;control=(0, 1)",0,101,111,0,1,0,0,1,0,0
local_integrity,unmatched_epoch_ccw_sum,"current=4;prior=6;control=(0, 1)",0,111,101,1,0,0,0,1,0,0
local_integrity,unmatched_epoch_ccw_carry,"current=4;prior=6;control=(0, 1)",0,111,101,1,0,0,0,1,0,0
local_integrity,unmatched_epoch_cw_sum,"current=4;prior=7;control=(1, 0)",0,100,111,0,1,0,0,1,0,0
local_integrity,unmatched_epoch_cw_carry,"current=4;prior=7;control=(1, 0)",0,100,111,0,1,0,0,1,0,0
local_integrity,unmatched_epoch_ccw_sum,"current=4;prior=7;control=(1, 0)",0,111,100,1,0,0,0,1,0,0
local_integrity,unmatched_epoch_ccw_carry,"current=4;prior=7;control=(1, 0)",0,111,100,1,0,0,0,1,0,0
local_integrity,unmatched_epoch_cw_sum,"current=4;prior=7;control=(0, 1)",0,100,111,0,1,0,0,1,0,0
local_integrity,unmatched_epoch_cw_carry,"current=4;prior=7;control=(0, 1)",0,100,111,0,1,0,0,1,0,0
local_integrity,unmatched_epoch_ccw_sum,"current=4;prior=7;control=(0, 1)",0,111,100,1,0,0,0,1,0,0
local_integrity,unmatched_epoch_ccw_carry,"current=4;prior=7;control=(0, 1)",0,111,100,1,0,0,0,1,0,0
local_integrity,unmatched_epoch_cw_sum,"current=5;prior=0;control=(1, 0)",0,010,111,0,1,0,0,1,0,0
local_integrity,unmatched_epoch_cw_carry,"current=5;prior=0;control=(1, 0)",0,010,111,0,1,0,0,1,0,0
local_integrity,unmatched_epoch_ccw_sum,"current=5;prior=0;control=(1, 0)",0,111,010,1,0,0,0,1,0,0
local_integrity,unmatched_epoch_ccw_carry,"current=5;prior=0;control=(1, 0)",0,111,010,1,0,0,0,1,0,0
local_integrity,unmatched_epoch_cw_sum,"current=5;prior=0;control=(0, 1)",0,010,111,0,1,0,0,1,0,0
local_integrity,unmatched_epoch_cw_carry,"current=5;prior=0;control=(0, 1)",0,010,111,0,1,0,0,1,0,0
local_integrity,unmatched_epoch_ccw_sum,"current=5;prior=0;control=(0, 1)",0,111,010,1,0,0,0,1,0,0
local_integrity,unmatched_epoch_ccw_carry,"current=5;prior=0;control=(0, 1)",0,111,010,1,0,0,0,1,0,0
local_integrity,unmatched_epoch_cw_sum,"current=5;prior=1;control=(1, 0)",0,011,111,0,1,0,0,1,0,0
local_integrity,unmatched_epoch_cw_carry,"current=5;prior=1;control=(1, 0)",0,011,111,0,1,0,0,1,0,0
local_integrity,unmatched_epoch_ccw_sum,"current=5;prior=1;control=(1, 0)",0,111,011,1,0,0,0,1,0,0
local_integrity,unmatched_epoch_ccw_carry,"current=5;prior=1;control=(1, 0)",0,111,011,1,0,0,0,1,0,0
local_integrity,unmatched_epoch_cw_sum,"current=5;prior=1;control=(0, 1)",0,011,111,0,1,0,0,1,0,0
local_integrity,unmatched_epoch_cw_carry,"current=5;prior=1;control=(0, 1)",0,011,111,0,1,0,0,1,0,0
local_integrity,unmatched_epoch_ccw_sum,"current=5;prior=1;control=(0, 1)",0,111,011,1,0,0,0,1,0,0
local_integrity,unmatched_epoch_ccw_carry,"current=5;prior=1;control=(0, 1)",0,111,011,1,0,0,0,1,0,0
local_integrity,unmatched_epoch_cw_sum,"current=5;prior=2;control=(1, 0)",0,000,111,0,1,0,0,1,0,0
local_integrity,unmatched_epoch_cw_carry,"current=5;prior=2;control=(1, 0)",0,000,111,0,1,0,0,1,0,0
local_integrity,unmatched_epoch_ccw_sum,"current=5;prior=2;control=(1, 0)",0,111,000,1,0,0,0,1,0,0
local_integrity,unmatched_epoch_ccw_carry,"current=5;prior=2;control=(1, 0)",0,111,000,1,0,0,0,1,0,0
local_integrity,unmatched_epoch_cw_sum,"current=5;prior=2;control=(0, 1)",0,000,111,0,1,0,0,1,0,0
local_integrity,unmatched_epoch_cw_carry,"current=5;prior=2;control=(0, 1)",0,000,111,0,1,0,0,1,0,0
local_integrity,unmatched_epoch_ccw_sum,"current=5;prior=2;control=(0, 1)",0,111,000,1,0,0,0,1,0,0
local_integrity,unmatched_epoch_ccw_carry,"current=5;prior=2;control=(0, 1)",0,111,000,1,0,0,0,1,0,0
local_integrity,unmatched_epoch_cw_sum,"current=5;prior=3;control=(1, 0)",0,001,111,0,1,0,0,1,0,0
local_integrity,unmatched_epoch_cw_carry,"current=5;prior=3;control=(1, 0)",0,001,111,0,1,0,0,1,0,0
local_integrity,unmatched_epoch_ccw_sum,"current=5;prior=3;control=(1, 0)",0,111,001,1,0,0,0,1,0,0
local_integrity,unmatched_epoch_ccw_carry,"current=5;prior=3;control=(1, 0)",0,111,001,1,0,0,0,1,0,0
local_integrity,unmatched_epoch_cw_sum,"current=5;prior=3;control=(0, 1)",0,001,111,0,1,0,0,1,0,0
local_integrity,unmatched_epoch_cw_carry,"current=5;prior=3;control=(0, 1)",0,001,111,0,1,0,0,1,0,0
local_integrity,unmatched_epoch_ccw_sum,"current=5;prior=3;control=(0, 1)",0,111,001,1,0,0,0,1,0,0
local_integrity,unmatched_epoch_ccw_carry,"current=5;prior=3;control=(0, 1)",0,111,001,1,0,0,0,1,0,0
local_integrity,unmatched_epoch_cw_sum,"current=5;prior=4;control=(1, 0)",0,110,111,0,1,0,0,1,0,0
local_integrity,unmatched_epoch_cw_carry,"current=5;prior=4;control=(1, 0)",0,110,111,0,1,0,0,1,0,0
local_integrity,unmatched_epoch_ccw_sum,"current=5;prior=4;control=(1, 0)",0,111,110,1,0,0,0,1,0,0
local_integrity,unmatched_epoch_ccw_carry,"current=5;prior=4;control=(1, 0)",0,111,110,1,0,0,0,1,0,0
local_integrity,unmatched_epoch_cw_sum,"current=5;prior=4;control=(0, 1)",0,110,111,0,1,0,0,1,0,0
local_integrity,unmatched_epoch_cw_carry,"current=5;prior=4;control=(0, 1)",0,110,111,0,1,0,0,1,0,0
local_integrity,unmatched_epoch_ccw_sum,"current=5;prior=4;control=(0, 1)",0,111,110,1,0,0,0,1,0,0
local_integrity,unmatched_epoch_ccw_carry,"current=5;prior=4;control=(0, 1)",0,111,110,1,0,0,0,1,0,0
local_integrity,unmatched_epoch_cw_sum,"current=5;prior=6;control=(1, 0)",0,100,111,0,1,0,0,1,0,0
local_integrity,unmatched_epoch_cw_carry,"current=5;prior=6;control=(1, 0)",0,100,111,0,1,0,0,1,0,0
local_integrity,unmatched_epoch_ccw_sum,"current=5;prior=6;control=(1, 0)",0,111,100,1,0,0,0,1,0,0
local_integrity,unmatched_epoch_ccw_carry,"current=5;prior=6;control=(1, 0)",0,111,100,1,0,0,0,1,0,0
local_integrity,unmatched_epoch_cw_sum,"current=5;prior=6;control=(0, 1)",0,100,111,0,1,0,0,1,0,0
local_integrity,unmatched_epoch_cw_carry,"current=5;prior=6;control=(0, 1)",0,100,111,0,1,0,0,1,0,0
local_integrity,unmatched_epoch_ccw_sum,"current=5;prior=6;control=(0, 1)",0,111,100,1,0,0,0,1,0,0
local_integrity,unmatched_epoch_ccw_carry,"current=5;prior=6;control=(0, 1)",0,111,100,1,0,0,0,1,0,0
local_integrity,unmatched_epoch_cw_sum,"current=5;prior=7;control=(1, 0)",0,101,111,0,1,0,0,1,0,0
local_integrity,unmatched_epoch_cw_carry,"current=5;prior=7;control=(1, 0)",0,101,111,0,1,0,0,1,0,0
local_integrity,unmatched_epoch_ccw_sum,"current=5;prior=7;control=(1, 0)",0,111,101,1,0,0,0,1,0,0
local_integrity,unmatched_epoch_ccw_carry,"current=5;prior=7;control=(1, 0)",0,111,101,1,0,0,0,1,0,0
local_integrity,unmatched_epoch_cw_sum,"current=5;prior=7;control=(0, 1)",0,101,111,0,1,0,0,1,0,0
local_integrity,unmatched_epoch_cw_carry,"current=5;prior=7;control=(0, 1)",0,101,111,0,1,0,0,1,0,0
local_integrity,unmatched_epoch_ccw_sum,"current=5;prior=7;control=(0, 1)",0,111,101,1,0,0,0,1,0,0
local_integrity,unmatched_epoch_ccw_carry,"current=5;prior=7;control=(0, 1)",0,111,101,1,0,0,0,1,0,0
local_integrity,unmatched_epoch_cw_sum,"current=6;prior=0;control=(1, 0)",0,001,111,0,1,0,0,1,0,0
local_integrity,unmatched_epoch_cw_carry,"current=6;prior=0;control=(1, 0)",0,001,111,0,1,0,0,1,0,0
local_integrity,unmatched_epoch_ccw_sum,"current=6;prior=0;control=(1, 0)",0,111,001,1,0,0,0,1,0,0
local_integrity,unmatched_epoch_ccw_carry,"current=6;prior=0;control=(1, 0)",0,111,001,1,0,0,0,1,0,0
local_integrity,unmatched_epoch_cw_sum,"current=6;prior=0;control=(0, 1)",0,001,111,0,1,0,0,1,0,0
local_integrity,unmatched_epoch_cw_carry,"current=6;prior=0;control=(0, 1)",0,001,111,0,1,0,0,1,0,0
local_integrity,unmatched_epoch_ccw_sum,"current=6;prior=0;control=(0, 1)",0,111,001,1,0,0,0,1,0,0
local_integrity,unmatched_epoch_ccw_carry,"current=6;prior=0;control=(0, 1)",0,111,001,1,0,0,0,1,0,0
local_integrity,unmatched_epoch_cw_sum,"current=6;prior=1;control=(1, 0)",0,000,111,0,1,0,0,1,0,0
local_integrity,unmatched_epoch_cw_carry,"current=6;prior=1;control=(1, 0)",0,000,111,0,1,0,0,1,0,0
local_integrity,unmatched_epoch_ccw_sum,"current=6;prior=1;control=(1, 0)",0,111,000,1,0,0,0,1,0,0
local_integrity,unmatched_epoch_ccw_carry,"current=6;prior=1;control=(1, 0)",0,111,000,1,0,0,0,1,0,0
local_integrity,unmatched_epoch_cw_sum,"current=6;prior=1;control=(0, 1)",0,000,111,0,1,0,0,1,0,0
local_integrity,unmatched_epoch_cw_carry,"current=6;prior=1;control=(0, 1)",0,000,111,0,1,0,0,1,0,0
local_integrity,unmatched_epoch_ccw_sum,"current=6;prior=1;control=(0, 1)",0,111,000,1,0,0,0,1,0,0
local_integrity,unmatched_epoch_ccw_carry,"current=6;prior=1;control=(0, 1)",0,111,000,1,0,0,0,1,0,0
local_integrity,unmatched_epoch_cw_sum,"current=6;prior=2;control=(1, 0)",0,011,111,0,1,0,0,1,0,0
local_integrity,unmatched_epoch_cw_carry,"current=6;prior=2;control=(1, 0)",0,011,111,0,1,0,0,1,0,0
local_integrity,unmatched_epoch_ccw_sum,"current=6;prior=2;control=(1, 0)",0,111,011,1,0,0,0,1,0,0
local_integrity,unmatched_epoch_ccw_carry,"current=6;prior=2;control=(1, 0)",0,111,011,1,0,0,0,1,0,0
local_integrity,unmatched_epoch_cw_sum,"current=6;prior=2;control=(0, 1)",0,011,111,0,1,0,0,1,0,0
local_integrity,unmatched_epoch_cw_carry,"current=6;prior=2;control=(0, 1)",0,011,111,0,1,0,0,1,0,0
local_integrity,unmatched_epoch_ccw_sum,"current=6;prior=2;control=(0, 1)",0,111,011,1,0,0,0,1,0,0
local_integrity,unmatched_epoch_ccw_carry,"current=6;prior=2;control=(0, 1)",0,111,011,1,0,0,0,1,0,0
local_integrity,unmatched_epoch_cw_sum,"current=6;prior=3;control=(1, 0)",0,010,111,0,1,0,0,1,0,0
local_integrity,unmatched_epoch_cw_carry,"current=6;prior=3;control=(1, 0)",0,010,111,0,1,0,0,1,0,0
local_integrity,unmatched_epoch_ccw_sum,"current=6;prior=3;control=(1, 0)",0,111,010,1,0,0,0,1,0,0
local_integrity,unmatched_epoch_ccw_carry,"current=6;prior=3;control=(1, 0)",0,111,010,1,0,0,0,1,0,0
local_integrity,unmatched_epoch_cw_sum,"current=6;prior=3;control=(0, 1)",0,010,111,0,1,0,0,1,0,0
local_integrity,unmatched_epoch_cw_carry,"current=6;prior=3;control=(0, 1)",0,010,111,0,1,0,0,1,0,0
local_integrity,unmatched_epoch_ccw_sum,"current=6;prior=3;control=(0, 1)",0,111,010,1,0,0,0,1,0,0
local_integrity,unmatched_epoch_ccw_carry,"current=6;prior=3;control=(0, 1)",0,111,010,1,0,0,0,1,0,0
local_integrity,unmatched_epoch_cw_sum,"current=6;prior=4;control=(1, 0)",0,101,111,0,1,0,0,1,0,0
local_integrity,unmatched_epoch_cw_carry,"current=6;prior=4;control=(1, 0)",0,101,111,0,1,0,0,1,0,0
local_integrity,unmatched_epoch_ccw_sum,"current=6;prior=4;control=(1, 0)",0,111,101,1,0,0,0,1,0,0
local_integrity,unmatched_epoch_ccw_carry,"current=6;prior=4;control=(1, 0)",0,111,101,1,0,0,0,1,0,0
local_integrity,unmatched_epoch_cw_sum,"current=6;prior=4;control=(0, 1)",0,101,111,0,1,0,0,1,0,0
local_integrity,unmatched_epoch_cw_carry,"current=6;prior=4;control=(0, 1)",0,101,111,0,1,0,0,1,0,0
local_integrity,unmatched_epoch_ccw_sum,"current=6;prior=4;control=(0, 1)",0,111,101,1,0,0,0,1,0,0
local_integrity,unmatched_epoch_ccw_carry,"current=6;prior=4;control=(0, 1)",0,111,101,1,0,0,0,1,0,0
local_integrity,unmatched_epoch_cw_sum,"current=6;prior=5;control=(1, 0)",0,100,111,0,1,0,0,1,0,0
local_integrity,unmatched_epoch_cw_carry,"current=6;prior=5;control=(1, 0)",0,100,111,0,1,0,0,1,0,0
local_integrity,unmatched_epoch_ccw_sum,"current=6;prior=5;control=(1, 0)",0,111,100,1,0,0,0,1,0,0
local_integrity,unmatched_epoch_ccw_carry,"current=6;prior=5;control=(1, 0)",0,111,100,1,0,0,0,1,0,0
local_integrity,unmatched_epoch_cw_sum,"current=6;prior=5;control=(0, 1)",0,100,111,0,1,0,0,1,0,0
local_integrity,unmatched_epoch_cw_carry,"current=6;prior=5;control=(0, 1)",0,100,111,0,1,0,0,1,0,0
local_integrity,unmatched_epoch_ccw_sum,"current=6;prior=5;control=(0, 1)",0,111,100,1,0,0,0,1,0,0
local_integrity,unmatched_epoch_ccw_carry,"current=6;prior=5;control=(0, 1)",0,111,100,1,0,0,0,1,0,0
local_integrity,unmatched_epoch_cw_sum,"current=6;prior=7;control=(1, 0)",0,110,111,0,1,0,0,1,0,0
local_integrity,unmatched_epoch_cw_carry,"current=6;prior=7;control=(1, 0)",0,110,111,0,1,0,0,1,0,0
local_integrity,unmatched_epoch_ccw_sum,"current=6;prior=7;control=(1, 0)",0,111,110,1,0,0,0,1,0,0
local_integrity,unmatched_epoch_ccw_carry,"current=6;prior=7;control=(1, 0)",0,111,110,1,0,0,0,1,0,0
local_integrity,unmatched_epoch_cw_sum,"current=6;prior=7;control=(0, 1)",0,110,111,0,1,0,0,1,0,0
local_integrity,unmatched_epoch_cw_carry,"current=6;prior=7;control=(0, 1)",0,110,111,0,1,0,0,1,0,0
local_integrity,unmatched_epoch_ccw_sum,"current=6;prior=7;control=(0, 1)",0,111,110,1,0,0,0,1,0,0
local_integrity,unmatched_epoch_ccw_carry,"current=6;prior=7;control=(0, 1)",0,111,110,1,0,0,0,1,0,0
local_integrity,unmatched_epoch_cw_sum,"current=7;prior=0;control=(1, 0)",0,000,111,0,1,0,0,1,0,0
local_integrity,unmatched_epoch_cw_carry,"current=7;prior=0;control=(1, 0)",0,000,111,0,1,0,0,1,0,0
local_integrity,unmatched_epoch_ccw_sum,"current=7;prior=0;control=(1, 0)",0,111,000,1,0,0,0,1,0,0
local_integrity,unmatched_epoch_ccw_carry,"current=7;prior=0;control=(1, 0)",0,111,000,1,0,0,0,1,0,0
local_integrity,unmatched_epoch_cw_sum,"current=7;prior=0;control=(0, 1)",0,000,111,0,1,0,0,1,0,0
local_integrity,unmatched_epoch_cw_carry,"current=7;prior=0;control=(0, 1)",0,000,111,0,1,0,0,1,0,0
local_integrity,unmatched_epoch_ccw_sum,"current=7;prior=0;control=(0, 1)",0,111,000,1,0,0,0,1,0,0
local_integrity,unmatched_epoch_ccw_carry,"current=7;prior=0;control=(0, 1)",0,111,000,1,0,0,0,1,0,0
local_integrity,unmatched_epoch_cw_sum,"current=7;prior=1;control=(1, 0)",0,001,111,0,1,0,0,1,0,0
local_integrity,unmatched_epoch_cw_carry,"current=7;prior=1;control=(1, 0)",0,001,111,0,1,0,0,1,0,0
local_integrity,unmatched_epoch_ccw_sum,"current=7;prior=1;control=(1, 0)",0,111,001,1,0,0,0,1,0,0
local_integrity,unmatched_epoch_ccw_carry,"current=7;prior=1;control=(1, 0)",0,111,001,1,0,0,0,1,0,0
local_integrity,unmatched_epoch_cw_sum,"current=7;prior=1;control=(0, 1)",0,001,111,0,1,0,0,1,0,0
local_integrity,unmatched_epoch_cw_carry,"current=7;prior=1;control=(0, 1)",0,001,111,0,1,0,0,1,0,0
local_integrity,unmatched_epoch_ccw_sum,"current=7;prior=1;control=(0, 1)",0,111,001,1,0,0,0,1,0,0
local_integrity,unmatched_epoch_ccw_carry,"current=7;prior=1;control=(0, 1)",0,111,001,1,0,0,0,1,0,0
local_integrity,unmatched_epoch_cw_sum,"current=7;prior=2;control=(1, 0)",0,010,111,0,1,0,0,1,0,0
local_integrity,unmatched_epoch_cw_carry,"current=7;prior=2;control=(1, 0)",0,010,111,0,1,0,0,1,0,0
local_integrity,unmatched_epoch_ccw_sum,"current=7;prior=2;control=(1, 0)",0,111,010,1,0,0,0,1,0,0
local_integrity,unmatched_epoch_ccw_carry,"current=7;prior=2;control=(1, 0)",0,111,010,1,0,0,0,1,0,0
local_integrity,unmatched_epoch_cw_sum,"current=7;prior=2;control=(0, 1)",0,010,111,0,1,0,0,1,0,0
local_integrity,unmatched_epoch_cw_carry,"current=7;prior=2;control=(0, 1)",0,010,111,0,1,0,0,1,0,0
local_integrity,unmatched_epoch_ccw_sum,"current=7;prior=2;control=(0, 1)",0,111,010,1,0,0,0,1,0,0
local_integrity,unmatched_epoch_ccw_carry,"current=7;prior=2;control=(0, 1)",0,111,010,1,0,0,0,1,0,0
local_integrity,unmatched_epoch_cw_sum,"current=7;prior=3;control=(1, 0)",0,011,111,0,1,0,0,1,0,0
local_integrity,unmatched_epoch_cw_carry,"current=7;prior=3;control=(1, 0)",0,011,111,0,1,0,0,1,0,0
local_integrity,unmatched_epoch_ccw_sum,"current=7;prior=3;control=(1, 0)",0,111,011,1,0,0,0,1,0,0
local_integrity,unmatched_epoch_ccw_carry,"current=7;prior=3;control=(1, 0)",0,111,011,1,0,0,0,1,0,0
local_integrity,unmatched_epoch_cw_sum,"current=7;prior=3;control=(0, 1)",0,011,111,0,1,0,0,1,0,0
local_integrity,unmatched_epoch_cw_carry,"current=7;prior=3;control=(0, 1)",0,011,111,0,1,0,0,1,0,0
local_integrity,unmatched_epoch_ccw_sum,"current=7;prior=3;control=(0, 1)",0,111,011,1,0,0,0,1,0,0
local_integrity,unmatched_epoch_ccw_carry,"current=7;prior=3;control=(0, 1)",0,111,011,1,0,0,0,1,0,0
local_integrity,unmatched_epoch_cw_sum,"current=7;prior=4;control=(1, 0)",0,100,111,0,1,0,0,1,0,0
local_integrity,unmatched_epoch_cw_carry,"current=7;prior=4;control=(1, 0)",0,100,111,0,1,0,0,1,0,0
local_integrity,unmatched_epoch_ccw_sum,"current=7;prior=4;control=(1, 0)",0,111,100,1,0,0,0,1,0,0
local_integrity,unmatched_epoch_ccw_carry,"current=7;prior=4;control=(1, 0)",0,111,100,1,0,0,0,1,0,0
local_integrity,unmatched_epoch_cw_sum,"current=7;prior=4;control=(0, 1)",0,100,111,0,1,0,0,1,0,0
local_integrity,unmatched_epoch_cw_carry,"current=7;prior=4;control=(0, 1)",0,100,111,0,1,0,0,1,0,0
local_integrity,unmatched_epoch_ccw_sum,"current=7;prior=4;control=(0, 1)",0,111,100,1,0,0,0,1,0,0
local_integrity,unmatched_epoch_ccw_carry,"current=7;prior=4;control=(0, 1)",0,111,100,1,0,0,0,1,0,0
local_integrity,unmatched_epoch_cw_sum,"current=7;prior=5;control=(1, 0)",0,101,111,0,1,0,0,1,0,0
local_integrity,unmatched_epoch_cw_carry,"current=7;prior=5;control=(1, 0)",0,101,111,0,1,0,0,1,0,0
local_integrity,unmatched_epoch_ccw_sum,"current=7;prior=5;control=(1, 0)",0,111,101,1,0,0,0,1,0,0
local_integrity,unmatched_epoch_ccw_carry,"current=7;prior=5;control=(1, 0)",0,111,101,1,0,0,0,1,0,0
local_integrity,unmatched_epoch_cw_sum,"current=7;prior=5;control=(0, 1)",0,101,111,0,1,0,0,1,0,0
local_integrity,unmatched_epoch_cw_carry,"current=7;prior=5;control=(0, 1)",0,101,111,0,1,0,0,1,0,0
local_integrity,unmatched_epoch_ccw_sum,"current=7;prior=5;control=(0, 1)",0,111,101,1,0,0,0,1,0,0
local_integrity,unmatched_epoch_ccw_carry,"current=7;prior=5;control=(0, 1)",0,111,101,1,0,0,0,1,0,0
local_integrity,unmatched_epoch_cw_sum,"current=7;prior=6;control=(1, 0)",0,110,111,0,1,0,0,1,0,0
local_integrity,unmatched_epoch_cw_carry,"current=7;prior=6;control=(1, 0)",0,110,111,0,1,0,0,1,0,0
local_integrity,unmatched_epoch_ccw_sum,"current=7;prior=6;control=(1, 0)",0,111,110,1,0,0,0,1,0,0
local_integrity,unmatched_epoch_ccw_carry,"current=7;prior=6;control=(1, 0)",0,111,110,1,0,0,0,1,0,0
local_integrity,unmatched_epoch_cw_sum,"current=7;prior=6;control=(0, 1)",0,110,111,0,1,0,0,1,0,0
local_integrity,unmatched_epoch_cw_carry,"current=7;prior=6;control=(0, 1)",0,110,111,0,1,0,0,1,0,0
local_integrity,unmatched_epoch_ccw_sum,"current=7;prior=6;control=(0, 1)",0,111,110,1,0,0,0,1,0,0
local_integrity,unmatched_epoch_ccw_carry,"current=7;prior=6;control=(0, 1)",0,111,110,1,0,0,0,1,0,0
relation_only,matched_whole_ring_epoch_skew_cw,"current=0;prior=1;control=(1, 0)",0,111,111,1,1,1,1,1,0,0
relation_only,matched_whole_ring_epoch_skew_ccw,"current=0;prior=1;control=(1, 0)",0,111,111,1,1,1,1,1,0,0
relation_only,matched_whole_ring_epoch_skew_cw,"current=0;prior=1;control=(0, 1)",0,111,111,1,1,1,1,1,0,0
relation_only,matched_whole_ring_epoch_skew_ccw,"current=0;prior=1;control=(0, 1)",0,111,111,1,1,1,1,1,0,0
relation_only,matched_whole_ring_epoch_skew_cw,"current=0;prior=2;control=(1, 0)",0,111,111,1,1,1,1,1,0,0
relation_only,matched_whole_ring_epoch_skew_ccw,"current=0;prior=2;control=(1, 0)",0,111,111,1,1,1,1,1,0,0
relation_only,matched_whole_ring_epoch_skew_cw,"current=0;prior=2;control=(0, 1)",0,111,111,1,1,1,1,1,0,0
relation_only,matched_whole_ring_epoch_skew_ccw,"current=0;prior=2;control=(0, 1)",0,111,111,1,1,1,1,1,0,0
relation_only,matched_whole_ring_epoch_skew_cw,"current=0;prior=3;control=(1, 0)",0,111,111,1,1,1,1,1,0,0
relation_only,matched_whole_ring_epoch_skew_ccw,"current=0;prior=3;control=(1, 0)",0,111,111,1,1,1,1,1,0,0
relation_only,matched_whole_ring_epoch_skew_cw,"current=0;prior=3;control=(0, 1)",0,111,111,1,1,1,1,1,0,0
relation_only,matched_whole_ring_epoch_skew_ccw,"current=0;prior=3;control=(0, 1)",0,111,111,1,1,1,1,1,0,0
relation_only,matched_whole_ring_epoch_skew_cw,"current=0;prior=4;control=(1, 0)",0,111,111,1,1,1,1,1,0,0
relation_only,matched_whole_ring_epoch_skew_ccw,"current=0;prior=4;control=(1, 0)",0,111,111,1,1,1,1,1,0,0
relation_only,matched_whole_ring_epoch_skew_cw,"current=0;prior=4;control=(0, 1)",0,111,111,1,1,1,1,1,0,0
relation_only,matched_whole_ring_epoch_skew_ccw,"current=0;prior=4;control=(0, 1)",0,111,111,1,1,1,1,1,0,0
relation_only,matched_whole_ring_epoch_skew_cw,"current=0;prior=5;control=(1, 0)",0,111,111,1,1,1,1,1,0,0
relation_only,matched_whole_ring_epoch_skew_ccw,"current=0;prior=5;control=(1, 0)",0,111,111,1,1,1,1,1,0,0
relation_only,matched_whole_ring_epoch_skew_cw,"current=0;prior=5;control=(0, 1)",0,111,111,1,1,1,1,1,0,0
relation_only,matched_whole_ring_epoch_skew_ccw,"current=0;prior=5;control=(0, 1)",0,111,111,1,1,1,1,1,0,0
relation_only,matched_whole_ring_epoch_skew_cw,"current=0;prior=6;control=(1, 0)",0,111,111,1,1,1,1,1,0,0
relation_only,matched_whole_ring_epoch_skew_ccw,"current=0;prior=6;control=(1, 0)",0,111,111,1,1,1,1,1,0,0
relation_only,matched_whole_ring_epoch_skew_cw,"current=0;prior=6;control=(0, 1)",0,111,111,1,1,1,1,1,0,0
relation_only,matched_whole_ring_epoch_skew_ccw,"current=0;prior=6;control=(0, 1)",0,111,111,1,1,1,1,1,0,0
relation_only,matched_whole_ring_epoch_skew_cw,"current=0;prior=7;control=(1, 0)",0,111,111,1,1,1,1,1,0,0
relation_only,matched_whole_ring_epoch_skew_ccw,"current=0;prior=7;control=(1, 0)",0,111,111,1,1,1,1,1,0,0
relation_only,matched_whole_ring_epoch_skew_cw,"current=0;prior=7;control=(0, 1)",0,111,111,1,1,1,1,1,0,0
relation_only,matched_whole_ring_epoch_skew_ccw,"current=0;prior=7;control=(0, 1)",0,111,111,1,1,1,1,1,0,0
relation_only,matched_whole_ring_epoch_skew_cw,"current=1;prior=0;control=(1, 0)",0,111,111,1,1,1,1,1,0,0
relation_only,matched_whole_ring_epoch_skew_ccw,"current=1;prior=0;control=(1, 0)",0,111,111,1,1,1,1,1,0,0
relation_only,matched_whole_ring_epoch_skew_cw,"current=1;prior=0;control=(0, 1)",0,111,111,1,1,1,1,1,0,0
relation_only,matched_whole_ring_epoch_skew_ccw,"current=1;prior=0;control=(0, 1)",0,111,111,1,1,1,1,1,0,0
relation_only,matched_whole_ring_epoch_skew_cw,"current=1;prior=2;control=(1, 0)",0,111,111,1,1,1,1,1,0,0
relation_only,matched_whole_ring_epoch_skew_ccw,"current=1;prior=2;control=(1, 0)",0,111,111,1,1,1,1,1,0,0
relation_only,matched_whole_ring_epoch_skew_cw,"current=1;prior=2;control=(0, 1)",0,111,111,1,1,1,1,1,0,0
relation_only,matched_whole_ring_epoch_skew_ccw,"current=1;prior=2;control=(0, 1)",0,111,111,1,1,1,1,1,0,0
relation_only,matched_whole_ring_epoch_skew_cw,"current=1;prior=3;control=(1, 0)",0,111,111,1,1,1,1,1,0,0
relation_only,matched_whole_ring_epoch_skew_ccw,"current=1;prior=3;control=(1, 0)",0,111,111,1,1,1,1,1,0,0
relation_only,matched_whole_ring_epoch_skew_cw,"current=1;prior=3;control=(0, 1)",0,111,111,1,1,1,1,1,0,0
relation_only,matched_whole_ring_epoch_skew_ccw,"current=1;prior=3;control=(0, 1)",0,111,111,1,1,1,1,1,0,0
relation_only,matched_whole_ring_epoch_skew_cw,"current=1;prior=4;control=(1, 0)",0,111,111,1,1,1,1,1,0,0
relation_only,matched_whole_ring_epoch_skew_ccw,"current=1;prior=4;control=(1, 0)",0,111,111,1,1,1,1,1,0,0
relation_only,matched_whole_ring_epoch_skew_cw,"current=1;prior=4;control=(0, 1)",0,111,111,1,1,1,1,1,0,0
relation_only,matched_whole_ring_epoch_skew_ccw,"current=1;prior=4;control=(0, 1)",0,111,111,1,1,1,1,1,0,0
relation_only,matched_whole_ring_epoch_skew_cw,"current=1;prior=5;control=(1, 0)",0,111,111,1,1,1,1,1,0,0
relation_only,matched_whole_ring_epoch_skew_ccw,"current=1;prior=5;control=(1, 0)",0,111,111,1,1,1,1,1,0,0
relation_only,matched_whole_ring_epoch_skew_cw,"current=1;prior=5;control=(0, 1)",0,111,111,1,1,1,1,1,0,0
relation_only,matched_whole_ring_epoch_skew_ccw,"current=1;prior=5;control=(0, 1)",0,111,111,1,1,1,1,1,0,0
relation_only,matched_whole_ring_epoch_skew_cw,"current=1;prior=6;control=(1, 0)",0,111,111,1,1,1,1,1,0,0
relation_only,matched_whole_ring_epoch_skew_ccw,"current=1;prior=6;control=(1, 0)",0,111,111,1,1,1,1,1,0,0
relation_only,matched_whole_ring_epoch_skew_cw,"current=1;prior=6;control=(0, 1)",0,111,111,1,1,1,1,1,0,0
relation_only,matched_whole_ring_epoch_skew_ccw,"current=1;prior=6;control=(0, 1)",0,111,111,1,1,1,1,1,0,0
relation_only,matched_whole_ring_epoch_skew_cw,"current=1;prior=7;control=(1, 0)",0,111,111,1,1,1,1,1,0,0
relation_only,matched_whole_ring_epoch_skew_ccw,"current=1;prior=7;control=(1, 0)",0,111,111,1,1,1,1,1,0,0
relation_only,matched_whole_ring_epoch_skew_cw,"current=1;prior=7;control=(0, 1)",0,111,111,1,1,1,1,1,0,0
relation_only,matched_whole_ring_epoch_skew_ccw,"current=1;prior=7;control=(0, 1)",0,111,111,1,1,1,1,1,0,0
relation_only,matched_whole_ring_epoch_skew_cw,"current=2;prior=0;control=(1, 0)",0,111,111,1,1,1,1,1,0,0
relation_only,matched_whole_ring_epoch_skew_ccw,"current=2;prior=0;control=(1, 0)",0,111,111,1,1,1,1,1,0,0
relation_only,matched_whole_ring_epoch_skew_cw,"current=2;prior=0;control=(0, 1)",0,111,111,1,1,1,1,1,0,0
relation_only,matched_whole_ring_epoch_skew_ccw,"current=2;prior=0;control=(0, 1)",0,111,111,1,1,1,1,1,0,0
relation_only,matched_whole_ring_epoch_skew_cw,"current=2;prior=1;control=(1, 0)",0,111,111,1,1,1,1,1,0,0
relation_only,matched_whole_ring_epoch_skew_ccw,"current=2;prior=1;control=(1, 0)",0,111,111,1,1,1,1,1,0,0
relation_only,matched_whole_ring_epoch_skew_cw,"current=2;prior=1;control=(0, 1)",0,111,111,1,1,1,1,1,0,0
relation_only,matched_whole_ring_epoch_skew_ccw,"current=2;prior=1;control=(0, 1)",0,111,111,1,1,1,1,1,0,0
relation_only,matched_whole_ring_epoch_skew_cw,"current=2;prior=3;control=(1, 0)",0,111,111,1,1,1,1,1,0,0
relation_only,matched_whole_ring_epoch_skew_ccw,"current=2;prior=3;control=(1, 0)",0,111,111,1,1,1,1,1,0,0
relation_only,matched_whole_ring_epoch_skew_cw,"current=2;prior=3;control=(0, 1)",0,111,111,1,1,1,1,1,0,0
relation_only,matched_whole_ring_epoch_skew_ccw,"current=2;prior=3;control=(0, 1)",0,111,111,1,1,1,1,1,0,0
relation_only,matched_whole_ring_epoch_skew_cw,"current=2;prior=4;control=(1, 0)",0,111,111,1,1,1,1,1,0,0
relation_only,matched_whole_ring_epoch_skew_ccw,"current=2;prior=4;control=(1, 0)",0,111,111,1,1,1,1,1,0,0
relation_only,matched_whole_ring_epoch_skew_cw,"current=2;prior=4;control=(0, 1)",0,111,111,1,1,1,1,1,0,0
relation_only,matched_whole_ring_epoch_skew_ccw,"current=2;prior=4;control=(0, 1)",0,111,111,1,1,1,1,1,0,0
relation_only,matched_whole_ring_epoch_skew_cw,"current=2;prior=5;control=(1, 0)",0,111,111,1,1,1,1,1,0,0
relation_only,matched_whole_ring_epoch_skew_ccw,"current=2;prior=5;control=(1, 0)",0,111,111,1,1,1,1,1,0,0
relation_only,matched_whole_ring_epoch_skew_cw,"current=2;prior=5;control=(0, 1)",0,111,111,1,1,1,1,1,0,0
relation_only,matched_whole_ring_epoch_skew_ccw,"current=2;prior=5;control=(0, 1)",0,111,111,1,1,1,1,1,0,0
relation_only,matched_whole_ring_epoch_skew_cw,"current=2;prior=6;control=(1, 0)",0,111,111,1,1,1,1,1,0,0
relation_only,matched_whole_ring_epoch_skew_ccw,"current=2;prior=6;control=(1, 0)",0,111,111,1,1,1,1,1,0,0
relation_only,matched_whole_ring_epoch_skew_cw,"current=2;prior=6;control=(0, 1)",0,111,111,1,1,1,1,1,0,0
relation_only,matched_whole_ring_epoch_skew_ccw,"current=2;prior=6;control=(0, 1)",0,111,111,1,1,1,1,1,0,0
relation_only,matched_whole_ring_epoch_skew_cw,"current=2;prior=7;control=(1, 0)",0,111,111,1,1,1,1,1,0,0
relation_only,matched_whole_ring_epoch_skew_ccw,"current=2;prior=7;control=(1, 0)",0,111,111,1,1,1,1,1,0,0
relation_only,matched_whole_ring_epoch_skew_cw,"current=2;prior=7;control=(0, 1)",0,111,111,1,1,1,1,1,0,0
relation_only,matched_whole_ring_epoch_skew_ccw,"current=2;prior=7;control=(0, 1)",0,111,111,1,1,1,1,1,0,0
relation_only,matched_whole_ring_epoch_skew_cw,"current=3;prior=0;control=(1, 0)",0,111,111,1,1,1,1,1,0,0
relation_only,matched_whole_ring_epoch_skew_ccw,"current=3;prior=0;control=(1, 0)",0,111,111,1,1,1,1,1,0,0
relation_only,matched_whole_ring_epoch_skew_cw,"current=3;prior=0;control=(0, 1)",0,111,111,1,1,1,1,1,0,0
relation_only,matched_whole_ring_epoch_skew_ccw,"current=3;prior=0;control=(0, 1)",0,111,111,1,1,1,1,1,0,0
relation_only,matched_whole_ring_epoch_skew_cw,"current=3;prior=1;control=(1, 0)",0,111,111,1,1,1,1,1,0,0
relation_only,matched_whole_ring_epoch_skew_ccw,"current=3;prior=1;control=(1, 0)",0,111,111,1,1,1,1,1,0,0
relation_only,matched_whole_ring_epoch_skew_cw,"current=3;prior=1;control=(0, 1)",0,111,111,1,1,1,1,1,0,0
relation_only,matched_whole_ring_epoch_skew_ccw,"current=3;prior=1;control=(0, 1)",0,111,111,1,1,1,1,1,0,0
relation_only,matched_whole_ring_epoch_skew_cw,"current=3;prior=2;control=(1, 0)",0,111,111,1,1,1,1,1,0,0
relation_only,matched_whole_ring_epoch_skew_ccw,"current=3;prior=2;control=(1, 0)",0,111,111,1,1,1,1,1,0,0
relation_only,matched_whole_ring_epoch_skew_cw,"current=3;prior=2;control=(0, 1)",0,111,111,1,1,1,1,1,0,0
relation_only,matched_whole_ring_epoch_skew_ccw,"current=3;prior=2;control=(0, 1)",0,111,111,1,1,1,1,1,0,0
relation_only,matched_whole_ring_epoch_skew_cw,"current=3;prior=4;control=(1, 0)",0,111,111,1,1,1,1,1,0,0
relation_only,matched_whole_ring_epoch_skew_ccw,"current=3;prior=4;control=(1, 0)",0,111,111,1,1,1,1,1,0,0
relation_only,matched_whole_ring_epoch_skew_cw,"current=3;prior=4;control=(0, 1)",0,111,111,1,1,1,1,1,0,0
relation_only,matched_whole_ring_epoch_skew_ccw,"current=3;prior=4;control=(0, 1)",0,111,111,1,1,1,1,1,0,0
relation_only,matched_whole_ring_epoch_skew_cw,"current=3;prior=5;control=(1, 0)",0,111,111,1,1,1,1,1,0,0
relation_only,matched_whole_ring_epoch_skew_ccw,"current=3;prior=5;control=(1, 0)",0,111,111,1,1,1,1,1,0,0
relation_only,matched_whole_ring_epoch_skew_cw,"current=3;prior=5;control=(0, 1)",0,111,111,1,1,1,1,1,0,0
relation_only,matched_whole_ring_epoch_skew_ccw,"current=3;prior=5;control=(0, 1)",0,111,111,1,1,1,1,1,0,0
relation_only,matched_whole_ring_epoch_skew_cw,"current=3;prior=6;control=(1, 0)",0,111,111,1,1,1,1,1,0,0
relation_only,matched_whole_ring_epoch_skew_ccw,"current=3;prior=6;control=(1, 0)",0,111,111,1,1,1,1,1,0,0
relation_only,matched_whole_ring_epoch_skew_cw,"current=3;prior=6;control=(0, 1)",0,111,111,1,1,1,1,1,0,0
relation_only,matched_whole_ring_epoch_skew_ccw,"current=3;prior=6;control=(0, 1)",0,111,111,1,1,1,1,1,0,0
relation_only,matched_whole_ring_epoch_skew_cw,"current=3;prior=7;control=(1, 0)",0,111,111,1,1,1,1,1,0,0
relation_only,matched_whole_ring_epoch_skew_ccw,"current=3;prior=7;control=(1, 0)",0,111,111,1,1,1,1,1,0,0
relation_only,matched_whole_ring_epoch_skew_cw,"current=3;prior=7;control=(0, 1)",0,111,111,1,1,1,1,1,0,0
relation_only,matched_whole_ring_epoch_skew_ccw,"current=3;prior=7;control=(0, 1)",0,111,111,1,1,1,1,1,0,0
relation_only,matched_whole_ring_epoch_skew_cw,"current=4;prior=0;control=(1, 0)",0,111,111,1,1,1,1,1,0,0
relation_only,matched_whole_ring_epoch_skew_ccw,"current=4;prior=0;control=(1, 0)",0,111,111,1,1,1,1,1,0,0
relation_only,matched_whole_ring_epoch_skew_cw,"current=4;prior=0;control=(0, 1)",0,111,111,1,1,1,1,1,0,0
relation_only,matched_whole_ring_epoch_skew_ccw,"current=4;prior=0;control=(0, 1)",0,111,111,1,1,1,1,1,0,0
relation_only,matched_whole_ring_epoch_skew_cw,"current=4;prior=1;control=(1, 0)",0,111,111,1,1,1,1,1,0,0
relation_only,matched_whole_ring_epoch_skew_ccw,"current=4;prior=1;control=(1, 0)",0,111,111,1,1,1,1,1,0,0
relation_only,matched_whole_ring_epoch_skew_cw,"current=4;prior=1;control=(0, 1)",0,111,111,1,1,1,1,1,0,0
relation_only,matched_whole_ring_epoch_skew_ccw,"current=4;prior=1;control=(0, 1)",0,111,111,1,1,1,1,1,0,0
relation_only,matched_whole_ring_epoch_skew_cw,"current=4;prior=2;control=(1, 0)",0,111,111,1,1,1,1,1,0,0
relation_only,matched_whole_ring_epoch_skew_ccw,"current=4;prior=2;control=(1, 0)",0,111,111,1,1,1,1,1,0,0
relation_only,matched_whole_ring_epoch_skew_cw,"current=4;prior=2;control=(0, 1)",0,111,111,1,1,1,1,1,0,0
relation_only,matched_whole_ring_epoch_skew_ccw,"current=4;prior=2;control=(0, 1)",0,111,111,1,1,1,1,1,0,0
relation_only,matched_whole_ring_epoch_skew_cw,"current=4;prior=3;control=(1, 0)",0,111,111,1,1,1,1,1,0,0
relation_only,matched_whole_ring_epoch_skew_ccw,"current=4;prior=3;control=(1, 0)",0,111,111,1,1,1,1,1,0,0
relation_only,matched_whole_ring_epoch_skew_cw,"current=4;prior=3;control=(0, 1)",0,111,111,1,1,1,1,1,0,0
relation_only,matched_whole_ring_epoch_skew_ccw,"current=4;prior=3;control=(0, 1)",0,111,111,1,1,1,1,1,0,0
relation_only,matched_whole_ring_epoch_skew_cw,"current=4;prior=5;control=(1, 0)",0,111,111,1,1,1,1,1,0,0
relation_only,matched_whole_ring_epoch_skew_ccw,"current=4;prior=5;control=(1, 0)",0,111,111,1,1,1,1,1,0,0
relation_only,matched_whole_ring_epoch_skew_cw,"current=4;prior=5;control=(0, 1)",0,111,111,1,1,1,1,1,0,0
relation_only,matched_whole_ring_epoch_skew_ccw,"current=4;prior=5;control=(0, 1)",0,111,111,1,1,1,1,1,0,0
relation_only,matched_whole_ring_epoch_skew_cw,"current=4;prior=6;control=(1, 0)",0,111,111,1,1,1,1,1,0,0
relation_only,matched_whole_ring_epoch_skew_ccw,"current=4;prior=6;control=(1, 0)",0,111,111,1,1,1,1,1,0,0
relation_only,matched_whole_ring_epoch_skew_cw,"current=4;prior=6;control=(0, 1)",0,111,111,1,1,1,1,1,0,0
relation_only,matched_whole_ring_epoch_skew_ccw,"current=4;prior=6;control=(0, 1)",0,111,111,1,1,1,1,1,0,0
relation_only,matched_whole_ring_epoch_skew_cw,"current=4;prior=7;control=(1, 0)",0,111,111,1,1,1,1,1,0,0
relation_only,matched_whole_ring_epoch_skew_ccw,"current=4;prior=7;control=(1, 0)",0,111,111,1,1,1,1,1,0,0
relation_only,matched_whole_ring_epoch_skew_cw,"current=4;prior=7;control=(0, 1)",0,111,111,1,1,1,1,1,0,0
relation_only,matched_whole_ring_epoch_skew_ccw,"current=4;prior=7;control=(0, 1)",0,111,111,1,1,1,1,1,0,0
relation_only,matched_whole_ring_epoch_skew_cw,"current=5;prior=0;control=(1, 0)",0,111,111,1,1,1,1,1,0,0
relation_only,matched_whole_ring_epoch_skew_ccw,"current=5;prior=0;control=(1, 0)",0,111,111,1,1,1,1,1,0,0
relation_only,matched_whole_ring_epoch_skew_cw,"current=5;prior=0;control=(0, 1)",0,111,111,1,1,1,1,1,0,0
relation_only,matched_whole_ring_epoch_skew_ccw,"current=5;prior=0;control=(0, 1)",0,111,111,1,1,1,1,1,0,0
relation_only,matched_whole_ring_epoch_skew_cw,"current=5;prior=1;control=(1, 0)",0,111,111,1,1,1,1,1,0,0
relation_only,matched_whole_ring_epoch_skew_ccw,"current=5;prior=1;control=(1, 0)",0,111,111,1,1,1,1,1,0,0
relation_only,matched_whole_ring_epoch_skew_cw,"current=5;prior=1;control=(0, 1)",0,111,111,1,1,1,1,1,0,0
relation_only,matched_whole_ring_epoch_skew_ccw,"current=5;prior=1;control=(0, 1)",0,111,111,1,1,1,1,1,0,0
relation_only,matched_whole_ring_epoch_skew_cw,"current=5;prior=2;control=(1, 0)",0,111,111,1,1,1,1,1,0,0
relation_only,matched_whole_ring_epoch_skew_ccw,"current=5;prior=2;control=(1, 0)",0,111,111,1,1,1,1,1,0,0
relation_only,matched_whole_ring_epoch_skew_cw,"current=5;prior=2;control=(0, 1)",0,111,111,1,1,1,1,1,0,0
relation_only,matched_whole_ring_epoch_skew_ccw,"current=5;prior=2;control=(0, 1)",0,111,111,1,1,1,1,1,0,0
relation_only,matched_whole_ring_epoch_skew_cw,"current=5;prior=3;control=(1, 0)",0,111,111,1,1,1,1,1,0,0
relation_only,matched_whole_ring_epoch_skew_ccw,"current=5;prior=3;control=(1, 0)",0,111,111,1,1,1,1,1,0,0
relation_only,matched_whole_ring_epoch_skew_cw,"current=5;prior=3;control=(0, 1)",0,111,111,1,1,1,1,1,0,0
relation_only,matched_whole_ring_epoch_skew_ccw,"current=5;prior=3;control=(0, 1)",0,111,111,1,1,1,1,1,0,0
relation_only,matched_whole_ring_epoch_skew_cw,"current=5;prior=4;control=(1, 0)",0,111,111,1,1,1,1,1,0,0
relation_only,matched_whole_ring_epoch_skew_ccw,"current=5;prior=4;control=(1, 0)",0,111,111,1,1,1,1,1,0,0
relation_only,matched_whole_ring_epoch_skew_cw,"current=5;prior=4;control=(0, 1)",0,111,111,1,1,1,1,1,0,0
relation_only,matched_whole_ring_epoch_skew_ccw,"current=5;prior=4;control=(0, 1)",0,111,111,1,1,1,1,1,0,0
relation_only,matched_whole_ring_epoch_skew_cw,"current=5;prior=6;control=(1, 0)",0,111,111,1,1,1,1,1,0,0
relation_only,matched_whole_ring_epoch_skew_ccw,"current=5;prior=6;control=(1, 0)",0,111,111,1,1,1,1,1,0,0
relation_only,matched_whole_ring_epoch_skew_cw,"current=5;prior=6;control=(0, 1)",0,111,111,1,1,1,1,1,0,0
relation_only,matched_whole_ring_epoch_skew_ccw,"current=5;prior=6;control=(0, 1)",0,111,111,1,1,1,1,1,0,0
relation_only,matched_whole_ring_epoch_skew_cw,"current=5;prior=7;control=(1, 0)",0,111,111,1,1,1,1,1,0,0
relation_only,matched_whole_ring_epoch_skew_ccw,"current=5;prior=7;control=(1, 0)",0,111,111,1,1,1,1,1,0,0
relation_only,matched_whole_ring_epoch_skew_cw,"current=5;prior=7;control=(0, 1)",0,111,111,1,1,1,1,1,0,0
relation_only,matched_whole_ring_epoch_skew_ccw,"current=5;prior=7;control=(0, 1)",0,111,111,1,1,1,1,1,0,0
relation_only,matched_whole_ring_epoch_skew_cw,"current=6;prior=0;control=(1, 0)",0,111,111,1,1,1,1,1,0,0
relation_only,matched_whole_ring_epoch_skew_ccw,"current=6;prior=0;control=(1, 0)",0,111,111,1,1,1,1,1,0,0
relation_only,matched_whole_ring_epoch_skew_cw,"current=6;prior=0;control=(0, 1)",0,111,111,1,1,1,1,1,0,0
relation_only,matched_whole_ring_epoch_skew_ccw,"current=6;prior=0;control=(0, 1)",0,111,111,1,1,1,1,1,0,0
relation_only,matched_whole_ring_epoch_skew_cw,"current=6;prior=1;control=(1, 0)",0,111,111,1,1,1,1,1,0,0
relation_only,matched_whole_ring_epoch_skew_ccw,"current=6;prior=1;control=(1, 0)",0,111,111,1,1,1,1,1,0,0
relation_only,matched_whole_ring_epoch_skew_cw,"current=6;prior=1;control=(0, 1)",0,111,111,1,1,1,1,1,0,0
relation_only,matched_whole_ring_epoch_skew_ccw,"current=6;prior=1;control=(0, 1)",0,111,111,1,1,1,1,1,0,0
relation_only,matched_whole_ring_epoch_skew_cw,"current=6;prior=2;control=(1, 0)",0,111,111,1,1,1,1,1,0,0
relation_only,matched_whole_ring_epoch_skew_ccw,"current=6;prior=2;control=(1, 0)",0,111,111,1,1,1,1,1,0,0
relation_only,matched_whole_ring_epoch_skew_cw,"current=6;prior=2;control=(0, 1)",0,111,111,1,1,1,1,1,0,0
relation_only,matched_whole_ring_epoch_skew_ccw,"current=6;prior=2;control=(0, 1)",0,111,111,1,1,1,1,1,0,0
relation_only,matched_whole_ring_epoch_skew_cw,"current=6;prior=3;control=(1, 0)",0,111,111,1,1,1,1,1,0,0
relation_only,matched_whole_ring_epoch_skew_ccw,"current=6;prior=3;control=(1, 0)",0,111,111,1,1,1,1,1,0,0
relation_only,matched_whole_ring_epoch_skew_cw,"current=6;prior=3;control=(0, 1)",0,111,111,1,1,1,1,1,0,0
relation_only,matched_whole_ring_epoch_skew_ccw,"current=6;prior=3;control=(0, 1)",0,111,111,1,1,1,1,1,0,0
relation_only,matched_whole_ring_epoch_skew_cw,"current=6;prior=4;control=(1, 0)",0,111,111,1,1,1,1,1,0,0
relation_only,matched_whole_ring_epoch_skew_ccw,"current=6;prior=4;control=(1, 0)",0,111,111,1,1,1,1,1,0,0
relation_only,matched_whole_ring_epoch_skew_cw,"current=6;prior=4;control=(0, 1)",0,111,111,1,1,1,1,1,0,0
relation_only,matched_whole_ring_epoch_skew_ccw,"current=6;prior=4;control=(0, 1)",0,111,111,1,1,1,1,1,0,0
relation_only,matched_whole_ring_epoch_skew_cw,"current=6;prior=5;control=(1, 0)",0,111,111,1,1,1,1,1,0,0
relation_only,matched_whole_ring_epoch_skew_ccw,"current=6;prior=5;control=(1, 0)",0,111,111,1,1,1,1,1,0,0
relation_only,matched_whole_ring_epoch_skew_cw,"current=6;prior=5;control=(0, 1)",0,111,111,1,1,1,1,1,0,0
relation_only,matched_whole_ring_epoch_skew_ccw,"current=6;prior=5;control=(0, 1)",0,111,111,1,1,1,1,1,0,0
relation_only,matched_whole_ring_epoch_skew_cw,"current=6;prior=7;control=(1, 0)",0,111,111,1,1,1,1,1,0,0
relation_only,matched_whole_ring_epoch_skew_ccw,"current=6;prior=7;control=(1, 0)",0,111,111,1,1,1,1,1,0,0
relation_only,matched_whole_ring_epoch_skew_cw,"current=6;prior=7;control=(0, 1)",0,111,111,1,1,1,1,1,0,0
relation_only,matched_whole_ring_epoch_skew_ccw,"current=6;prior=7;control=(0, 1)",0,111,111,1,1,1,1,1,0,0
relation_only,matched_whole_ring_epoch_skew_cw,"current=7;prior=0;control=(1, 0)",0,111,111,1,1,1,1,1,0,0
relation_only,matched_whole_ring_epoch_skew_ccw,"current=7;prior=0;control=(1, 0)",0,111,111,1,1,1,1,1,0,0
relation_only,matched_whole_ring_epoch_skew_cw,"current=7;prior=0;control=(0, 1)",0,111,111,1,1,1,1,1,0,0
relation_only,matched_whole_ring_epoch_skew_ccw,"current=7;prior=0;control=(0, 1)",0,111,111,1,1,1,1,1,0,0
relation_only,matched_whole_ring_epoch_skew_cw,"current=7;prior=1;control=(1, 0)",0,111,111,1,1,1,1,1,0,0
relation_only,matched_whole_ring_epoch_skew_ccw,"current=7;prior=1;control=(1, 0)",0,111,111,1,1,1,1,1,0,0
relation_only,matched_whole_ring_epoch_skew_cw,"current=7;prior=1;control=(0, 1)",0,111,111,1,1,1,1,1,0,0
relation_only,matched_whole_ring_epoch_skew_ccw,"current=7;prior=1;control=(0, 1)",0,111,111,1,1,1,1,1,0,0
relation_only,matched_whole_ring_epoch_skew_cw,"current=7;prior=2;control=(1, 0)",0,111,111,1,1,1,1,1,0,0
relation_only,matched_whole_ring_epoch_skew_ccw,"current=7;prior=2;control=(1, 0)",0,111,111,1,1,1,1,1,0,0
relation_only,matched_whole_ring_epoch_skew_cw,"current=7;prior=2;control=(0, 1)",0,111,111,1,1,1,1,1,0,0
relation_only,matched_whole_ring_epoch_skew_ccw,"current=7;prior=2;control=(0, 1)",0,111,111,1,1,1,1,1,0,0
relation_only,matched_whole_ring_epoch_skew_cw,"current=7;prior=3;control=(1, 0)",0,111,111,1,1,1,1,1,0,0
relation_only,matched_whole_ring_epoch_skew_ccw,"current=7;prior=3;control=(1, 0)",0,111,111,1,1,1,1,1,0,0
relation_only,matched_whole_ring_epoch_skew_cw,"current=7;prior=3;control=(0, 1)",0,111,111,1,1,1,1,1,0,0
relation_only,matched_whole_ring_epoch_skew_ccw,"current=7;prior=3;control=(0, 1)",0,111,111,1,1,1,1,1,0,0
relation_only,matched_whole_ring_epoch_skew_cw,"current=7;prior=4;control=(1, 0)",0,111,111,1,1,1,1,1,0,0
relation_only,matched_whole_ring_epoch_skew_ccw,"current=7;prior=4;control=(1, 0)",0,111,111,1,1,1,1,1,0,0
relation_only,matched_whole_ring_epoch_skew_cw,"current=7;prior=4;control=(0, 1)",0,111,111,1,1,1,1,1,0,0
relation_only,matched_whole_ring_epoch_skew_ccw,"current=7;prior=4;control=(0, 1)",0,111,111,1,1,1,1,1,0,0
relation_only,matched_whole_ring_epoch_skew_cw,"current=7;prior=5;control=(1, 0)",0,111,111,1,1,1,1,1,0,0
relation_only,matched_whole_ring_epoch_skew_ccw,"current=7;prior=5;control=(1, 0)",0,111,111,1,1,1,1,1,0,0
relation_only,matched_whole_ring_epoch_skew_cw,"current=7;prior=5;control=(0, 1)",0,111,111,1,1,1,1,1,0,0
relation_only,matched_whole_ring_epoch_skew_ccw,"current=7;prior=5;control=(0, 1)",0,111,111,1,1,1,1,1,0,0
relation_only,matched_whole_ring_epoch_skew_cw,"current=7;prior=6;control=(1, 0)",0,111,111,1,1,1,1,1,0,0
relation_only,matched_whole_ring_epoch_skew_ccw,"current=7;prior=6;control=(1, 0)",0,111,111,1,1,1,1,1,0,0
relation_only,matched_whole_ring_epoch_skew_cw,"current=7;prior=6;control=(0, 1)",0,111,111,1,1,1,1,1,0,0
relation_only,matched_whole_ring_epoch_skew_ccw,"current=7;prior=6;control=(0, 1)",0,111,111,1,1,1,1,1,0,0
relation_only,phase_incompatible_partner,"cw_phase=0;ccw_phase=1;control=(1, 0)",0,111,111,1,1,1,1,1,0,0
relation_only,phase_incompatible_partner,"cw_phase=0;ccw_phase=1;control=(0, 1)",0,111,111,1,1,1,1,1,0,0
relation_only,phase_incompatible_partner,"cw_phase=0;ccw_phase=2;control=(1, 0)",0,111,111,1,1,1,1,1,0,0
relation_only,phase_incompatible_partner,"cw_phase=0;ccw_phase=2;control=(0, 1)",0,111,111,1,1,1,1,1,0,0
relation_only,phase_incompatible_partner,"cw_phase=1;ccw_phase=0;control=(1, 0)",0,111,111,1,1,1,1,1,0,0
relation_only,phase_incompatible_partner,"cw_phase=1;ccw_phase=0;control=(0, 1)",0,111,111,1,1,1,1,1,0,0
relation_only,phase_incompatible_partner,"cw_phase=1;ccw_phase=2;control=(1, 0)",0,111,111,1,1,1,1,1,0,0
relation_only,phase_incompatible_partner,"cw_phase=1;ccw_phase=2;control=(0, 1)",0,111,111,1,1,1,1,1,0,0
relation_only,phase_incompatible_partner,"cw_phase=2;ccw_phase=0;control=(1, 0)",0,111,111,1,1,1,1,1,0,0
relation_only,phase_incompatible_partner,"cw_phase=2;ccw_phase=0;control=(0, 1)",0,111,111,1,1,1,1,1,0,0
relation_only,phase_incompatible_partner,"cw_phase=2;ccw_phase=1;control=(1, 0)",0,111,111,1,1,1,1,1,0,0
relation_only,phase_incompatible_partner,"cw_phase=2;ccw_phase=1;control=(0, 1)",0,111,111,1,1,1,1,1,0,0
relation_only,inconsistent_operational_controls,"cw=0;ccw=0;cw_control=(1, 0);ccw_control=(0, 1)",0,111,111,1,1,1,1,1,0,0
relation_only,inconsistent_operational_controls,"cw=0;ccw=0;cw_control=(0, 1);ccw_control=(1, 0)",0,111,111,1,1,1,1,1,0,0
relation_only,inconsistent_operational_controls,"cw=0;ccw=1;cw_control=(1, 0);ccw_control=(0, 1)",0,111,111,1,1,1,1,1,0,0
relation_only,inconsistent_operational_controls,"cw=0;ccw=1;cw_control=(0, 1);ccw_control=(1, 0)",0,111,111,1,1,1,1,1,0,0
relation_only,inconsistent_operational_controls,"cw=0;ccw=2;cw_control=(1, 0);ccw_control=(0, 1)",0,111,111,1,1,1,1,1,0,0
relation_only,inconsistent_operational_controls,"cw=0;ccw=2;cw_control=(0, 1);ccw_control=(1, 0)",0,111,111,1,1,1,1,1,0,0
relation_only,inconsistent_operational_controls,"cw=0;ccw=3;cw_control=(1, 0);ccw_control=(0, 1)",0,111,111,1,1,1,1,1,0,0
relation_only,inconsistent_operational_controls,"cw=0;ccw=3;cw_control=(0, 1);ccw_control=(1, 0)",0,111,111,1,1,1,1,1,0,0
relation_only,inconsistent_operational_controls,"cw=0;ccw=4;cw_control=(1, 0);ccw_control=(0, 1)",0,111,111,1,1,1,1,1,0,0
relation_only,inconsistent_operational_controls,"cw=0;ccw=4;cw_control=(0, 1);ccw_control=(1, 0)",0,111,111,1,1,1,1,1,0,0
relation_only,inconsistent_operational_controls,"cw=0;ccw=5;cw_control=(1, 0);ccw_control=(0, 1)",0,111,111,1,1,1,1,1,0,0
relation_only,inconsistent_operational_controls,"cw=0;ccw=5;cw_control=(0, 1);ccw_control=(1, 0)",0,111,111,1,1,1,1,1,0,0
relation_only,inconsistent_operational_controls,"cw=0;ccw=6;cw_control=(1, 0);ccw_control=(0, 1)",0,111,111,1,1,1,1,1,0,0
relation_only,inconsistent_operational_controls,"cw=0;ccw=6;cw_control=(0, 1);ccw_control=(1, 0)",0,111,111,1,1,1,1,1,0,0
relation_only,inconsistent_operational_controls,"cw=0;ccw=7;cw_control=(1, 0);ccw_control=(0, 1)",0,111,111,1,1,1,1,1,0,0
relation_only,inconsistent_operational_controls,"cw=0;ccw=7;cw_control=(0, 1);ccw_control=(1, 0)",0,111,111,1,1,1,1,1,0,0
relation_only,inconsistent_operational_controls,"cw=1;ccw=0;cw_control=(1, 0);ccw_control=(0, 1)",0,111,111,1,1,1,1,1,0,0
relation_only,inconsistent_operational_controls,"cw=1;ccw=0;cw_control=(0, 1);ccw_control=(1, 0)",0,111,111,1,1,1,1,1,0,0
relation_only,inconsistent_operational_controls,"cw=1;ccw=1;cw_control=(1, 0);ccw_control=(0, 1)",0,111,111,1,1,1,1,1,0,0
relation_only,inconsistent_operational_controls,"cw=1;ccw=1;cw_control=(0, 1);ccw_control=(1, 0)",0,111,111,1,1,1,1,1,0,0
relation_only,inconsistent_operational_controls,"cw=1;ccw=2;cw_control=(1, 0);ccw_control=(0, 1)",0,111,111,1,1,1,1,1,0,0
relation_only,inconsistent_operational_controls,"cw=1;ccw=2;cw_control=(0, 1);ccw_control=(1, 0)",0,111,111,1,1,1,1,1,0,0
relation_only,inconsistent_operational_controls,"cw=1;ccw=3;cw_control=(1, 0);ccw_control=(0, 1)",0,111,111,1,1,1,1,1,0,0
relation_only,inconsistent_operational_controls,"cw=1;ccw=3;cw_control=(0, 1);ccw_control=(1, 0)",0,111,111,1,1,1,1,1,0,0
relation_only,inconsistent_operational_controls,"cw=1;ccw=4;cw_control=(1, 0);ccw_control=(0, 1)",0,111,111,1,1,1,1,1,0,0
relation_only,inconsistent_operational_controls,"cw=1;ccw=4;cw_control=(0, 1);ccw_control=(1, 0)",0,111,111,1,1,1,1,1,0,0
relation_only,inconsistent_operational_controls,"cw=1;ccw=5;cw_control=(1, 0);ccw_control=(0, 1)",0,111,111,1,1,1,1,1,0,0
relation_only,inconsistent_operational_controls,"cw=1;ccw=5;cw_control=(0, 1);ccw_control=(1, 0)",0,111,111,1,1,1,1,1,0,0
relation_only,inconsistent_operational_controls,"cw=1;ccw=6;cw_control=(1, 0);ccw_control=(0, 1)",0,111,111,1,1,1,1,1,0,0
relation_only,inconsistent_operational_controls,"cw=1;ccw=6;cw_control=(0, 1);ccw_control=(1, 0)",0,111,111,1,1,1,1,1,0,0
relation_only,inconsistent_operational_controls,"cw=1;ccw=7;cw_control=(1, 0);ccw_control=(0, 1)",0,111,111,1,1,1,1,1,0,0
relation_only,inconsistent_operational_controls,"cw=1;ccw=7;cw_control=(0, 1);ccw_control=(1, 0)",0,111,111,1,1,1,1,1,0,0
relation_only,inconsistent_operational_controls,"cw=2;ccw=0;cw_control=(1, 0);ccw_control=(0, 1)",0,111,111,1,1,1,1,1,0,0
relation_only,inconsistent_operational_controls,"cw=2;ccw=0;cw_control=(0, 1);ccw_control=(1, 0)",0,111,111,1,1,1,1,1,0,0
relation_only,inconsistent_operational_controls,"cw=2;ccw=1;cw_control=(1, 0);ccw_control=(0, 1)",0,111,111,1,1,1,1,1,0,0
relation_only,inconsistent_operational_controls,"cw=2;ccw=1;cw_control=(0, 1);ccw_control=(1, 0)",0,111,111,1,1,1,1,1,0,0
relation_only,inconsistent_operational_controls,"cw=2;ccw=2;cw_control=(1, 0);ccw_control=(0, 1)",0,111,111,1,1,1,1,1,0,0
relation_only,inconsistent_operational_controls,"cw=2;ccw=2;cw_control=(0, 1);ccw_control=(1, 0)",0,111,111,1,1,1,1,1,0,0
relation_only,inconsistent_operational_controls,"cw=2;ccw=3;cw_control=(1, 0);ccw_control=(0, 1)",0,111,111,1,1,1,1,1,0,0
relation_only,inconsistent_operational_controls,"cw=2;ccw=3;cw_control=(0, 1);ccw_control=(1, 0)",0,111,111,1,1,1,1,1,0,0
relation_only,inconsistent_operational_controls,"cw=2;ccw=4;cw_control=(1, 0);ccw_control=(0, 1)",0,111,111,1,1,1,1,1,0,0
relation_only,inconsistent_operational_controls,"cw=2;ccw=4;cw_control=(0, 1);ccw_control=(1, 0)",0,111,111,1,1,1,1,1,0,0
relation_only,inconsistent_operational_controls,"cw=2;ccw=5;cw_control=(1, 0);ccw_control=(0, 1)",0,111,111,1,1,1,1,1,0,0
relation_only,inconsistent_operational_controls,"cw=2;ccw=5;cw_control=(0, 1);ccw_control=(1, 0)",0,111,111,1,1,1,1,1,0,0
relation_only,inconsistent_operational_controls,"cw=2;ccw=6;cw_control=(1, 0);ccw_control=(0, 1)",0,111,111,1,1,1,1,1,0,0
relation_only,inconsistent_operational_controls,"cw=2;ccw=6;cw_control=(0, 1);ccw_control=(1, 0)",0,111,111,1,1,1,1,1,0,0
relation_only,inconsistent_operational_controls,"cw=2;ccw=7;cw_control=(1, 0);ccw_control=(0, 1)",0,111,111,1,1,1,1,1,0,0
relation_only,inconsistent_operational_controls,"cw=2;ccw=7;cw_control=(0, 1);ccw_control=(1, 0)",0,111,111,1,1,1,1,1,0,0
relation_only,inconsistent_operational_controls,"cw=3;ccw=0;cw_control=(1, 0);ccw_control=(0, 1)",0,111,111,1,1,1,1,1,0,0
relation_only,inconsistent_operational_controls,"cw=3;ccw=0;cw_control=(0, 1);ccw_control=(1, 0)",0,111,111,1,1,1,1,1,0,0
relation_only,inconsistent_operational_controls,"cw=3;ccw=1;cw_control=(1, 0);ccw_control=(0, 1)",0,111,111,1,1,1,1,1,0,0
relation_only,inconsistent_operational_controls,"cw=3;ccw=1;cw_control=(0, 1);ccw_control=(1, 0)",0,111,111,1,1,1,1,1,0,0
relation_only,inconsistent_operational_controls,"cw=3;ccw=2;cw_control=(1, 0);ccw_control=(0, 1)",0,111,111,1,1,1,1,1,0,0
relation_only,inconsistent_operational_controls,"cw=3;ccw=2;cw_control=(0, 1);ccw_control=(1, 0)",0,111,111,1,1,1,1,1,0,0
relation_only,inconsistent_operational_controls,"cw=3;ccw=3;cw_control=(1, 0);ccw_control=(0, 1)",0,111,111,1,1,1,1,1,0,0
relation_only,inconsistent_operational_controls,"cw=3;ccw=3;cw_control=(0, 1);ccw_control=(1, 0)",0,111,111,1,1,1,1,1,0,0
relation_only,inconsistent_operational_controls,"cw=3;ccw=4;cw_control=(1, 0);ccw_control=(0, 1)",0,111,111,1,1,1,1,1,0,0
relation_only,inconsistent_operational_controls,"cw=3;ccw=4;cw_control=(0, 1);ccw_control=(1, 0)",0,111,111,1,1,1,1,1,0,0
relation_only,inconsistent_operational_controls,"cw=3;ccw=5;cw_control=(1, 0);ccw_control=(0, 1)",0,111,111,1,1,1,1,1,0,0
relation_only,inconsistent_operational_controls,"cw=3;ccw=5;cw_control=(0, 1);ccw_control=(1, 0)",0,111,111,1,1,1,1,1,0,0
relation_only,inconsistent_operational_controls,"cw=3;ccw=6;cw_control=(1, 0);ccw_control=(0, 1)",0,111,111,1,1,1,1,1,0,0
relation_only,inconsistent_operational_controls,"cw=3;ccw=6;cw_control=(0, 1);ccw_control=(1, 0)",0,111,111,1,1,1,1,1,0,0
relation_only,inconsistent_operational_controls,"cw=3;ccw=7;cw_control=(1, 0);ccw_control=(0, 1)",0,111,111,1,1,1,1,1,0,0
relation_only,inconsistent_operational_controls,"cw=3;ccw=7;cw_control=(0, 1);ccw_control=(1, 0)",0,111,111,1,1,1,1,1,0,0
relation_only,inconsistent_operational_controls,"cw=4;ccw=0;cw_control=(1, 0);ccw_control=(0, 1)",0,111,111,1,1,1,1,1,0,0
relation_only,inconsistent_operational_controls,"cw=4;ccw=0;cw_control=(0, 1);ccw_control=(1, 0)",0,111,111,1,1,1,1,1,0,0
relation_only,inconsistent_operational_controls,"cw=4;ccw=1;cw_control=(1, 0);ccw_control=(0, 1)",0,111,111,1,1,1,1,1,0,0
relation_only,inconsistent_operational_controls,"cw=4;ccw=1;cw_control=(0, 1);ccw_control=(1, 0)",0,111,111,1,1,1,1,1,0,0
relation_only,inconsistent_operational_controls,"cw=4;ccw=2;cw_control=(1, 0);ccw_control=(0, 1)",0,111,111,1,1,1,1,1,0,0
relation_only,inconsistent_operational_controls,"cw=4;ccw=2;cw_control=(0, 1);ccw_control=(1, 0)",0,111,111,1,1,1,1,1,0,0
relation_only,inconsistent_operational_controls,"cw=4;ccw=3;cw_control=(1, 0);ccw_control=(0, 1)",0,111,111,1,1,1,1,1,0,0
relation_only,inconsistent_operational_controls,"cw=4;ccw=3;cw_control=(0, 1);ccw_control=(1, 0)",0,111,111,1,1,1,1,1,0,0
relation_only,inconsistent_operational_controls,"cw=4;ccw=4;cw_control=(1, 0);ccw_control=(0, 1)",0,111,111,1,1,1,1,1,0,0
relation_only,inconsistent_operational_controls,"cw=4;ccw=4;cw_control=(0, 1);ccw_control=(1, 0)",0,111,111,1,1,1,1,1,0,0
relation_only,inconsistent_operational_controls,"cw=4;ccw=5;cw_control=(1, 0);ccw_control=(0, 1)",0,111,111,1,1,1,1,1,0,0
relation_only,inconsistent_operational_controls,"cw=4;ccw=5;cw_control=(0, 1);ccw_control=(1, 0)",0,111,111,1,1,1,1,1,0,0
relation_only,inconsistent_operational_controls,"cw=4;ccw=6;cw_control=(1, 0);ccw_control=(0, 1)",0,111,111,1,1,1,1,1,0,0
relation_only,inconsistent_operational_controls,"cw=4;ccw=6;cw_control=(0, 1);ccw_control=(1, 0)",0,111,111,1,1,1,1,1,0,0
relation_only,inconsistent_operational_controls,"cw=4;ccw=7;cw_control=(1, 0);ccw_control=(0, 1)",0,111,111,1,1,1,1,1,0,0
relation_only,inconsistent_operational_controls,"cw=4;ccw=7;cw_control=(0, 1);ccw_control=(1, 0)",0,111,111,1,1,1,1,1,0,0
relation_only,inconsistent_operational_controls,"cw=5;ccw=0;cw_control=(1, 0);ccw_control=(0, 1)",0,111,111,1,1,1,1,1,0,0
relation_only,inconsistent_operational_controls,"cw=5;ccw=0;cw_control=(0, 1);ccw_control=(1, 0)",0,111,111,1,1,1,1,1,0,0
relation_only,inconsistent_operational_controls,"cw=5;ccw=1;cw_control=(1, 0);ccw_control=(0, 1)",0,111,111,1,1,1,1,1,0,0
relation_only,inconsistent_operational_controls,"cw=5;ccw=1;cw_control=(0, 1);ccw_control=(1, 0)",0,111,111,1,1,1,1,1,0,0
relation_only,inconsistent_operational_controls,"cw=5;ccw=2;cw_control=(1, 0);ccw_control=(0, 1)",0,111,111,1,1,1,1,1,0,0
relation_only,inconsistent_operational_controls,"cw=5;ccw=2;cw_control=(0, 1);ccw_control=(1, 0)",0,111,111,1,1,1,1,1,0,0
relation_only,inconsistent_operational_controls,"cw=5;ccw=3;cw_control=(1, 0);ccw_control=(0, 1)",0,111,111,1,1,1,1,1,0,0
relation_only,inconsistent_operational_controls,"cw=5;ccw=3;cw_control=(0, 1);ccw_control=(1, 0)",0,111,111,1,1,1,1,1,0,0
relation_only,inconsistent_operational_controls,"cw=5;ccw=4;cw_control=(1, 0);ccw_control=(0, 1)",0,111,111,1,1,1,1,1,0,0
relation_only,inconsistent_operational_controls,"cw=5;ccw=4;cw_control=(0, 1);ccw_control=(1, 0)",0,111,111,1,1,1,1,1,0,0
relation_only,inconsistent_operational_controls,"cw=5;ccw=5;cw_control=(1, 0);ccw_control=(0, 1)",0,111,111,1,1,1,1,1,0,0
relation_only,inconsistent_operational_controls,"cw=5;ccw=5;cw_control=(0, 1);ccw_control=(1, 0)",0,111,111,1,1,1,1,1,0,0
relation_only,inconsistent_operational_controls,"cw=5;ccw=6;cw_control=(1, 0);ccw_control=(0, 1)",0,111,111,1,1,1,1,1,0,0
relation_only,inconsistent_operational_controls,"cw=5;ccw=6;cw_control=(0, 1);ccw_control=(1, 0)",0,111,111,1,1,1,1,1,0,0
relation_only,inconsistent_operational_controls,"cw=5;ccw=7;cw_control=(1, 0);ccw_control=(0, 1)",0,111,111,1,1,1,1,1,0,0
relation_only,inconsistent_operational_controls,"cw=5;ccw=7;cw_control=(0, 1);ccw_control=(1, 0)",0,111,111,1,1,1,1,1,0,0
relation_only,inconsistent_operational_controls,"cw=6;ccw=0;cw_control=(1, 0);ccw_control=(0, 1)",0,111,111,1,1,1,1,1,0,0
relation_only,inconsistent_operational_controls,"cw=6;ccw=0;cw_control=(0, 1);ccw_control=(1, 0)",0,111,111,1,1,1,1,1,0,0
relation_only,inconsistent_operational_controls,"cw=6;ccw=1;cw_control=(1, 0);ccw_control=(0, 1)",0,111,111,1,1,1,1,1,0,0
relation_only,inconsistent_operational_controls,"cw=6;ccw=1;cw_control=(0, 1);ccw_control=(1, 0)",0,111,111,1,1,1,1,1,0,0
relation_only,inconsistent_operational_controls,"cw=6;ccw=2;cw_control=(1, 0);ccw_control=(0, 1)",0,111,111,1,1,1,1,1,0,0
relation_only,inconsistent_operational_controls,"cw=6;ccw=2;cw_control=(0, 1);ccw_control=(1, 0)",0,111,111,1,1,1,1,1,0,0
relation_only,inconsistent_operational_controls,"cw=6;ccw=3;cw_control=(1, 0);ccw_control=(0, 1)",0,111,111,1,1,1,1,1,0,0
relation_only,inconsistent_operational_controls,"cw=6;ccw=3;cw_control=(0, 1);ccw_control=(1, 0)",0,111,111,1,1,1,1,1,0,0
relation_only,inconsistent_operational_controls,"cw=6;ccw=4;cw_control=(1, 0);ccw_control=(0, 1)",0,111,111,1,1,1,1,1,0,0
relation_only,inconsistent_operational_controls,"cw=6;ccw=4;cw_control=(0, 1);ccw_control=(1, 0)",0,111,111,1,1,1,1,1,0,0
relation_only,inconsistent_operational_controls,"cw=6;ccw=5;cw_control=(1, 0);ccw_control=(0, 1)",0,111,111,1,1,1,1,1,0,0
relation_only,inconsistent_operational_controls,"cw=6;ccw=5;cw_control=(0, 1);ccw_control=(1, 0)",0,111,111,1,1,1,1,1,0,0
relation_only,inconsistent_operational_controls,"cw=6;ccw=6;cw_control=(1, 0);ccw_control=(0, 1)",0,111,111,1,1,1,1,1,0,0
relation_only,inconsistent_operational_controls,"cw=6;ccw=6;cw_control=(0, 1);ccw_control=(1, 0)",0,111,111,1,1,1,1,1,0,0
relation_only,inconsistent_operational_controls,"cw=6;ccw=7;cw_control=(1, 0);ccw_control=(0, 1)",0,111,111,1,1,1,1,1,0,0
relation_only,inconsistent_operational_controls,"cw=6;ccw=7;cw_control=(0, 1);ccw_control=(1, 0)",0,111,111,1,1,1,1,1,0,0
relation_only,inconsistent_operational_controls,"cw=7;ccw=0;cw_control=(1, 0);ccw_control=(0, 1)",0,111,111,1,1,1,1,1,0,0
relation_only,inconsistent_operational_controls,"cw=7;ccw=0;cw_control=(0, 1);ccw_control=(1, 0)",0,111,111,1,1,1,1,1,0,0
relation_only,inconsistent_operational_controls,"cw=7;ccw=1;cw_control=(1, 0);ccw_control=(0, 1)",0,111,111,1,1,1,1,1,0,0
relation_only,inconsistent_operational_controls,"cw=7;ccw=1;cw_control=(0, 1);ccw_control=(1, 0)",0,111,111,1,1,1,1,1,0,0
relation_only,inconsistent_operational_controls,"cw=7;ccw=2;cw_control=(1, 0);ccw_control=(0, 1)",0,111,111,1,1,1,1,1,0,0
relation_only,inconsistent_operational_controls,"cw=7;ccw=2;cw_control=(0, 1);ccw_control=(1, 0)",0,111,111,1,1,1,1,1,0,0
relation_only,inconsistent_operational_controls,"cw=7;ccw=3;cw_control=(1, 0);ccw_control=(0, 1)",0,111,111,1,1,1,1,1,0,0
relation_only,inconsistent_operational_controls,"cw=7;ccw=3;cw_control=(0, 1);ccw_control=(1, 0)",0,111,111,1,1,1,1,1,0,0
relation_only,inconsistent_operational_controls,"cw=7;ccw=4;cw_control=(1, 0);ccw_control=(0, 1)",0,111,111,1,1,1,1,1,0,0
relation_only,inconsistent_operational_controls,"cw=7;ccw=4;cw_control=(0, 1);ccw_control=(1, 0)",0,111,111,1,1,1,1,1,0,0
relation_only,inconsistent_operational_controls,"cw=7;ccw=5;cw_control=(1, 0);ccw_control=(0, 1)",0,111,111,1,1,1,1,1,0,0
relation_only,inconsistent_operational_controls,"cw=7;ccw=5;cw_control=(0, 1);ccw_control=(1, 0)",0,111,111,1,1,1,1,1,0,0
relation_only,inconsistent_operational_controls,"cw=7;ccw=6;cw_control=(1, 0);ccw_control=(0, 1)",0,111,111,1,1,1,1,1,0,0
relation_only,inconsistent_operational_controls,"cw=7;ccw=6;cw_control=(0, 1);ccw_control=(1, 0)",0,111,111,1,1,1,1,1,0,0
relation_only,inconsistent_operational_controls,"cw=7;ccw=7;cw_control=(1, 0);ccw_control=(0, 1)",0,111,111,1,1,1,1,1,0,0
relation_only,inconsistent_operational_controls,"cw=7;ccw=7;cw_control=(0, 1);ccw_control=(1, 0)",0,111,111,1,1,1,1,1,0,0
relation_only,relative_site_remap,"cw=0;ccw=0;control=(1, 0);shift=1",0,111,111,1,1,1,1,1,0,0
relation_only,relative_site_remap,"cw=0;ccw=0;control=(1, 0);shift=2",0,111,111,1,1,1,1,1,0,0
relation_only,relative_site_remap,"cw=0;ccw=0;control=(0, 1);shift=1",0,111,111,1,1,1,1,1,0,0
relation_only,relative_site_remap,"cw=0;ccw=0;control=(0, 1);shift=2",0,111,111,1,1,1,1,1,0,0
relation_only,relative_site_remap,"cw=0;ccw=1;control=(1, 0);shift=1",0,111,111,1,1,1,1,1,0,0
relation_only,relative_site_remap,"cw=0;ccw=1;control=(1, 0);shift=2",0,111,111,1,1,1,1,1,0,0
relation_only,relative_site_remap,"cw=0;ccw=1;control=(0, 1);shift=1",0,111,111,1,1,1,1,1,0,0
relation_only,relative_site_remap,"cw=0;ccw=1;control=(0, 1);shift=2",0,111,111,1,1,1,1,1,0,0
relation_only,relative_site_remap,"cw=0;ccw=2;control=(1, 0);shift=1",0,111,111,1,1,1,1,1,0,0
relation_only,relative_site_remap,"cw=0;ccw=2;control=(1, 0);shift=2",0,111,111,1,1,1,1,1,0,0
relation_only,relative_site_remap,"cw=0;ccw=2;control=(0, 1);shift=1",0,111,111,1,1,1,1,1,0,0
relation_only,relative_site_remap,"cw=0;ccw=2;control=(0, 1);shift=2",0,111,111,1,1,1,1,1,0,0
relation_only,relative_site_remap,"cw=0;ccw=3;control=(1, 0);shift=1",0,111,111,1,1,1,1,1,0,0
relation_only,relative_site_remap,"cw=0;ccw=3;control=(1, 0);shift=2",0,111,111,1,1,1,1,1,0,0
relation_only,relative_site_remap,"cw=0;ccw=3;control=(0, 1);shift=1",0,111,111,1,1,1,1,1,0,0
relation_only,relative_site_remap,"cw=0;ccw=3;control=(0, 1);shift=2",0,111,111,1,1,1,1,1,0,0
relation_only,relative_site_remap,"cw=0;ccw=4;control=(1, 0);shift=1",0,111,111,1,1,1,1,1,0,0
relation_only,relative_site_remap,"cw=0;ccw=4;control=(1, 0);shift=2",0,111,111,1,1,1,1,1,0,0
relation_only,relative_site_remap,"cw=0;ccw=4;control=(0, 1);shift=1",0,111,111,1,1,1,1,1,0,0
relation_only,relative_site_remap,"cw=0;ccw=4;control=(0, 1);shift=2",0,111,111,1,1,1,1,1,0,0
relation_only,relative_site_remap,"cw=0;ccw=5;control=(1, 0);shift=1",0,111,111,1,1,1,1,1,0,0
relation_only,relative_site_remap,"cw=0;ccw=5;control=(1, 0);shift=2",0,111,111,1,1,1,1,1,0,0
relation_only,relative_site_remap,"cw=0;ccw=5;control=(0, 1);shift=1",0,111,111,1,1,1,1,1,0,0
relation_only,relative_site_remap,"cw=0;ccw=5;control=(0, 1);shift=2",0,111,111,1,1,1,1,1,0,0
relation_only,relative_site_remap,"cw=0;ccw=6;control=(1, 0);shift=1",0,111,111,1,1,1,1,1,0,0
relation_only,relative_site_remap,"cw=0;ccw=6;control=(1, 0);shift=2",0,111,111,1,1,1,1,1,0,0
relation_only,relative_site_remap,"cw=0;ccw=6;control=(0, 1);shift=1",0,111,111,1,1,1,1,1,0,0
relation_only,relative_site_remap,"cw=0;ccw=6;control=(0, 1);shift=2",0,111,111,1,1,1,1,1,0,0
relation_only,relative_site_remap,"cw=0;ccw=7;control=(1, 0);shift=1",0,111,111,1,1,1,1,1,0,0
relation_only,relative_site_remap,"cw=0;ccw=7;control=(1, 0);shift=2",0,111,111,1,1,1,1,1,0,0
relation_only,relative_site_remap,"cw=0;ccw=7;control=(0, 1);shift=1",0,111,111,1,1,1,1,1,0,0
relation_only,relative_site_remap,"cw=0;ccw=7;control=(0, 1);shift=2",0,111,111,1,1,1,1,1,0,0
relation_only,relative_site_remap,"cw=1;ccw=0;control=(1, 0);shift=1",0,111,111,1,1,1,1,1,0,0
relation_only,relative_site_remap,"cw=1;ccw=0;control=(1, 0);shift=2",0,111,111,1,1,1,1,1,0,0
relation_only,relative_site_remap,"cw=1;ccw=0;control=(0, 1);shift=1",0,111,111,1,1,1,1,1,0,0
relation_only,relative_site_remap,"cw=1;ccw=0;control=(0, 1);shift=2",0,111,111,1,1,1,1,1,0,0
relation_only,relative_site_remap,"cw=1;ccw=1;control=(1, 0);shift=1",0,111,111,1,1,1,1,1,0,0
relation_only,relative_site_remap,"cw=1;ccw=1;control=(1, 0);shift=2",0,111,111,1,1,1,1,1,0,0
relation_only,relative_site_remap,"cw=1;ccw=1;control=(0, 1);shift=1",0,111,111,1,1,1,1,1,0,0
relation_only,relative_site_remap,"cw=1;ccw=1;control=(0, 1);shift=2",0,111,111,1,1,1,1,1,0,0
relation_only,relative_site_remap,"cw=1;ccw=2;control=(1, 0);shift=1",0,111,111,1,1,1,1,1,0,0
relation_only,relative_site_remap,"cw=1;ccw=2;control=(1, 0);shift=2",0,111,111,1,1,1,1,1,0,0
relation_only,relative_site_remap,"cw=1;ccw=2;control=(0, 1);shift=1",0,111,111,1,1,1,1,1,0,0
relation_only,relative_site_remap,"cw=1;ccw=2;control=(0, 1);shift=2",0,111,111,1,1,1,1,1,0,0
relation_only,relative_site_remap,"cw=1;ccw=3;control=(1, 0);shift=1",0,111,111,1,1,1,1,1,0,0
relation_only,relative_site_remap,"cw=1;ccw=3;control=(1, 0);shift=2",0,111,111,1,1,1,1,1,0,0
relation_only,relative_site_remap,"cw=1;ccw=3;control=(0, 1);shift=1",0,111,111,1,1,1,1,1,0,0
relation_only,relative_site_remap,"cw=1;ccw=3;control=(0, 1);shift=2",0,111,111,1,1,1,1,1,0,0
relation_only,relative_site_remap,"cw=1;ccw=4;control=(1, 0);shift=1",0,111,111,1,1,1,1,1,0,0
relation_only,relative_site_remap,"cw=1;ccw=4;control=(1, 0);shift=2",0,111,111,1,1,1,1,1,0,0
relation_only,relative_site_remap,"cw=1;ccw=4;control=(0, 1);shift=1",0,111,111,1,1,1,1,1,0,0
relation_only,relative_site_remap,"cw=1;ccw=4;control=(0, 1);shift=2",0,111,111,1,1,1,1,1,0,0
relation_only,relative_site_remap,"cw=1;ccw=5;control=(1, 0);shift=1",0,111,111,1,1,1,1,1,0,0
relation_only,relative_site_remap,"cw=1;ccw=5;control=(1, 0);shift=2",0,111,111,1,1,1,1,1,0,0
relation_only,relative_site_remap,"cw=1;ccw=5;control=(0, 1);shift=1",0,111,111,1,1,1,1,1,0,0
relation_only,relative_site_remap,"cw=1;ccw=5;control=(0, 1);shift=2",0,111,111,1,1,1,1,1,0,0
relation_only,relative_site_remap,"cw=1;ccw=6;control=(1, 0);shift=1",0,111,111,1,1,1,1,1,0,0
relation_only,relative_site_remap,"cw=1;ccw=6;control=(1, 0);shift=2",0,111,111,1,1,1,1,1,0,0
relation_only,relative_site_remap,"cw=1;ccw=6;control=(0, 1);shift=1",0,111,111,1,1,1,1,1,0,0
relation_only,relative_site_remap,"cw=1;ccw=6;control=(0, 1);shift=2",0,111,111,1,1,1,1,1,0,0
relation_only,relative_site_remap,"cw=1;ccw=7;control=(1, 0);shift=1",0,111,111,1,1,1,1,1,0,0
relation_only,relative_site_remap,"cw=1;ccw=7;control=(1, 0);shift=2",0,111,111,1,1,1,1,1,0,0
relation_only,relative_site_remap,"cw=1;ccw=7;control=(0, 1);shift=1",0,111,111,1,1,1,1,1,0,0
relation_only,relative_site_remap,"cw=1;ccw=7;control=(0, 1);shift=2",0,111,111,1,1,1,1,1,0,0
relation_only,relative_site_remap,"cw=2;ccw=0;control=(1, 0);shift=1",0,111,111,1,1,1,1,1,0,0
relation_only,relative_site_remap,"cw=2;ccw=0;control=(1, 0);shift=2",0,111,111,1,1,1,1,1,0,0
relation_only,relative_site_remap,"cw=2;ccw=0;control=(0, 1);shift=1",0,111,111,1,1,1,1,1,0,0
relation_only,relative_site_remap,"cw=2;ccw=0;control=(0, 1);shift=2",0,111,111,1,1,1,1,1,0,0
relation_only,relative_site_remap,"cw=2;ccw=1;control=(1, 0);shift=1",0,111,111,1,1,1,1,1,0,0
relation_only,relative_site_remap,"cw=2;ccw=1;control=(1, 0);shift=2",0,111,111,1,1,1,1,1,0,0
relation_only,relative_site_remap,"cw=2;ccw=1;control=(0, 1);shift=1",0,111,111,1,1,1,1,1,0,0
relation_only,relative_site_remap,"cw=2;ccw=1;control=(0, 1);shift=2",0,111,111,1,1,1,1,1,0,0
relation_only,relative_site_remap,"cw=2;ccw=2;control=(1, 0);shift=1",0,111,111,1,1,1,1,1,0,0
relation_only,relative_site_remap,"cw=2;ccw=2;control=(1, 0);shift=2",0,111,111,1,1,1,1,1,0,0
relation_only,relative_site_remap,"cw=2;ccw=2;control=(0, 1);shift=1",0,111,111,1,1,1,1,1,0,0
relation_only,relative_site_remap,"cw=2;ccw=2;control=(0, 1);shift=2",0,111,111,1,1,1,1,1,0,0
relation_only,relative_site_remap,"cw=2;ccw=3;control=(1, 0);shift=1",0,111,111,1,1,1,1,1,0,0
relation_only,relative_site_remap,"cw=2;ccw=3;control=(1, 0);shift=2",0,111,111,1,1,1,1,1,0,0
relation_only,relative_site_remap,"cw=2;ccw=3;control=(0, 1);shift=1",0,111,111,1,1,1,1,1,0,0
relation_only,relative_site_remap,"cw=2;ccw=3;control=(0, 1);shift=2",0,111,111,1,1,1,1,1,0,0
relation_only,relative_site_remap,"cw=2;ccw=4;control=(1, 0);shift=1",0,111,111,1,1,1,1,1,0,0
relation_only,relative_site_remap,"cw=2;ccw=4;control=(1, 0);shift=2",0,111,111,1,1,1,1,1,0,0
relation_only,relative_site_remap,"cw=2;ccw=4;control=(0, 1);shift=1",0,111,111,1,1,1,1,1,0,0
relation_only,relative_site_remap,"cw=2;ccw=4;control=(0, 1);shift=2",0,111,111,1,1,1,1,1,0,0
relation_only,relative_site_remap,"cw=2;ccw=5;control=(1, 0);shift=1",0,111,111,1,1,1,1,1,0,0
relation_only,relative_site_remap,"cw=2;ccw=5;control=(1, 0);shift=2",0,111,111,1,1,1,1,1,0,0
relation_only,relative_site_remap,"cw=2;ccw=5;control=(0, 1);shift=1",0,111,111,1,1,1,1,1,0,0
relation_only,relative_site_remap,"cw=2;ccw=5;control=(0, 1);shift=2",0,111,111,1,1,1,1,1,0,0
relation_only,relative_site_remap,"cw=2;ccw=6;control=(1, 0);shift=1",0,111,111,1,1,1,1,1,0,0
relation_only,relative_site_remap,"cw=2;ccw=6;control=(1, 0);shift=2",0,111,111,1,1,1,1,1,0,0
relation_only,relative_site_remap,"cw=2;ccw=6;control=(0, 1);shift=1",0,111,111,1,1,1,1,1,0,0
relation_only,relative_site_remap,"cw=2;ccw=6;control=(0, 1);shift=2",0,111,111,1,1,1,1,1,0,0
relation_only,relative_site_remap,"cw=2;ccw=7;control=(1, 0);shift=1",0,111,111,1,1,1,1,1,0,0
relation_only,relative_site_remap,"cw=2;ccw=7;control=(1, 0);shift=2",0,111,111,1,1,1,1,1,0,0
relation_only,relative_site_remap,"cw=2;ccw=7;control=(0, 1);shift=1",0,111,111,1,1,1,1,1,0,0
relation_only,relative_site_remap,"cw=2;ccw=7;control=(0, 1);shift=2",0,111,111,1,1,1,1,1,0,0
relation_only,relative_site_remap,"cw=3;ccw=0;control=(1, 0);shift=1",0,111,111,1,1,1,1,1,0,0
relation_only,relative_site_remap,"cw=3;ccw=0;control=(1, 0);shift=2",0,111,111,1,1,1,1,1,0,0
relation_only,relative_site_remap,"cw=3;ccw=0;control=(0, 1);shift=1",0,111,111,1,1,1,1,1,0,0
relation_only,relative_site_remap,"cw=3;ccw=0;control=(0, 1);shift=2",0,111,111,1,1,1,1,1,0,0
relation_only,relative_site_remap,"cw=3;ccw=1;control=(1, 0);shift=1",0,111,111,1,1,1,1,1,0,0
relation_only,relative_site_remap,"cw=3;ccw=1;control=(1, 0);shift=2",0,111,111,1,1,1,1,1,0,0
relation_only,relative_site_remap,"cw=3;ccw=1;control=(0, 1);shift=1",0,111,111,1,1,1,1,1,0,0
relation_only,relative_site_remap,"cw=3;ccw=1;control=(0, 1);shift=2",0,111,111,1,1,1,1,1,0,0
relation_only,relative_site_remap,"cw=3;ccw=2;control=(1, 0);shift=1",0,111,111,1,1,1,1,1,0,0
relation_only,relative_site_remap,"cw=3;ccw=2;control=(1, 0);shift=2",0,111,111,1,1,1,1,1,0,0
relation_only,relative_site_remap,"cw=3;ccw=2;control=(0, 1);shift=1",0,111,111,1,1,1,1,1,0,0
relation_only,relative_site_remap,"cw=3;ccw=2;control=(0, 1);shift=2",0,111,111,1,1,1,1,1,0,0
relation_only,relative_site_remap,"cw=3;ccw=3;control=(1, 0);shift=1",0,111,111,1,1,1,1,1,0,0
relation_only,relative_site_remap,"cw=3;ccw=3;control=(1, 0);shift=2",0,111,111,1,1,1,1,1,0,0
relation_only,relative_site_remap,"cw=3;ccw=3;control=(0, 1);shift=1",0,111,111,1,1,1,1,1,0,0
relation_only,relative_site_remap,"cw=3;ccw=3;control=(0, 1);shift=2",0,111,111,1,1,1,1,1,0,0
relation_only,relative_site_remap,"cw=3;ccw=4;control=(1, 0);shift=1",0,111,111,1,1,1,1,1,0,0
relation_only,relative_site_remap,"cw=3;ccw=4;control=(1, 0);shift=2",0,111,111,1,1,1,1,1,0,0
relation_only,relative_site_remap,"cw=3;ccw=4;control=(0, 1);shift=1",0,111,111,1,1,1,1,1,0,0
relation_only,relative_site_remap,"cw=3;ccw=4;control=(0, 1);shift=2",0,111,111,1,1,1,1,1,0,0
relation_only,relative_site_remap,"cw=3;ccw=5;control=(1, 0);shift=1",0,111,111,1,1,1,1,1,0,0
relation_only,relative_site_remap,"cw=3;ccw=5;control=(1, 0);shift=2",0,111,111,1,1,1,1,1,0,0
relation_only,relative_site_remap,"cw=3;ccw=5;control=(0, 1);shift=1",0,111,111,1,1,1,1,1,0,0
relation_only,relative_site_remap,"cw=3;ccw=5;control=(0, 1);shift=2",0,111,111,1,1,1,1,1,0,0
relation_only,relative_site_remap,"cw=3;ccw=6;control=(1, 0);shift=1",0,111,111,1,1,1,1,1,0,0
relation_only,relative_site_remap,"cw=3;ccw=6;control=(1, 0);shift=2",0,111,111,1,1,1,1,1,0,0
relation_only,relative_site_remap,"cw=3;ccw=6;control=(0, 1);shift=1",0,111,111,1,1,1,1,1,0,0
relation_only,relative_site_remap,"cw=3;ccw=6;control=(0, 1);shift=2",0,111,111,1,1,1,1,1,0,0
relation_only,relative_site_remap,"cw=3;ccw=7;control=(1, 0);shift=1",0,111,111,1,1,1,1,1,0,0
relation_only,relative_site_remap,"cw=3;ccw=7;control=(1, 0);shift=2",0,111,111,1,1,1,1,1,0,0
relation_only,relative_site_remap,"cw=3;ccw=7;control=(0, 1);shift=1",0,111,111,1,1,1,1,1,0,0
relation_only,relative_site_remap,"cw=3;ccw=7;control=(0, 1);shift=2",0,111,111,1,1,1,1,1,0,0
relation_only,relative_site_remap,"cw=4;ccw=0;control=(1, 0);shift=1",0,111,111,1,1,1,1,1,0,0
relation_only,relative_site_remap,"cw=4;ccw=0;control=(1, 0);shift=2",0,111,111,1,1,1,1,1,0,0
relation_only,relative_site_remap,"cw=4;ccw=0;control=(0, 1);shift=1",0,111,111,1,1,1,1,1,0,0
relation_only,relative_site_remap,"cw=4;ccw=0;control=(0, 1);shift=2",0,111,111,1,1,1,1,1,0,0
relation_only,relative_site_remap,"cw=4;ccw=1;control=(1, 0);shift=1",0,111,111,1,1,1,1,1,0,0
relation_only,relative_site_remap,"cw=4;ccw=1;control=(1, 0);shift=2",0,111,111,1,1,1,1,1,0,0
relation_only,relative_site_remap,"cw=4;ccw=1;control=(0, 1);shift=1",0,111,111,1,1,1,1,1,0,0
relation_only,relative_site_remap,"cw=4;ccw=1;control=(0, 1);shift=2",0,111,111,1,1,1,1,1,0,0
relation_only,relative_site_remap,"cw=4;ccw=2;control=(1, 0);shift=1",0,111,111,1,1,1,1,1,0,0
relation_only,relative_site_remap,"cw=4;ccw=2;control=(1, 0);shift=2",0,111,111,1,1,1,1,1,0,0
relation_only,relative_site_remap,"cw=4;ccw=2;control=(0, 1);shift=1",0,111,111,1,1,1,1,1,0,0
relation_only,relative_site_remap,"cw=4;ccw=2;control=(0, 1);shift=2",0,111,111,1,1,1,1,1,0,0
relation_only,relative_site_remap,"cw=4;ccw=3;control=(1, 0);shift=1",0,111,111,1,1,1,1,1,0,0
relation_only,relative_site_remap,"cw=4;ccw=3;control=(1, 0);shift=2",0,111,111,1,1,1,1,1,0,0
relation_only,relative_site_remap,"cw=4;ccw=3;control=(0, 1);shift=1",0,111,111,1,1,1,1,1,0,0
relation_only,relative_site_remap,"cw=4;ccw=3;control=(0, 1);shift=2",0,111,111,1,1,1,1,1,0,0
relation_only,relative_site_remap,"cw=4;ccw=4;control=(1, 0);shift=1",0,111,111,1,1,1,1,1,0,0
relation_only,relative_site_remap,"cw=4;ccw=4;control=(1, 0);shift=2",0,111,111,1,1,1,1,1,0,0
relation_only,relative_site_remap,"cw=4;ccw=4;control=(0, 1);shift=1",0,111,111,1,1,1,1,1,0,0
relation_only,relative_site_remap,"cw=4;ccw=4;control=(0, 1);shift=2",0,111,111,1,1,1,1,1,0,0
relation_only,relative_site_remap,"cw=4;ccw=5;control=(1, 0);shift=1",0,111,111,1,1,1,1,1,0,0
relation_only,relative_site_remap,"cw=4;ccw=5;control=(1, 0);shift=2",0,111,111,1,1,1,1,1,0,0
relation_only,relative_site_remap,"cw=4;ccw=5;control=(0, 1);shift=1",0,111,111,1,1,1,1,1,0,0
relation_only,relative_site_remap,"cw=4;ccw=5;control=(0, 1);shift=2",0,111,111,1,1,1,1,1,0,0
relation_only,relative_site_remap,"cw=4;ccw=6;control=(1, 0);shift=1",0,111,111,1,1,1,1,1,0,0
relation_only,relative_site_remap,"cw=4;ccw=6;control=(1, 0);shift=2",0,111,111,1,1,1,1,1,0,0
relation_only,relative_site_remap,"cw=4;ccw=6;control=(0, 1);shift=1",0,111,111,1,1,1,1,1,0,0
relation_only,relative_site_remap,"cw=4;ccw=6;control=(0, 1);shift=2",0,111,111,1,1,1,1,1,0,0
relation_only,relative_site_remap,"cw=4;ccw=7;control=(1, 0);shift=1",0,111,111,1,1,1,1,1,0,0
relation_only,relative_site_remap,"cw=4;ccw=7;control=(1, 0);shift=2",0,111,111,1,1,1,1,1,0,0
relation_only,relative_site_remap,"cw=4;ccw=7;control=(0, 1);shift=1",0,111,111,1,1,1,1,1,0,0
relation_only,relative_site_remap,"cw=4;ccw=7;control=(0, 1);shift=2",0,111,111,1,1,1,1,1,0,0
relation_only,relative_site_remap,"cw=5;ccw=0;control=(1, 0);shift=1",0,111,111,1,1,1,1,1,0,0
relation_only,relative_site_remap,"cw=5;ccw=0;control=(1, 0);shift=2",0,111,111,1,1,1,1,1,0,0
relation_only,relative_site_remap,"cw=5;ccw=0;control=(0, 1);shift=1",0,111,111,1,1,1,1,1,0,0
relation_only,relative_site_remap,"cw=5;ccw=0;control=(0, 1);shift=2",0,111,111,1,1,1,1,1,0,0
relation_only,relative_site_remap,"cw=5;ccw=1;control=(1, 0);shift=1",0,111,111,1,1,1,1,1,0,0
relation_only,relative_site_remap,"cw=5;ccw=1;control=(1, 0);shift=2",0,111,111,1,1,1,1,1,0,0
relation_only,relative_site_remap,"cw=5;ccw=1;control=(0, 1);shift=1",0,111,111,1,1,1,1,1,0,0
relation_only,relative_site_remap,"cw=5;ccw=1;control=(0, 1);shift=2",0,111,111,1,1,1,1,1,0,0
relation_only,relative_site_remap,"cw=5;ccw=2;control=(1, 0);shift=1",0,111,111,1,1,1,1,1,0,0
relation_only,relative_site_remap,"cw=5;ccw=2;control=(1, 0);shift=2",0,111,111,1,1,1,1,1,0,0
relation_only,relative_site_remap,"cw=5;ccw=2;control=(0, 1);shift=1",0,111,111,1,1,1,1,1,0,0
relation_only,relative_site_remap,"cw=5;ccw=2;control=(0, 1);shift=2",0,111,111,1,1,1,1,1,0,0
relation_only,relative_site_remap,"cw=5;ccw=3;control=(1, 0);shift=1",0,111,111,1,1,1,1,1,0,0
relation_only,relative_site_remap,"cw=5;ccw=3;control=(1, 0);shift=2",0,111,111,1,1,1,1,1,0,0
relation_only,relative_site_remap,"cw=5;ccw=3;control=(0, 1);shift=1",0,111,111,1,1,1,1,1,0,0
relation_only,relative_site_remap,"cw=5;ccw=3;control=(0, 1);shift=2",0,111,111,1,1,1,1,1,0,0
relation_only,relative_site_remap,"cw=5;ccw=4;control=(1, 0);shift=1",0,111,111,1,1,1,1,1,0,0
relation_only,relative_site_remap,"cw=5;ccw=4;control=(1, 0);shift=2",0,111,111,1,1,1,1,1,0,0
relation_only,relative_site_remap,"cw=5;ccw=4;control=(0, 1);shift=1",0,111,111,1,1,1,1,1,0,0
relation_only,relative_site_remap,"cw=5;ccw=4;control=(0, 1);shift=2",0,111,111,1,1,1,1,1,0,0
relation_only,relative_site_remap,"cw=5;ccw=5;control=(1, 0);shift=1",0,111,111,1,1,1,1,1,0,0
relation_only,relative_site_remap,"cw=5;ccw=5;control=(1, 0);shift=2",0,111,111,1,1,1,1,1,0,0
relation_only,relative_site_remap,"cw=5;ccw=5;control=(0, 1);shift=1",0,111,111,1,1,1,1,1,0,0
relation_only,relative_site_remap,"cw=5;ccw=5;control=(0, 1);shift=2",0,111,111,1,1,1,1,1,0,0
relation_only,relative_site_remap,"cw=5;ccw=6;control=(1, 0);shift=1",0,111,111,1,1,1,1,1,0,0
relation_only,relative_site_remap,"cw=5;ccw=6;control=(1, 0);shift=2",0,111,111,1,1,1,1,1,0,0
relation_only,relative_site_remap,"cw=5;ccw=6;control=(0, 1);shift=1",0,111,111,1,1,1,1,1,0,0
relation_only,relative_site_remap,"cw=5;ccw=6;control=(0, 1);shift=2",0,111,111,1,1,1,1,1,0,0
relation_only,relative_site_remap,"cw=5;ccw=7;control=(1, 0);shift=1",0,111,111,1,1,1,1,1,0,0
relation_only,relative_site_remap,"cw=5;ccw=7;control=(1, 0);shift=2",0,111,111,1,1,1,1,1,0,0
relation_only,relative_site_remap,"cw=5;ccw=7;control=(0, 1);shift=1",0,111,111,1,1,1,1,1,0,0
relation_only,relative_site_remap,"cw=5;ccw=7;control=(0, 1);shift=2",0,111,111,1,1,1,1,1,0,0
relation_only,relative_site_remap,"cw=6;ccw=0;control=(1, 0);shift=1",0,111,111,1,1,1,1,1,0,0
relation_only,relative_site_remap,"cw=6;ccw=0;control=(1, 0);shift=2",0,111,111,1,1,1,1,1,0,0
relation_only,relative_site_remap,"cw=6;ccw=0;control=(0, 1);shift=1",0,111,111,1,1,1,1,1,0,0
relation_only,relative_site_remap,"cw=6;ccw=0;control=(0, 1);shift=2",0,111,111,1,1,1,1,1,0,0
relation_only,relative_site_remap,"cw=6;ccw=1;control=(1, 0);shift=1",0,111,111,1,1,1,1,1,0,0
relation_only,relative_site_remap,"cw=6;ccw=1;control=(1, 0);shift=2",0,111,111,1,1,1,1,1,0,0
relation_only,relative_site_remap,"cw=6;ccw=1;control=(0, 1);shift=1",0,111,111,1,1,1,1,1,0,0
relation_only,relative_site_remap,"cw=6;ccw=1;control=(0, 1);shift=2",0,111,111,1,1,1,1,1,0,0
relation_only,relative_site_remap,"cw=6;ccw=2;control=(1, 0);shift=1",0,111,111,1,1,1,1,1,0,0
relation_only,relative_site_remap,"cw=6;ccw=2;control=(1, 0);shift=2",0,111,111,1,1,1,1,1,0,0
relation_only,relative_site_remap,"cw=6;ccw=2;control=(0, 1);shift=1",0,111,111,1,1,1,1,1,0,0
relation_only,relative_site_remap,"cw=6;ccw=2;control=(0, 1);shift=2",0,111,111,1,1,1,1,1,0,0
relation_only,relative_site_remap,"cw=6;ccw=3;control=(1, 0);shift=1",0,111,111,1,1,1,1,1,0,0
relation_only,relative_site_remap,"cw=6;ccw=3;control=(1, 0);shift=2",0,111,111,1,1,1,1,1,0,0
relation_only,relative_site_remap,"cw=6;ccw=3;control=(0, 1);shift=1",0,111,111,1,1,1,1,1,0,0
relation_only,relative_site_remap,"cw=6;ccw=3;control=(0, 1);shift=2",0,111,111,1,1,1,1,1,0,0
relation_only,relative_site_remap,"cw=6;ccw=4;control=(1, 0);shift=1",0,111,111,1,1,1,1,1,0,0
relation_only,relative_site_remap,"cw=6;ccw=4;control=(1, 0);shift=2",0,111,111,1,1,1,1,1,0,0
relation_only,relative_site_remap,"cw=6;ccw=4;control=(0, 1);shift=1",0,111,111,1,1,1,1,1,0,0
relation_only,relative_site_remap,"cw=6;ccw=4;control=(0, 1);shift=2",0,111,111,1,1,1,1,1,0,0
relation_only,relative_site_remap,"cw=6;ccw=5;control=(1, 0);shift=1",0,111,111,1,1,1,1,1,0,0
relation_only,relative_site_remap,"cw=6;ccw=5;control=(1, 0);shift=2",0,111,111,1,1,1,1,1,0,0
relation_only,relative_site_remap,"cw=6;ccw=5;control=(0, 1);shift=1",0,111,111,1,1,1,1,1,0,0
relation_only,relative_site_remap,"cw=6;ccw=5;control=(0, 1);shift=2",0,111,111,1,1,1,1,1,0,0
relation_only,relative_site_remap,"cw=6;ccw=6;control=(1, 0);shift=1",0,111,111,1,1,1,1,1,0,0
relation_only,relative_site_remap,"cw=6;ccw=6;control=(1, 0);shift=2",0,111,111,1,1,1,1,1,0,0
relation_only,relative_site_remap,"cw=6;ccw=6;control=(0, 1);shift=1",0,111,111,1,1,1,1,1,0,0
relation_only,relative_site_remap,"cw=6;ccw=6;control=(0, 1);shift=2",0,111,111,1,1,1,1,1,0,0
relation_only,relative_site_remap,"cw=6;ccw=7;control=(1, 0);shift=1",0,111,111,1,1,1,1,1,0,0
relation_only,relative_site_remap,"cw=6;ccw=7;control=(1, 0);shift=2",0,111,111,1,1,1,1,1,0,0
relation_only,relative_site_remap,"cw=6;ccw=7;control=(0, 1);shift=1",0,111,111,1,1,1,1,1,0,0
relation_only,relative_site_remap,"cw=6;ccw=7;control=(0, 1);shift=2",0,111,111,1,1,1,1,1,0,0
relation_only,relative_site_remap,"cw=7;ccw=0;control=(1, 0);shift=1",0,111,111,1,1,1,1,1,0,0
relation_only,relative_site_remap,"cw=7;ccw=0;control=(1, 0);shift=2",0,111,111,1,1,1,1,1,0,0
relation_only,relative_site_remap,"cw=7;ccw=0;control=(0, 1);shift=1",0,111,111,1,1,1,1,1,0,0
relation_only,relative_site_remap,"cw=7;ccw=0;control=(0, 1);shift=2",0,111,111,1,1,1,1,1,0,0
relation_only,relative_site_remap,"cw=7;ccw=1;control=(1, 0);shift=1",0,111,111,1,1,1,1,1,0,0
relation_only,relative_site_remap,"cw=7;ccw=1;control=(1, 0);shift=2",0,111,111,1,1,1,1,1,0,0
relation_only,relative_site_remap,"cw=7;ccw=1;control=(0, 1);shift=1",0,111,111,1,1,1,1,1,0,0
relation_only,relative_site_remap,"cw=7;ccw=1;control=(0, 1);shift=2",0,111,111,1,1,1,1,1,0,0
relation_only,relative_site_remap,"cw=7;ccw=2;control=(1, 0);shift=1",0,111,111,1,1,1,1,1,0,0
relation_only,relative_site_remap,"cw=7;ccw=2;control=(1, 0);shift=2",0,111,111,1,1,1,1,1,0,0
relation_only,relative_site_remap,"cw=7;ccw=2;control=(0, 1);shift=1",0,111,111,1,1,1,1,1,0,0
relation_only,relative_site_remap,"cw=7;ccw=2;control=(0, 1);shift=2",0,111,111,1,1,1,1,1,0,0
relation_only,relative_site_remap,"cw=7;ccw=3;control=(1, 0);shift=1",0,111,111,1,1,1,1,1,0,0
relation_only,relative_site_remap,"cw=7;ccw=3;control=(1, 0);shift=2",0,111,111,1,1,1,1,1,0,0
relation_only,relative_site_remap,"cw=7;ccw=3;control=(0, 1);shift=1",0,111,111,1,1,1,1,1,0,0
relation_only,relative_site_remap,"cw=7;ccw=3;control=(0, 1);shift=2",0,111,111,1,1,1,1,1,0,0
relation_only,relative_site_remap,"cw=7;ccw=4;control=(1, 0);shift=1",0,111,111,1,1,1,1,1,0,0
relation_only,relative_site_remap,"cw=7;ccw=4;control=(1, 0);shift=2",0,111,111,1,1,1,1,1,0,0
relation_only,relative_site_remap,"cw=7;ccw=4;control=(0, 1);shift=1",0,111,111,1,1,1,1,1,0,0
relation_only,relative_site_remap,"cw=7;ccw=4;control=(0, 1);shift=2",0,111,111,1,1,1,1,1,0,0
relation_only,relative_site_remap,"cw=7;ccw=5;control=(1, 0);shift=1",0,111,111,1,1,1,1,1,0,0
relation_only,relative_site_remap,"cw=7;ccw=5;control=(1, 0);shift=2",0,111,111,1,1,1,1,1,0,0
relation_only,relative_site_remap,"cw=7;ccw=5;control=(0, 1);shift=1",0,111,111,1,1,1,1,1,0,0
relation_only,relative_site_remap,"cw=7;ccw=5;control=(0, 1);shift=2",0,111,111,1,1,1,1,1,0,0
relation_only,relative_site_remap,"cw=7;ccw=6;control=(1, 0);shift=1",0,111,111,1,1,1,1,1,0,0
relation_only,relative_site_remap,"cw=7;ccw=6;control=(1, 0);shift=2",0,111,111,1,1,1,1,1,0,0
relation_only,relative_site_remap,"cw=7;ccw=6;control=(0, 1);shift=1",0,111,111,1,1,1,1,1,0,0
relation_only,relative_site_remap,"cw=7;ccw=6;control=(0, 1);shift=2",0,111,111,1,1,1,1,1,0,0
relation_only,relative_site_remap,"cw=7;ccw=7;control=(1, 0);shift=1",0,111,111,1,1,1,1,1,0,0
relation_only,relative_site_remap,"cw=7;ccw=7;control=(1, 0);shift=2",0,111,111,1,1,1,1,1,0,0
relation_only,relative_site_remap,"cw=7;ccw=7;control=(0, 1);shift=1",0,111,111,1,1,1,1,1,0,0
relation_only,relative_site_remap,"cw=7;ccw=7;control=(0, 1);shift=2",0,111,111,1,1,1,1,1,0,0
