training_seed,architecture,heldout_both_correct,task_competent,transition,component_norm,next_component_norm,transported_component_norm,transport_fraction_of_next,transport_alignment_with_next,random_transport_median,transport_selectivity_over_random,transport_percentile,matched_own_history_transport,transport_selectivity_over_own_history,erase_cross_entropy_increase,random_action_loss_median,action_loss_selectivity_over_random,action_loss_percentile,matched_own_history_action_loss,action_loss_selectivity_over_own_history,erase_probability_response,random_probability_response_median,probability_response_selectivity_over_random,probability_response_percentile,exchange_cross_entropy_increase,erase_bilateral_fraction,exchange_bilateral_fraction,random_bilateral_median,reentry_state_reconstruction_error
3000,independent,0.120849609375,False,4_to_5,0.0,0.0,0.0,0.0,0.0,0.0,0.0,0.5,0.0,0.0,0.0,0.0,0.0,0.5,0.0,0.0,0.0,0.0,0.0,0.5,0.0,0.0,0.0,0.0,0.0
3000,independent,0.120849609375,False,5_to_6,0.0,0.0,0.0,0.0,0.0,0.0,0.0,0.5,0.0,0.0,0.0,0.0,0.0,0.5,0.0,0.0,0.0,0.0,0.0,0.5,0.0,0.0,0.0,0.0,0.0
3000,independent,0.120849609375,False,6_to_7,0.0,0.0,0.0,0.0,0.0,0.0,0.0,0.5,0.0,0.0,0.0,0.0,0.0,0.5,0.0,0.0,0.0,0.0,0.0,0.5,0.0,0.0,0.0,0.0,0.0
3000,distributed,1.0,True,4_to_5,0.2678886857567754,0.39515325917324634,0.2955938797219836,0.7480486946771883,0.6526413785990176,0.23573074861431345,0.05986313110767014,1.0,0.2959529166361298,-0.00035903691414623795,0.561624238695795,0.134154190238089,0.42747004845770603,1.0,1.7434851294138445,-1.1818608907180495,0.07399552122048529,0.019190723111902147,0.054804798108583144,1.0,1.67650944512102,1.0,1.0,1.0,2.220446049250313e-16
3000,distributed,1.0,True,5_to_6,0.39515325917324634,0.571302173117745,0.4373616100402504,0.7655521554442092,0.7394232332795936,0.3121496403636984,0.12521196967655202,1.0,0.37071538551537714,0.06664622452487329,0.6285807494002873,0.10281678438156008,0.5257639650187272,1.0,0.8509715770164357,-0.22239082761614837,0.10559469137696366,0.018188452434347354,0.0874062389426163,1.0,2.067529582430067,1.0,0.999755859375,1.0,2.498001805406602e-16
3000,distributed,1.0,True,6_to_7,0.571302173117745,0.6642572145579182,0.5755302812540224,0.8664268428564287,0.7640001415092137,0.4067354511697666,0.16879483008425578,1.0,0.5023380411673096,0.07319224008671277,1.6657687472486589,0.18151360802296906,1.4842551392256897,1.0,0.6245642610725388,1.04120448617612,0.23029973368642778,0.033503618111276036,0.19679611557515175,1.0,4.598175913198663,1.0,1.0,1.0,2.498001805406602e-16
3000,central_shared,0.999755859375,True,4_to_5,0.29846130166273055,0.4061450249855438,0.3128052941820525,0.7701812774714806,0.7431622637196795,0.24147626651489035,0.07132902766716215,1.0,0.34855124986249086,-0.03574595568043837,0.5345486719419485,0.15233731457961913,0.3822113573623294,1.0,1.1594328737750879,-0.6248842018331393,0.07185155908168105,0.020817083518207484,0.05103447556347356,1.0,1.2951196478893057,1.0,1.0,1.0,2.220446049250313e-16
3000,central_shared,0.999755859375,True,5_to_6,0.4061450249855438,0.5589744468085738,0.4959236453366803,0.8872027123388597,0.8066440124848275,0.3050409630439881,0.19088268229269223,1.0,0.35305534333458255,0.14286830200209777,1.2182532702494757,0.1279674136578346,1.0902858565916411,1.0,0.36598758204063836,0.8522656882088373,0.15559761920800477,0.021658076444614094,0.13393954276339068,1.0,2.539545218351677,1.0,1.0,1.0,2.220446049250313e-16
3000,central_shared,0.999755859375,True,6_to_7,0.5589744468085738,0.6973752985654518,0.6412156379746117,0.9194699601400217,0.8683022033405268,0.38459275707295315,0.2566228809016585,1.0,0.49172114436137193,0.14949449361323974,1.8505605453410292,0.19229596970933505,1.6582645756316943,1.0,0.4670468872601069,1.3835136580809224,0.2639534168603382,0.03373888284698895,0.23021453401334924,1.0,3.876339721070476,1.0,1.0,1.0,2.220446049250313e-16
3000,directional_relay,1.0,True,4_to_5,0.45277466502202235,0.5751312856595252,0.5276075322380952,0.9173688606299122,0.9393888947060796,0.3237989555285811,0.20380857670951408,1.0,0.4365429571342476,0.09106457510384758,3.368868450358287,0.9436230237379957,2.4252454266202914,1.0,3.1960393416037545,0.1728291087545326,0.3160537979159478,0.09427704288507174,0.22177675503087604,1.0,5.088798773563285,1.0,1.0,1.0,2.220446049250313e-16
3000,directional_relay,1.0,True,5_to_6,0.5751312856595252,0.6882197337223797,0.6818683288755112,0.9907712543891825,0.9745027129431928,0.36507048922658986,0.31679783964892133,1.0,0.4163439429376212,0.26552438593788996,4.99791989926636,0.7389018167456765,4.259018082520683,1.0,0.47928336635472085,4.518636532911639,0.4277547264820198,0.08317582695767674,0.34457889952434306,1.0,8.54197541291461,1.0,1.0,1.0,2.220446049250313e-16
3000,directional_relay,1.0,True,6_to_7,0.6882197337223797,0.7559405194576873,0.7665513088607314,1.0140365400847362,0.9842618457608968,0.4311999219188924,0.335351386941839,1.0,0.4622726579000936,0.30427865096063783,5.108620496754181,0.5647424368267003,4.543878059927481,1.0,0.5329311552331422,4.575689341521039,0.4447353306111501,0.0765184778887652,0.3682168527223849,1.0,8.734269824752149,1.0,1.0,1.0,2.220446049250313e-16
3000,four_channel_crossbar,0.999755859375,True,4_to_5,0.40122043849977773,0.5699798141979632,0.5112683324684077,0.8969937526433804,0.9187054554461025,0.28506616612525326,0.2262021663431545,1.0,0.401069160815175,0.11019917165323273,1.803323679054031,0.3881560728569583,1.4151676061970728,1.0,1.8877716526738741,-0.08444797361984313,0.22014065851889772,0.04157897974304071,0.17856167877585702,1.0,5.425798511907295,1.0,0.997314453125,0.9951171875,2.220446049250313e-16
3000,four_channel_crossbar,0.999755859375,True,5_to_6,0.5699798141979632,0.6764102092557074,0.6423917734152997,0.9497073885418731,0.933542079036258,0.3726299476300862,0.2697618257852135,1.0,0.46018218240120495,0.18220959101409478,2.639196733989012,0.4396621039014976,2.1995346300875145,1.0,1.068687328069904,1.5705094059191078,0.3066430114096707,0.05348006353791962,0.2531629478717511,1.0,7.340293930159025,1.0,0.998779296875,0.996826171875,2.220446049250313e-16
3000,four_channel_crossbar,0.999755859375,True,6_to_7,0.6764102092557074,0.7622323441258319,0.7409777935103762,0.9721153913511352,0.9448066230986929,0.41243283058435476,0.3285449629260214,1.0,0.49219840637141354,0.24877938713896264,2.895183448731696,0.2571606886879007,2.6380227600437953,1.0,0.885789117067184,2.009394331664512,0.37085786292770395,0.041223058275252515,0.32963480465245143,1.0,8.499031159942128,1.0,0.9990234375,0.998046875,2.220446049250313e-16
3001,independent,0.10888671875,False,4_to_5,0.0,0.0,0.0,0.0,0.0,0.0,0.0,0.5,0.0,0.0,0.0,0.0,0.0,0.5,0.0,0.0,0.0,0.0,0.0,0.5,0.0,0.0,0.0,0.0,0.0
3001,independent,0.10888671875,False,5_to_6,0.0,0.0,0.0,0.0,0.0,0.0,0.0,0.5,0.0,0.0,0.0,0.0,0.0,0.5,0.0,0.0,0.0,0.0,0.0,0.5,0.0,0.0,0.0,0.0,0.0
3001,independent,0.10888671875,False,6_to_7,0.0,0.0,0.0,0.0,0.0,0.0,0.0,0.5,0.0,0.0,0.0,0.0,0.0,0.5,0.0,0.0,0.0,0.0,0.0,0.5,0.0,0.0,0.0,0.0,0.0
3001,distributed,1.0,True,4_to_5,0.35231445819773877,0.4904574682330516,0.38840073539067455,0.791915223128211,0.649365452434023,0.31359587765424757,0.07480485773642698,1.0,0.41288316486718635,-0.024482429476511802,1.1403384079758647,0.24758462815755083,0.8927537798183138,1.0,1.8401194990129939,-0.6997810910371292,0.1532889313662281,0.03215002247336175,0.12113890889286634,1.0,3.8687143721084247,1.0,1.0,1.0,2.220446049250313e-16
3001,distributed,1.0,True,5_to_6,0.4904574682330516,0.6182299042980723,0.4771191217678757,0.7717503123851451,0.7209809469399084,0.3796944870181662,0.09742463474970947,1.0,0.47274607864603707,0.004373043121838616,0.8676768754351519,0.27972199795668873,0.5879548774784632,1.0,1.4636060886886646,-0.5959292132535127,0.1546982486560247,0.03871437215518405,0.11598387650084063,1.0,2.8254180100831943,1.0,0.999755859375,1.0,2.671474153004283e-16
3001,distributed,1.0,True,6_to_7,0.6182299042980723,0.7241842663078196,0.559879726901354,0.7731177725744365,0.7695457169632004,0.4316313031447674,0.12824842375658663,1.0,0.5535675846087293,0.006312142292624667,0.8945169576332133,0.30197169032570303,0.5925452673075102,1.0,1.7637966530854212,-0.869279695452208,0.09258329226551283,0.04669061973250538,0.04589267253300745,1.0,2.084858170106293,1.0,0.999755859375,1.0,2.498001805406602e-16
3001,central_shared,1.0,True,4_to_5,0.2903868639040057,0.4415942269013542,0.35090008269001016,0.7946210826900059,0.8364583570759367,0.23434481217564015,0.11655527051437001,1.0,0.29552656269220245,0.05537351999780771,1.196359276317044,0.11117593150826749,1.0851833448087767,1.0,1.4085280983710728,-0.21216882205402876,0.1128266875897642,0.016570975256036666,0.09625571233372754,1.0,2.8757761473161345,1.0,0.996826171875,0.996337890625,2.220446049250313e-16
3001,central_shared,1.0,True,5_to_6,0.4415942269013542,0.5926738829626518,0.5379417414310135,0.9076521792084985,0.9185433050759115,0.3249886454105662,0.21295309602044726,1.0,0.39869849191522555,0.13924324951578793,2.450503094622137,0.17057655524685814,2.279926539375279,1.0,0.604058541428947,1.8464445531931901,0.2832933789783811,0.02800126282031192,0.2552921161580692,1.0,6.433501209986162,1.0,0.998291015625,0.998291015625,2.220446049250313e-16
3001,central_shared,1.0,True,6_to_7,0.5926738829626518,0.6989269037536545,0.6687035398073609,0.9567574752324225,0.9378833267250902,0.3990357291974023,0.26966781060995854,1.0,0.45599257748028976,0.2127109623270711,3.076656525970957,0.18030476082736702,2.89635176514359,1.0,0.28125485780293613,2.7954016681680205,0.3249027162759833,0.031509317314567686,0.29339339896141564,1.0,7.971511861754542,1.0,0.999267578125,0.9990234375,2.220446049250313e-16
3001,directional_relay,1.0,True,4_to_5,0.3340953572618592,0.5332526164227046,0.46618097983689044,0.8742216455762365,0.9106053806491747,0.2539553743369531,0.21222560549993735,1.0,0.31929130228479685,0.1468896775520936,2.0096353437107743,0.1252734979278163,1.884361845782958,1.0,1.1697359809965835,0.8398993627141909,0.119647788858272,0.014522960796811903,0.10512482806146009,1.0,3.8394371026010776,0.99853515625,0.999267578125,0.998779296875,2.220446049250313e-16
3001,directional_relay,1.0,True,5_to_6,0.5332526164227046,0.7124958207636143,0.666961965764514,0.9360924602332411,0.9467441819056367,0.34363676534699383,0.3233252004175202,1.0,0.4367964176323034,0.23016554813221063,2.1387926959174557,0.21749597570040666,1.921296720217049,1.0,0.9148529243507378,1.2239397715667177,0.16686585103446036,0.027663810363266043,0.13920204067119432,1.0,5.533068451160105,1.0,0.999755859375,0.99951171875,2.220446049250313e-16
3001,directional_relay,1.0,True,6_to_7,0.7124958207636143,0.8077313685182592,0.7859438827487518,0.9730263220933522,0.9627974828516446,0.41759635117200555,0.36834753157674627,1.0,0.5138170111376119,0.2721268716111399,2.912452589936256,0.283375171211957,2.629077418724299,1.0,0.1385397651169054,2.7739128248193503,0.3300510236085177,0.0391247368974412,0.29092628671107645,1.0,8.08929755295202,1.0,1.0,0.999755859375,2.220446049250313e-16
3001,four_channel_crossbar,1.0,True,4_to_5,0.35601811561220087,0.543456999539329,0.468873935500421,0.862761793293435,0.94407690541281,0.2644932992687167,0.20438063623170433,1.0,0.33521754913909,0.13365638636133098,0.42359769750736476,0.14990872841303132,0.27368896909433343,1.0,0.9282433789986171,-0.5046456814912523,0.06614703087732131,0.018427924694647137,0.04771910618267417,1.0,4.01115982750885,1.0,0.996826171875,0.998291015625,2.220446049250313e-16
3001,four_channel_crossbar,1.0,True,5_to_6,0.543456999539329,0.7002304345500111,0.6510930007593553,0.9298267664954709,0.9611657377919162,0.35445083648538434,0.29664216427397094,1.0,0.40967970441215645,0.24141329634719882,1.6404736057571674,0.1735096877013765,1.466963918055791,1.0,0.4823585038994146,1.158115101857753,0.21943618068006335,0.026251001109533094,0.19318517957053025,1.0,7.181060752322143,1.0,0.999267578125,0.999267578125,2.220446049250313e-16
3001,four_channel_crossbar,1.0,True,6_to_7,0.7002304345500111,0.809855636324861,0.7933528508829752,0.9796225590072131,0.9727083637672771,0.4166492294296834,0.37670362145329184,1.0,0.4673795285530029,0.32597332232997234,3.082486810627917,0.15428231324630004,2.928204497381617,1.0,0.1742152554498403,2.908271555178077,0.38951749075160363,0.02814453785970084,0.3613729528919028,1.0,9.238270554072825,1.0,1.0,1.0,2.220446049250313e-16
3002,independent,0.106689453125,False,4_to_5,0.0,0.0,0.0,0.0,0.0,0.0,0.0,0.5,0.0,0.0,0.0,0.0,0.0,0.5,0.0,0.0,0.0,0.0,0.0,0.5,0.0,0.0,0.0,0.0,0.0
3002,independent,0.106689453125,False,5_to_6,0.0,0.0,0.0,0.0,0.0,0.0,0.0,0.5,0.0,0.0,0.0,0.0,0.0,0.5,0.0,0.0,0.0,0.0,0.0,0.5,0.0,0.0,0.0,0.0,0.0
3002,independent,0.106689453125,False,6_to_7,0.0,0.0,0.0,0.0,0.0,0.0,0.0,0.5,0.0,0.0,0.0,0.0,0.0,0.5,0.0,0.0,0.0,0.0,0.0,0.5,0.0,0.0,0.0,0.0,0.0
3002,distributed,1.0,True,4_to_5,0.2572886432471847,0.35352118139688526,0.3164641694749035,0.8951773928352564,0.4446633865071574,0.22500455011719922,0.0914596193577043,1.0,0.3133423476001467,0.003121821874756847,0.252520733274752,0.13968992974888758,0.11283080352586441,1.0,0.9720674123386326,-0.7195466790638806,0.06295664902212861,0.02689599198612302,0.03606065703600558,1.0,2.688117737219027,1.0,0.99951171875,1.0,2.220446049250313e-16
3002,distributed,1.0,True,5_to_6,0.35352118139688526,0.4962039613903758,0.3970209547541673,0.8001164554222919,0.5776664645174026,0.288000868360786,0.10902008639338134,1.0,0.3450949424912031,0.05192601226296423,0.9808766730607299,0.2519355395935745,0.7289411334671554,1.0,0.3065825705886565,0.6742941024720734,0.15475119034950255,0.041963181148820874,0.11278800920068167,1.0,2.7049429415662423,1.0,0.999267578125,1.0,2.3592239273284576e-16
3002,distributed,1.0,True,6_to_7,0.4962039613903758,0.666459315866496,0.5059348525797023,0.759138390798712,0.6053605577551446,0.3641173019793636,0.14181755060033868,1.0,0.5310407991044043,-0.025105946524701994,1.0104350524176755,0.19775300022574593,0.8126820521919296,1.0,1.005896359041399,0.004538693376276548,0.12302778574995492,0.03284722986618718,0.09018055588376774,1.0,2.2400656502409,1.0,1.0,1.0,2.498001805406602e-16
3002,central_shared,1.0,True,4_to_5,0.3157908991385616,0.4583252572552624,0.426667052559367,0.9309263362759354,0.9337530785930397,0.26693160598908905,0.15973544657027794,1.0,0.31529858089659313,0.11136847166277386,0.9207675548023322,0.4592175512370966,0.46155000356523557,1.0,3.6731765240875975,-2.7524089692852653,0.1459891581081906,0.049241950131779386,0.09674720797641122,1.0,4.337887745270576,1.0,1.0,1.0,2.220446049250313e-16
3002,central_shared,1.0,True,5_to_6,0.4583252572552624,0.5871369165674224,0.5565555198843666,0.9479143691698969,0.9500646777829899,0.34345433012295434,0.21310118976141224,1.0,0.3973817769701704,0.15917374291419617,2.1908641692106436,0.6115399848943229,1.5793241843163206,1.0,3.0228905159812984,-0.8320263467706548,0.2750569457091415,0.0702460826690953,0.20481086304004623,1.0,6.006051324134108,1.0,1.0,1.0,2.220446049250313e-16
3002,central_shared,1.0,True,6_to_7,0.5871369165674224,0.6544658439573703,0.6468745118814249,0.98840072076177,0.9593522867640895,0.41238493208162763,0.23448957979979723,1.0,0.44787478394748215,0.19899972793394272,2.680655638690491,0.45052290014887064,2.23013273854162,1.0,0.9590301284578356,1.7216255102326552,0.3999271878761604,0.06860774881500639,0.331319439061154,1.0,8.614803043233852,1.0,1.0,1.0,2.220446049250313e-16
3002,directional_relay,1.0,True,4_to_5,0.42091283050046224,0.5960645213487874,0.5655486291670295,0.9488043809205321,0.9678102672423594,0.3142900662536713,0.25125856291335824,1.0,0.39410719442613223,0.1714414347408973,2.397917459428033,0.536623385944533,1.8612940734835002,1.0,1.7032736974059755,0.6946437620220576,0.2595006002337759,0.05900869403543063,0.20049190619834528,1.0,7.404846420829766,1.0,1.0,1.0,2.220446049250313e-16
3002,directional_relay,1.0,True,5_to_6,0.5960645213487874,0.7047362082579495,0.7013247825183191,0.9951592869790767,0.9770037091741559,0.40086126783588455,0.30046351468243454,1.0,0.42683570057612635,0.27448908194219274,3.710162102778985,0.5011816922584922,3.2089804105204927,1.0,0.742567358549002,2.9675947442299826,0.3904515605567372,0.06252836615015572,0.32792319440658146,1.0,8.939797658060202,1.0,1.0,1.0,2.220446049250313e-16
3002,directional_relay,1.0,True,6_to_7,0.7047362082579495,0.7562046775323656,0.7660420443637642,1.0130088680005256,0.9788134937161579,0.45337139675137283,0.3126706476123914,1.0,0.45877397784198704,0.3072680665217772,3.906815420326709,0.42132855308952927,3.4854868672371797,1.0,0.7106264697430141,3.1961889505836947,0.431842106148192,0.06281059406206205,0.36903151208612994,1.0,9.510216235302384,1.0,1.0,1.0,2.220446049250313e-16
3002,four_channel_crossbar,1.0,True,4_to_5,0.33339563170442954,0.3456727482508151,0.38273769640234473,1.1072255430579556,0.7166259213782575,0.24747527952199855,0.13526241688034618,1.0,0.3469329050835934,0.035804791318751306,0.8278977316844441,0.09378289344396906,0.7341148382404751,1.0,0.7052013237372078,0.12269640794723635,0.09701011949735176,0.01719250238162061,0.07981761711573115,1.0,1.9356203478059497,1.0,0.99951171875,1.0,2.220446049250313e-16
3002,four_channel_crossbar,1.0,True,5_to_6,0.3456727482508151,0.49307813712647386,0.3565689483734523,0.723148972800619,0.7245753924505295,0.24098122032872824,0.11558772804472409,1.0,0.36377648073079777,-0.0072075323573454475,0.12116204982731582,0.11511775476261597,0.006044295064699848,0.78125,1.5868757641080247,-1.4657137142807088,0.02516044418453785,0.018166523243641132,0.006993920940896719,1.0,0.35216043456591933,1.0,0.999755859375,0.999755859375,2.220446049250313e-16
3002,four_channel_crossbar,1.0,True,6_to_7,0.49307813712647386,0.6546736673233764,0.5317835292211989,0.8122879470551916,0.8262444131771336,0.31356608134008074,0.21821744788111813,1.0,0.4782351655731358,0.05354836364806309,0.7804570521510429,0.22910892459660726,0.5513481275544356,1.0,2.381672838147071,-1.601215785996028,0.08076619882722184,0.035954510958667266,0.04481168786855458,1.0,1.1239961571297676,1.0,1.0,0.999755859375,2.220446049250313e-16
3003,independent,0.106689453125,False,4_to_5,0.0,0.0,0.0,0.0,0.0,0.0,0.0,0.5,0.0,0.0,0.0,0.0,0.0,0.5,0.0,0.0,0.0,0.0,0.0,0.5,0.0,0.0,0.0,0.0,0.0
3003,independent,0.106689453125,False,5_to_6,0.0,0.0,0.0,0.0,0.0,0.0,0.0,0.5,0.0,0.0,0.0,0.0,0.0,0.5,0.0,0.0,0.0,0.0,0.0,0.5,0.0,0.0,0.0,0.0,0.0
3003,independent,0.106689453125,False,6_to_7,0.0,0.0,0.0,0.0,0.0,0.0,0.0,0.5,0.0,0.0,0.0,0.0,0.0,0.5,0.0,0.0,0.0,0.0,0.0,0.5,0.0,0.0,0.0,0.0,0.0
3003,distributed,1.0,True,4_to_5,0.2701590097145352,0.31827262726978367,0.3041710261988728,0.9556933274724954,0.4375839165797766,0.22545206181669064,0.07871896438218218,1.0,0.2988897655633791,0.005281260635493723,0.6292240205625037,0.04634570369787433,0.5828783168646294,1.0,0.05804612343611213,0.5711778971263916,0.11282864101147409,0.010757188664368122,0.10207145234710598,1.0,2.517937267010363,1.0,1.0,1.0,2.220446049250313e-16
3003,distributed,1.0,True,5_to_6,0.31827262726978367,0.47790535591822547,0.34533789792851366,0.7226072979763896,0.5341359050167329,0.23672610136038047,0.10861179656813319,1.0,0.28188057297031377,0.06345732495819989,0.42704645800060775,0.04991267137571784,0.37713378662488994,1.0,0.2048920631460271,0.22215439485458066,0.08337687044020221,0.010781265910980026,0.07259560452922219,1.0,2.112205028275609,1.0,1.0,1.0,2.220446049250313e-16
3003,distributed,1.0,True,6_to_7,0.47790535591822547,0.604823037531136,0.5100900544989877,0.8433707429220213,0.6663201442566066,0.33081228823815356,0.17927776626083414,1.0,0.39366584576975194,0.11642420872923576,0.6807761224175899,0.12237199455684847,0.5584041278607415,1.0,0.3061177218705255,0.3746584005470644,0.11525939107244869,0.023845226232925024,0.09141416483952367,1.0,2.2918938528951793,1.0,1.0,1.0,2.220446049250313e-16
3003,central_shared,0.999755859375,True,4_to_5,0.3810263009862093,0.5069217299777815,0.45750969502416655,0.9025253169640594,0.8672556612369118,0.27942913869226815,0.1780805563318984,1.0,0.38251141720631265,0.0749982778178539,2.4313218173258746,0.435729901173184,1.9955919161526907,1.0,2.0742555724835445,0.35706624484233007,0.2881834335060038,0.054334106529187104,0.23384932697681668,1.0,5.475713202781448,1.0,0.999755859375,0.999755859375,2.498001805406602e-16
3003,central_shared,0.999755859375,True,5_to_6,0.5069217299777815,0.609081690517576,0.54763574933345,0.8991170771659359,0.9166491077975473,0.35628403585661833,0.19135171347683172,1.0,0.45498945533345814,0.09264629399999191,2.476860656898136,0.44575617117143385,2.0311044857267024,1.0,2.043267972315293,0.4335926845828433,0.2950351762597562,0.06484862664687635,0.23018654961287988,1.0,5.300974648642735,1.0,1.0,0.999755859375,2.220446049250313e-16
3003,central_shared,0.999755859375,True,6_to_7,0.609081690517576,0.6844352973899408,0.6254310114350107,0.9137912872408247,0.9150820472805248,0.40068460475318357,0.2247464066818271,1.0,0.519862019462167,0.10556899197284364,2.706993757633156,0.34056361089125786,2.366430146741898,1.0,1.4732861673000124,1.2337075903331436,0.315265744584138,0.06037961544776159,0.25488612913637637,1.0,5.847387001084318,1.0,1.0,0.999755859375,2.3592239273284576e-16
3003,directional_relay,1.0,True,4_to_5,0.4811534023372456,0.6361051702611337,0.6191599598956863,0.9733609925564808,0.9583879043047783,0.31660796640301725,0.30255199349266904,1.0,0.374861016826498,0.2442989430691883,3.183073926258272,0.5468447245961783,2.636229201662094,1.0,2.227817869303475,0.9552560569547972,0.36226434543753766,0.060811227629742406,0.30145311780779527,1.0,7.1680116779242935,1.0,1.0,1.0,2.220446049250313e-16
3003,directional_relay,1.0,True,5_to_6,0.6361051702611337,0.74260801340888,0.7605779360404268,1.0241983957984204,0.9523222786004544,0.3950025651018213,0.3655753709386055,1.0,0.4756742657394847,0.2849036703009421,4.3197518245318935,0.5964058302711508,3.7233459942607428,1.0,1.9366466820158175,2.383105142516076,0.4413535154096217,0.060730455224532756,0.38062306018508896,1.0,7.978753367037478,1.0,1.0,1.0,2.498001805406602e-16
3003,directional_relay,1.0,True,6_to_7,0.74260801340888,0.7797355456019519,0.80497884543724,1.0323741811921634,0.9548936105433238,0.43829325255766544,0.36668559287957453,1.0,0.5084863418805532,0.29649250355668677,4.5341611226110015,0.37029087502950403,4.163870247581498,1.0,1.7161556844253352,2.8180054381856663,0.4238593898789354,0.0462429263604986,0.3776164635184368,1.0,8.68732584113578,1.0,1.0,1.0,2.220446049250313e-16
3003,four_channel_crossbar,1.0,True,4_to_5,0.34852500993593766,0.4598678764586741,0.33875141674052905,0.7366277013066619,0.7870686406623115,0.27682970257985123,0.06192171416067782,1.0,0.3951191926058204,-0.05636777586529135,1.1420943215104495,0.2765816740314436,0.8655126474790059,1.0,2.995312562710192,-1.8532182411997424,0.09577100915296706,0.030355220231657185,0.06541578892130988,1.0,2.432482263539931,0.965576171875,0.97802734375,0.978759765625,2.220446049250313e-16
3003,four_channel_crossbar,1.0,True,5_to_6,0.4598678764586741,0.6042114344523104,0.5421315652458747,0.8972547262984054,0.8852123451352777,0.35767983647510243,0.18445172877077226,1.0,0.4054076828133988,0.1367238824324759,2.604163907491084,0.2873147243786827,2.316849183112401,1.0,1.3316267277223883,1.2725371797686955,0.2368213575878829,0.036299940532724895,0.200521417055158,1.0,5.3127887279140396,0.9912109375,0.993896484375,0.991455078125,2.220446049250313e-16
3003,four_channel_crossbar,1.0,True,6_to_7,0.6042114344523104,0.722844010868765,0.6941287254538082,0.9602745751736329,0.957220002171288,0.42306169204050936,0.27106703341329885,1.0,0.4216914740678858,0.2724372513859224,4.139392517427261,0.2347546751418667,3.9046378422853945,1.0,0.5759658404354911,3.56342667699177,0.3819834489522926,0.03577614593586888,0.3462073030164237,1.0,8.776491680883423,1.0,0.9970703125,0.99462890625,2.498001805406602e-16
3004,independent,0.10888671875,False,4_to_5,0.0,0.0,0.0,0.0,0.0,0.0,0.0,0.5,0.0,0.0,0.0,0.0,0.0,0.5,0.0,0.0,0.0,0.0,0.0,0.5,0.0,0.0,0.0,0.0,0.0
3004,independent,0.10888671875,False,5_to_6,0.0,0.0,0.0,0.0,0.0,0.0,0.0,0.5,0.0,0.0,0.0,0.0,0.0,0.5,0.0,0.0,0.0,0.0,0.0,0.5,0.0,0.0,0.0,0.0,0.0
3004,independent,0.10888671875,False,6_to_7,0.0,0.0,0.0,0.0,0.0,0.0,0.0,0.5,0.0,0.0,0.0,0.0,0.0,0.5,0.0,0.0,0.0,0.0,0.0,0.5,0.0,0.0,0.0,0.0,0.0
3004,distributed,1.0,True,4_to_5,0.2319774500424001,0.3722645495919409,0.2694327941784299,0.7237669943962423,0.5595442044283544,0.1980711808207317,0.07136161335769822,1.0,0.2542048930420121,0.01522790113641781,0.34176007714857354,0.016108779490034954,0.32565129765853856,1.0,0.07178725075647359,0.26997282639209996,0.039059179688096586,0.004516963193235142,0.034542216494861444,1.0,0.8855753380409682,1.0,1.0,1.0,2.220446049250313e-16
3004,distributed,1.0,True,5_to_6,0.3722645495919409,0.5190531039409426,0.40617557417835237,0.7825318278504441,0.6421221779137176,0.2837160687996336,0.12245950537871875,1.0,0.35247085494094743,0.05370471923740494,0.329521069840354,0.09258390500456588,0.23693716483578814,1.0,1.1554430769296937,-0.8259220070893397,0.08103292500980214,0.018485551291246217,0.06254737371855593,1.0,1.5086794597719178,1.0,1.0,1.0,2.498001805406602e-16
3004,distributed,1.0,True,6_to_7,0.5190531039409426,0.6364969493506032,0.5046863973902116,0.7929125157710912,0.717344489377425,0.3526013338129186,0.152085063577293,1.0,0.4908591640472853,0.013827233342926293,0.83469672975946,0.15248699882531855,0.6822097309341414,1.0,1.434719648737776,-0.600022918978316,0.13431542208792058,0.03033987623100748,0.1039755458569131,1.0,1.8697603922970845,1.0,1.0,1.0,2.498001805406602e-16
3004,central_shared,1.0,True,4_to_5,0.35040173537432373,0.5033877275551227,0.4191410542779148,0.8326405896179052,0.8137146057157173,0.25639466264097205,0.16274639163694277,1.0,0.3457830515207705,0.07335800275714432,1.6443241197613365,0.15989518517575121,1.4844289345855852,1.0,1.253060920279993,0.3912631994813436,0.18310867625528413,0.024294867495302422,0.1588138087599817,1.0,3.779306841102077,1.0,0.999267578125,0.998779296875,2.3592239273284576e-16
3004,central_shared,1.0,True,5_to_6,0.5033877275551227,0.6194695405361341,0.5797054507417994,0.9358094511637811,0.9004411165798516,0.3361089827188185,0.24359646802298085,1.0,0.40241820361929703,0.17728724712250232,2.1295226491681376,0.28196771146339317,1.8475549377047444,1.0,0.6292499454079539,1.5002727037601837,0.2818181329958665,0.039743694612555475,0.24207443838331102,1.0,6.448550559583402,1.0,0.9990234375,0.999267578125,2.220446049250313e-16
3004,central_shared,1.0,True,6_to_7,0.6194695405361341,0.6861565331158227,0.6806977257286646,0.9920443701638024,0.919255953502502,0.39209356294803455,0.28860416278063006,1.0,0.4289972508068549,0.2517004749218097,2.1281456147637154,0.2885116552940691,1.8396339594696465,1.0,0.33601611953230637,1.792129495231409,0.33402030314395725,0.0449069254297048,0.28911337771425244,1.0,7.5957838946724765,1.0,1.0,0.999755859375,2.220446049250313e-16
3004,directional_relay,1.0,True,4_to_5,0.3328946409299981,0.46553355402454394,0.42115129555630404,0.9046636744343031,0.9570807499739897,0.25405878232094276,0.16709251323536128,1.0,0.27256053340262887,0.14859076215367517,0.4591841481175037,0.16050021601715345,0.29868393210035027,1.0,0.29578356710445475,0.16340058101304894,0.1251884849956926,0.02413781356340864,0.10105067143228397,1.0,3.1219941419925665,1.0,1.0,1.0,2.220446049250313e-16
3004,directional_relay,1.0,True,5_to_6,0.46553355402454394,0.5947395652712296,0.5671767197294688,0.9536556046524485,0.9649623010872387,0.3161737287304286,0.2510029909990402,1.0,0.29786739281943164,0.2693093269100372,1.871333160476717,0.22984522139870173,1.6414879390780153,1.0,0.3219777757835945,1.5493553846931225,0.2816237627021179,0.03514522753645284,0.2464785351656651,1.0,5.77160394704349,1.0,1.0,1.0,2.220446049250313e-16
3004,directional_relay,1.0,True,6_to_7,0.5947395652712296,0.6809337707695527,0.6636423304373258,0.9746062817347344,0.9738467690053557,0.3759898640424163,0.2876524663949095,1.0,0.36947311867642674,0.29416921176089905,2.4305087737226834,0.18186683197795284,2.2486419417447303,1.0,0.3932559786129927,2.0372527951096906,0.3466492269221166,0.03305200926318731,0.3135972176589293,1.0,8.160657055296513,1.0,1.0,1.0,2.498001805406602e-16
3004,four_channel_crossbar,1.0,True,4_to_5,0.37913048683838396,0.41864409971945865,0.4522193994538066,1.0802001025616925,0.7809029807078802,0.31335459530768167,0.13886480414612495,1.0,0.4365806000012509,0.01563879945255575,1.4798731826313498,0.2805484299044429,1.1993247527269069,1.0,1.9397120345688785,-0.4598388519375287,0.17704626699487758,0.044737341828406114,0.13230892516647147,1.0,4.010968988114577,1.0,1.0,1.0,2.220446049250313e-16
3004,four_channel_crossbar,1.0,True,5_to_6,0.41864409971945865,0.5308059170698198,0.4870597149078931,0.9175853155454322,0.8056092173170322,0.32691325873890664,0.16014645616898648,1.0,0.4754686437592914,0.01159107114860175,1.3324352238864767,0.19270095503045442,1.1397342688560224,1.0,2.1077206721364417,-0.7752854482499649,0.20461099962032703,0.035760140131662205,0.16885085948866482,1.0,2.6898284573918536,1.0,1.0,1.0,2.220446049250313e-16
3004,four_channel_crossbar,1.0,True,6_to_7,0.5308059170698198,0.6733574468586909,0.5915949157343545,0.8785748468279807,0.8088970003173306,0.396032181677646,0.19556273405670854,1.0,0.561245288303668,0.030349627430686477,0.8685112444036476,0.28405823700006017,0.5844530074035874,1.0,1.9712194803937733,-1.1027082359901257,0.18088562998563315,0.04713992454273003,0.13374570544290312,1.0,2.2989784096382238,1.0,1.0,1.0,2.498001805406602e-16
3005,independent,0.109375,False,4_to_5,0.0,0.0,0.0,0.0,0.0,0.0,0.0,0.5,0.0,0.0,0.0,0.0,0.0,0.5,0.0,0.0,0.0,0.0,0.0,0.5,0.0,0.0,0.0,0.0,0.0
3005,independent,0.109375,False,5_to_6,0.0,0.0,0.0,0.0,0.0,0.0,0.0,0.5,0.0,0.0,0.0,0.0,0.0,0.5,0.0,0.0,0.0,0.0,0.0,0.5,0.0,0.0,0.0,0.0,0.0
3005,independent,0.109375,False,6_to_7,0.0,0.0,0.0,0.0,0.0,0.0,0.0,0.5,0.0,0.0,0.0,0.0,0.0,0.5,0.0,0.0,0.0,0.0,0.0,0.5,0.0,0.0,0.0,0.0,0.0
3005,distributed,1.0,True,4_to_5,0.24175838428702331,0.29527761485358517,0.22165729477657892,0.7506742252929968,0.4391702975172467,0.2009814712758769,0.020675823500702017,1.0,0.2508562486282086,-0.029198953851629683,0.04163587872788225,0.018552041941125766,0.023083836786756483,1.0,0.19307961761426454,-0.1514437388863823,0.009350905872457687,0.0038552006069543375,0.00549570526550335,1.0,0.4572287904001117,1.0,1.0,1.0,2.498001805406602e-16
3005,distributed,1.0,True,5_to_6,0.29527761485358517,0.4387707949537044,0.3203777929298637,0.7301711887266047,0.4913463708502849,0.23653202923008115,0.08384576369978253,1.0,0.27414115006821627,0.046236642861647415,0.9151313250357395,0.06716568978181872,0.8479656352539208,1.0,0.615805789254793,0.29932553578094645,0.09441673809513777,0.009785148567190864,0.08463158952794692,1.0,1.3033961198380841,1.0,1.0,1.0,2.220446049250313e-16
3005,distributed,1.0,True,6_to_7,0.4387707949537044,0.6395122389288268,0.4405712766748028,0.6889176623308303,0.7013627149447865,0.3154136415431202,0.1251576351316826,1.0,0.43221533897358744,0.008355937701215344,0.6893880410900628,0.09010257434552793,0.5992854667445349,1.0,0.9599476212786424,-0.2705595801885796,0.1135780366908018,0.015829457830628623,0.09774857886017317,1.0,1.4842175469669994,1.0,1.0,1.0,2.220446049250313e-16
3005,central_shared,0.999755859375,True,4_to_5,0.42758599594160207,0.5143381351897138,0.49838032239952773,0.9689740820320468,0.8868420058542115,0.3459042504973574,0.15247607190217033,1.0,0.43735314971311057,0.061027172686417164,2.8515885787694857,0.36327391291392125,2.4883146658555644,1.0,0.3588362877900745,2.492752290979411,0.3157121322743132,0.04868207391693094,0.26703005835738225,1.0,5.797490250338944,1.0,1.0,1.0,2.220446049250313e-16
3005,central_shared,0.999755859375,True,5_to_6,0.5143381351897138,0.5880197929916585,0.5582058847817399,0.9492977811882235,0.8742376932543356,0.39036710754079673,0.1678387772409432,1.0,0.484100770938123,0.07410511384361695,2.3947887762238738,0.47209862533311553,1.9226901508907583,1.0,0.7376853327432875,1.6571034434805862,0.26192742610025427,0.0646976108019365,0.19722981529831776,1.0,5.55182011503326,1.0,1.0,1.0,2.220446049250313e-16
3005,central_shared,0.999755859375,True,6_to_7,0.5880197929916585,0.6403241634779328,0.6026137980036715,0.9411073833768249,0.8770199067175435,0.43167771748426575,0.1709360805194058,1.0,0.5151173854509655,0.08749641255270602,2.0421328940282057,0.5355319147499122,1.5066009792782935,1.0,1.186933072934085,0.8551998210941207,0.26255755749891424,0.07355911835183926,0.18899843914707498,1.0,5.0892972529521705,1.0,1.0,1.0,2.220446049250313e-16
3005,directional_relay,0.999755859375,True,4_to_5,0.3361468005960182,0.4875527598469656,0.42986572785375926,0.8816804318545682,0.9106825572833842,0.2663362268617028,0.1635295009920565,1.0,0.32356688101795333,0.10629884683580593,1.8614265855956311,0.290366549873074,1.571060035722557,1.0,1.900760864451303,-0.03933427885567187,0.21599886731142173,0.03850384639197593,0.1774950209194458,1.0,3.8757875031622717,1.0,1.0,1.0,2.220446049250313e-16
3005,directional_relay,0.999755859375,True,5_to_6,0.4875527598469656,0.5980064822357402,0.5439220743424712,0.9095588267019012,0.9111044678517052,0.34847709967404183,0.19544497466842936,1.0,0.4595438742097485,0.08437820013272268,2.773383473623888,0.4082680287907548,2.3651154448331333,1.0,2.1688586569147312,0.6045248167091568,0.28581746496491706,0.054900701522391696,0.23091676344252537,1.0,5.381920582528358,1.0,1.0,1.0,2.220446049250313e-16
3005,directional_relay,0.999755859375,True,6_to_7,0.5980064822357402,0.7291938713198127,0.6859881936249217,0.9407487097818165,0.9513039699483773,0.38944918418659724,0.29653900943832445,1.0,0.49116898949828647,0.19481920412663523,2.7093993251460593,0.3314176320978943,2.3779816930481648,1.0,1.1929173673924134,1.516481957753646,0.3015684497899716,0.04970616246764871,0.2518622873223229,1.0,6.175270066044209,1.0,1.0,1.0,2.220446049250313e-16
3005,four_channel_crossbar,1.0,True,4_to_5,0.27118792030463335,0.4370290846839717,0.3512136335389577,0.8036390387905884,0.8911862850917913,0.21353673642686205,0.13767689711209563,1.0,0.31920006081930186,0.032013572719655825,2.107373100615353,0.1752773380245371,1.9320957625908157,1.0,1.7492921911293795,0.3580809094859734,0.18986625391753864,0.020655160070567988,0.16921109384697064,1.0,3.648628488239948,1.0,0.98876953125,0.9898681640625,2.220446049250313e-16
3005,four_channel_crossbar,1.0,True,5_to_6,0.4370290846839717,0.5875417632404831,0.527733846331832,0.8982065264964466,0.9315012830192109,0.29946514296238724,0.22826870336944471,1.0,0.3719834215136288,0.15575042481820317,3.106859827633469,0.1966050606036483,2.9102547670298207,1.0,0.9058190453798065,2.2010407822536626,0.27649616299755997,0.028031680447848463,0.2484644825497115,1.0,6.360386950986471,1.0,0.99609375,0.9949951171875,2.220446049250313e-16
3005,four_channel_crossbar,1.0,True,6_to_7,0.5875417632404831,0.7185261745837881,0.7165480254486938,0.9972469351777753,0.9714265340942128,0.3716584150333029,0.3448896104153909,1.0,0.3474817637574004,0.36906626169129336,4.34337271841431,0.22065873665530975,4.122713981759,1.0,0.08616999676513606,4.257202721649174,0.3970664549052141,0.03491960094754215,0.36214685395767193,1.0,8.712799712416928,1.0,0.99853515625,0.997802734375,2.220446049250313e-16
3006,independent,0.1103515625,False,4_to_5,0.0,0.0,0.0,0.0,0.0,0.0,0.0,0.5,0.0,0.0,0.0,0.0,0.0,0.5,0.0,0.0,0.0,0.0,0.0,0.5,0.0,0.0,0.0,0.0,0.0
3006,independent,0.1103515625,False,5_to_6,0.0,0.0,0.0,0.0,0.0,0.0,0.0,0.5,0.0,0.0,0.0,0.0,0.0,0.5,0.0,0.0,0.0,0.0,0.0,0.5,0.0,0.0,0.0,0.0,0.0
3006,independent,0.1103515625,False,6_to_7,0.0,0.0,0.0,0.0,0.0,0.0,0.0,0.5,0.0,0.0,0.0,0.0,0.0,0.5,0.0,0.0,0.0,0.0,0.0,0.5,0.0,0.0,0.0,0.0,0.0
3006,distributed,1.0,True,4_to_5,0.30799506799607956,0.4386196127406009,0.29662007814138125,0.6762581278297786,0.6199189792220297,0.2586558485394128,0.037964229601968436,1.0,0.36782973287245113,-0.07120965473106988,0.3391946601479453,0.23355524741578848,0.10563941273215682,1.0,1.85771371443234,-1.5185190542843947,0.06027374722000985,0.03328901765020385,0.026984729569806,1.0,1.1441317662507362,1.0,1.0,1.0,2.220446049250313e-16
3006,distributed,1.0,True,5_to_6,0.4386196127406009,0.5485891249930747,0.382631687171894,0.6974831795594276,0.6176150953255651,0.32904332550583437,0.053588361666059625,1.0,0.4191979936448704,-0.03656630647297643,1.4918767788239582,0.2927373530941825,1.1991394257297756,1.0,1.3454144554465661,0.14646232337739207,0.12889165802149607,0.04144527042234958,0.0874463875991465,1.0,2.2618610151228093,1.0,1.0,1.0,2.498001805406602e-16
3006,distributed,1.0,True,6_to_7,0.5485891249930747,0.6355118255727393,0.48013420721513067,0.7555079038575271,0.6707217663291185,0.3931664366835417,0.086967770531589,1.0,0.48941839402790466,-0.009284186812773987,1.800456395030095,0.2808204203201816,1.5196359747099133,1.0,0.6520173562151337,1.1484390388149612,0.18398746701167426,0.04685350086546977,0.1371339661462045,1.0,3.185336271187773,1.0,1.0,1.0,2.498001805406602e-16
3006,central_shared,1.0,True,4_to_5,0.43794144711496286,0.5737688117841158,0.5641366878636954,0.9832125348701517,0.9708236218307404,0.32247065365499383,0.24166603420870159,1.0,0.30129269315116874,0.2628439947125267,3.171725222550833,0.49114607762721707,2.6805791449236156,1.0,0.6454246753403953,2.5263005472104374,0.37838601614545325,0.05143548120113463,0.32695053494431864,1.0,8.535079333550769,1.0,1.0,1.0,2.220446049250313e-16
3006,central_shared,1.0,True,5_to_6,0.5737688117841158,0.6812301513843945,0.6710212881960825,0.9850140761274798,0.9769176496300331,0.38410944609518105,0.2869118421009015,1.0,0.3621858460314914,0.30883544216459113,3.885115481005233,0.4760740433008115,3.4090414377044214,1.0,0.9657713236365194,2.9193441573687133,0.40789416763985004,0.05754064228713664,0.3503535253527134,1.0,8.334366366048542,1.0,1.0,1.0,2.220446049250313e-16
3006,central_shared,1.0,True,6_to_7,0.6812301513843945,0.7300836148791258,0.7263541744868001,0.994891762647018,0.9774544101817165,0.4307963860628531,0.295557788423947,1.0,0.4063966260629521,0.31995754842384794,3.5083079832250026,0.5047323489080837,3.0035756343169187,1.0,0.37221076839613937,3.136097214828863,0.40396992065148973,0.06774023264964801,0.3362296880018417,1.0,8.457458227577309,1.0,1.0,1.0,2.220446049250313e-16
3006,directional_relay,1.0,True,4_to_5,0.39163218899555974,0.5694097674048213,0.5178281479222085,0.9094121273723412,0.9074197090964827,0.29082732266938227,0.22700082525282628,1.0,0.34970150965132174,0.1681266382708868,1.0450280478209146,0.3622885575678394,0.6827394902530752,1.0,2.1677852488706475,-1.1227572010497329,0.2172701535711804,0.0421695130891066,0.1751006404820738,1.0,6.269074642964623,1.0,0.99462890625,0.99609375,2.2898349882893854e-16
3006,directional_relay,1.0,True,5_to_6,0.5694097674048213,0.7156055761860267,0.6841471757187123,0.9560394699060638,0.9618492134075596,0.36553865937284014,0.3186085163458722,1.0,0.4621267769936131,0.2220203987250992,2.112451630115559,0.3708949269496825,1.7415567031658763,1.0,2.411535872351824,-0.29908424223626495,0.30093630334942373,0.04887850085195704,0.2520578024974667,1.0,7.826410260817174,1.0,0.99560546875,0.998291015625,2.220446049250313e-16
3006,directional_relay,1.0,True,6_to_7,0.7156055761860267,0.8000095360365244,0.7901669464672787,0.9876969096918411,0.9790933439279728,0.4288549317474165,0.3613120147198622,1.0,0.501467262158583,0.28869968430869575,3.323981782458459,0.34502157291108526,2.978960209547374,1.0,1.5194027441636104,1.8045790382948488,0.41208811404007717,0.04976542136420299,0.3623226926758742,1.0,9.384031429254987,1.0,0.997802734375,0.99853515625,2.220446049250313e-16
3006,four_channel_crossbar,1.0,True,4_to_5,0.2822149232829452,0.45271548324877126,0.3244176818975487,0.7166039022333995,0.7817996391169701,0.23161284778576352,0.0928048341117852,1.0,0.32595432413414244,-0.0015366422365937216,0.009592306547245256,0.2187186718662421,-0.20912636531899687,0.0,1.7247544760480698,-1.7151621695008246,0.004291544932692625,0.024242272812213483,-0.019950727879520857,0.0,0.12132114199923057,0.996826171875,0.99853515625,0.9990234375,2.220446049250313e-16
3006,four_channel_crossbar,1.0,True,5_to_6,0.45271548324877126,0.6076475657316719,0.4920857449357373,0.809820976314147,0.8952504546150857,0.32941532664484535,0.16267041829089196,1.0,0.4177097962170091,0.07437594871872821,0.03029281889351344,0.3639958990439073,-0.33370308015039385,0.0,2.838678147243174,-2.8083853283496603,0.014050528279243817,0.044919929373450074,-0.03086940109420626,0.0,1.0950177945530766,1.0,0.9990234375,0.999755859375,2.220446049250313e-16
3006,four_channel_crossbar,1.0,True,6_to_7,0.6076475657316719,0.7055425213887978,0.6322523426874354,0.8961222371727543,0.9552819386302253,0.4169555123547868,0.21529683033264857,1.0,0.529248126203707,0.10300421648372837,0.4534561720883471,0.4444342983839449,0.009021873704402217,0.65625,1.6232169576027358,-1.1697607855143888,0.14732806530795084,0.05736753511253438,0.08996053019541646,1.0,4.976047185430796,1.0,1.0,0.999755859375,2.220446049250313e-16
3007,independent,0.106689453125,False,4_to_5,0.0,0.0,0.0,0.0,0.0,0.0,0.0,0.5,0.0,0.0,0.0,0.0,0.0,0.5,0.0,0.0,0.0,0.0,0.0,0.5,0.0,0.0,0.0,0.0,0.0
3007,independent,0.106689453125,False,5_to_6,0.0,0.0,0.0,0.0,0.0,0.0,0.0,0.5,0.0,0.0,0.0,0.0,0.0,0.5,0.0,0.0,0.0,0.0,0.0,0.5,0.0,0.0,0.0,0.0,0.0
3007,independent,0.106689453125,False,6_to_7,0.0,0.0,0.0,0.0,0.0,0.0,0.0,0.5,0.0,0.0,0.0,0.0,0.0,0.5,0.0,0.0,0.0,0.0,0.0,0.5,0.0,0.0,0.0,0.0,0.0
3007,distributed,1.0,True,4_to_5,0.3302420077212691,0.490695242634565,0.33017093488985116,0.6728635336204779,0.6357752100286105,0.2820160648208707,0.04815487006898045,1.0,0.4011804884626017,-0.07100955357275052,0.38905464889096386,0.2953163450317108,0.09373830385925308,1.0,2.4994025844758934,-2.1103479355849295,0.05468330228372379,0.03394476310638192,0.02073853917734187,1.0,0.9243636389342496,1.0,0.999755859375,1.0,2.220446049250313e-16
3007,distributed,1.0,True,5_to_6,0.490695242634565,0.6321152015610917,0.46195240452281744,0.7308041372553059,0.7163388233787799,0.36390313121870144,0.098049273304116,1.0,0.5102576034647285,-0.04830519894191104,0.7695632760098102,0.36543173712950755,0.4041315388803027,1.0,2.2638194968172587,-1.4942562208074484,0.10042196308282657,0.04333118736447351,0.05709077571835306,1.0,1.6979760875232168,1.0,0.999755859375,1.0,2.498001805406602e-16
3007,distributed,1.0,True,6_to_7,0.6321152015610917,0.7193069579153495,0.5666967116439304,0.7878371054358982,0.732555596246159,0.43502360225346387,0.13167310939046656,1.0,0.6149749458071893,-0.048278234163258826,1.5304004738249766,0.38394648508752316,1.1464539887374534,1.0,2.5942310241864175,-1.063830550361441,0.16175141945913352,0.05207993076672289,0.10967148869241063,1.0,3.27861357647537,1.0,1.0,1.0,2.3592239273284576e-16
3007,central_shared,1.0,True,4_to_5,0.2596721952807278,0.4168227141446315,0.32848207701739757,0.7880618446897282,0.8143755458600893,0.22500912978497722,0.10347294723242034,1.0,0.2847776596443349,0.04370441737306269,0.4140642540203422,0.03724393542980704,0.37682031859053516,1.0,0.4311940364759136,-0.017129782455571396,0.05070590229047961,0.00766921675293771,0.0430366855375419,1.0,0.8263499695432776,1.0,1.0,1.0,2.220446049250313e-16
3007,central_shared,1.0,True,5_to_6,0.4168227141446315,0.5976344506309517,0.5334642675208806,0.8926263654273553,0.8312518411770947,0.3012605290817023,0.2322037384391783,1.0,0.3485205829587974,0.1849436845620832,1.0769297877096444,0.1671529117566267,0.9097768759530177,1.0,1.0701695313214548,0.006760256388189667,0.1349687121641795,0.02547101707761181,0.10949769508656768,1.0,2.2956723489402364,1.0,1.0,1.0,2.498001805406602e-16
3007,central_shared,1.0,True,6_to_7,0.5976344506309517,0.7551721499391632,0.712910333659103,0.9440368447333964,0.9005436732381578,0.3876956573558066,0.32521467630329637,1.0,0.4739241615734645,0.23898617208563844,1.87998084202182,0.31982794662210445,1.5601528953997157,1.0,1.4463671368719293,0.4336137051498907,0.23101824413378416,0.04858383318222502,0.18243441095155916,1.0,4.502006148490103,1.0,1.0,1.0,2.220446049250313e-16
3007,directional_relay,1.0,True,4_to_5,0.27375498591566744,0.43559529814136255,0.3390329055803788,0.7783208566001403,0.7992600221123664,0.2090084189426935,0.1300244866376853,1.0,0.27340367943453775,0.06562922614584105,1.284015543259272,0.13372210599043063,1.1502934372688414,1.0,0.6383633894429334,0.6456521538163386,0.13055239433477006,0.020359188998749063,0.110193205336021,1.0,2.7966786030638486,1.0,0.99951171875,1.0,2.220446049250313e-16
3007,directional_relay,1.0,True,5_to_6,0.43559529814136255,0.5984608107274276,0.5184445453307118,0.8662965661870888,0.891841714673695,0.2959389527020229,0.2225055926286889,1.0,0.30141311310734564,0.21703143222336618,1.6330875922396428,0.18920429128425695,1.443883300955386,1.0,0.04000233084360552,1.5930852613960373,0.2095640367638457,0.03082674844538709,0.1787372883184586,1.0,5.51921039750758,1.0,1.0,1.0,2.220446049250313e-16
3007,directional_relay,1.0,True,6_to_7,0.5984608107274276,0.655424244480163,0.655199811921138,0.9996575766598274,0.9532339868018864,0.3790513739056097,0.27614843801552824,1.0,0.3666635559453473,0.2885362559757907,2.519728907576891,0.2551564133494698,2.2645724942274215,1.0,0.14630880495258736,2.373420102624304,0.38888452969289755,0.037850757252398094,0.35103377244049944,1.0,8.652486642599358,1.0,1.0,1.0,2.220446049250313e-16
3007,four_channel_crossbar,1.0,True,4_to_5,0.3560371095648822,0.5288226661448738,0.461355364503909,0.8724197997547976,0.9410020909729755,0.25790594542203554,0.20344941908187347,1.0,0.31532954248690354,0.14602582201700548,1.980287359017051,0.12556833304843543,1.8547190259686157,1.0,0.6018713690817661,1.378415989935285,0.1752565611487549,0.01818729789040381,0.15706926325835108,1.0,4.413889605631913,1.0,0.99951171875,0.999755859375,2.220446049250313e-16
3007,four_channel_crossbar,1.0,True,5_to_6,0.5288226661448738,0.6558233698636851,0.6318750272623932,0.9634835480073398,0.9792242106432503,0.352787195177923,0.2790878320844702,1.0,0.3532287246731407,0.2786463025892525,2.650244394483744,0.2869087391435026,2.3633356553402414,1.0,0.29130956310194417,2.3589348313818,0.3311553724972664,0.037625200794759305,0.2935301717025071,1.0,8.083687385936235,1.0,0.999755859375,1.0,2.220446049250313e-16
3007,four_channel_crossbar,1.0,True,6_to_7,0.6558233698636851,0.7296665899947763,0.7220876903689546,0.9896132017968975,0.9777788694903495,0.4098502305135583,0.3122374598553963,1.0,0.3545885119685212,0.3674991784004334,2.94823677799212,0.19817734424687888,2.7500594337452413,1.0,0.446680079572121,2.501556698419999,0.4011400138851274,0.03410300982899675,0.3670370040561306,1.0,9.478992857261924,1.0,1.0,1.0,2.220446049250313e-16
3008,independent,0.111572265625,False,4_to_5,0.0,0.0,0.0,0.0,0.0,0.0,0.0,0.5,0.0,0.0,0.0,0.0,0.0,0.5,0.0,0.0,0.0,0.0,0.0,0.5,0.0,0.0,0.0,0.0,0.0
3008,independent,0.111572265625,False,5_to_6,0.0,0.0,0.0,0.0,0.0,0.0,0.0,0.5,0.0,0.0,0.0,0.0,0.0,0.5,0.0,0.0,0.0,0.0,0.0,0.5,0.0,0.0,0.0,0.0,0.0
3008,independent,0.111572265625,False,6_to_7,0.0,0.0,0.0,0.0,0.0,0.0,0.0,0.5,0.0,0.0,0.0,0.0,0.0,0.5,0.0,0.0,0.0,0.0,0.0,0.5,0.0,0.0,0.0,0.0,0.0
3008,distributed,1.0,True,4_to_5,0.2934933176895013,0.40905345741291554,0.35820000725991635,0.8756801849943402,0.5931548846044128,0.2619539789977693,0.09624602826214707,1.0,0.3343216258917553,0.02387838136816106,1.3330563405911837,0.09803689490748237,1.2350194456837014,1.0,1.4526195392683812,-0.11956319867719745,0.13629497739793206,0.01584965232402826,0.12044532507390379,1.0,2.249133776027312,0.991455078125,0.99609375,0.994384765625,2.220446049250313e-16
3008,distributed,1.0,True,5_to_6,0.40905345741291554,0.5679030287263174,0.4300206364735527,0.757207858950841,0.7143106251214744,0.3268834970884825,0.10313713938507019,1.0,0.4354338181320939,-0.005413181658541211,0.8882359466372948,0.16331102687435867,0.7249249197629362,1.0,1.7428754132148079,-0.8546394665775131,0.09395841743198187,0.024747622261349213,0.06921079517063265,1.0,2.31559312767026,0.9990234375,0.997314453125,0.99658203125,2.220446049250313e-16
3008,distributed,1.0,True,6_to_7,0.5679030287263174,0.6963003719919971,0.5708036931090598,0.8197664629649519,0.7688656640159603,0.4055686270159004,0.16523506609315936,1.0,0.53596588794399,0.034837805165069735,2.026905784060698,0.22802667368377894,1.798879110376919,1.0,1.787666156075347,0.2392396279853508,0.2233142613534349,0.03541697916500454,0.18789728218843038,1.0,3.5992681295847606,1.0,0.9990234375,0.997802734375,2.220446049250313e-16
3008,central_shared,1.0,True,4_to_5,0.4386241139261569,0.5540770598246152,0.5257913426058394,0.9489498496333177,0.9111773261433234,0.33720337906359155,0.18858796354224783,1.0,0.4207904999118422,0.10500084269399718,2.1709102023243823,0.7870701737308317,1.3838400285935506,1.0,2.189920130325066,-0.019009928000683907,0.24713153369451055,0.08320390961157573,0.16392762408293482,1.0,6.037153848687569,1.0,1.0,1.0,2.220446049250313e-16
3008,central_shared,1.0,True,5_to_6,0.5540770598246152,0.6774131998822848,0.672491715474564,0.9927348855785864,0.959659793247756,0.41314733508034185,0.25934438039422214,1.0,0.4489735666607023,0.22351814881386167,3.3476969411410247,0.5239693740889387,2.823727567052086,1.0,0.7590765754338028,2.588620365707222,0.3468469703525105,0.07182135342634123,0.2750256169261693,1.0,7.824862402842165,1.0,1.0,1.0,2.220446049250313e-16
3008,central_shared,1.0,True,6_to_7,0.6774131998822848,0.7366724178744137,0.7535531164230382,1.0229147965079675,0.947202553931452,0.4684197615383507,0.28513335488468755,1.0,0.5045951430251294,0.24895797339790882,4.02792249446602,0.3578307089501394,3.670091785515881,1.0,0.3259205282844964,3.7020019661815238,0.43140458020184697,0.05668231553628075,0.37472226466556624,1.0,8.606218706837648,1.0,1.0,1.0,2.498001805406602e-16
3008,directional_relay,1.0,True,4_to_5,0.4801198761676093,0.6510208414899163,0.5871866765258318,0.9019475861663743,0.9181269899203497,0.3183970946719611,0.2687895818538707,1.0,0.43645604129365223,0.15073063523217956,1.398855391057432,0.5811083222525693,0.8177470688048627,1.0,3.1905926995514227,-1.7917373084939907,0.1255118455915577,0.054933927573683795,0.07057791801787391,1.0,3.039495920218268,1.0,0.993408203125,0.991455078125,2.220446049250313e-16
3008,directional_relay,1.0,True,5_to_6,0.6510208414899163,0.776302835122241,0.7510227495132438,0.9674352785211503,0.9595404100503134,0.42151012828451434,0.32951262122872943,1.0,0.4756338231325349,0.2753889263807089,3.939468835371776,0.7816856293810204,3.1577832059907553,1.0,1.8031352336336197,2.1363336017381562,0.3225067546648653,0.0792958826083175,0.2432108720565478,1.0,6.461525407667577,0.99951171875,0.998779296875,0.994873046875,2.220446049250313e-16
3008,directional_relay,1.0,True,6_to_7,0.776302835122241,0.8244891303806579,0.8446684843002732,1.024474978718396,0.9523732631864881,0.4747894004110422,0.369879083889231,1.0,0.4962280761415885,0.3484404081586847,5.722470901695297,0.6119941017992125,5.110476799896084,1.0,0.8227457052662783,4.899725196429018,0.38409236676038166,0.07472917737487286,0.3093631893855088,1.0,9.038987914512585,0.99853515625,0.998046875,0.99609375,2.220446049250313e-16
3008,four_channel_crossbar,1.0,True,4_to_5,0.38893675919968396,0.5413011316756913,0.4593839381719659,0.8486661329339243,0.8476692457960291,0.267393104362711,0.19199083380925486,1.0,0.3713112314078766,0.08807270676408929,1.6911189459819012,0.3269501259274295,1.3641688200544717,1.0,1.615307578569945,0.07581136741195627,0.20101718841439875,0.03792057364391669,0.16309661477048207,1.0,4.25239233152391,1.0,1.0,1.0,2.220446049250313e-16
3008,four_channel_crossbar,1.0,True,5_to_6,0.5413011316756913,0.6497791883783621,0.5840114364263275,0.89878445920041,0.8580586680077718,0.34823325106537945,0.23577818536094802,1.0,0.4638731018728959,0.12013833455343159,1.8838428200653214,0.31484206416778016,1.5690007558975414,1.0,1.2587499033971572,0.6250929166681642,0.2318888894096205,0.04453388252654851,0.187355006883072,1.0,5.223913373265983,1.0,1.0,1.0,2.498001805406602e-16
3008,four_channel_crossbar,1.0,True,6_to_7,0.6497791883783621,0.7362166135262552,0.7006605877588218,0.9517043963499672,0.9160342259705556,0.40775484991034106,0.29290573784848073,1.0,0.5157846071892433,0.18487598056957844,2.8004751753794124,0.23710152938955048,2.563373645989862,1.0,1.2864462415299651,1.5140289338494473,0.3184435344540881,0.04005270037403466,0.2783908340800534,1.0,6.042113119949271,1.0,1.0,1.0,2.498001805406602e-16
3009,independent,0.1103515625,False,4_to_5,0.0,0.0,0.0,0.0,0.0,0.0,0.0,0.5,0.0,0.0,0.0,0.0,0.0,0.5,0.0,0.0,0.0,0.0,0.0,0.5,0.0,0.0,0.0,0.0,0.0
3009,independent,0.1103515625,False,5_to_6,0.0,0.0,0.0,0.0,0.0,0.0,0.0,0.5,0.0,0.0,0.0,0.0,0.0,0.5,0.0,0.0,0.0,0.0,0.0,0.5,0.0,0.0,0.0,0.0,0.0
3009,independent,0.1103515625,False,6_to_7,0.0,0.0,0.0,0.0,0.0,0.0,0.0,0.5,0.0,0.0,0.0,0.0,0.0,0.5,0.0,0.0,0.0,0.0,0.0,0.5,0.0,0.0,0.0,0.0,0.0
3009,distributed,1.0,True,4_to_5,0.22619066976669916,0.34501634767546535,0.2233604704346001,0.647390977092775,0.4552280882777922,0.19562926416503795,0.02773120626956216,1.0,0.22569857902719487,-0.0023381085925947565,0.04135991554070033,0.01438150532196612,0.02697841021873421,1.0,0.0924831495419286,-0.05112323400122827,0.013525458779222552,0.004185399244534652,0.0093400595346879,1.0,0.5559611420195212,1.0,1.0,1.0,2.220446049250313e-16
3009,distributed,1.0,True,5_to_6,0.34501634767546535,0.4639096456513705,0.3536263385920918,0.7622741667627301,0.570855309786974,0.2724030361716687,0.08122330242042308,1.0,0.35135138846528824,0.0022749501268035655,1.0398065278198088,0.1435841688837262,0.8962223589360826,1.0,1.6857474790371674,-0.6459409512173586,0.1296918182260404,0.02345203918392715,0.10623977904211325,1.0,1.830801541512268,1.0,1.0,1.0,2.498001805406602e-16
3009,distributed,1.0,True,6_to_7,0.4639096456513705,0.5948352345921724,0.45542071650324756,0.7656249832199173,0.7282186128705885,0.32619938500496215,0.1292213314982854,1.0,0.4187027494250688,0.03671796707817876,0.6322659516310728,0.1384143704383661,0.49385158119270667,1.0,1.912310501239686,-1.280044549608613,0.1260148232738232,0.025344622991938,0.10067020028188521,1.0,2.2259464122178407,1.0,1.0,1.0,2.42861286636753e-16
3009,central_shared,1.0,True,4_to_5,0.3241037298812539,0.4989564000219907,0.4462469020012893,0.8943605132264496,0.909087287071018,0.27274746143351986,0.17349944056776945,1.0,0.3447987745923178,0.10144812740897152,1.9592113068653252,0.16488868472831358,1.7943226221370117,1.0,0.7468394439569417,1.2123718629083835,0.19570410569550942,0.02011530918406048,0.17558879651144893,1.0,6.051285157950505,0.990478515625,0.998291015625,0.9970703125,2.498001805406602e-16
3009,central_shared,1.0,True,5_to_6,0.4989564000219907,0.661106001298322,0.6294637088940842,0.9521373390317186,0.9559116883881771,0.36416639227764325,0.26529731661644096,1.0,0.3832206702850946,0.2462430386089896,3.650957626826539,0.18925110279179264,3.4617065240347467,1.0,0.05231554640447391,3.5986420804220653,0.3212213701721754,0.026697085150592874,0.2945242850215825,1.0,8.247364844426542,1.0,0.99853515625,0.998779296875,2.498001805406602e-16
3009,central_shared,1.0,True,6_to_7,0.661106001298322,0.7818247934029551,0.7607455209637556,0.9730383679091957,0.9513163329975662,0.4282228213781132,0.3325226995856424,1.0,0.4301668960590615,0.3305786249046941,4.2968873157693315,0.21333846995819294,4.083548845811139,1.0,0.4383760801205995,3.858511235648732,0.38968927723447716,0.034192044256407886,0.3554972329780693,1.0,8.69114996611241,1.0,0.99951171875,0.999267578125,2.498001805406602e-16
3009,directional_relay,1.0,True,4_to_5,0.29019224728828746,0.447804769136796,0.4226491994770517,0.9438246946136035,0.9818930263684267,0.2319004254226191,0.1907487740544326,1.0,0.255669577912232,0.1669796215648197,1.6702852380155437,0.39779079485029933,1.2724944431652445,1.0,1.114882206978018,0.5554030310375258,0.17022629761191474,0.03842169347991048,0.13180460413200426,1.0,5.732294928669532,1.0,0.997314453125,0.998291015625,2.220446049250313e-16
3009,directional_relay,1.0,True,5_to_6,0.447804769136796,0.6068788683461075,0.5842096889685823,0.9626462864998014,0.9776603555648296,0.31588873238960524,0.26832095657897703,1.0,0.3922621522646583,0.19194753670392395,2.6469464838047174,0.3879144578894673,2.25903202591525,1.0,1.0805050024671885,1.566441481337529,0.22834579295540444,0.04755682340957955,0.1807889695458249,1.0,7.8464228093292085,1.0,0.9990234375,0.999267578125,2.220446049250313e-16
3009,directional_relay,1.0,True,6_to_7,0.6068788683461075,0.7375439045741434,0.7240403365752299,0.9816911672441921,0.9903425222534238,0.36676960624299143,0.3572707303322385,1.0,0.4683388857365305,0.25570145083869944,3.0913505314229246,0.22255491981071235,2.8687956116122124,1.0,0.7402101459093678,2.3511403855135566,0.3595487542464437,0.034195211182691546,0.3253535430637522,1.0,9.45731118185744,1.0,0.99951171875,0.99951171875,2.220446049250313e-16
3009,four_channel_crossbar,1.0,True,4_to_5,0.302587052393044,0.44998924659196526,0.32359010934754756,0.7191063159804081,0.8290396469785071,0.22790948663088878,0.09568062271665878,1.0,0.32479532845801995,-0.0012052191104723886,0.7678473845522669,0.27574250296704605,0.4921048815852208,1.0,2.9182962559260344,-2.1504488713737677,0.11106117283075405,0.025920905979252055,0.085140266851502,1.0,1.8661194709968432,0.993408203125,0.984619140625,0.9599609375,2.220446049250313e-16
3009,four_channel_crossbar,1.0,True,5_to_6,0.44998924659196526,0.6287849480355925,0.5427522464429655,0.8631762705812145,0.9340518146746679,0.319126139516168,0.22362610692679752,1.0,0.41869229010342524,0.12405995633954026,2.509465831967712,0.37936263125532,2.130103200712392,1.0,1.895661464037845,0.613804367929867,0.18390374616169405,0.04245044284987344,0.1414533033118206,1.0,5.082335316691927,1.0,0.9873046875,0.985107421875,2.220446049250313e-16
3009,four_channel_crossbar,1.0,True,6_to_7,0.6287849480355925,0.7699089368417608,0.7486323689463195,0.9723648254003652,0.9846260784214167,0.3848355272506095,0.36379684169570997,1.0,0.4450398777554564,0.30359249119086307,4.842700038671625,0.5278213558764586,4.314878682795166,1.0,1.5213184231537542,3.3213816155178706,0.38529516984206785,0.0633157787778379,0.32197939106422996,1.0,9.291533379431641,1.0,0.99609375,0.989501953125,2.636779683484747e-16
3010,independent,0.116455078125,False,4_to_5,0.0,0.0,0.0,0.0,0.0,0.0,0.0,0.5,0.0,0.0,0.0,0.0,0.0,0.5,0.0,0.0,0.0,0.0,0.0,0.5,0.0,0.0,0.0,0.0,0.0
3010,independent,0.116455078125,False,5_to_6,0.0,0.0,0.0,0.0,0.0,0.0,0.0,0.5,0.0,0.0,0.0,0.0,0.0,0.5,0.0,0.0,0.0,0.0,0.0,0.5,0.0,0.0,0.0,0.0,0.0
3010,independent,0.116455078125,False,6_to_7,0.0,0.0,0.0,0.0,0.0,0.0,0.0,0.5,0.0,0.0,0.0,0.0,0.0,0.5,0.0,0.0,0.0,0.0,0.0,0.5,0.0,0.0,0.0,0.0,0.0
3010,distributed,1.0,True,4_to_5,0.1876801792093576,0.27415215515979685,0.16064281573420922,0.5859622574937421,0.2849531789027019,0.16277004620261193,-0.0021272304684027132,0.0,0.221920144950033,-0.061277329215823795,0.0002823474818845518,0.03586264406866273,-0.03558029658677818,0.0,0.7262240468320031,-0.7259416993501185,0.0001656984638627393,0.005996899167415505,-0.0058312007035527655,0.0,0.03769295952737583,1.0,0.999755859375,0.99951171875,2.220446049250313e-16
3010,distributed,1.0,True,5_to_6,0.27415215515979685,0.47401965389606104,0.2986406999117904,0.6300175477054666,0.5135649426470678,0.22584711605679808,0.0727935838549923,1.0,0.28671734328453946,0.011923356627250914,0.01797152972456023,0.08296568153248864,-0.0649941518079284,0.0,0.8297343165949619,-0.8117627868704016,0.005501133861572309,0.013059400013322016,-0.007558266151749707,0.0,0.13078811758452416,1.0,0.999267578125,0.99951171875,2.220446049250313e-16
3010,distributed,1.0,True,6_to_7,0.47401965389606104,0.6418682116006569,0.49679876865710804,0.7739887404896055,0.7103089378801027,0.3435619364601009,0.15323683219700712,1.0,0.45621389755954767,0.04058487109756037,0.5179076988408539,0.19914963351509518,0.3187580653257587,1.0,0.9004677110062878,-0.3825600121654339,0.11669328382560133,0.03243093769680218,0.08426234612879915,1.0,2.4103125973661217,1.0,1.0,0.999755859375,2.220446049250313e-16
3010,central_shared,1.0,True,4_to_5,0.36691575847084557,0.5063125613220165,0.44346232154020565,0.8758667183415229,0.8878654884809414,0.3096944313162836,0.13376789022392205,1.0,0.3954075931727353,0.04805472836747032,1.816010889345402,0.22827642801538067,1.5877344613300213,1.0,1.485831226347946,0.3301796629974558,0.22277819625141515,0.036686524143142406,0.18609167210827274,1.0,3.6875616707314753,1.0,0.998779296875,0.999755859375,2.220446049250313e-16
3010,central_shared,1.0,True,5_to_6,0.5063125613220165,0.620168794830259,0.5962903755587664,0.9614969029874711,0.9277860114888877,0.3759489604074403,0.2203414151513261,1.0,0.41089355494749386,0.18539682061127255,1.6033719814352183,0.30380679060279925,1.299565190832419,1.0,0.7452054352065433,0.858166546228675,0.25424510659433425,0.047390407075312446,0.2068546995190218,1.0,6.134073110841509,1.0,0.99951171875,0.999755859375,2.220446049250313e-16
3010,central_shared,1.0,True,6_to_7,0.620168794830259,0.7243704059543685,0.7162727072410096,0.9888210525350077,0.9524581055582626,0.42862608697304594,0.2876466202679636,1.0,0.46838238425772777,0.24789032298328179,2.4592035581007687,0.35256272862263294,2.1066408294781356,1.0,0.546122250594261,1.9130813075065078,0.35907985445227447,0.05460673316673096,0.3044731212855435,1.0,7.226577436185151,1.0,1.0,0.999755859375,2.220446049250313e-16
3010,directional_relay,1.0,True,4_to_5,0.2823115560940645,0.45105871249437124,0.31517831964416937,0.698752315194671,0.8207727852856673,0.22939723159658193,0.08578108804758744,1.0,0.34414433147035994,-0.028966011826190574,0.8056505550518852,0.13143762534006215,0.6742129297118231,1.0,1.4335400925077826,-0.6278895374558974,0.0777502363249175,0.016516903430600017,0.06123333289431748,1.0,1.1468789053411148,1.0,1.0,0.999755859375,2.220446049250313e-16
3010,directional_relay,1.0,True,5_to_6,0.45105871249437124,0.6135498914905173,0.5044355368044933,0.8221589536574624,0.8776065143660392,0.3327255495243497,0.17170998728014358,1.0,0.4915249162492436,0.012910620555249663,1.2513228085864372,0.11468934986422985,1.1366334587222073,1.0,1.3165126652791541,-0.06518985669271693,0.13673766235741464,0.017824830693117702,0.11891283166429693,1.0,2.5605134266284653,1.0,1.0,1.0,2.220446049250313e-16
3010,directional_relay,1.0,True,6_to_7,0.6135498914905173,0.7457164977182912,0.6650108316788146,0.8917743320867701,0.9022222773594633,0.40771001353823355,0.25730081814058103,1.0,0.5397338821884357,0.12527694949037893,2.2149817438610504,0.16418577226440878,2.0507959715966417,1.0,0.5407692495496516,1.6742124943113987,0.28066914642204144,0.027499727049783727,0.25316941937225773,1.0,5.292690951294128,1.0,1.0,1.0,2.498001805406602e-16
3010,four_channel_crossbar,1.0,True,4_to_5,0.28797680898313405,0.4484833746720601,0.3966868344189876,0.8845073347681012,0.9709156224048192,0.23274458402332177,0.16394225039566585,1.0,0.26644833212756336,0.13023850229142425,0.8008850235894079,0.17722722587407103,0.6236577977153369,1.0,0.586913153142686,0.21397187044672195,0.15096134355895732,0.025837611280993607,0.12512373227796372,1.0,5.122903083363758,1.0,0.999755859375,1.0,2.220446049250313e-16
3010,four_channel_crossbar,1.0,True,5_to_6,0.4484833746720601,0.6026080330762746,0.5682450141317255,0.9429761684902734,0.980845574021783,0.3238369040218221,0.24440811010990338,1.0,0.37452334885362265,0.1937216652781028,2.266512733694055,0.2661659648217568,2.0003467688722982,1.0,0.1976998655489591,2.0688128681450957,0.36858814385865385,0.04007764526460217,0.3285104985940517,1.0,7.825765685028446,1.0,1.0,1.0,2.220446049250313e-16
3010,four_channel_crossbar,1.0,True,6_to_7,0.6026080330762746,0.7249001753493963,0.7155790210354533,0.9871414649479837,0.9822703070655274,0.39750064704780397,0.3180783739876494,1.0,0.43998726508968483,0.2755917559457685,3.388748472543351,0.2386212020301008,3.1501272705132504,1.0,0.1489127958409996,3.2398356767023517,0.45624180288776284,0.044618798351321445,0.4116230045364414,1.0,9.069361491381299,1.0,1.0,1.0,2.498001805406602e-16
3011,independent,0.105224609375,False,4_to_5,0.0,0.0,0.0,0.0,0.0,0.0,0.0,0.5,0.0,0.0,0.0,0.0,0.0,0.5,0.0,0.0,0.0,0.0,0.0,0.5,0.0,0.0,0.0,0.0,0.0
3011,independent,0.105224609375,False,5_to_6,0.0,0.0,0.0,0.0,0.0,0.0,0.0,0.5,0.0,0.0,0.0,0.0,0.0,0.5,0.0,0.0,0.0,0.0,0.0,0.5,0.0,0.0,0.0,0.0,0.0
3011,independent,0.105224609375,False,6_to_7,0.0,0.0,0.0,0.0,0.0,0.0,0.0,0.5,0.0,0.0,0.0,0.0,0.0,0.5,0.0,0.0,0.0,0.0,0.0,0.5,0.0,0.0,0.0,0.0,0.0
3011,distributed,1.0,True,4_to_5,0.43130776012489425,0.5761137924961688,0.43584854210330787,0.7565320389482019,0.7039653749553217,0.3270598322529594,0.10878870985034844,1.0,0.4769936681006461,-0.04114512599733822,1.2204882956354954,0.6274169751679883,0.5930713204675071,1.0,2.36360144520823,-1.1431131495727345,0.1345941515230649,0.06461819238663793,0.06997595913642696,1.0,3.0016268508542345,1.0,1.0,1.0,2.3592239273284576e-16
3011,distributed,1.0,True,5_to_6,0.5761137924961688,0.6654200901393362,0.536337866695798,0.8060139371257803,0.7152874821414568,0.40198532929697356,0.1343525373988244,1.0,0.56208119480652,-0.025743328110721997,1.0279666488224288,0.564334256561161,0.46363239226126784,1.0,2.9713846328851385,-1.9434179840627097,0.17662800870492243,0.0658431400865848,0.11078486861833763,1.0,3.147114661552403,1.0,1.0,1.0,2.498001805406602e-16
3011,distributed,1.0,True,6_to_7,0.6654200901393362,0.7389338753456283,0.6182880566070246,0.8367298850899576,0.7965424120125046,0.43928973610952005,0.17899832049750453,1.0,0.5951989914688793,0.023089065138145237,2.074589323597641,0.3192423255901183,1.755346998007523,1.0,2.385709050025181,-0.31111972642754004,0.19949937774520463,0.051284711515888974,0.14821466622931564,1.0,3.5377235389443644,1.0,1.0,1.0,2.498001805406602e-16
3011,central_shared,1.0,True,4_to_5,0.3145868534889158,0.43894580072739625,0.3882760512965014,0.8845649067676971,0.8367029169314865,0.2857649067406053,0.1025111445558961,1.0,0.3511999139029425,0.03707613739355892,0.35492899966321007,0.16899595159194195,0.18593304807126812,1.0,0.9691384796388332,-0.614209479975623,0.056842635623602485,0.02442078577344402,0.03242184985015846,1.0,1.1387039806700268,1.0,0.99951171875,0.9990234375,2.220446049250313e-16
3011,central_shared,1.0,True,5_to_6,0.43894580072739625,0.6038731611038425,0.5418188668933884,0.8972395227881585,0.8898107541139411,0.34667471555908064,0.1951441513343078,1.0,0.42626159328870916,0.11555727360467927,1.1418142231927861,0.2032010857562463,0.9386131374365398,1.0,1.0171065663275203,0.12470765686526586,0.15530947451239974,0.03157620405624669,0.12373327045615304,1.0,2.656498204458917,1.0,0.999267578125,0.99951171875,2.220446049250313e-16
3011,central_shared,1.0,True,6_to_7,0.6038731611038425,0.7430293089472793,0.7271035643811553,0.9785664651792976,0.9292088249313324,0.41701450524653955,0.31008905913461576,1.0,0.47081549225998975,0.25628807212116556,3.295228956073242,0.321553589611715,2.973675366461527,1.0,1.2344196991912093,2.060809256882033,0.3127145680962176,0.050467580025144315,0.2622469880710733,1.0,6.374956009458935,1.0,1.0,0.99951171875,2.220446049250313e-16
3011,directional_relay,1.0,True,4_to_5,0.3287502388109231,0.4877343089292417,0.4266621656527673,0.8747839916971385,0.8834463175453231,0.2702740114765344,0.15638815417623292,1.0,0.3119499453624158,0.1147122202903515,1.9053528412778888,0.25808748375818347,1.6472653575197054,1.0,1.3464566047566664,0.5588962365212224,0.23913072579959485,0.03243161389167019,0.20669911190792467,1.0,4.832223982380638,1.0,0.999755859375,0.999267578125,2.220446049250313e-16
3011,directional_relay,1.0,True,5_to_6,0.4877343089292417,0.6032066707010965,0.589783358506768,0.9777467444470951,0.9554733963010182,0.3777970483236805,0.2119863101830875,1.0,0.3808561536852474,0.2089272048215206,2.583386187121132,0.3332606264591089,2.250125560662023,1.0,0.4684423401276595,2.1149438469934725,0.35015410589640644,0.0500099773247244,0.30014412857168205,1.0,8.22356418058438,1.0,0.99951171875,0.99951171875,2.220446049250313e-16
3011,directional_relay,1.0,True,6_to_7,0.6032066707010965,0.7001023340345603,0.6972634066391286,0.9959449822441363,0.9757261710987082,0.4279869008861483,0.26927650575298023,1.0,0.47221250053215325,0.2250509061069753,3.910065568516194,0.43119327122653184,3.478872297289662,1.0,0.30395437983845275,3.6061111886777413,0.4499906412096982,0.05834135404509069,0.39164928716460745,1.0,9.955734940562701,1.0,0.999755859375,0.999755859375,2.220446049250313e-16
3011,four_channel_crossbar,1.0,True,4_to_5,0.3807242500806114,0.5443358767866933,0.42728707695306983,0.7849695292462031,0.7287550168627545,0.28046124056027827,0.14682583639279156,1.0,0.4253129789922879,0.0019740979607819065,1.150107304319761,0.317392212972735,0.8327150913470259,1.0,3.332536200781629,-2.182428896461868,0.16947485851754376,0.04096508846937115,0.1285097700481726,1.0,1.4272006584604646,1.0,1.0,1.0,2.498001805406602e-16
3011,four_channel_crossbar,1.0,True,5_to_6,0.5443358767866933,0.646773302128155,0.5594300724638628,0.8649554188818611,0.8623309223050375,0.3752327494217529,0.1841973230421099,1.0,0.491502863409966,0.06792720905389676,2.167548308003961,0.3751793389722784,1.7923689690316826,1.0,1.51116929139768,0.6563790166062811,0.21257334038601106,0.05423028445746332,0.15834305592854775,1.0,3.6784242746536107,1.0,1.0,1.0,2.220446049250313e-16
3011,four_channel_crossbar,1.0,True,6_to_7,0.646773302128155,0.7041209466432863,0.6954805424995588,0.9877288068407589,0.9343154950528644,0.44515790428045765,0.25032263821910117,1.0,0.48193647514635835,0.21354406735320047,2.5219516738800745,0.3434139167368401,2.1785377571432343,1.0,0.38092372009657754,2.141027953783497,0.368656339110305,0.05324287536956525,0.31541346374073975,1.0,7.52047949540869,1.0,1.0,1.0,2.220446049250313e-16
3012,independent,0.112060546875,False,4_to_5,0.0,0.0,0.0,0.0,0.0,0.0,0.0,0.5,0.0,0.0,0.0,0.0,0.0,0.5,0.0,0.0,0.0,0.0,0.0,0.5,0.0,0.0,0.0,0.0,0.0
3012,independent,0.112060546875,False,5_to_6,0.0,0.0,0.0,0.0,0.0,0.0,0.0,0.5,0.0,0.0,0.0,0.0,0.0,0.5,0.0,0.0,0.0,0.0,0.0,0.5,0.0,0.0,0.0,0.0,0.0
3012,independent,0.112060546875,False,6_to_7,0.0,0.0,0.0,0.0,0.0,0.0,0.0,0.5,0.0,0.0,0.0,0.0,0.0,0.5,0.0,0.0,0.0,0.0,0.0,0.5,0.0,0.0,0.0,0.0,0.0
3012,distributed,1.0,True,4_to_5,0.24651707505130155,0.3669487227198627,0.2558667697683827,0.6972820830983446,0.3851770498004039,0.22443501988562048,0.031431749882762205,1.0,0.25601080215843514,-0.00014403239005245094,0.0921165267660578,0.02679987945448585,0.06531664731157195,1.0,0.038403713862629196,0.05371281290342861,0.023378662612563595,0.007548075150623853,0.015830587461939744,1.0,0.5282228799352514,1.0,1.0,1.0,2.220446049250313e-16
3012,distributed,1.0,True,5_to_6,0.3669487227198627,0.4782173247563305,0.3574670501043621,0.7474991632444618,0.36174961184650145,0.3031567111225739,0.054310338981788164,1.0,0.39539367811983933,-0.03792662801547725,0.2469498818359551,0.07218955486868672,0.17476032696726837,1.0,0.9531367883635763,-0.7061869065276212,0.05330276760470878,0.01603480758803908,0.037267960016669696,1.0,1.5430834850510424,1.0,1.0,1.0,2.220446049250313e-16
3012,distributed,1.0,True,6_to_7,0.4782173247563305,0.5551035665938295,0.4641163412482683,0.8360896401659462,0.49700021681116846,0.35740763032977996,0.10670871091848833,1.0,0.4321851458441749,0.03193119540409339,1.2988731859261502,0.07462819651619992,1.2242449894099503,1.0,0.2786305923151516,1.0202425936109987,0.20745371659591302,0.01814168913856788,0.18931202745734516,1.0,3.1422319733761968,1.0,1.0,1.0,2.498001805406602e-16
3012,central_shared,1.0,True,4_to_5,0.23248947998309788,0.40723877088504934,0.26918518379762096,0.6610008747757552,0.744914339660145,0.19021038126566678,0.07897480253195419,1.0,0.26906304775650625,0.00012213604111471765,0.012808637344099686,0.043730424015430376,-0.030921786671330692,0.0,0.3629395414241257,-0.350130904080026,0.005496301488456967,0.007178214068722927,-0.00168191258026596,0.0,0.40109683449783273,1.0,1.0,1.0,2.220446049250313e-16
3012,central_shared,1.0,True,5_to_6,0.40723877088504934,0.5938522182340404,0.49986796010809215,0.8417379690768308,0.8489901799074242,0.3034238058690674,0.19644415423902473,1.0,0.37091837595927857,0.12894958414881358,1.6503407586822345,0.22239805155509612,1.4279427071271384,1.0,0.6128505450258153,1.0374902136564192,0.20061499722056145,0.03268835696497529,0.16792664025558615,1.0,2.9491214083578643,1.0,1.0,1.0,2.498001805406602e-16
3012,central_shared,1.0,True,6_to_7,0.5938522182340404,0.7468362621025952,0.6890532942819445,0.9226296703135809,0.902198529406038,0.39966572183292076,0.28938757244902374,1.0,0.48241820941315905,0.20663508486878546,2.3885046781602126,0.392972189370985,1.9955324887892276,1.0,0.955889781163609,1.4326148969966037,0.28192053920778615,0.05583864343091206,0.2260818957768741,1.0,5.851277704284082,1.0,1.0,1.0,2.498001805406602e-16
3012,directional_relay,1.0,True,4_to_5,0.3160637723948557,0.47644274221634264,0.4333603808886132,0.9095749446673979,0.9434237188862336,0.22641654166709935,0.20694383922151383,1.0,0.2836285888760529,0.14973179201256026,1.9442644237804212,0.20501516585759266,1.7392492579228285,1.0,1.286373490890646,0.6578909328897753,0.2309041796125175,0.022583086521823337,0.20832109309069416,1.0,5.732901885209809,1.0,0.999755859375,0.99853515625,2.220446049250313e-16
3012,directional_relay,1.0,True,5_to_6,0.47644274221634264,0.634021243109847,0.6045132511297515,0.9534589853245925,0.9363116109100218,0.3109488087976572,0.29356444233209433,1.0,0.3377093983665178,0.2668038527632337,3.0137423679911146,0.4517424065629897,2.561999961428125,1.0,1.7725628565211728,1.2411795114699418,0.34598875056807704,0.04725339681407727,0.2987353537539998,1.0,7.053926745369952,1.0,0.999755859375,0.99951171875,2.220446049250313e-16
3012,directional_relay,1.0,True,6_to_7,0.634021243109847,0.7083014117814237,0.6990283952778318,0.9869080925869261,0.9670389939056675,0.37913801140678904,0.31989038387104274,1.0,0.3702125386235427,0.3288158566542891,3.3828485823957912,0.46330418736408613,2.9195443950317053,1.0,0.7168775197653394,2.665971062630452,0.39494832924653434,0.054541461774267226,0.3404068674722671,1.0,8.977423573339966,1.0,1.0,0.999755859375,2.220446049250313e-16
3012,four_channel_crossbar,1.0,True,4_to_5,0.4202020323125817,0.5396767166575399,0.5348222961633096,0.991004947324213,0.9820535282108032,0.29473784572243567,0.2400844504408739,1.0,0.27085338310523777,0.2639689130580718,4.84613168763296,0.6234032406609349,4.222728446972026,1.0,0.0561021182536652,4.7900295693792945,0.45588994451238807,0.05888802263208476,0.3970019218803033,1.0,9.577505794175933,1.0,1.0,0.999755859375,2.220446049250313e-16
3012,four_channel_crossbar,1.0,True,5_to_6,0.5396767166575399,0.6677924459979303,0.6692171038758536,1.0021333842370654,0.9895514835456974,0.35348062146765363,0.3157364824082,1.0,0.3121158747405186,0.35710122913533504,5.173043251331513,0.6435571219503644,4.529486129381148,1.0,0.1909276356995739,4.982115615631939,0.4469022737477009,0.06789031889238853,0.37901195485531236,1.0,10.059205329805959,1.0,1.0,0.9998779296875,2.220446049250313e-16
3012,four_channel_crossbar,1.0,True,6_to_7,0.6677924459979303,0.7612413409746073,0.7646434020903548,1.0044690966354926,0.9884865652718107,0.4023244021266163,0.36231899996373845,1.0,0.39597721672770225,0.3686661853626525,4.534897330256796,0.42654560277053893,4.108351727486257,1.0,0.5654948626917291,3.969402467565067,0.43859874869980836,0.05584003019271738,0.382758718507091,1.0,9.999640632327553,1.0,0.999755859375,1.0,2.220446049250313e-16
3013,independent,0.111572265625,False,4_to_5,0.0,0.0,0.0,0.0,0.0,0.0,0.0,0.5,0.0,0.0,0.0,0.0,0.0,0.5,0.0,0.0,0.0,0.0,0.0,0.5,0.0,0.0,0.0,0.0,0.0
3013,independent,0.111572265625,False,5_to_6,0.0,0.0,0.0,0.0,0.0,0.0,0.0,0.5,0.0,0.0,0.0,0.0,0.0,0.5,0.0,0.0,0.0,0.0,0.0,0.5,0.0,0.0,0.0,0.0,0.0
3013,independent,0.111572265625,False,6_to_7,0.0,0.0,0.0,0.0,0.0,0.0,0.0,0.5,0.0,0.0,0.0,0.0,0.0,0.5,0.0,0.0,0.0,0.0,0.0,0.5,0.0,0.0,0.0,0.0,0.0
3013,distributed,1.0,True,4_to_5,0.275527036681679,0.42440791851748494,0.3488810757512595,0.822041862390195,0.603822038497628,0.250272292637447,0.09860878311381249,1.0,0.32715556493793235,0.02172551081332713,0.7653367891233533,0.06784895252325196,0.6974878366001014,1.0,0.8788714566706051,-0.11353466754725172,0.06330023885968832,0.011711753400222413,0.0515884854594659,1.0,2.415405418709293,1.0,0.99951171875,0.999755859375,2.220446049250313e-16
3013,distributed,1.0,True,5_to_6,0.42440791851748494,0.5691842842682759,0.4639315649113402,0.8150814731431928,0.713842314981963,0.3348815090437438,0.12905005586759638,1.0,0.412660005886276,0.051271559025064195,0.8803512321444222,0.13403477516708862,0.7463164569773336,1.0,1.2764912789572114,-0.39614004681278914,0.14881806617275314,0.02255817678589945,0.1262598893868537,1.0,2.53509931394254,1.0,1.0,1.0,2.498001805406602e-16
3013,distributed,1.0,True,6_to_7,0.5691842842682759,0.6670456306770705,0.5738353878215515,0.8602640680504753,0.6845559553698899,0.4127634192976002,0.16107196852395134,1.0,0.5601928517778485,0.013642536043703024,0.953305101505759,0.16636043087170763,0.7869446706340514,1.0,1.7354824307806063,-0.7821773292748473,0.17821522512230978,0.029568235858355225,0.14864698926395456,1.0,2.7808487648087614,1.0,1.0,1.0,2.220446049250313e-16
3013,central_shared,1.0,True,4_to_5,0.32795244718392563,0.5050685154684131,0.4692848994797431,0.9291509668634098,0.8162782251664309,0.25921225441405293,0.21007264506569018,1.0,0.31211011289462337,0.15717478658511974,3.539889060054913,0.15749273051312884,3.382396329541784,1.0,1.0390091280475793,2.500879932007334,0.303499940065268,0.022131513926703344,0.2813684261385646,1.0,6.034010376927701,1.0,0.9990234375,0.9990234375,2.220446049250313e-16
3013,central_shared,1.0,True,5_to_6,0.5050685154684131,0.645265379882958,0.618322817494428,0.9582457648767442,0.9074909018743267,0.33914225550195876,0.2791805619924692,1.0,0.43431793122628437,0.1840048862681436,3.7938398081824922,0.30890651136804637,3.4849332968144457,1.0,1.2203995928005305,2.5734402153819618,0.2924707527197313,0.042669754341070704,0.24980099837866057,1.0,7.21326485418772,1.0,0.99951171875,0.99951171875,2.220446049250313e-16
3013,central_shared,1.0,True,6_to_7,0.645265379882958,0.7434172280180769,0.71788963628834,0.9656618238485104,0.9189311552851326,0.4103079410280616,0.3075816952602784,1.0,0.5399980150932024,0.17789162119513757,2.4819031381212175,0.27344252371374067,2.208460614407477,1.0,1.263736814210106,1.2181663239111116,0.31860604365068235,0.0425574153834663,0.27604862826721605,1.0,7.170119735601241,1.0,1.0,0.999755859375,2.220446049250313e-16
3013,directional_relay,1.0,True,4_to_5,0.4036330698314568,0.5744390710441912,0.4369892065192701,0.7607233361145325,0.830514608326045,0.2698606870986294,0.16712851942064066,1.0,0.4157574297087504,0.021231776810519687,0.7262149239815067,0.33662854098403266,0.389586382997474,1.0,2.357987371551372,-1.6317724475698654,0.12671773892639407,0.03960635362854702,0.08711138529784705,1.0,2.042421916361363,1.0,1.0,1.0,2.220446049250313e-16
3013,directional_relay,1.0,True,5_to_6,0.5744390710441912,0.6832962535182088,0.5824539392412215,0.8524178732756654,0.8792880786500843,0.366244363903767,0.21620957533745444,1.0,0.4920316000559752,0.09042233918524628,2.194300052437287,0.4031587881305088,1.7911412643067783,1.0,1.9865186066840668,0.20778144575322033,0.24728987258486848,0.05079588323620285,0.19649398934866563,1.0,4.700090825523019,1.0,0.999755859375,1.0,2.220446049250313e-16
3013,directional_relay,1.0,True,6_to_7,0.6832962535182088,0.7606792011644113,0.7038806870471257,0.9253318428710273,0.9167040240262068,0.4325887469300892,0.2712919401170365,1.0,0.5287763728628346,0.17510431418429107,3.027574584519034,0.36472464642766533,2.6628499380913686,1.0,1.5456038799013556,1.4819707046176784,0.3261731287939959,0.05226896061657597,0.2739041681774199,1.0,6.692732982094559,1.0,1.0,1.0,2.220446049250313e-16
3013,four_channel_crossbar,1.0,True,4_to_5,0.2788640861992303,0.47133734337412286,0.31289465533487903,0.6638443987802589,0.7624870210168316,0.2224939643666374,0.09040069096824163,1.0,0.3262630595336766,-0.01336840419879759,0.12062271655757037,0.19189568436838533,-0.07127296781081496,0.0,1.2768997199381762,-1.1562770033806058,0.026840401688376193,0.02490115355517638,0.0019392481331998133,0.984375,0.5639530605156223,1.0,0.99853515625,0.9990234375,2.636779683484747e-16
3013,four_channel_crossbar,1.0,True,5_to_6,0.47133734337412286,0.6353724796219196,0.5253048134407661,0.8267667081730553,0.9040310539690901,0.33722829107216773,0.18807652236859834,1.0,0.46338797177300384,0.061916841667762235,0.6108746356852022,0.35672104355796497,0.2541535921272372,1.0,1.8092446743489734,-1.1983700386637712,0.1274644919728153,0.04537102278001874,0.08209346919279657,1.0,3.2039717323998507,1.0,0.99951171875,0.9996337890625,2.220446049250313e-16
3013,four_channel_crossbar,1.0,True,6_to_7,0.6353724796219196,0.7719925944299032,0.7155646397110367,0.9269060932371546,0.9453256791555619,0.41873904389244293,0.29682559581859375,1.0,0.505870453062593,0.20969418664844364,2.186125091399126,0.34239649213141854,1.8437285992677075,1.0,0.45216885621474373,1.7339562351843825,0.2989674652611784,0.053303341198781315,0.24566412406239707,1.0,6.425104648034753,1.0,1.0,0.999755859375,2.498001805406602e-16
3014,independent,0.120849609375,False,4_to_5,0.0,0.0,0.0,0.0,0.0,0.0,0.0,0.5,0.0,0.0,0.0,0.0,0.0,0.5,0.0,0.0,0.0,0.0,0.0,0.5,0.0,0.0,0.0,0.0,0.0
3014,independent,0.120849609375,False,5_to_6,0.0,0.0,0.0,0.0,0.0,0.0,0.0,0.5,0.0,0.0,0.0,0.0,0.0,0.5,0.0,0.0,0.0,0.0,0.0,0.5,0.0,0.0,0.0,0.0,0.0
3014,independent,0.120849609375,False,6_to_7,0.0,0.0,0.0,0.0,0.0,0.0,0.0,0.5,0.0,0.0,0.0,0.0,0.0,0.5,0.0,0.0,0.0,0.0,0.0,0.5,0.0,0.0,0.0,0.0,0.0
3014,distributed,1.0,True,4_to_5,0.31191731542390605,0.4229764869180175,0.31030182012085644,0.7336148219061643,0.5980966185675219,0.27067250395687054,0.039629316163985906,1.0,0.37375413773182337,-0.06345231761096692,0.613220028773873,0.16993573667812892,0.44328429209574416,1.0,1.6761397561770899,-1.0629197274032167,0.07770080340722384,0.027190847204180163,0.050509956203043674,1.0,1.4320294777630689,1.0,0.999267578125,0.999755859375,2.220446049250313e-16
3014,distributed,1.0,True,5_to_6,0.4229764869180175,0.5676716575863995,0.3972089379685944,0.6997159936739299,0.6730354150864781,0.3467827560660962,0.0504261819024982,1.0,0.4629693285963675,-0.06576039062777311,0.3666218546875476,0.19770505970125923,0.16891679498628837,1.0,1.2763244094416104,-0.9097025547540628,0.05392432427648569,0.03325130164413413,0.02067302263235156,1.0,1.0998677241593076,1.0,0.999755859375,1.0,2.220446049250313e-16
3014,distributed,1.0,True,6_to_7,0.5676716575863995,0.6581375419292895,0.5563608813703775,0.8453565492396012,0.7174896957901971,0.4273416359494543,0.12901924542092325,1.0,0.5926074154802117,-0.03624653410983414,1.050097073860337,0.28334032018189104,0.766756753678446,1.0,1.5462411211923368,-0.4961440473319998,0.13483493511484393,0.04593085745907864,0.08890407765576529,1.0,2.20703530970029,1.0,0.999755859375,1.0,2.498001805406602e-16
3014,central_shared,1.0,True,4_to_5,0.2573648992957457,0.3878537440553748,0.2879707599260206,0.7424725539968137,0.8058391680508745,0.20874878178035436,0.07922197814566626,1.0,0.28085318835890677,0.007117571567113845,0.011094505478069694,0.02661019699330761,-0.015515691515237915,0.0,0.5666044964121892,-0.5555099909341196,0.005663952952731165,0.005310699753422294,0.00035325319930887104,0.8125,0.8500601741585145,1.0,0.996826171875,0.992919921875,2.220446049250313e-16
3014,central_shared,1.0,True,5_to_6,0.3878537440553748,0.5660538744459491,0.48377067373511773,0.8546371565933193,0.892168292758193,0.28700208507790936,0.19676858865720837,1.0,0.35624746829741183,0.1275232054377059,0.8601737656395503,0.11236606811788853,0.7478076975216618,1.0,0.7033366049833296,0.15683716065622066,0.10803182434102175,0.016955578220998174,0.09107624612002357,1.0,3.0259771611584254,1.0,0.998291015625,0.997802734375,2.220446049250313e-16
3014,central_shared,1.0,True,6_to_7,0.5660538744459491,0.6976552680659763,0.6451153290227708,0.9246906868647957,0.9305709208437855,0.38018520477907153,0.26493012424369927,1.0,0.44813022173299444,0.19698510728977636,2.482925950098848,0.2401262452205072,2.242799704878341,1.0,0.7465713478488021,1.7363546022500458,0.32315232897438523,0.0377283753596459,0.2854239536147393,1.0,6.391095991199817,1.0,0.999267578125,0.9990234375,2.636779683484747e-16
3014,directional_relay,1.0,True,4_to_5,0.3702944671546306,0.5298465512952724,0.47027623100684957,0.8875706180538571,0.8969382852395285,0.25159229140791706,0.2186839395989325,1.0,0.32975332109499533,0.14052290991185423,1.0236350472028752,0.20755985075041902,0.8160751964524562,1.0,1.9456830918065136,-0.9220480446036383,0.18867575725039978,0.027920911528553964,0.1607548457218458,1.0,3.763758274519259,1.0,0.98779296875,0.983642578125,2.220446049250313e-16
3014,directional_relay,1.0,True,5_to_6,0.5298465512952724,0.6563898251320694,0.6222813268747456,0.94803621727308,0.9055164107817433,0.3393072803719099,0.2829740465028357,1.0,0.4125315094780305,0.20974981739671505,2.009722261683293,0.25540696540918156,1.7543152962741113,1.0,1.6364743677873805,0.3732478938959123,0.2821659733375996,0.03699558397147863,0.24517038936612096,1.0,6.9890615743935465,1.0,0.98828125,0.9908447265625,2.220446049250313e-16
3014,directional_relay,1.0,True,6_to_7,0.6563898251320694,0.7409861374180234,0.7383947873066676,0.9965028359094741,0.9502698009074295,0.4017066428521959,0.3366881444544717,1.0,0.43559523657421173,0.3027995507324559,2.7869321871439734,0.2697561905963224,2.517175996547651,1.0,0.580608436843197,2.2063237503007764,0.4058167237970827,0.0396052575896972,0.36621146620738554,1.0,8.259092258296965,1.0,0.992431640625,0.994140625,2.220446049250313e-16
3014,four_channel_crossbar,1.0,True,4_to_5,0.37716454424121837,0.42696271572671596,0.47044823757513543,1.1018485227086035,0.8341143830818495,0.3294158502310516,0.14103238734408385,1.0,0.3764983505418264,0.09394988703330903,2.379430704913811,0.24876065175509976,2.1306700531587115,1.0,0.2614057968868652,2.1180249080269458,0.30654531785304023,0.04045783135993611,0.2660874864931041,1.0,5.42832854067353,1.0,1.0,1.0,2.220446049250313e-16
3014,four_channel_crossbar,1.0,True,5_to_6,0.42696271572671596,0.5137399344500371,0.5422371735182978,1.0554701652671157,0.7892007466179379,0.351799249836997,0.1904379236813008,1.0,0.42625005398667626,0.11598711953162155,1.428157161018184,0.21384651449042286,1.214310646527761,1.0,0.7854075609310939,0.6427496000870901,0.18463378502519953,0.03490481055449335,0.14972897447070618,1.0,3.1950336768383303,1.0,1.0,1.0,2.220446049250313e-16
3014,four_channel_crossbar,1.0,True,6_to_7,0.5137399344500371,0.6096547313393499,0.5528137309773289,0.9067652600068451,0.8086763663990275,0.3914022285810352,0.1614115023962937,1.0,0.5581567500041629,-0.005343019026833984,1.3875039812049812,0.21275340065219775,1.1747505805527834,1.0,0.9436566249893105,0.44384735621567073,0.23818394108481658,0.037427947521675914,0.20075599356314067,1.0,3.4457595879653207,1.0,1.0,1.0,2.220446049250313e-16
3015,independent,0.106689453125,False,4_to_5,0.0,0.0,0.0,0.0,0.0,0.0,0.0,0.5,0.0,0.0,0.0,0.0,0.0,0.5,0.0,0.0,0.0,0.0,0.0,0.5,0.0,0.0,0.0,0.0,0.0
3015,independent,0.106689453125,False,5_to_6,0.0,0.0,0.0,0.0,0.0,0.0,0.0,0.5,0.0,0.0,0.0,0.0,0.0,0.5,0.0,0.0,0.0,0.0,0.0,0.5,0.0,0.0,0.0,0.0,0.0
3015,independent,0.106689453125,False,6_to_7,0.0,0.0,0.0,0.0,0.0,0.0,0.0,0.5,0.0,0.0,0.0,0.0,0.0,0.5,0.0,0.0,0.0,0.0,0.0,0.5,0.0,0.0,0.0,0.0,0.0
3015,distributed,1.0,True,4_to_5,0.37287311920262856,0.42169221870756424,0.3712053194670577,0.8802754781787466,0.4922521899629977,0.3111398166906729,0.06006550277638478,1.0,0.4018573822811855,-0.0306520628141278,0.6212832384337581,0.2655747085668315,0.3557085298669266,1.0,1.3714136975191302,-0.7501304590853721,0.09145928125719023,0.04254352391343305,0.04891575734375718,1.0,1.99602529737097,1.0,1.0,0.998779296875,2.220446049250313e-16
3015,distributed,1.0,True,5_to_6,0.42169221870756424,0.567372395544877,0.3891288565792237,0.6858438296165664,0.5685991363376195,0.32026950005225074,0.06885935652697295,1.0,0.3961792491698481,-0.007050392590624399,0.5359780233885056,0.16491834177003922,0.3710596816184664,1.0,0.9377597643217831,-0.40178174093327745,0.09533657924790555,0.030647483818858828,0.06468909542904672,1.0,2.184510717617444,1.0,0.999755859375,0.99951171875,2.498001805406602e-16
3015,distributed,1.0,True,6_to_7,0.567372395544877,0.5978237168424699,0.5412610370477486,0.9053856877852408,0.6609603586658458,0.4062221848122646,0.13503885223548406,1.0,0.4474023494122888,0.09385868763545985,2.2467118066469,0.3444178691901757,1.902293937456724,1.0,0.8625832748528272,1.3841285317940728,0.25841362452816813,0.060487965711170724,0.19792565881699742,1.0,4.444365471065761,1.0,1.0,0.999267578125,2.498001805406602e-16
3015,central_shared,1.0,True,4_to_5,0.43309401257326235,0.6053111284480073,0.5888408715687802,0.9727904277566214,0.9752444265987289,0.3173341151648703,0.27150675640390987,1.0,0.3053220137132555,0.28351885785552466,3.4693030147408734,0.368254901036133,3.1010481137047403,1.0,0.3635789752325464,3.105724039508327,0.3325976190286038,0.04075323967147328,0.29184437935713053,1.0,9.403999272101585,1.0,1.0,1.0,2.220446049250313e-16
3015,central_shared,1.0,True,5_to_6,0.6053111284480073,0.7310327740284591,0.7236686496363176,0.9899264100683742,0.9782024813225849,0.38104698720419217,0.34262166243212544,1.0,0.4067753756621941,0.3168932739741235,3.790330916330789,0.5017142909731244,3.2886166253576645,1.0,1.195019371469571,2.595311544861218,0.38924393233840276,0.06213843126459502,0.32710550107380776,1.0,8.981467705226239,1.0,1.0,1.0,2.220446049250313e-16
3015,central_shared,1.0,True,6_to_7,0.7310327740284591,0.7815569669305964,0.7800838321668222,0.9981151281018457,0.9742086827294892,0.43790126094933585,0.34218257121748635,1.0,0.5277514775806251,0.25233235458619707,3.8816852890750493,0.4474250334161668,3.4342602556588826,1.0,1.2245695147370736,2.6571157743379756,0.4193122104411089,0.062300515505094425,0.3570116949360145,1.0,8.905358300988544,1.0,1.0,1.0,2.220446049250313e-16
3015,directional_relay,1.0,True,4_to_5,0.30512597286136434,0.4587062656769287,0.4256030134004042,0.9278334421099026,0.8537354847926415,0.26152610733964843,0.16407690606075576,1.0,0.3701224120779344,0.05548060132246979,1.64806634544148,0.16563931266289955,1.4824270327785802,1.0,2.2107780740265373,-0.5627117285850574,0.2076854659346358,0.026057740372303427,0.18162772556233236,1.0,4.018748284568719,1.0,1.0,1.0,2.220446049250313e-16
3015,directional_relay,1.0,True,5_to_6,0.4587062656769287,0.5880596012395995,0.5833335643619124,0.9919633369343432,0.8502281145692796,0.3509697057336526,0.2323638586282598,1.0,0.44600820952073184,0.13732535484118058,2.423874984657923,0.2684702222529257,2.1554047624049972,1.0,2.0763548871826627,0.34752009747526014,0.26049011164669406,0.04278939973611426,0.2177007119105798,1.0,3.9283470621171435,1.0,1.0,1.0,2.220446049250313e-16
3015,directional_relay,1.0,True,6_to_7,0.5880596012395995,0.6752901200152177,0.6572891669778895,0.9733433786400983,0.870920326591027,0.4083306403907704,0.24895852658711914,1.0,0.505983130718044,0.1513060362598455,2.511455404313918,0.3127541406804294,2.1987012636334886,1.0,0.35420067720892595,2.157254727104992,0.26381384173798456,0.05085402131339016,0.21295982042459438,1.0,4.707584830691237,1.0,1.0,1.0,2.220446049250313e-16
3015,four_channel_crossbar,1.0,True,4_to_5,0.39162966585164155,0.49746380825026126,0.5259533828093091,1.0572696427087929,0.876827885291093,0.33791328787102415,0.188040094938285,1.0,0.41295290740618296,0.11300047540312619,3.3383380007124432,0.27510496310412225,3.063233037608321,1.0,0.8554711957801757,2.4828668049322675,0.2935497180465057,0.03838629521606664,0.2551634228304391,1.0,7.385232720922996,1.0,0.9990234375,0.99951171875,2.220446049250313e-16
3015,four_channel_crossbar,1.0,True,5_to_6,0.49746380825026126,0.5897329132880627,0.6107895459672227,1.0357053713718614,0.8848819179579751,0.37771529378049984,0.23307425218672284,1.0,0.5101490823339152,0.10064046363330748,2.145784291145506,0.231601439200532,1.914182851944974,1.0,1.4684259509755384,0.6773583401699674,0.23151151525613614,0.03374152862964268,0.19776998662649348,1.0,4.621769096403824,1.0,0.9990234375,0.99951171875,2.220446049250313e-16
3015,four_channel_crossbar,1.0,True,6_to_7,0.5897329132880627,0.7209246359412635,0.6666251651760464,0.9246807945544517,0.8589604757046747,0.407693612572505,0.2589315526035414,1.0,0.5450032719168322,0.12162189325921424,1.9322692171175688,0.2372704047398551,1.6949988123777138,1.0,0.8871648217745026,1.045104395343066,0.2322533242392292,0.03590705151486169,0.1963462727243675,1.0,4.224789977311305,1.0,1.0,0.999755859375,2.220446049250313e-16
3016,independent,0.120849609375,False,4_to_5,0.0,0.0,0.0,0.0,0.0,0.0,0.0,0.5,0.0,0.0,0.0,0.0,0.0,0.5,0.0,0.0,0.0,0.0,0.0,0.5,0.0,0.0,0.0,0.0,0.0
3016,independent,0.120849609375,False,5_to_6,0.0,0.0,0.0,0.0,0.0,0.0,0.0,0.5,0.0,0.0,0.0,0.0,0.0,0.5,0.0,0.0,0.0,0.0,0.0,0.5,0.0,0.0,0.0,0.0,0.0
3016,independent,0.120849609375,False,6_to_7,0.0,0.0,0.0,0.0,0.0,0.0,0.0,0.5,0.0,0.0,0.0,0.0,0.0,0.5,0.0,0.0,0.0,0.0,0.0,0.5,0.0,0.0,0.0,0.0,0.0
3016,distributed,1.0,True,4_to_5,0.21877622334319718,0.3373492994571785,0.25118936101785655,0.7445972510452518,0.6607648804517305,0.19148287548380372,0.05970648553405283,1.0,0.25418344022506123,-0.0029940792072046807,0.6716200965924558,0.11610092151325753,0.5555191750791982,1.0,0.6055117176698416,0.06610837892261423,0.10093119311120001,0.018088066147960647,0.08284312696323937,1.0,1.558987887581446,1.0,1.0,1.0,2.220446049250313e-16
3016,distributed,1.0,True,5_to_6,0.3373492994571785,0.5125680982030358,0.43776325519575526,0.8540587225979693,0.6938743146182388,0.2680168441508489,0.16974641104490634,1.0,0.3263658119218541,0.11139744327390116,1.7830783309344578,0.15766651400647502,1.6254118169279828,1.0,0.8037540912379034,0.9793242396965544,0.17602383412123168,0.02486784368038326,0.15115599044084843,1.0,3.480858024894011,1.0,1.0,1.0,2.220446049250313e-16
3016,distributed,1.0,True,6_to_7,0.5125680982030358,0.6484611002130125,0.6044781759494458,0.9321733805634311,0.8381095919942169,0.35528602686673827,0.24919214908270748,1.0,0.4245369264332501,0.17994124951619567,2.226461381580382,0.19224371629185483,2.0342176652885273,1.0,1.0957369268652246,1.1307244547151574,0.3094786293876591,0.03291592897404236,0.27656270041361675,1.0,5.798937107431187,1.0,1.0,1.0,2.220446049250313e-16
3016,central_shared,1.0,True,4_to_5,0.34099738712632716,0.4102253881706279,0.4187887694202258,1.0208748202732787,0.8182377441976604,0.30030224829953855,0.11848652112068725,1.0,0.4037646929584888,0.01502407646173698,1.7813718067401358,0.25928014244776876,1.522091664292367,1.0,0.7716972173739686,1.0096745893661674,0.1241467325424442,0.03857669777152839,0.0855700347709158,1.0,3.7921756057056997,1.0,0.996826171875,0.9970703125,2.220446049250313e-16
3016,central_shared,1.0,True,5_to_6,0.4102253881706279,0.5653811403695382,0.5302916767884446,0.9379366217306809,0.8570371797864773,0.32576322766938715,0.20452844911905743,1.0,0.3917853854104052,0.13850629137803938,1.0783766652493967,0.23385228052783086,0.8445243847215658,1.0,0.20683803989300426,0.8715386253563924,0.1768927058499745,0.036763514896073074,0.14012919095390142,1.0,4.152095681412943,1.0,0.999267578125,0.9970703125,2.220446049250313e-16
3016,central_shared,1.0,True,6_to_7,0.5653811403695382,0.6711994473319394,0.6375221647766813,0.9498252230553417,0.8856887519349548,0.40793603391130073,0.2295861308653806,1.0,0.4380185347535037,0.1995036300231776,1.8764965323369338,0.44870203293683525,1.4277944994000986,1.0,1.0803406165783416,0.7961559157585922,0.25301904617195886,0.06353517801782288,0.18948386815413598,1.0,5.830146862574614,1.0,0.9990234375,0.9984130859375,2.220446049250313e-16
3016,directional_relay,1.0,True,4_to_5,0.3343173938126116,0.4598526180593755,0.4448219026373849,0.9673140592622442,0.9249432097178145,0.277925885386393,0.1668960172509919,1.0,0.3510732138215735,0.09374868881581139,2.0698328949999323,0.30811092285096314,1.7617219721489692,1.0,1.0246384076912576,1.0451944873086747,0.2195167924826341,0.03616091200084834,0.18335588048178575,1.0,5.196340781098316,1.0,1.0,0.99951171875,2.220446049250313e-16
3016,directional_relay,1.0,True,5_to_6,0.4598526180593755,0.5956913613940584,0.5899356197329486,0.990337711717625,0.9315888854110419,0.3363908926649014,0.2535447270680472,1.0,0.4218594313028745,0.1680761884300741,2.088962441592362,0.2863868789604128,1.8025755626319495,1.0,1.7884909771870852,0.30047146440527706,0.26126076457407793,0.040527927267097905,0.22073283730698,1.0,6.2519601456761675,1.0,1.0,0.99951171875,2.220446049250313e-16
3016,directional_relay,1.0,True,6_to_7,0.5956913613940584,0.7100510350432918,0.7089370332339645,0.9984310961404916,0.9464026105895881,0.38978457662954685,0.31915245660441766,1.0,0.49003192866375345,0.21890510457021106,3.0147129161630857,0.29461006105297555,2.72010285511011,1.0,0.9640603407558396,2.050652575407246,0.3595313002442844,0.045593861697661046,0.31393743854662337,1.0,7.649108077746049,1.0,1.0,0.999755859375,2.220446049250313e-16
3016,four_channel_crossbar,1.0,True,4_to_5,0.275163764010293,0.2786897321213325,0.3107073571884672,1.1148862745082952,0.4708382777931391,0.2447024720174797,0.06600488517098752,1.0,0.33610030231217447,-0.025392945123707267,0.5512129199136717,0.1132917224092414,0.4379211975044303,1.0,0.29979795300606366,0.25141496690760806,0.06678944530386326,0.017618940250941215,0.049170505052922045,1.0,1.903145194742331,1.0,0.9951171875,0.994140625,2.220446049250313e-16
3016,four_channel_crossbar,1.0,True,5_to_6,0.2786897321213325,0.4231476459538658,0.28581741999252885,0.6754555359707483,0.4513792076281601,0.22725597106995146,0.05856144892257739,1.0,0.3062345108479251,-0.020417090855396225,0.0003395968393158022,0.07065351363302752,-0.07031391679371171,0.0,1.0859522095314276,-1.0856126126921117,0.0002202943737357418,0.011224252709558732,-0.01100395833582299,0.0,0.026720734074322124,0.990966796875,0.996826171875,0.989501953125,2.220446049250313e-16
3016,four_channel_crossbar,1.0,True,6_to_7,0.4231476459538658,0.579189786262225,0.420888501575746,0.7266849512176844,0.6833702575990028,0.3067035620931155,0.11418493948263048,1.0,0.4331249932954361,-0.012236491719690101,0.002289592365464676,0.26382144123781925,-0.2615318488723546,0.0,2.723399785722505,-2.72111019335704,0.0007975407487372769,0.03315321332845643,-0.03235567257971915,0.0,0.03061164052126767,1.0,0.9970703125,0.9874267578125,2.220446049250313e-16
3017,independent,0.099853515625,False,4_to_5,0.0,0.0,0.0,0.0,0.0,0.0,0.0,0.5,0.0,0.0,0.0,0.0,0.0,0.5,0.0,0.0,0.0,0.0,0.0,0.5,0.0,0.0,0.0,0.0,0.0
3017,independent,0.099853515625,False,5_to_6,0.0,0.0,0.0,0.0,0.0,0.0,0.0,0.5,0.0,0.0,0.0,0.0,0.0,0.5,0.0,0.0,0.0,0.0,0.0,0.5,0.0,0.0,0.0,0.0,0.0
3017,independent,0.099853515625,False,6_to_7,0.0,0.0,0.0,0.0,0.0,0.0,0.0,0.5,0.0,0.0,0.0,0.0,0.0,0.5,0.0,0.0,0.0,0.0,0.0,0.5,0.0,0.0,0.0,0.0,0.0
3017,distributed,0.99951171875,True,4_to_5,0.38415355481686153,0.5126683756822812,0.4213107386743292,0.8217997416236777,0.8370752151489422,0.30434491224414173,0.11696582643018749,1.0,0.38861962007855083,0.03269111859577839,0.6515266501308824,0.37633338250467213,0.27519326762621027,1.0,1.7287626993486993,-1.077236049217817,0.1056095939001368,0.049657895035242816,0.055951698864893984,1.0,2.340040831548954,1.0,1.0,1.0,2.220446049250313e-16
3017,distributed,0.99951171875,True,5_to_6,0.5126683756822812,0.6139789466948606,0.5160935320373954,0.8405720339689221,0.8265589031834006,0.36775678037202353,0.14833675166537186,1.0,0.46425248554993603,0.05184104648745935,0.9791210813723528,0.35445714794353655,0.6246639334288162,1.0,1.7970874231380811,-0.8179663417657284,0.16020143594672387,0.05078420845704341,0.10941722748968047,1.0,3.309333158212965,1.0,0.999755859375,1.0,2.498001805406602e-16
3017,distributed,0.99951171875,True,6_to_7,0.6139789466948606,0.7046257824600792,0.5840255706705708,0.8288450198792704,0.8435689248737852,0.40828476472186914,0.17574080594870167,1.0,0.5638290374843353,0.020196533186235488,1.7194674328895398,0.22126409772738817,1.4982033351621518,1.0,1.488434011390503,0.23103342149903683,0.24449012177473314,0.04081248020442268,0.20367764157031046,1.0,4.064703007479914,1.0,1.0,1.0,2.498001805406602e-16
3017,central_shared,1.0,True,4_to_5,0.22914414956596932,0.3949958910126278,0.2646335407181274,0.6699653002457872,0.7467580702315477,0.17993691741845022,0.08469662329967717,1.0,0.24662038328796035,0.018013157430167043,0.05015856062584491,0.03000919093615501,0.0201493696896899,1.0,0.3813861268084697,-0.33122756618262483,0.014354787868724633,0.00559973001331979,0.008755057855404843,1.0,0.6422957926543864,1.0,1.0,1.0,2.220446049250313e-16
3017,central_shared,1.0,True,5_to_6,0.3949958910126278,0.5843127323602748,0.4665734577186666,0.7984995566226808,0.8791547031561262,0.2755305175332544,0.19104294018541218,1.0,0.38054779432131014,0.08602566339735646,0.5887204547916,0.18062620861435008,0.4080942461772499,1.0,0.6950945909241589,-0.10637413613255897,0.10719675652461814,0.023457588517928004,0.08373916800669014,1.0,1.8201747401052295,1.0,1.0,1.0,2.220446049250313e-16
3017,central_shared,1.0,True,6_to_7,0.5843127323602748,0.7225370058352967,0.6385778232684483,0.8837994706308689,0.9351198618441549,0.3856330861021357,0.25294473716631255,1.0,0.46032205956817585,0.1782557637002724,1.2652093804051008,0.31580417644040454,0.9494052039646963,1.0,0.634370382836551,0.6308389975685498,0.27659452566370146,0.04653163387292551,0.23006289179077594,1.0,4.576220668776404,1.0,1.0,1.0,2.220446049250313e-16
3017,directional_relay,1.0,True,4_to_5,0.32448765560058196,0.5203973297425298,0.4305884579183703,0.8274224968283502,0.909625293293413,0.24431516553468685,0.18627329238368345,1.0,0.31284331493294043,0.11774514298542987,1.0068362147623575,0.2573310050678218,0.7495052096945357,1.0,2.7361339413830206,-1.729297726620663,0.10946029401802136,0.028370982755000093,0.08108931126302127,1.0,2.3666165858427393,1.0,0.99951171875,0.99951171875,2.220446049250313e-16
3017,directional_relay,1.0,True,5_to_6,0.5203973297425298,0.6424453519524873,0.5965788596461343,0.9286063909296598,0.969311373999067,0.3432318019693411,0.2533470576767932,1.0,0.4502552777987584,0.14632358184737593,1.6943995588168437,0.42676228491636947,1.2676372739004742,1.0,2.417979378227064,-0.7235798194102205,0.20374523075969866,0.04978274539681493,0.15396248536288373,1.0,6.154377717678199,1.0,1.0,0.999755859375,2.220446049250313e-16
3017,directional_relay,1.0,True,6_to_7,0.6424453519524873,0.741667239380037,0.7297308585199306,0.9839060157624273,0.975903106714138,0.40001640096764435,0.32971445755228623,1.0,0.4878463941848414,0.2418844643350892,3.1257942924478734,0.3032572963410549,2.8225369961068187,1.0,0.5832801999867938,2.5425140924610794,0.35503732943874605,0.03946622828595668,0.31557110115278936,1.0,8.804407548348765,1.0,0.99951171875,1.0,2.220446049250313e-16
3017,four_channel_crossbar,1.0,True,4_to_5,0.37450262568740966,0.5266997915796667,0.4688280299896487,0.8901238190802196,0.9311275389151343,0.2748229696205975,0.19400506036905119,1.0,0.34682446479313656,0.12200356519651212,1.2968761347973183,0.20478555721647299,1.0920905775808454,1.0,1.4895179930358569,-0.19264185823853852,0.11703419046237325,0.025402117291315293,0.09163207317105795,1.0,3.329018064213127,0.982421875,0.945556640625,0.9228515625,2.220446049250313e-16
3017,four_channel_crossbar,1.0,True,5_to_6,0.5266997915796667,0.6893853225666191,0.6533109756679296,0.9476717218690083,0.962191172312385,0.3494307882213121,0.3038801874466175,1.0,0.39007656482848363,0.263234410839446,3.0880121543194767,0.45278644226991593,2.635225712049561,1.0,2.5900843751384395,0.49792777918103726,0.28445699149163145,0.05139173222821029,0.23306525926342114,1.0,6.920769274644994,1.0,0.978515625,0.9539794921875,2.220446049250313e-16
3017,four_channel_crossbar,1.0,True,6_to_7,0.6893853225666191,0.7614510090963811,0.744536843567031,0.977786928735675,0.9753304184186907,0.4300910796927645,0.3144457638742665,1.0,0.47552094060162464,0.26901590296540634,4.091611834443294,0.4862217655086941,3.6053900689346,1.0,1.7237211012642637,2.3678907331790304,0.36419940600151124,0.06183728611394286,0.3023621198875684,1.0,8.890981196432227,1.0,0.98876953125,0.97509765625,2.220446049250313e-16
3018,independent,0.1103515625,False,4_to_5,0.0,0.0,0.0,0.0,0.0,0.0,0.0,0.5,0.0,0.0,0.0,0.0,0.0,0.5,0.0,0.0,0.0,0.0,0.0,0.5,0.0,0.0,0.0,0.0,0.0
3018,independent,0.1103515625,False,5_to_6,0.0,0.0,0.0,0.0,0.0,0.0,0.0,0.5,0.0,0.0,0.0,0.0,0.0,0.5,0.0,0.0,0.0,0.0,0.0,0.5,0.0,0.0,0.0,0.0,0.0
3018,independent,0.1103515625,False,6_to_7,0.0,0.0,0.0,0.0,0.0,0.0,0.0,0.5,0.0,0.0,0.0,0.0,0.0,0.5,0.0,0.0,0.0,0.0,0.0,0.5,0.0,0.0,0.0,0.0,0.0
3018,distributed,1.0,True,4_to_5,0.41829590915644294,0.492248771613104,0.4101025627804583,0.8331205407309565,0.7379515872228889,0.3370664946881021,0.07303606809235619,1.0,0.4768212946189361,-0.06671873183847776,1.0915361123262428,0.5904818338642948,0.501054278461948,1.0,2.863200821746164,-1.7716647094199212,0.15486247079448337,0.06961869849587432,0.08524377229860905,1.0,5.364247934919151,1.0,1.0,1.0,2.220446049250313e-16
3018,distributed,1.0,True,5_to_6,0.492248771613104,0.5836679481277773,0.4532194892862972,0.7765022745211252,0.6993240579955688,0.3650466917710305,0.08817279751526669,1.0,0.5041118722143254,-0.050892382928028224,1.5832078559768596,0.3749507755906407,1.208257080386219,1.0,1.1254486456912354,0.4577592102856243,0.2272309949583393,0.05315020029115862,0.17408079466718068,1.0,4.517730912238422,1.0,1.0,1.0,2.498001805406602e-16
3018,distributed,1.0,True,6_to_7,0.5836679481277773,0.6190804205168704,0.5308875263481876,0.8575421039886053,0.7308528784075287,0.41138330612384477,0.11950422022434282,1.0,0.586827807680942,-0.055940281332754416,1.1151779601573901,0.32246340418697894,0.7927145559704112,1.0,1.9818766451698282,-0.8666986850124381,0.17887030620531674,0.051542322013536895,0.12732798419177985,1.0,3.497070267831166,1.0,1.0,1.0,2.498001805406602e-16
3018,central_shared,1.0,True,4_to_5,0.37521923895751813,0.470261724075156,0.42992699653586863,0.9142291930762344,0.9359416594812118,0.3110991257692659,0.11882787076660273,1.0,0.406301274305808,0.023625722230060653,0.2752104297066678,0.2230982173661052,0.052112212340562625,1.0,1.1464350917591555,-0.8712246620524877,0.06998757959607545,0.03370748427052514,0.03628009532555031,1.0,2.117642425699206,1.0,1.0,1.0,2.220446049250313e-16
3018,central_shared,1.0,True,5_to_6,0.470261724075156,0.5865817413012582,0.5406764221739042,0.9217409682314374,0.9424482628614681,0.36123145665084294,0.17944496552306127,1.0,0.43378341691072686,0.10689300526317735,0.6466416560976029,0.24424029019060006,0.4024013659070029,1.0,0.4872257781157799,0.15941587798182305,0.14492912939122943,0.03978316333667056,0.10514596605455886,1.0,4.1969708109243875,1.0,1.0,1.0,2.220446049250313e-16
3018,central_shared,1.0,True,6_to_7,0.5865817413012582,0.7069804551609831,0.6460722923749314,0.913847458806789,0.9386202546078795,0.4151531459485404,0.23091914642639094,1.0,0.4731575657555805,0.17291472661935087,0.8256851530015223,0.3030094812041475,0.5226756717973748,1.0,0.2407094358833545,0.5849757171181679,0.19980507451378257,0.04892120968508096,0.1508838648287016,1.0,5.6971505483960705,1.0,0.999755859375,1.0,2.220446049250313e-16
3018,directional_relay,1.0,True,4_to_5,0.2698332952711325,0.41674634393237137,0.30268540791466547,0.726306090795087,0.8184662211489497,0.21328145518804548,0.08940395272662,1.0,0.3069747663349649,-0.004289358420299427,0.9548573221391393,0.055520077829237985,0.8993372443099014,1.0,1.1460419304274618,-0.1911846082883225,0.11481044728862888,0.010872788940597811,0.10393765834803106,1.0,1.528168330728805,0.998779296875,0.997314453125,0.99609375,2.220446049250313e-16
3018,directional_relay,1.0,True,5_to_6,0.41674634393237137,0.5608229382200594,0.46884894955231204,0.8360017353076633,0.8462708322250341,0.2942872728393421,0.17456167671296996,1.0,0.37714123323244664,0.0917077163198654,2.5561371022295614,0.22849447122787314,2.3276426310016882,1.0,1.2370018060105568,1.3191352962190046,0.2244758131321157,0.03498640220803309,0.1894894109240826,1.0,3.7317585728362035,0.995361328125,0.998046875,0.996826171875,2.220446049250313e-16
3018,directional_relay,1.0,True,6_to_7,0.5608229382200594,0.6769608781595001,0.633005481285275,0.9350695168770614,0.9219435751878593,0.38341987432074776,0.24958560696452725,1.0,0.45186085943233273,0.18114462185294228,3.248929937633087,0.311756938201706,2.937172999431381,1.0,0.6109686447255853,2.6379612929075016,0.3056048610423176,0.04400419507350606,0.26160066596881154,1.0,6.474158700246095,1.0,0.9990234375,0.99853515625,2.220446049250313e-16
3018,four_channel_crossbar,1.0,True,4_to_5,0.23460254320544868,0.4225525876112268,0.2881204149921325,0.6818569414541609,0.657601039974485,0.19136583673468063,0.09675457825745185,1.0,0.30283491546931174,-0.01471450047717926,0.20022188737864038,0.09866787417310091,0.10155401320553947,1.0,2.1738414919049993,-1.973619604526359,0.04743286781072825,0.013220060634288286,0.034212807176439965,1.0,0.701264105960227,0.98779296875,0.998046875,0.99755859375,2.498001805406602e-16
3018,four_channel_crossbar,1.0,True,5_to_6,0.4225525876112268,0.6114196630131026,0.4676129540870539,0.7647986847243954,0.8165209456297047,0.289357936713935,0.17825501737311888,1.0,0.45259761767186124,0.015015336415192648,1.4102740575786394,0.212077942313292,1.1981961152653475,1.0,2.7885564744437805,-1.378282416865141,0.16889772803552952,0.028682748012841014,0.1402149800226885,1.0,2.569927404761412,1.0,0.999267578125,0.998779296875,2.220446049250313e-16
3018,four_channel_crossbar,1.0,True,6_to_7,0.6114196630131026,0.7410234720716421,0.6556066132593632,0.8847312372258826,0.8570867231830192,0.4023149551031351,0.2532916581562281,1.0,0.5557648103605106,0.09984180289885258,1.972810496213967,0.18203568066143752,1.7907748155525294,1.0,1.5898583166238829,0.3829521795900841,0.219822840983759,0.03110290350637522,0.1887199374773838,1.0,4.361295469310262,1.0,1.0,0.999755859375,2.220446049250313e-16
3019,independent,0.116455078125,False,4_to_5,0.0,0.0,0.0,0.0,0.0,0.0,0.0,0.5,0.0,0.0,0.0,0.0,0.0,0.5,0.0,0.0,0.0,0.0,0.0,0.5,0.0,0.0,0.0,0.0,0.0
3019,independent,0.116455078125,False,5_to_6,0.0,0.0,0.0,0.0,0.0,0.0,0.0,0.5,0.0,0.0,0.0,0.0,0.0,0.5,0.0,0.0,0.0,0.0,0.0,0.5,0.0,0.0,0.0,0.0,0.0
3019,independent,0.116455078125,False,6_to_7,0.0,0.0,0.0,0.0,0.0,0.0,0.0,0.5,0.0,0.0,0.0,0.0,0.0,0.5,0.0,0.0,0.0,0.0,0.0,0.5,0.0,0.0,0.0,0.0,0.0
3019,distributed,1.0,True,4_to_5,0.2753612519420491,0.30987208239785335,0.2950148275056474,0.9520535868309352,0.4000707303013912,0.2556150648087099,0.03939976269693751,1.0,0.2890936483951733,0.005921179110474073,0.05681791404844613,0.06729759507911308,-0.010479681030666946,0.078125,0.655391556803606,-0.5985736427551598,0.014572832187212654,0.011057948461357648,0.003514883725855006,1.0,1.240231967837876,1.0,0.999267578125,0.999755859375,2.220446049250313e-16
3019,distributed,1.0,True,5_to_6,0.30987208239785335,0.4643353205875095,0.3188349152584127,0.686647991488135,0.3931301066115211,0.2602861738869369,0.058548741371475754,1.0,0.32170840153113867,-0.002873486272725989,0.016677240864088706,0.016811722478078654,-0.00013448161398994796,0.5,0.1563190692710859,-0.1396418284069972,0.006370389296898372,0.00353860866332758,0.002831780633570792,1.0,0.6576813973025116,1.0,0.999267578125,0.999755859375,2.498001805406602e-16
3019,distributed,1.0,True,6_to_7,0.4643353205875095,0.6252979219677339,0.4338164535797472,0.6937756201309311,0.45595729640002447,0.3444442330151175,0.08937222056462968,1.0,0.4548627081243305,-0.02104625454458331,1.1666119424778536,0.09693999614474869,1.0696719463331048,1.0,1.6269897969506413,-0.4603778544727877,0.11596989436760963,0.015814530035087877,0.10015536433252176,1.0,1.832759702846224,1.0,1.0,0.999755859375,2.636779683484747e-16
3019,central_shared,1.0,True,4_to_5,0.3453739111995462,0.4612636763584559,0.3704941192488085,0.8032154670702732,0.836766062615415,0.28386681433961625,0.08662730490919224,1.0,0.3973816359312749,-0.026887516682466417,0.8406633279231094,0.18770688838851324,0.6529564395345961,1.0,1.9274599957652865,-1.0867966678421772,0.13126179427548798,0.024314446401621607,0.10694734787386637,1.0,2.6651283561546304,1.0,1.0,0.999755859375,2.220446049250313e-16
3019,central_shared,1.0,True,5_to_6,0.4612636763584559,0.5923344244618812,0.5426458240599163,0.9161139411286022,0.8779298968849487,0.34325035989671693,0.19939546416319942,1.0,0.40253839132462976,0.14010743273528659,2.272959712819154,0.16922061272535416,2.1037391000938,1.0,0.2994287250827722,1.9735309877363818,0.2932324243638682,0.025577386434819945,0.26765503792904827,1.0,6.1472740857974095,1.0,1.0,1.0,2.220446049250313e-16
3019,central_shared,1.0,True,6_to_7,0.5923344244618812,0.6831403076792588,0.6626208764006374,0.9699630792562521,0.9325191995281112,0.4038385071532688,0.2587823692473686,1.0,0.43229002128614924,0.23033085511448814,2.2834715319264958,0.23786260542844653,2.045608926498049,1.0,0.23515807434054475,2.048313457585951,0.3579335677969541,0.037336407306052,0.32059716049090214,1.0,7.680178320152573,1.0,1.0,1.0,2.220446049250313e-16
3019,directional_relay,1.0,True,4_to_5,0.3052222749108019,0.4895040252366239,0.39985827879311886,0.8168641281342462,0.9072421474428924,0.21958122450542839,0.18027705428769047,1.0,0.26763653321958303,0.13222174557353583,0.32914521999401725,0.18017029861221434,0.1489749213818029,1.0,1.2612024421666148,-0.9320572221725976,0.06996107996202781,0.023179757651059844,0.046781322310967974,1.0,1.4663682700930345,1.0,0.99853515625,0.99951171875,2.220446049250313e-16
3019,directional_relay,1.0,True,5_to_6,0.4895040252366239,0.6391627196881717,0.5904607315629904,0.9238034593930298,0.9580727469423127,0.3271573077501681,0.2633034238128223,1.0,0.3661533667517173,0.2243073648112731,1.3556283345398863,0.38562828003589805,0.9700000545039882,1.0,1.9063854478595759,-0.5507571133196896,0.21892301075530932,0.04605645262830762,0.1728665581270017,1.0,5.241049519160157,1.0,0.999755859375,1.0,2.220446049250313e-16
3019,directional_relay,1.0,True,6_to_7,0.6391627196881717,0.6972669872712685,0.6771194950033679,0.9711050535365985,0.9756823393113561,0.40597685624542496,0.2711426387579429,1.0,0.4570195133752548,0.22009998162811306,2.622079975826242,0.33064931853797286,2.2914306572882692,1.0,0.9027062958658595,1.7193736799603823,0.39063048536655803,0.04847479192951705,0.342155693437041,1.0,8.703597065467624,1.0,1.0,1.0,2.220446049250313e-16
3019,four_channel_crossbar,1.0,True,4_to_5,0.39454629241104733,0.5770212756168487,0.5135623099501019,0.8900231787832992,0.9316431738344915,0.27463084461307297,0.23893146533702891,1.0,0.37476783473382536,0.13879447521627652,1.7590276809050474,0.4116693846305303,1.347358296274517,1.0,2.609504140871016,-0.8504764599659687,0.17249631695697798,0.04041115378417337,0.1320851631728046,1.0,3.8260796427173696,1.0,0.998779296875,0.997314453125,2.220446049250313e-16
3019,four_channel_crossbar,1.0,True,5_to_6,0.5770212756168487,0.7190054378546795,0.6832728146220999,0.9503027079472497,0.9663337660727385,0.3683618094023757,0.3149110052197242,1.0,0.42820518489356807,0.2550676297285318,2.6913131574081395,0.5494180816129379,2.1418950757952016,1.0,0.44383242911448667,2.247480728293653,0.2825767857890702,0.05745640882765336,0.22512037696141685,1.0,6.45224999989873,1.0,0.999267578125,0.9996337890625,2.3592239273284576e-16
3019,four_channel_crossbar,1.0,True,6_to_7,0.7190054378546795,0.7940425893267218,0.7775397394992914,0.9792166691695677,0.9636797864924739,0.4329684468322119,0.34457129266707953,1.0,0.45539443943773006,0.3221453000615614,3.639674490860298,0.38876294016582846,3.2509115506944695,1.0,0.2901282098890363,3.3495462809712615,0.37829729395113737,0.05213024273981677,0.3261670512113206,1.0,8.473517518061056,1.0,1.0,0.999755859375,2.220446049250313e-16
3020,independent,0.10888671875,False,4_to_5,0.0,0.0,0.0,0.0,0.0,0.0,0.0,0.5,0.0,0.0,0.0,0.0,0.0,0.5,0.0,0.0,0.0,0.0,0.0,0.5,0.0,0.0,0.0,0.0,0.0
3020,independent,0.10888671875,False,5_to_6,0.0,0.0,0.0,0.0,0.0,0.0,0.0,0.5,0.0,0.0,0.0,0.0,0.0,0.5,0.0,0.0,0.0,0.0,0.0,0.5,0.0,0.0,0.0,0.0,0.0
3020,independent,0.10888671875,False,6_to_7,0.0,0.0,0.0,0.0,0.0,0.0,0.0,0.5,0.0,0.0,0.0,0.0,0.0,0.5,0.0,0.0,0.0,0.0,0.0,0.5,0.0,0.0,0.0,0.0,0.0
3020,distributed,1.0,True,4_to_5,0.29897816827797774,0.44905850264828856,0.33833763652364157,0.753437769306941,0.7033527254272878,0.251554844998464,0.0867827915251776,1.0,0.3330045101742296,0.005333126349411965,0.4789555814619315,0.1091589222972848,0.3697966591646467,1.0,1.7265169708869215,-1.24756138942499,0.07756343796733968,0.018851851922940713,0.05871158604439897,1.0,1.0681120135808486,1.0,1.0,1.0,2.498001805406602e-16
3020,distributed,1.0,True,5_to_6,0.44905850264828856,0.5861069871887116,0.4719093793328344,0.8051591085722573,0.7907972924592233,0.34801729159266787,0.12389208774016652,1.0,0.42675773361909064,0.04515164571374375,1.5630557422394649,0.1504444596150295,1.4126112826244355,1.0,0.9346484015031385,0.6284073407363263,0.19630119088361964,0.029674615313143533,0.1666265755704761,1.0,2.80946771267158,1.0,1.0,1.0,2.498001805406602e-16
3020,distributed,1.0,True,6_to_7,0.5861069871887116,0.6940840847389618,0.6466764802152398,0.9316976061458728,0.8531120393084497,0.42998001474589764,0.21669646546934218,1.0,0.53710763239341,0.10956884782182985,2.7516764277471704,0.23237596368247565,2.5193004640646945,1.0,0.8830669594025212,1.868609468344649,0.318079596813819,0.042239845219317174,0.2758397515945018,1.0,5.254948316738726,1.0,1.0,1.0,2.220446049250313e-16
3020,central_shared,1.0,True,4_to_5,0.4519086853872013,0.5940699736017829,0.5583974825387449,0.9399523748915308,0.9631680298426888,0.33530283052464793,0.22309465201409695,1.0,0.37825317498156963,0.18014430755717525,2.9140567832831223,0.6605226414522696,2.253534141830853,1.0,1.4833013475498067,1.4307554357333157,0.3215034865605468,0.07909632376520997,0.2424071627953368,1.0,7.466911675903939,1.0,1.0,1.0,2.220446049250313e-16
3020,central_shared,1.0,True,5_to_6,0.5940699736017829,0.7007312935821297,0.6718536229341439,0.9587892378826646,0.9694719617357448,0.4070482747755509,0.26480534815859297,1.0,0.42396118739214045,0.2478924355420034,3.339984903022013,0.6414152427866413,2.6985696602353717,1.0,0.8588644098029097,2.4811204932191036,0.3324319061324234,0.07624944121721741,0.256182464915206,1.0,7.496797997062467,1.0,1.0,1.0,2.498001805406602e-16
3020,central_shared,1.0,True,6_to_7,0.7007312935821297,0.7582557230193983,0.7443647432123368,0.9816803495372944,0.9611320294732053,0.44658972364725935,0.29777501956507746,1.0,0.4732189141830105,0.2711458290293263,4.145784246218355,0.575289089860252,3.570495156358103,1.0,0.9560494350778037,3.1897348111405512,0.3802377920373135,0.07262999110536367,0.30760780093194984,1.0,8.171003675471702,1.0,1.0,1.0,2.220446049250313e-16
3020,directional_relay,1.0,True,4_to_5,0.29444530089849263,0.4432587428564312,0.2904687728508296,0.6553029749148359,0.7523874753691167,0.22493050021370165,0.06553827263712797,1.0,0.34249492054799435,-0.05202614769716474,0.04871812835469788,0.17513622658176847,-0.1264180982270706,0.0,2.4458984947744504,-2.3971803664197524,0.023733799554496435,0.018195348228478646,0.005538451326017789,1.0,0.3264713375620574,0.97021484375,0.955078125,0.9371337890625,2.220446049250313e-16
3020,directional_relay,1.0,True,5_to_6,0.4432587428564312,0.5933163016372339,0.48975551266929174,0.825454334084248,0.8659995770265787,0.30590255811262435,0.1838529545566674,1.0,0.4501585327774406,0.039596979891851125,1.5245748237708168,0.14947130661236305,1.3751035171584538,1.0,1.5275095652667259,-0.00293474149590911,0.14432105471433443,0.020752051958489885,0.12356900275584454,1.0,3.8688019508186184,1.0,0.983154296875,0.965087890625,2.498001805406602e-16
3020,directional_relay,1.0,True,6_to_7,0.5933163016372339,0.7250620547760602,0.651380960378378,0.898379602252887,0.9300158008356392,0.394909745383758,0.25647121499462,1.0,0.531298145612095,0.12008281476628302,2.4251121981322714,0.26325138168423107,2.16186081644804,1.0,0.8762543653699216,1.5488578327623497,0.27526968825964726,0.038606664038321956,0.2366630242213253,1.0,6.961412042715472,1.0,0.98876953125,0.977294921875,2.220446049250313e-16
3020,four_channel_crossbar,1.0,True,4_to_5,0.4292981990125204,0.6136472831489912,0.5206325932005818,0.848423202542191,0.9318673709592974,0.3021785184591099,0.21845407474147183,1.0,0.4315800631848701,0.08905253001571167,2.1261161602323035,0.4012190243119868,1.7248971359203167,1.0,1.4064475888064614,0.7196685714258422,0.20079888983155988,0.046095655815246994,0.1547032340163129,1.0,3.9980465554618663,1.0,0.999267578125,0.998291015625,2.498001805406602e-16
3020,four_channel_crossbar,1.0,True,5_to_6,0.6136472831489912,0.7099861067583295,0.6822960713796402,0.9609991870050569,0.9470259418861592,0.4048774625947737,0.2774186087848665,1.0,0.46461577047798097,0.21768030090165924,4.189737562149105,0.6961736391500033,3.493563922999102,1.0,0.5103305025951791,3.679407059553926,0.39030413576296125,0.07918082428385866,0.3111233114791026,1.0,8.40542276863119,1.0,0.99951171875,0.99951171875,2.498001805406602e-16
3020,four_channel_crossbar,1.0,True,6_to_7,0.7099861067583295,0.7865318287327265,0.7669353771948061,0.9750849859827102,0.9745819827277762,0.4683265691724956,0.2986088080223105,1.0,0.5048496634200199,0.2620857137747862,4.488590202027845,0.6339804859384806,3.8546097160893646,1.0,0.2023037126727393,4.286286489355106,0.4400618512164211,0.0827278645352439,0.3573339866811772,1.0,9.49286309010581,1.0,0.999755859375,0.999755859375,2.220446049250313e-16
3021,independent,0.10888671875,False,4_to_5,0.0,0.0,0.0,0.0,0.0,0.0,0.0,0.5,0.0,0.0,0.0,0.0,0.0,0.5,0.0,0.0,0.0,0.0,0.0,0.5,0.0,0.0,0.0,0.0,0.0
3021,independent,0.10888671875,False,5_to_6,0.0,0.0,0.0,0.0,0.0,0.0,0.0,0.5,0.0,0.0,0.0,0.0,0.0,0.5,0.0,0.0,0.0,0.0,0.0,0.5,0.0,0.0,0.0,0.0,0.0
3021,independent,0.10888671875,False,6_to_7,0.0,0.0,0.0,0.0,0.0,0.0,0.0,0.5,0.0,0.0,0.0,0.0,0.0,0.5,0.0,0.0,0.0,0.0,0.0,0.5,0.0,0.0,0.0,0.0,0.0
3021,distributed,1.0,True,4_to_5,0.2674405671158732,0.3959607748751116,0.2791074576554414,0.7048866336406013,0.6492663226600418,0.22817299769059335,0.05093445996484808,1.0,0.3332153651867511,-0.054107907531309674,0.06988974312134515,0.05827428894690876,0.011615454174436386,1.0,1.3745015179059294,-1.3046117747845842,0.010642109416000946,0.011225072005753019,-0.0005829625897520729,0.359375,0.265283857672249,1.0,1.0,1.0,2.220446049250313e-16
3021,distributed,1.0,True,5_to_6,0.3959607748751116,0.5538663928270611,0.4267536509603836,0.7704992692951365,0.6828672515000243,0.313684452378734,0.1130691985816496,1.0,0.41812341415517573,0.008630236805207858,0.6670375028455166,0.07002025807374918,0.5970172447717674,1.0,1.0787083837192546,-0.41167088087373804,0.08856914184570792,0.013810839387648613,0.07475830245805931,1.0,1.3698657132059384,1.0,1.0,1.0,2.220446049250313e-16
3021,distributed,1.0,True,6_to_7,0.5538663928270611,0.6700664666168246,0.5443549246404735,0.8123894445709685,0.7559874607034173,0.3925827462692634,0.1517721783712101,1.0,0.5392478272386538,0.0051070974018196935,0.9038491388916834,0.09047408000048274,0.8133750588912007,1.0,1.4323040750917002,-0.5284549362000168,0.14804236275990146,0.019450277960020496,0.12859208479988096,1.0,2.2247525948325237,1.0,1.0,1.0,2.220446049250313e-16
3021,central_shared,1.0,True,4_to_5,0.41379075824206935,0.5174513709453833,0.5082003142551048,0.9821218819589234,0.9204141210549122,0.34084554658293265,0.16735476767217217,1.0,0.3869894302667668,0.12121088398833801,2.268569303483405,0.45486185975006566,1.8137074437333394,1.0,2.698637427044214,-0.43006812356080903,0.2537587947598328,0.0631400924869892,0.1906187022728436,1.0,4.7497278030796855,1.0,1.0,1.0,2.220446049250313e-16
3021,central_shared,1.0,True,5_to_6,0.5174513709453833,0.6295057126860714,0.6030214912377204,0.9579285447063792,0.9120514857392046,0.37860103558073815,0.22442045565698227,1.0,0.42237006477536276,0.18065142646235766,2.017520038679601,0.4015250408451716,1.6159949978344295,1.0,2.0088215107649265,0.008698527914674514,0.2918223049263218,0.05902838609276515,0.23279391883355663,1.0,5.319625084656981,1.0,1.0,1.0,2.220446049250313e-16
3021,central_shared,1.0,True,6_to_7,0.6295057126860714,0.7217069989887976,0.7140596610458986,0.9894038190656126,0.9388744673871804,0.4265310800797435,0.2875285809661551,1.0,0.4392581658258562,0.2748014952200424,3.4749190950826403,0.48894685594395304,2.9859722391386874,1.0,0.7079868819037004,2.76693221317894,0.35156307929004377,0.06944425233506626,0.2821188269549775,1.0,6.91277362936822,1.0,1.0,1.0,2.220446049250313e-16
3021,directional_relay,1.0,True,4_to_5,0.4936409140085638,0.5928146133331904,0.6206185286750125,1.0469015350102293,0.9566034590496624,0.3846452585842129,0.23597327009079966,1.0,0.4084755680276894,0.21214296064732313,4.580251834901944,0.5184760116524085,4.061775823249535,1.0,0.4475838455148,4.132667989387143,0.46130890739966973,0.05974090114744813,0.4015680062522216,1.0,9.754777965655329,1.0,0.99560546875,0.99365234375,2.220446049250313e-16
3021,directional_relay,1.0,True,5_to_6,0.5928146133331904,0.6217248986162945,0.6448964051572259,1.0372697097904582,0.9487353139380422,0.4355730680272219,0.209323337130004,1.0,0.4581190532143746,0.18677735194285128,2.9845674136270377,0.5778588768490329,2.406708536778005,1.0,2.134046007604659,0.8505214060223789,0.34936543351277366,0.07156862448727885,0.2777968090254948,1.0,6.59404903243095,1.0,0.9970703125,0.9942626953125,2.220446049250313e-16
3021,directional_relay,1.0,True,6_to_7,0.6217248986162945,0.6940590302238882,0.684575223723294,0.9863357350202117,0.9405782213985974,0.4392631704650824,0.24531205325821165,1.0,0.49181691729732563,0.19275830642596842,2.1023949193533813,0.6057783023030623,1.496616617050319,1.0,1.6354849311865878,0.4669099881667935,0.2777401026781173,0.07491493769311305,0.20282516498500422,1.0,5.679633599281195,1.0,0.996337890625,0.9937744140625,2.220446049250313e-16
3021,four_channel_crossbar,1.0,True,4_to_5,0.33568288276128777,0.32264078396878604,0.3900886650023193,1.2090494580500974,0.6614523773129461,0.2957379304121485,0.09435073459017079,1.0,0.41316567581520425,-0.023077010812884935,0.5098144520603829,0.25783063281095,0.2519838192494329,1.0,2.805311259745037,-2.2954968076846543,0.1239876344857741,0.040019598083812,0.0839680364019621,1.0,3.452621222645397,1.0,1.0,1.0,2.220446049250313e-16
3021,four_channel_crossbar,1.0,True,5_to_6,0.32264078396878604,0.38459892751754343,0.38456951312708687,0.9999235193123225,0.6701245093908978,0.27417787219632744,0.11039164093075943,1.0,0.38671520594906883,-0.0021456928219819593,0.9968563436342952,0.06281043397539236,0.9340459096589029,1.0,1.4697697893871247,-0.47291344575282945,0.09322284521107453,0.013603842497479575,0.07961900271359496,1.0,1.538069309906495,1.0,1.0,1.0,2.220446049250313e-16
3021,four_channel_crossbar,1.0,True,6_to_7,0.38459892751754343,0.5915374845085641,0.42762625436241153,0.72290643545214,0.666811760584707,0.278903693598725,0.1487225607636865,1.0,0.46062574891884245,-0.03299949455643092,0.39826201206129486,0.09078239610538061,0.3074796159559142,1.0,2.0847223255235434,-1.6864603134622485,0.07099187173641576,0.01769224521619353,0.05329962652022223,1.0,1.1787494855548222,1.0,1.0,1.0,2.498001805406602e-16
3022,independent,0.099853515625,False,4_to_5,0.0,0.0,0.0,0.0,0.0,0.0,0.0,0.5,0.0,0.0,0.0,0.0,0.0,0.5,0.0,0.0,0.0,0.0,0.0,0.5,0.0,0.0,0.0,0.0,0.0
3022,independent,0.099853515625,False,5_to_6,0.0,0.0,0.0,0.0,0.0,0.0,0.0,0.5,0.0,0.0,0.0,0.0,0.0,0.5,0.0,0.0,0.0,0.0,0.0,0.5,0.0,0.0,0.0,0.0,0.0
3022,independent,0.099853515625,False,6_to_7,0.0,0.0,0.0,0.0,0.0,0.0,0.0,0.5,0.0,0.0,0.0,0.0,0.0,0.5,0.0,0.0,0.0,0.0,0.0,0.5,0.0,0.0,0.0,0.0,0.0
3022,distributed,1.0,True,4_to_5,0.3258969290467282,0.4616404812156754,0.37903291106949677,0.821056485495723,0.5150999785575794,0.2538090229438895,0.12522388812560725,1.0,0.36380741188348964,0.01522549918600713,0.3980506705457143,0.2220967602292524,0.1759539103164619,1.0,1.7431666869829452,-1.3451160164372309,0.05285557838682897,0.03135380313756374,0.021501775249265234,1.0,1.5605423771111662,1.0,1.0,1.0,2.498001805406602e-16
3022,distributed,1.0,True,5_to_6,0.4616404812156754,0.6135349837612958,0.5072766303611022,0.82680962583621,0.6663884181940385,0.33491048417011915,0.172366146190983,1.0,0.41461326861614023,0.09266336174496193,1.0069348484302594,0.2700965470738523,0.736838301356407,1.0,1.803425907450132,-0.7964910590198726,0.14334109781663742,0.041349099275826307,0.10199199854081112,1.0,3.4381661245854143,1.0,0.999755859375,1.0,2.706168622523819e-16
3022,distributed,1.0,True,6_to_7,0.6135349837612958,0.6962352245402145,0.6322616335036764,0.908114974965845,0.6934375646756525,0.4112638776678691,0.22099775583580727,1.0,0.5241657994546167,0.10809583404905965,1.0333656489115295,0.3556082439540893,0.6777574049574402,1.0,1.4840248846936321,-0.45065923578210265,0.17767268690846302,0.05243580033565734,0.12523688657280568,1.0,3.5624191047948965,1.0,1.0,1.0,2.3592239273284576e-16
3022,central_shared,1.0,True,4_to_5,0.16686441937374247,0.3235193379926843,0.14529730419251852,0.4491147425499619,0.5372673365207536,0.13168356539252668,0.013613738799991837,1.0,0.20183987582672225,-0.05654257163420373,4.219384615621434e-05,0.005044893098944298,-0.005002699252788084,0.0,0.08807603711138688,-0.08803384326523067,2.889027886193158e-05,0.0011896684080460968,-0.0011607781291841652,0.0,0.011267268067454502,1.0,1.0,0.999267578125,2.220446049250313e-16
3022,central_shared,1.0,True,5_to_6,0.3235193379926843,0.5220761552732722,0.3631963577615539,0.6956769699076655,0.6395578368209838,0.2127327797354445,0.1504635780261094,1.0,0.2842437525008489,0.07895260526070502,0.20594198660026553,0.09483962628863675,0.11110236031162878,1.0,0.6164316085103575,-0.410489621910092,0.04774229019849694,0.013311091473647268,0.034431198724849676,1.0,0.8508452660788375,1.0,0.99951171875,0.999755859375,2.220446049250313e-16
3022,central_shared,1.0,True,6_to_7,0.5220761552732722,0.7115901657563459,0.6062976477053135,0.8520320781286831,0.84778601241201,0.3253680569740036,0.28092959073130985,1.0,0.3922205873158259,0.2140770603894876,0.9005692766431291,0.22951666385224134,0.6710526127908878,1.0,0.9329044320843038,-0.03233515544117471,0.18071011392028302,0.032964214529962614,0.1477458993903204,1.0,4.1709894072518106,1.0,1.0,0.999755859375,2.220446049250313e-16
3022,directional_relay,1.0,True,4_to_5,0.35410786281650514,0.508252905259241,0.4218931586651564,0.8300850901185981,0.8483821333477984,0.2649313483418645,0.15696181032329193,1.0,0.3829863331711268,0.03890682549402963,0.3798939754593863,0.25043849501280013,0.12945548044658617,1.0,1.9498225231510027,-1.5699285476916165,0.0694604663733554,0.029673844135526234,0.03978662223782917,1.0,1.7380895227590392,1.0,0.999755859375,0.999755859375,2.220446049250313e-16
3022,directional_relay,1.0,True,5_to_6,0.508252905259241,0.6443932562137812,0.5893425349018211,0.9145696811983757,0.8928991912996657,0.3522150658717017,0.2371274690301194,1.0,0.46036552896362837,0.12897700593819272,1.5753338557296173,0.39393427359510214,1.1813995821345151,1.0,1.9891002769510544,-0.41376642122143714,0.2000654422739191,0.05018684024105542,0.14987860203286368,1.0,4.416454362566373,1.0,1.0,1.0,2.220446049250313e-16
3022,directional_relay,1.0,True,6_to_7,0.6443932562137812,0.734213732064414,0.7228870785551287,0.9845730840835164,0.917331277217651,0.4223229628414449,0.3005641157136838,1.0,0.5109434115039021,0.21194366705122658,2.586494129274794,0.3944423643549191,2.192051764919875,1.0,1.5662450355429545,1.0202490937318396,0.31149966051889993,0.05425549636559663,0.2572441641533033,1.0,6.697715240204251,1.0,1.0,1.0,2.220446049250313e-16
3022,four_channel_crossbar,1.0,True,4_to_5,0.324992818033757,0.5323785290122738,0.4261255452355147,0.8004183527575932,0.8703896142914531,0.24148574130150183,0.18463980393401289,1.0,0.3107723564941567,0.11535318874135803,1.4043023927822575,0.2839471961612394,1.1203551966210181,1.0,1.5219774697601454,-0.11767507697788782,0.16134965512309216,0.03509875043771281,0.12625090468537936,1.0,3.325609841017004,1.0,0.99951171875,1.0,2.220446049250313e-16
3022,four_channel_crossbar,1.0,True,5_to_6,0.5323785290122738,0.6621738563582369,0.5938785486521335,0.8968619690277299,0.9394941320275056,0.3478771265626487,0.24600142208948483,1.0,0.4207674088466977,0.1731111398054358,2.486638939478026,0.32976819961312265,2.1568707398649036,1.0,1.2756487111816248,1.2109902282964013,0.3133534730397715,0.05037416748334145,0.26297930555643007,1.0,6.138477988638298,1.0,1.0,1.0,2.498001805406602e-16
3022,four_channel_crossbar,1.0,True,6_to_7,0.6621738563582369,0.7548120913605654,0.7345147920831774,0.9731094672307095,0.9543107320731542,0.41425474754717373,0.32026004453600365,1.0,0.5017581765843078,0.2327566154988696,3.388875220352676,0.28137662320420187,3.1074985971484743,1.0,1.0530652291368006,2.335809991215876,0.4338314521161844,0.048115366630426315,0.3857160854857581,1.0,8.544386726497704,1.0,1.0,1.0,2.220446049250313e-16
3023,independent,0.1201171875,False,4_to_5,0.0,0.0,0.0,0.0,0.0,0.0,0.0,0.5,0.0,0.0,0.0,0.0,0.0,0.5,0.0,0.0,0.0,0.0,0.0,0.5,0.0,0.0,0.0,0.0,0.0
3023,independent,0.1201171875,False,5_to_6,0.0,0.0,0.0,0.0,0.0,0.0,0.0,0.5,0.0,0.0,0.0,0.0,0.0,0.5,0.0,0.0,0.0,0.0,0.0,0.5,0.0,0.0,0.0,0.0,0.0
3023,independent,0.1201171875,False,6_to_7,0.0,0.0,0.0,0.0,0.0,0.0,0.0,0.5,0.0,0.0,0.0,0.0,0.0,0.5,0.0,0.0,0.0,0.0,0.0,0.5,0.0,0.0,0.0,0.0,0.0
3023,distributed,1.0,True,4_to_5,0.2319996337516672,0.3066514360366024,0.24516298123087776,0.7994842104754231,0.26258762579403344,0.2010222589192737,0.04414072231160407,1.0,0.2718174305488792,-0.026654449318001427,0.02842577595671138,0.05752533343096568,-0.029099557474254297,0.0,1.1191944614799123,-1.0907686855232008,0.011971555187719467,0.011369921104239171,0.0006016340834802958,0.78125,0.7298002665550507,1.0,1.0,1.0,2.220446049250313e-16
3023,distributed,1.0,True,5_to_6,0.3066514360366024,0.48654071699134516,0.2924860472381069,0.6011543063585155,0.47517776975370923,0.24148048498792557,0.051005562250181324,1.0,0.3034994197756743,-0.0110133725375674,0.10272508643545894,0.1142462083979018,-0.011521121962442857,0.109375,0.7507614288605937,-0.6480363424251347,0.02516850724741813,0.01829850138065945,0.006870005866758681,1.0,0.6466095130204554,1.0,1.0,1.0,2.220446049250313e-16
3023,distributed,1.0,True,6_to_7,0.48654071699134516,0.6274052703213486,0.4746211559751436,0.75648257741292,0.581851640585534,0.3574634230196635,0.1171577329554801,1.0,0.45932627209173826,0.01529488388340533,1.3586319368358497,0.22703455921866902,1.1315973776171806,1.0,1.4955898590863936,-0.13695792225054393,0.1464271798618502,0.0357733875495958,0.11065379231225439,1.0,2.019494294586155,1.0,1.0,1.0,2.498001805406602e-16
3023,central_shared,1.0,True,4_to_5,0.36142414251868005,0.5110798493389554,0.4950433720245173,0.9686223643229523,0.9230799445762647,0.2804581403562092,0.21458523166830812,1.0,0.320462520529309,0.1745808514952083,2.6765623377338974,0.5074446216406862,2.1691177160932114,1.0,1.6924890775767634,0.984073260157134,0.3086209123408248,0.059133759815557616,0.24948715252526715,1.0,7.113687380732563,1.0,0.999755859375,1.0,2.220446049250313e-16
3023,central_shared,1.0,True,5_to_6,0.5110798493389554,0.6204561320413755,0.621150144691835,1.001118552327263,0.905086188588849,0.3643030116597649,0.25684713303207013,1.0,0.4351632809510923,0.18598686374074275,3.617435247643671,0.5527816558220741,3.064653591821597,1.0,1.095716952343429,2.521718295300242,0.34312078088836717,0.0676893843160912,0.275431396572276,1.0,7.827048742531412,1.0,1.0,1.0,2.220446049250313e-16
3023,central_shared,1.0,True,6_to_7,0.6204561320413755,0.7397682646839377,0.7223743764817907,0.9764873825594851,0.9377234052834625,0.40125023588377473,0.321124140598016,1.0,0.4564506736602138,0.2659237028215769,3.705339797910804,0.4029014755791272,3.302438322331677,1.0,0.7707685505024917,2.9345712474083125,0.3736107253542487,0.058191475849345475,0.31541924950490324,1.0,7.9912375606026735,1.0,1.0,1.0,2.636779683484747e-16
3023,directional_relay,1.0,True,4_to_5,0.2979701389253722,0.4572772862151378,0.4022521588984552,0.8796679192790814,0.8800557990623491,0.23163584122640823,0.170616317672047,1.0,0.2933591347233735,0.10889302417508173,2.5384166332065217,0.0657094520904796,2.472707181116042,1.0,0.24709192576394384,2.2913247074425778,0.2881906901848417,0.011125248410137201,0.27706544177470455,1.0,6.020196618282229,1.0,1.0,1.0,2.220446049250313e-16
3023,directional_relay,1.0,True,5_to_6,0.4572772862151378,0.6350424558588419,0.5836575546290579,0.919084305693719,0.9214030748322248,0.317986619934002,0.26567093469505587,1.0,0.3570125653347377,0.2266449892943202,2.8857119908034345,0.13439660313208984,2.7513153876713448,1.0,0.2220737539632307,2.663638236840204,0.36410516271561333,0.02143824091611038,0.342666921799503,1.0,7.676232497191861,1.0,1.0,1.0,2.220446049250313e-16
3023,directional_relay,1.0,True,6_to_7,0.6350424558588419,0.7682190017044792,0.7708127114775652,1.0033762634969081,0.9566056708948697,0.38354781426567347,0.3872648972118918,1.0,0.44947394452008743,0.3213387669574778,3.850866758342026,0.20691716115071007,3.643949597191316,1.0,0.8234187168609309,3.027448041481095,0.42646629457185536,0.030598147977589113,0.3958681465942663,1.0,9.108532244873835,1.0,1.0,1.0,2.220446049250313e-16
3023,four_channel_crossbar,0.92041015625,False,4_to_5,0.3366596875568566,0.43681621308765095,0.3993486345380361,0.9142257603380288,0.8440573939138394,0.28980052614050267,0.10954810839753343,1.0,0.3673754165555585,0.0319732179824776,2.408368593113478,0.49955917906541036,1.9088094140480678,1.0,1.840716964845977,0.5676516282675013,0.14489012422023925,0.07205377620214146,0.0728363480180978,1.0,2.5913200510314227,1.0,1.0,1.0,2.220446049250313e-16
3023,four_channel_crossbar,0.92041015625,False,5_to_6,0.43681621308765095,0.49783972541418875,0.47537153327299564,0.9548686233857689,0.797495986279134,0.33653734874174446,0.13883418453125118,1.0,0.42149754642720116,0.053873986845794475,2.3649261142974143,0.3695701607030244,1.9953559535943899,1.0,1.5294705150544499,0.8354555992429644,0.2442057982321033,0.06068051909945827,0.18352527913264505,1.0,3.2612801237184708,1.0,1.0,1.0,2.498001805406602e-16
3023,four_channel_crossbar,0.92041015625,False,6_to_7,0.49783972541418875,0.619487071713109,0.602349330769881,0.9723355954857364,0.8742498716192695,0.3546602130787214,0.24768911769115953,1.0,0.45668874863808673,0.14566058213179423,2.5768961664819163,0.355359336947654,2.221536829534262,1.0,1.6458511377343705,0.9310450287475458,0.28481257042413133,0.061391463661543945,0.2234211067625874,1.0,2.9627431710318004,1.0,1.0,1.0,2.498001805406602e-16
3024,independent,0.116455078125,False,4_to_5,0.0,0.0,0.0,0.0,0.0,0.0,0.0,0.5,0.0,0.0,0.0,0.0,0.0,0.5,0.0,0.0,0.0,0.0,0.0,0.5,0.0,0.0,0.0,0.0,0.0
3024,independent,0.116455078125,False,5_to_6,0.0,0.0,0.0,0.0,0.0,0.0,0.0,0.5,0.0,0.0,0.0,0.0,0.0,0.5,0.0,0.0,0.0,0.0,0.0,0.5,0.0,0.0,0.0,0.0,0.0
3024,independent,0.116455078125,False,6_to_7,0.0,0.0,0.0,0.0,0.0,0.0,0.0,0.5,0.0,0.0,0.0,0.0,0.0,0.5,0.0,0.0,0.0,0.0,0.0,0.5,0.0,0.0,0.0,0.0,0.0
3024,distributed,1.0,True,4_to_5,0.3055495292188391,0.4200182925760831,0.31219897206626457,0.7432985124325558,0.5864159319531268,0.24696550905089645,0.06523346301536811,1.0,0.31622797923701135,-0.004029007170746779,0.1362609150141546,0.08558356438045134,0.050677350633703266,1.0,0.8892899825963553,-0.7530290675822007,0.033943455700567504,0.014567029277522514,0.01937642642304499,1.0,1.6022607591062314,1.0,0.99951171875,0.9990234375,2.220446049250313e-16
3024,distributed,1.0,True,5_to_6,0.4200182925760831,0.5481343818490383,0.4078020448810432,0.743981874491055,0.6706664474379901,0.31298419435416247,0.09481785052688074,1.0,0.41939988320421684,-0.011597838323173626,0.8523705938838405,0.08697906928487464,0.7653915245989659,1.0,1.2860992678172987,-0.43372867393345815,0.11456034883094268,0.015918764886494984,0.09864158394444769,1.0,1.9334260323675627,1.0,0.99951171875,0.99951171875,2.498001805406602e-16
3024,distributed,1.0,True,6_to_7,0.5481343818490383,0.6606282496697363,0.5308136639798077,0.803498282498779,0.697925841402691,0.36980872599826564,0.16100493798154203,1.0,0.5516909636095844,-0.02087729962977669,1.3185162671834638,0.10384884242526161,1.214667424758202,1.0,1.5034698705108753,-0.1849536033274115,0.16922398143152495,0.020214836001811815,0.14900914542971314,1.0,3.084050249964864,1.0,0.99951171875,0.99951171875,2.636779683484747e-16
3024,central_shared,1.0,True,4_to_5,0.4227046284262225,0.5390124131198802,0.49015568125291165,0.9093588001356427,0.8831720315997738,0.3244921732194618,0.16566350803344987,1.0,0.4351887143838489,0.05496696686906277,2.58326013733591,0.52065222010232,2.06260791723359,1.0,2.875797371847739,-0.29253723451182934,0.24639746527972686,0.06338032425973555,0.1830171410199913,1.0,4.075870469734101,1.0,0.999755859375,0.9984130859375,2.220446049250313e-16
3024,central_shared,1.0,True,5_to_6,0.5390124131198802,0.6054202362435962,0.5696130840038396,0.9408557063405636,0.8937348511186087,0.3846239349028565,0.18498914910098307,1.0,0.4292172502905123,0.1403958337133273,3.1340573705666324,0.5853867733230105,2.548670597243622,1.0,1.8615844187630637,1.2724729518035687,0.283867177433985,0.07647392253805245,0.20739325489593252,1.0,5.037888269001627,1.0,0.999755859375,0.998779296875,2.220446049250313e-16
3024,central_shared,1.0,True,6_to_7,0.6054202362435962,0.6715833524164473,0.6348854208193079,0.9453561029094969,0.9263894717600195,0.4126810868040861,0.22220433401522177,1.0,0.474912383347869,0.15997303747143887,3.4124837614575534,0.5384168345691296,2.874066926888424,1.0,1.4373543328360534,1.9751294286215,0.3292060737863116,0.07620799556491334,0.2529980782213983,1.0,6.344157303055779,1.0,0.99951171875,0.9990234375,2.220446049250313e-16
3024,directional_relay,1.0,True,4_to_5,0.2916801918234031,0.43828094508478244,0.34386293267272494,0.784571943017525,0.8595929557901258,0.24950353232787653,0.09435940034484841,1.0,0.3151673269695376,0.028695605703187355,0.8764314338191059,0.15878256442857558,0.7176488693905303,1.0,2.3429584446575658,-1.4665270108384598,0.18985460483979047,0.020442865654396694,0.16941173918539376,1.0,4.6244954642275635,1.0,0.99951171875,0.99951171875,2.498001805406602e-16
3024,directional_relay,1.0,True,5_to_6,0.43828094508478244,0.5961007239457964,0.5709201445775738,0.9577578446784234,0.9766850785557096,0.3412985637473479,0.22962158083022588,1.0,0.4268993055678243,0.1440208390097495,1.5561678126205643,0.14330337577023677,1.4128644368503274,1.0,0.443970582743018,1.1121972298775462,0.3237535118291768,0.021770571090819306,0.30198294073835746,1.0,8.545409174314852,1.0,0.999755859375,1.0,2.498001805406602e-16
3024,directional_relay,1.0,True,6_to_7,0.5961007239457964,0.75342058372878,0.7515797875839152,0.9975567482696658,0.9727350983867179,0.40718946701697406,0.34439032056694113,1.0,0.5010275705934611,0.25055221699045405,2.046515021903081,0.20587194625403035,1.8406430756490506,1.0,0.021091414517053816,2.0254236073860272,0.4021021343565288,0.03239462071483474,0.3697075136416941,1.0,9.001991211405015,1.0,1.0,1.0,2.220446049250313e-16
3024,four_channel_crossbar,1.0,True,4_to_5,0.47869698505210956,0.5798538090511496,0.5802410079048341,1.000667752539762,0.9474966386114227,0.3325803733049046,0.24766063459992954,1.0,0.44397487020582754,0.13626613769900658,3.613713721271263,0.5092140746924195,3.1044996465788435,1.0,2.3595935009119113,1.2541202203593516,0.2894420687518817,0.0558248245779767,0.233617244173905,1.0,6.322744466602147,1.0,1.0,1.0,2.498001805406602e-16
3024,four_channel_crossbar,1.0,True,5_to_6,0.5798538090511496,0.6508802172103265,0.6255863452773435,0.9611389757067857,0.9264607523759703,0.3847060982376073,0.24088024703973615,1.0,0.5968179615374335,0.028768383739909975,3.348590211855183,0.5751531713915135,2.7734370404636692,1.0,3.421772764370911,-0.07318255251572792,0.3036508142782799,0.06202690727713536,0.24162390700114453,1.0,6.479974703419405,1.0,1.0,1.0,2.220446049250313e-16
3024,four_channel_crossbar,1.0,True,6_to_7,0.6508802172103265,0.7155748669506854,0.7005837095715328,0.979050190173622,0.9353938796968633,0.4243468894637535,0.27623682010777934,1.0,0.597236098871593,0.10334761069993981,3.6838196736072057,0.42254721859743016,3.2612724550097756,1.0,3.7553427051709862,-0.07152303156378048,0.32986001718507046,0.05237632760627874,0.2774836895787917,1.0,6.328892936160999,1.0,0.999755859375,1.0,2.220446049250313e-16
3025,independent,0.106689453125,False,4_to_5,0.0,0.0,0.0,0.0,0.0,0.0,0.0,0.5,0.0,0.0,0.0,0.0,0.0,0.5,0.0,0.0,0.0,0.0,0.0,0.5,0.0,0.0,0.0,0.0,0.0
3025,independent,0.106689453125,False,5_to_6,0.0,0.0,0.0,0.0,0.0,0.0,0.0,0.5,0.0,0.0,0.0,0.0,0.0,0.5,0.0,0.0,0.0,0.0,0.0,0.5,0.0,0.0,0.0,0.0,0.0
3025,independent,0.106689453125,False,6_to_7,0.0,0.0,0.0,0.0,0.0,0.0,0.0,0.5,0.0,0.0,0.0,0.0,0.0,0.5,0.0,0.0,0.0,0.0,0.0,0.5,0.0,0.0,0.0,0.0,0.0
3025,distributed,1.0,True,4_to_5,0.3116839512344498,0.3938158970703678,0.32407199730229885,0.8229022741669391,0.4701552366579539,0.27927895381312146,0.0447930434891774,1.0,0.32119542871530316,0.002876568586995698,0.9294378073018977,0.22934643659343032,0.7000913707084674,1.0,0.5116995020481709,0.4177383052537268,0.11781566468078854,0.03450640120781889,0.08330926347296964,1.0,2.7011002910083644,1.0,1.0,1.0,2.220446049250313e-16
3025,distributed,1.0,True,5_to_6,0.3938158970703678,0.504717523760737,0.4578678509869366,0.9071764490665681,0.5800605560087748,0.3414007766372518,0.11646707434968478,1.0,0.3769841306092555,0.0808837203776811,1.9274077247638062,0.14550119490929808,1.781906529854508,1.0,1.3400679513434204,0.5873397734203858,0.20682290933371403,0.027632156800918815,0.1791907525327952,1.0,4.184014384978099,1.0,1.0,1.0,2.498001805406602e-16
3025,distributed,1.0,True,6_to_7,0.504717523760737,0.6096199052419768,0.49174467279362694,0.8066414311035962,0.6480602183690496,0.3974517592685541,0.09429291352507285,1.0,0.4879108428237905,0.003833829969836444,0.6140772055588937,0.14304572328233728,0.4710314822765564,1.0,1.2563033032705977,-0.642226097711704,0.13270142783807842,0.030332477699630482,0.10236895013844793,1.0,2.4111119860881085,1.0,1.0,1.0,2.220446049250313e-16
3025,central_shared,0.9990234375,True,4_to_5,0.24277874550666628,0.33304426274791876,0.2567635985012674,0.7709593805421947,0.6169480719714602,0.21846532409646674,0.03829827440480066,1.0,0.28579791400018306,-0.029034315498915664,0.3517194885927114,0.20269903643956297,0.14902045215314844,1.0,1.8543575103079188,-1.5026380217152076,0.05470407363423276,0.029721590627380202,0.02498248300685256,1.0,0.8234669844993093,1.0,0.998291015625,0.9947509765625,2.220446049250313e-16
3025,central_shared,0.9990234375,True,5_to_6,0.33304426274791876,0.5117461074708776,0.3838124873862691,0.750005680127447,0.7462921823923545,0.2806594927298322,0.1031529946564369,1.0,0.3786697507587107,0.005142736627558431,0.06445516022167543,0.17866763693528043,-0.114212476713605,0.0,1.2887669275163003,-1.2243117672946249,0.025611862001938445,0.02940378636720948,-0.0037919243652710342,0.0,0.857623921049861,1.0,0.998291015625,0.9970703125,2.220446049250313e-16
3025,central_shared,0.9990234375,True,6_to_7,0.5117461074708776,0.6382854743498411,0.5504072268149147,0.8623214046591937,0.8281684423001254,0.38044023518350856,0.16996699163140616,1.0,0.49413661335469794,0.05627061346021678,1.3646401185676231,0.470583440523996,0.8940566780436272,1.0,2.0066495581764623,-0.6420094396088392,0.1416820864913442,0.060082243869192406,0.0815998426221518,1.0,3.0540922207188563,0.99755859375,0.999755859375,0.997802734375,2.220446049250313e-16
3025,directional_relay,1.0,True,4_to_5,0.24290956893087737,0.37661244752831974,0.25800256676421174,0.6850611774981521,0.7294788190328456,0.20225599536927708,0.05574657139493466,1.0,0.28850055955265463,-0.030497992788442896,0.48380164028972145,0.31812427480214134,0.1656773654875801,1.0,2.6850438301004655,-2.201242189810744,0.0979817883674456,0.03491805135250412,0.06306373701494147,1.0,1.272641828750078,1.0,1.0,1.0,2.220446049250313e-16
3025,directional_relay,1.0,True,5_to_6,0.37661244752831974,0.5661811200614848,0.46261755184967157,0.817084030988941,0.8431051837521184,0.2966865828124363,0.16593096903723525,1.0,0.35445123380511295,0.10816631804455862,2.6326621317794054,0.3761249011457095,2.256537230633696,1.0,2.337793980149898,0.2948681516295073,0.2382407806091984,0.046661094229142996,0.1915796863800554,1.0,4.076311005908692,1.0,1.0,1.0,2.498001805406602e-16
3025,directional_relay,1.0,True,6_to_7,0.5661811200614848,0.7499085547646602,0.6890883068838827,0.9188964474476965,0.9578196903984448,0.3708629641909458,0.3182253426929369,1.0,0.46446501062447487,0.2246232962594078,3.4798152511606903,0.4140602636088002,3.06575498755189,1.0,1.25719735058432,2.2226179005763704,0.3322326970960865,0.05736189808290425,0.27487079901318223,1.0,6.9270119235581955,1.0,1.0,1.0,2.220446049250313e-16
3025,four_channel_crossbar,1.0,True,4_to_5,0.3457628473903651,0.3516474703221243,0.3993525852235904,1.1356617605062427,0.6524233060746141,0.2880411111320878,0.1113114740915026,1.0,0.38089881599067044,0.01845376923291997,0.38966236755004247,0.1157731272942912,0.27388924025575123,1.0,0.620260827132674,-0.2305984595826316,0.07534410782731608,0.02279777187265023,0.05254633595466585,1.0,2.5336128020668434,1.0,1.0,1.0,2.220446049250313e-16
3025,four_channel_crossbar,1.0,True,5_to_6,0.3516474703221243,0.4643627098482538,0.41612649908989907,0.896123849449243,0.655226501202983,0.2644566344646031,0.15166986462529597,1.0,0.3577761624307913,0.05835033665910777,0.6768276938383448,0.09264291192548091,0.5841847819128639,1.0,0.9136850156992491,-0.23685732186090425,0.1374795903099205,0.017980592802772533,0.11949899750714796,1.0,2.7536610823606495,1.0,1.0,1.0,2.220446049250313e-16
3025,four_channel_crossbar,1.0,True,6_to_7,0.4643627098482538,0.6198497015529884,0.49892517612871096,0.8049131505245388,0.7981331559978149,0.3194400135621977,0.17948516256651326,1.0,0.5042188428809147,-0.005293666752203718,0.48099524339032296,0.2804548896229447,0.20054035376737828,1.0,3.3849522929580913,-2.9039570495677682,0.0912849015907532,0.041556391911904994,0.049728509678848204,1.0,2.3640596143716746,1.0,1.0,1.0,2.220446049250313e-16
3026,independent,0.1103515625,False,4_to_5,0.0,0.0,0.0,0.0,0.0,0.0,0.0,0.5,0.0,0.0,0.0,0.0,0.0,0.5,0.0,0.0,0.0,0.0,0.0,0.5,0.0,0.0,0.0,0.0,0.0
3026,independent,0.1103515625,False,5_to_6,0.0,0.0,0.0,0.0,0.0,0.0,0.0,0.5,0.0,0.0,0.0,0.0,0.0,0.5,0.0,0.0,0.0,0.0,0.0,0.5,0.0,0.0,0.0,0.0,0.0
3026,independent,0.1103515625,False,6_to_7,0.0,0.0,0.0,0.0,0.0,0.0,0.0,0.5,0.0,0.0,0.0,0.0,0.0,0.5,0.0,0.0,0.0,0.0,0.0,0.5,0.0,0.0,0.0,0.0,0.0
3026,distributed,1.0,True,4_to_5,0.23044517649766535,0.3053858349302273,0.23839996256285323,0.7806516717362526,0.4565049957435139,0.2008044639704254,0.037595498592427834,1.0,0.27193955840497797,-0.033539595842124736,0.47538622263535046,0.056215697050984725,0.41917052558436574,1.0,0.9541083735243897,-0.47872215088903924,0.05757237642357952,0.009638715225620348,0.04793366119795917,1.0,1.0820113552712531,1.0,1.0,1.0,2.220446049250313e-16
3026,distributed,1.0,True,5_to_6,0.3053858349302273,0.43728334672084923,0.31645545968328465,0.7236851392955101,0.6294995459101476,0.24654355026524566,0.06991190941803899,1.0,0.3258717216827912,-0.00941626199950657,0.938263591191439,0.0467676771296195,0.8914959140618195,1.0,0.973130139022717,-0.03486654783127796,0.10423420235009274,0.009720117444315474,0.09451408490577727,1.0,2.074032998927964,1.0,0.999755859375,0.999755859375,2.220446049250313e-16
3026,distributed,1.0,True,6_to_7,0.43728334672084923,0.5453076792305218,0.46555055419108804,0.8537392226862122,0.7216494709609862,0.3256623171759395,0.13988823701514852,1.0,0.41955176108618025,0.04599879310490779,1.7148489185231055,0.10287466369946185,1.6119742548236435,1.0,0.9821754738862045,0.732673444636901,0.26451406065137967,0.0208892406836183,0.24362481996776136,1.0,4.505053115106424,1.0,1.0,1.0,2.220446049250313e-16
3026,central_shared,1.0,True,4_to_5,0.2956160177184093,0.30517511163977484,0.33268133640990816,1.090132595093801,0.5705690069861016,0.25051621762831655,0.0821651187815916,1.0,0.37520013243488726,-0.0425187960249791,0.855187657920878,0.18998647823923764,0.6652011796816404,1.0,1.9516552664892048,-1.096467608568327,0.1219360791038296,0.02782252560298272,0.09411355350084688,1.0,2.1668083820530604,0.99853515625,0.9990234375,0.998779296875,2.220446049250313e-16
3026,central_shared,1.0,True,5_to_6,0.30517511163977484,0.4172402060452599,0.3083685373281777,0.7390671676897973,0.5825943037751635,0.24835226318651132,0.06001627414166638,1.0,0.3781307584961191,-0.0697622211679414,0.05193050772469728,0.1218118092007307,-0.06988130147603341,0.0,1.162255994099887,-1.1103254863751897,0.01879060602372123,0.02046830166383537,-0.0016776956401141387,0.046875,0.2981082433870805,1.0,0.999267578125,0.998291015625,2.220446049250313e-16
3026,central_shared,1.0,True,6_to_7,0.4172402060452599,0.5988720081583485,0.43684076604372113,0.7294392793329815,0.685877629467393,0.296664579368096,0.14017618667562515,1.0,0.4354292276617588,0.0014115383819623406,0.3061665238334346,0.18168642151138775,0.12448010232204687,1.0,1.2146261832891125,-0.908459659455678,0.07005147199000188,0.02848087270145286,0.04157059928854902,1.0,0.8314811528112974,0.996337890625,1.0,0.9990234375,2.220446049250313e-16
3026,directional_relay,1.0,True,4_to_5,0.4316236464622553,0.5680512279391798,0.5691992538608861,1.0020209901242025,0.9820845022061938,0.31327824003756116,0.25592101382332494,1.0,0.3392139346234029,0.22998531923748322,5.345348666177163,0.8869421101175512,4.458406556059612,1.0,0.5792129590239081,4.766135707153254,0.4331934680401653,0.08011080586350847,0.35308266217665685,1.0,8.86079641868567,1.0,0.9990234375,0.99951171875,2.220446049250313e-16
3026,directional_relay,1.0,True,5_to_6,0.5680512279391798,0.6800369300989157,0.6931052530800186,1.0192170783713201,0.9755357498064536,0.3950388814844632,0.2980663715955554,1.0,0.4229935488979791,0.2701117041820395,5.594995596890487,0.8301156242024068,4.76487997268808,1.0,0.4542721725102095,5.140723424380278,0.40040969927649933,0.08679962739110689,0.31361007188539247,1.0,8.200714166989645,1.0,0.999755859375,0.999755859375,2.220446049250313e-16
3026,directional_relay,1.0,True,6_to_7,0.6800369300989157,0.7636609232539706,0.7662363283869182,1.0033724458781703,0.978725997067691,0.4466628723415452,0.319573456045373,1.0,0.44528589911939426,0.320950429267524,5.191674775178456,0.6680235391367085,4.523651236041748,1.0,1.0964504023992216,4.095224372779235,0.39466110342242544,0.08142852585090635,0.3132325775715191,1.0,8.105461283238405,1.0,0.999755859375,0.999755859375,2.220446049250313e-16
3026,four_channel_crossbar,1.0,True,4_to_5,0.41550665902601014,0.4521587481451814,0.4600564363483798,1.0174666270100838,0.8410927337230889,0.32543293781971594,0.13462349852866384,1.0,0.450958380655361,0.009098055693018803,1.3375810762118747,0.35950236411462166,0.9780787120972531,1.0,2.030201480772966,-0.6926204045610911,0.21519032651049544,0.05272272966205507,0.16246759684844037,1.0,3.8800613763340936,1.0,1.0,1.0,2.220446049250313e-16
3026,four_channel_crossbar,1.0,True,5_to_6,0.4521587481451814,0.5149644909809643,0.4596940217050873,0.892671300169471,0.8247064686483976,0.3359389121776626,0.12375510952742469,1.0,0.47665932853096693,-0.016965306825879656,1.2278272933158743,0.29888790111869845,0.9289393921971758,1.0,2.793881873151354,-1.56605457983548,0.19200073899524583,0.0475730055933955,0.14442773340185033,1.0,2.713988747208932,1.0,1.0,1.0,2.220446049250313e-16
3026,four_channel_crossbar,1.0,True,6_to_7,0.5149644909809643,0.6321460724528838,0.5521590985391616,0.8734675775120252,0.8671182219714664,0.37144287615680527,0.1807162223823563,1.0,0.4468774620793929,0.10528163645976868,1.9261310446199245,0.2873312550368144,1.6387997895831101,1.0,1.258433707619513,0.6676973370004116,0.23775941742124704,0.04649239264385187,0.19126702477739516,1.0,4.324949463669585,1.0,1.0,1.0,2.220446049250313e-16
3027,independent,0.116455078125,False,4_to_5,0.0,0.0,0.0,0.0,0.0,0.0,0.0,0.5,0.0,0.0,0.0,0.0,0.0,0.5,0.0,0.0,0.0,0.0,0.0,0.5,0.0,0.0,0.0,0.0,0.0
3027,independent,0.116455078125,False,5_to_6,0.0,0.0,0.0,0.0,0.0,0.0,0.0,0.5,0.0,0.0,0.0,0.0,0.0,0.5,0.0,0.0,0.0,0.0,0.0,0.5,0.0,0.0,0.0,0.0,0.0
3027,independent,0.116455078125,False,6_to_7,0.0,0.0,0.0,0.0,0.0,0.0,0.0,0.5,0.0,0.0,0.0,0.0,0.0,0.5,0.0,0.0,0.0,0.0,0.0,0.5,0.0,0.0,0.0,0.0,0.0
3027,distributed,1.0,True,4_to_5,0.26096724610632693,0.3599887976018884,0.33634017447967546,0.9343073360067,0.4202599817703692,0.23623626773960182,0.10010390674007363,1.0,0.3009394925663354,0.03540068191334006,1.5079912339369048,0.20431274005983271,1.303678493877072,1.0,1.1856777408299095,0.3223134931069953,0.12686067973500106,0.024206822771094014,0.10265385696390705,1.0,2.4340039791217225,1.0,0.999755859375,0.999755859375,2.498001805406602e-16
3027,distributed,1.0,True,5_to_6,0.3599887976018884,0.5518083332346859,0.41430944534373476,0.750821291362281,0.6640160585955552,0.2913516283969554,0.12295781694677937,1.0,0.3609964615550412,0.053312983788693535,0.3595554311150209,0.1575781790326642,0.20197725208235673,1.0,0.9107655231667707,-0.5512100920517498,0.09270272743521901,0.023154699954810155,0.06954802748040886,1.0,1.3421689072275966,1.0,1.0,1.0,2.498001805406602e-16
3027,distributed,1.0,True,6_to_7,0.5518083332346859,0.6738756255542644,0.5711549605040827,0.8475673237688428,0.7323158393876485,0.38768959892562754,0.1834653615784551,1.0,0.45922308621767693,0.11193187428640572,1.3596038240075208,0.3888577483013656,0.9707460757061552,1.0,0.7521193407440179,0.6074844832635029,0.18487939838466064,0.049278845150566755,0.13560055323409387,1.0,3.3149359254947925,1.0,1.0,1.0,2.498001805406602e-16
3027,central_shared,1.0,True,4_to_5,0.37436612738958686,0.4874706901503967,0.45543872928648527,0.9342894629130856,0.9027927936795964,0.3308648626480099,0.12457386663847536,1.0,0.42395517988746334,0.031483549399021926,0.9646069521768261,0.13592033398282893,0.8286866181939971,1.0,1.6244047025171624,-0.6597977503403363,0.14021769205828646,0.0218776341839473,0.11834005787433917,1.0,5.620658217878816,1.0,0.99755859375,0.996826171875,2.220446049250313e-16
3027,central_shared,1.0,True,5_to_6,0.4874706901503967,0.6313520201227744,0.6003091450527764,0.9508311146862867,0.9483709938436734,0.39972374917842657,0.20058539587434987,1.0,0.48018286129756904,0.1201262837552074,2.0156055675601072,0.1757954613593563,1.8398101062007508,1.0,0.3583765694577446,1.6572289981023627,0.2728639205752434,0.02788912898386514,0.24497479159137825,1.0,8.033649650405946,1.0,0.998779296875,0.998291015625,2.220446049250313e-16
3027,central_shared,1.0,True,6_to_7,0.6313520201227744,0.7410071932953286,0.7158869573269848,0.9660998756886128,0.9566872967422384,0.4518259393275482,0.2640610179994366,1.0,0.5623353182094637,0.15355163911752112,2.601014073279794,0.22890704082170932,2.372107032458085,1.0,0.20176221455634957,2.3992518587234444,0.37518926195561964,0.03812228759842776,0.33706697435719185,1.0,9.144587230309474,1.0,0.998779296875,0.998779296875,2.220446049250313e-16
3027,directional_relay,1.0,True,4_to_5,0.23624288563649393,0.41824925122891127,0.27193147838126097,0.6501660853719751,0.793360557852578,0.18548675746755017,0.0864447209137108,1.0,0.2755108837046074,-0.0035794053233464407,0.20763254816048946,0.04842412030280051,0.15920842785768896,1.0,1.1184420133128883,-0.9108094651523988,0.03473818461768529,0.00788892225787576,0.026849262359809528,1.0,0.35720758054945395,1.0,1.0,1.0,2.220446049250313e-16
3027,directional_relay,1.0,True,5_to_6,0.41824925122891127,0.5814026248615936,0.4824441904927121,0.8297936229778131,0.8867966981211608,0.2980825211527303,0.18436166933998177,1.0,0.3986483999445701,0.08379579054814201,1.3277857239033957,0.12325658072926221,1.2045291431741334,1.0,0.7934632548022129,0.5343224691011828,0.15750501428529848,0.021945866445698077,0.1355591478396004,1.0,3.6552790142304943,1.0,1.0,1.0,2.220446049250313e-16
3027,directional_relay,1.0,True,6_to_7,0.5814026248615936,0.7180005118665782,0.6568357396079626,0.9148123556352262,0.9374149270394383,0.39269634069670445,0.26413939891125815,1.0,0.5003687889604457,0.15646695064751692,2.3291882003236966,0.11073268607141847,2.218455514252278,1.0,0.16032554885536743,2.168862651468329,0.2847598203411435,0.02127731782623503,0.26348250251490846,1.0,6.510932448395844,1.0,1.0,1.0,2.220446049250313e-16
3027,four_channel_crossbar,1.0,True,4_to_5,0.3212168514734613,0.4743854065819506,0.38255839436023686,0.8064295171233297,0.9150485127940116,0.251457605993577,0.13110078836665984,1.0,0.311949479022567,0.07060891533766989,0.513746064407555,0.1830594676131993,0.3306865967943557,1.0,1.6429972177152312,-1.1292511533076763,0.0842777672720051,0.01984857555427123,0.06442919171773387,1.0,4.249365300199565,0.9990234375,0.993408203125,0.993408203125,2.220446049250313e-16
3027,four_channel_crossbar,1.0,True,5_to_6,0.4743854065819506,0.6419924777525595,0.5548543725704596,0.8642692738594903,0.9405550296184826,0.32745589497729666,0.2273984775931629,1.0,0.4072109305741457,0.14764344199631385,1.3455436447843494,0.20540084327751534,1.140142801506834,1.0,1.0866263302068289,0.25891731457752054,0.14616939095646606,0.025575927153296117,0.12059346380316993,1.0,5.333795604980194,1.0,0.998779296875,0.99609375,2.220446049250313e-16
3027,four_channel_crossbar,1.0,True,6_to_7,0.6419924777525595,0.7763460109631937,0.7088435555814987,0.9130510694607082,0.95297778667772,0.39736114771052294,0.31148240787097575,1.0,0.5058104933478957,0.20303306223360296,1.79333356960297,0.288354876913047,1.504978692689923,1.0,1.3376783492434872,0.4556552203594828,0.2565487223564491,0.04056421081585265,0.21598451154059645,1.0,6.879494667129131,1.0,0.999267578125,0.998046875,2.220446049250313e-16
3028,independent,0.120849609375,False,4_to_5,0.0,0.0,0.0,0.0,0.0,0.0,0.0,0.5,0.0,0.0,0.0,0.0,0.0,0.5,0.0,0.0,0.0,0.0,0.0,0.5,0.0,0.0,0.0,0.0,0.0
3028,independent,0.120849609375,False,5_to_6,0.0,0.0,0.0,0.0,0.0,0.0,0.0,0.5,0.0,0.0,0.0,0.0,0.0,0.5,0.0,0.0,0.0,0.0,0.0,0.5,0.0,0.0,0.0,0.0,0.0
3028,independent,0.120849609375,False,6_to_7,0.0,0.0,0.0,0.0,0.0,0.0,0.0,0.5,0.0,0.0,0.0,0.0,0.0,0.5,0.0,0.0,0.0,0.0,0.0,0.5,0.0,0.0,0.0,0.0,0.0
3028,distributed,1.0,True,4_to_5,0.23756981606767685,0.37835309924884486,0.27462971404538883,0.7258555951850771,0.7108896576155126,0.21641384770114816,0.05821586634424067,1.0,0.28978851432807906,-0.015158800282690232,0.32081940479528837,0.0679875357000714,0.25283186909521693,1.0,0.7953853728100695,-0.4745659680147811,0.06075397187443962,0.012112998837199861,0.04864097303723976,1.0,1.3514619056465753,1.0,0.999755859375,1.0,1.6653345369377348e-16
3028,distributed,1.0,True,5_to_6,0.37835309924884486,0.5509735053662985,0.40831827199888604,0.7410851302685193,0.8127438662384799,0.3011348309219769,0.10718344107690914,1.0,0.4006341966002268,0.007684075398659229,0.5503631839347817,0.08547393542837811,0.46488924850640356,1.0,1.1676317072935822,-0.6172685233588006,0.08392703200378422,0.01647458908489874,0.06745244291888548,1.0,1.9592783892983532,1.0,0.999755859375,1.0,2.220446049250313e-16
3028,distributed,1.0,True,6_to_7,0.5509735053662985,0.7079698018997271,0.5874511429830667,0.8297686446607364,0.8576474876778777,0.3695161867424013,0.2179349562406654,1.0,0.49919338981624095,0.08825775316682571,1.3619545950543288,0.09616934757191865,1.26578524748241,1.0,1.2837516203424366,0.07820297471189219,0.1897972473729791,0.021049789471898235,0.16874745790108087,1.0,3.6873077436991433,1.0,0.999755859375,1.0,2.636779683484747e-16
3028,central_shared,1.0,True,4_to_5,0.18103898966568926,0.3525965671419342,0.19912012988765448,0.5647250950333293,0.6259614864168066,0.15884414402290936,0.04027598586474512,1.0,0.2182691357834407,-0.01914900589578622,0.12117068875961211,0.04322793933956097,0.07794274942005114,1.0,0.4252767361045304,-0.30410604734491825,0.03090512904998821,0.008306159258921234,0.02259896979106698,1.0,0.4528846581398381,1.0,0.996826171875,0.997314453125,2.220446049250313e-16
3028,central_shared,1.0,True,5_to_6,0.3525965671419342,0.5097827780809087,0.38629968447390817,0.7577731164794228,0.7197987939414281,0.27175174750523134,0.11454793696867682,1.0,0.3858242261080704,0.00047545836583778867,1.2226167951183047,0.26090764139401507,0.9617091537242897,1.0,0.9800337658335093,0.24258302928479536,0.16290878480333063,0.03453206642567399,0.12837671837765663,1.0,2.951310121470608,1.0,0.9990234375,0.9984130859375,2.220446049250313e-16
3028,central_shared,1.0,True,6_to_7,0.5097827780809087,0.629673690914265,0.5502490297542335,0.8738637768957609,0.7944319092072853,0.36746952897169666,0.18277950078253685,1.0,0.5071172856348753,0.04313174411935816,2.1055040626116437,0.3599369700708255,1.7455670925408182,1.0,1.0088897765752853,1.0966142860363584,0.21257243340876486,0.048955270782913604,0.16361716262585124,1.0,4.187072120546388,1.0,0.99951171875,0.9991455078125,2.220446049250313e-16
3028,directional_relay,1.0,True,4_to_5,0.19693597439735788,0.28505713698657165,0.2274294397913536,0.7978380832544012,0.8411021636952584,0.18693387694828115,0.04049556284307246,1.0,0.23168321760216037,-0.004253777810806769,0.11774785003335723,0.05400697965936915,0.06374087037398808,1.0,0.7553755414050907,-0.6376276913717335,0.04121255716936272,0.01011088647437482,0.031101670694987902,1.0,1.806211445847092,1.0,1.0,1.0,2.220446049250313e-16
3028,directional_relay,1.0,True,5_to_6,0.28505713698657165,0.47321937905436623,0.3613786982746589,0.7636599730907081,0.8172600874237159,0.251345011913485,0.11003368636117389,1.0,0.3259383301915931,0.03544036808306583,0.3826522046624183,0.0923382780088417,0.2903139266535766,1.0,0.6357081516496055,-0.2530559469871872,0.0874819552760514,0.015427027388212347,0.07205492788783906,1.0,3.3219104728900146,1.0,1.0,1.0,2.220446049250313e-16
3028,directional_relay,1.0,True,6_to_7,0.47321937905436623,0.6738951617465606,0.5974335356208877,0.8865378022191104,0.8804775122042673,0.3632647801200356,0.23416875550085214,1.0,0.49009137974077294,0.10734215588011481,1.384449676060464,0.1427676754867728,1.2416820005736913,1.0,1.1734152863354363,0.21103438972502775,0.2678315280542838,0.02493110039649197,0.24290042765779182,1.0,5.938487514330233,1.0,1.0,1.0,2.220446049250313e-16
3028,four_channel_crossbar,1.0,True,4_to_5,0.38547493831242696,0.5110722883247176,0.4615422019234442,0.9030859478536161,0.93682183126886,0.2864446729707756,0.1750975289526686,1.0,0.34698256870346333,0.11455963321998086,1.1965899665136825,0.18274096342721657,1.013849003086466,1.0,0.6805952425961491,0.5159947239175334,0.17677537067885038,0.026757425877760935,0.15001794480108943,1.0,3.8338242056331353,1.0,1.0,1.0,2.498001805406602e-16
3028,four_channel_crossbar,1.0,True,5_to_6,0.5110722883247176,0.6224748724532324,0.5902694467778966,0.9482622880046367,0.9695862255414269,0.3377456811904811,0.2525237655874155,1.0,0.39991451035124326,0.19035493642665335,1.745109654981229,0.2311837673242076,1.5139258876570214,1.0,0.24269836847925766,1.5024112865019714,0.22842465803107848,0.0360908950825268,0.19233376294855167,1.0,6.064957763133175,1.0,1.0,1.0,2.220446049250313e-16
3028,four_channel_crossbar,1.0,True,6_to_7,0.6224748724532324,0.7122970955416267,0.7001207358104737,0.9829055041676197,0.97565849854201,0.39298097405476373,0.30713976175571,1.0,0.4783287119101789,0.22179202390029484,2.859116676230827,0.2069460462496756,2.6521706299811516,1.0,0.31262955222780764,2.5464871240030194,0.3388951157069182,0.03552812079402324,0.303366994912895,1.0,7.691989654795127,1.0,1.0,1.0,2.220446049250313e-16
3029,independent,0.099853515625,False,4_to_5,0.0,0.0,0.0,0.0,0.0,0.0,0.0,0.5,0.0,0.0,0.0,0.0,0.0,0.5,0.0,0.0,0.0,0.0,0.0,0.5,0.0,0.0,0.0,0.0,0.0
3029,independent,0.099853515625,False,5_to_6,0.0,0.0,0.0,0.0,0.0,0.0,0.0,0.5,0.0,0.0,0.0,0.0,0.0,0.5,0.0,0.0,0.0,0.0,0.0,0.5,0.0,0.0,0.0,0.0,0.0
3029,independent,0.099853515625,False,6_to_7,0.0,0.0,0.0,0.0,0.0,0.0,0.0,0.5,0.0,0.0,0.0,0.0,0.0,0.5,0.0,0.0,0.0,0.0,0.0,0.5,0.0,0.0,0.0,0.0,0.0
3029,distributed,1.0,True,4_to_5,0.2989375250183094,0.41692517123518147,0.3402787304537632,0.8161625968651745,0.5539877887998808,0.2492347392419591,0.09104399121180412,1.0,0.316155673401789,0.024123057051974206,1.486783918114259,0.2544361335934445,1.2323477845208144,1.0,2.3470489370971976,-0.8602650189829386,0.15030896691842807,0.031096816632715796,0.11921215028571228,1.0,3.108079580653238,1.0,0.996337890625,0.99755859375,2.498001805406602e-16
3029,distributed,1.0,True,5_to_6,0.41692517123518147,0.5965905811583117,0.44888752406926496,0.7524214063147402,0.721105391265231,0.3041425406734536,0.14474498339581138,1.0,0.4177496752461528,0.031137848823112158,0.5946522866148446,0.2947623224257133,0.2998899641891313,1.0,2.9930304717221996,-2.398378185107355,0.09768357185696902,0.036125275003357944,0.061558296853611076,1.0,2.102623474859073,0.997802734375,0.99853515625,0.99853515625,2.498001805406602e-16
3029,distributed,1.0,True,6_to_7,0.5965905811583117,0.6775436969838526,0.6123042355880124,0.9037118023733972,0.7508309467174172,0.4018320432379251,0.2104721923500873,1.0,0.48911166339600254,0.12319257219200985,3.1662763062841055,0.2218275236966446,2.944448782587461,1.0,0.5312881780677766,2.634988128216329,0.2801785834202931,0.03497509034460185,0.24520349307569128,1.0,5.634737870616223,1.0,0.999755859375,0.9990234375,2.220446049250313e-16
3029,central_shared,1.0,True,4_to_5,0.23429391580814327,0.3813169423286217,0.3108217898930775,0.8151271433022482,0.7488361248479101,0.20618787624692103,0.10463391364615648,1.0,0.28171351574097464,0.029108274152102875,0.02694432091336358,0.1305992142562579,-0.10365489334289432,0.0,1.264728848858972,-1.2377845279456086,0.010806813274784437,0.017947703871005576,-0.007140890596221139,0.0,0.7290872788640471,1.0,1.0,1.0,2.220446049250313e-16
3029,central_shared,1.0,True,5_to_6,0.3813169423286217,0.5407180227230038,0.449555860178503,0.8314053560016051,0.8271513576303878,0.28823772703174355,0.16131813314675947,1.0,0.3615933296987579,0.08796253047974512,1.116328977879002,0.19935896962703567,0.9169700082519663,1.0,0.3772497004780736,0.7390792774009284,0.14228166778107387,0.02852347082003296,0.11375819696104092,1.0,3.24481599380061,1.0,1.0,1.0,2.220446049250313e-16
3029,central_shared,1.0,True,6_to_7,0.5407180227230038,0.6762235056146133,0.6091126012143477,0.9007563270974009,0.8802314320972582,0.37108326962223975,0.23802933159210798,1.0,0.4286158461174283,0.18049675509691943,2.0303794614082644,0.19904931061916314,1.8313301507891013,1.0,0.43729620404110137,1.5930832573671632,0.25915231775634945,0.03195307762862657,0.22719924012772288,1.0,5.308361195813867,1.0,1.0,1.0,2.220446049250313e-16
3029,directional_relay,1.0,True,4_to_5,0.4454959846637201,0.5832335180458981,0.5386848638235812,0.9236178085724985,0.9411189525297656,0.32908560463416664,0.20959925918941452,1.0,0.399066492879509,0.13961837094407215,4.827317965113758,0.5923730357000815,4.234944929413676,1.0,1.1715094708442075,3.65580849426955,0.27788328556067915,0.06588750641028168,0.21199577915039747,1.0,7.253294578042236,1.0,1.0,0.99951171875,2.220446049250313e-16
3029,directional_relay,1.0,True,5_to_6,0.5832335180458981,0.6817411829286975,0.6932781855552359,1.0169228483116959,0.9678921540692487,0.3925104370775614,0.3007677484776745,1.0,0.44838172095748463,0.24489646459775127,5.709221648009538,0.6886472019740537,5.020574446035484,1.0,0.5465783154300846,5.162643332579453,0.4541567198985664,0.08068748782660062,0.37346923207196575,1.0,9.312506873663878,1.0,1.0,0.999755859375,2.220446049250313e-16
3029,directional_relay,1.0,True,6_to_7,0.6817411829286975,0.7632453375150952,0.792222068107232,1.037965158996551,0.9697937601945821,0.43672517776911024,0.3554968903381217,1.0,0.5078538880280918,0.2843681800791401,5.274929001528512,0.6557681599995484,4.619160841528963,1.0,1.2076917824956777,4.067237219032834,0.47806822493087214,0.08230780561685758,0.39576041931401457,1.0,9.499916733371386,1.0,1.0,0.999755859375,2.220446049250313e-16
3029,four_channel_crossbar,1.0,True,4_to_5,0.417046253539324,0.5449803773781889,0.42902875175757277,0.7872370631426394,0.8045973950009588,0.28309486048717636,0.1459338912703964,1.0,0.42018687058214943,0.008841881175423338,4.139497953636958,0.42278149123773745,3.716716462399221,1.0,2.49493197533002,1.6445659783069382,0.22021317306742447,0.047175440408667065,0.1730377326587574,1.0,3.8646908743070285,1.0,1.0,0.999755859375,2.220446049250313e-16
3029,four_channel_crossbar,1.0,True,5_to_6,0.5449803773781889,0.6623317507847237,0.5866773929360305,0.8857757343520695,0.8751975849753943,0.3556595521831817,0.2310178407528488,1.0,0.44598994745441245,0.14068744548161805,4.201359380810149,0.447419864595457,3.753939516214692,1.0,1.412116404782484,2.7892429760276647,0.22443513767783152,0.05179047324310275,0.17264466443472876,1.0,4.964266721800628,1.0,1.0,0.9998779296875,2.220446049250313e-16
3029,four_channel_crossbar,1.0,True,6_to_7,0.6623317507847237,0.7777534016749428,0.7411628728029057,0.9529535598388422,0.9509753794547047,0.4108591382354275,0.3303037345674782,1.0,0.5247296430425594,0.2164332297603463,4.705980541369615,0.5394499678555329,4.166530573514082,1.0,0.4858499989257902,4.220130542443825,0.3037058568867768,0.0597924275475576,0.24391342933921922,1.0,7.156969867150773,1.0,1.0,1.0,2.220446049250313e-16
3030,independent,0.105224609375,False,4_to_5,0.0,0.0,0.0,0.0,0.0,0.0,0.0,0.5,0.0,0.0,0.0,0.0,0.0,0.5,0.0,0.0,0.0,0.0,0.0,0.5,0.0,0.0,0.0,0.0,0.0
3030,independent,0.105224609375,False,5_to_6,0.0,0.0,0.0,0.0,0.0,0.0,0.0,0.5,0.0,0.0,0.0,0.0,0.0,0.5,0.0,0.0,0.0,0.0,0.0,0.5,0.0,0.0,0.0,0.0,0.0
3030,independent,0.105224609375,False,6_to_7,0.0,0.0,0.0,0.0,0.0,0.0,0.0,0.5,0.0,0.0,0.0,0.0,0.0,0.5,0.0,0.0,0.0,0.0,0.0,0.5,0.0,0.0,0.0,0.0,0.0
3030,distributed,1.0,True,4_to_5,0.29527207884275786,0.30814860316196746,0.3035888302432993,0.9852026818493431,0.31695992003394524,0.2556285336273,0.04796029661599932,1.0,0.3061938297642697,-0.0026049995209703747,0.10625366969121466,0.06772506069102607,0.03852860900018859,1.0,0.7062112344037387,-0.599957564712524,0.028022537276406953,0.011062286836938273,0.01696025043946868,1.0,1.5088089623462206,0.99267578125,0.995361328125,0.995361328125,2.220446049250313e-16
3030,distributed,1.0,True,5_to_6,0.30814860316196746,0.4690733837679959,0.27272150235599113,0.5814047690475642,0.38055455121509596,0.24980858587934723,0.022912916476643896,1.0,0.2876108305708646,-0.014889328214873487,0.11341758890376408,0.03175418685040261,0.08166340205336146,1.0,0.0308836720800071,0.08253391682375698,0.02229625690974368,0.006159191170562329,0.01613706573918135,1.0,0.5856407862725433,0.99853515625,0.997314453125,0.9951171875,2.220446049250313e-16
3030,distributed,1.0,True,6_to_7,0.4690733837679959,0.6155580070434427,0.4253138910962898,0.6909403926676134,0.5789617600010184,0.3430304211795335,0.08228346991675634,1.0,0.42849388548358225,-0.0031799943872924397,0.20553091518617644,0.189333369070033,0.016197546116143435,0.921875,2.0148110728457613,-1.809280157659585,0.05476924541565011,0.02805938475541761,0.026709860660232503,1.0,0.6596915010503426,1.0,0.997314453125,0.99658203125,2.498001805406602e-16
3030,central_shared,1.0,True,4_to_5,0.3341424536353804,0.45805252386191697,0.3841510236841397,0.838661515158346,0.8183130011983992,0.26277179389445093,0.12137922978968879,1.0,0.32441914480885475,0.05973187887528497,2.9598341592382185,0.21148604430116066,2.7483481149370577,1.0,2.189051498767452,0.7707826604707666,0.218690544182651,0.028019559752521926,0.19067098443012906,1.0,3.3668108785208903,1.0,0.99951171875,0.999267578125,2.220446049250313e-16
3030,central_shared,1.0,True,5_to_6,0.45805252386191697,0.6055134189208607,0.5115996056205881,0.8449021766228654,0.8660587780725668,0.3210809112790677,0.19051869434152047,1.0,0.4182108772206121,0.09338872839997603,3.7703473109901133,0.29982613157973287,3.4705211794103805,1.0,2.182636420176872,1.5877108908132413,0.22365411927419834,0.03965572604117571,0.18399839323302264,1.0,5.009193283653852,1.0,0.999755859375,0.999755859375,2.220446049250313e-16
3030,central_shared,1.0,True,6_to_7,0.6055134189208607,0.6952127764553971,0.6684490248967434,0.961502790994275,0.9582249461950908,0.38983583845049813,0.2786131864462453,1.0,0.44333293515814964,0.22511608973859376,5.022835190286356,0.3586515741042354,4.664183616182121,1.0,1.0336217285006506,3.9892134617857056,0.3534112690164996,0.0525079212634719,0.3009033477530277,1.0,8.133730914602745,1.0,1.0,0.999755859375,2.220446049250313e-16
3030,directional_relay,1.0,True,4_to_5,0.252892025534294,0.42696284396310824,0.2915027783781511,0.6827357052252968,0.749689516070717,0.1953341402276934,0.09616863815045767,1.0,0.2933228388129001,-0.0018200604347490268,0.08964519696646686,0.04673511054267472,0.04291008642379214,1.0,1.1486337418993628,-1.058988544932896,0.030322335025364234,0.00898523427962213,0.021337100745742105,1.0,0.6092320998799983,1.0,1.0,1.0,2.220446049250313e-16
3030,directional_relay,1.0,True,5_to_6,0.42696284396310824,0.5846446225125905,0.47208306619897844,0.8074701246205543,0.8239920959360181,0.3048522425970955,0.16723082360188296,1.0,0.3906017464201879,0.08148131977879053,1.3504238892321807,0.14353682372524407,1.2068870655069366,1.0,1.284787344439324,0.06563654479285663,0.20083888440172037,0.021939230896014735,0.17889965350570564,1.0,3.3041487997495356,1.0,1.0,1.0,2.220446049250313e-16
3030,directional_relay,1.0,True,6_to_7,0.5846446225125905,0.6960525000391928,0.643694696197231,0.9247789443482873,0.9303663964778698,0.3916115552527929,0.25208314094443807,1.0,0.4502159252593939,0.19347877093783705,1.483897504178939,0.2962432661694291,1.18765423800951,1.0,0.3736226710455819,1.1102748331333572,0.2916484860752491,0.04018312868508103,0.25146535739016806,1.0,6.357014557527834,1.0,1.0,1.0,2.220446049250313e-16
3030,four_channel_crossbar,1.0,True,4_to_5,0.4600937345203092,0.6075159637097646,0.5758141549055042,0.9478173238268919,0.9189292401287947,0.36212155749530894,0.2136925974101953,1.0,0.4548454522785699,0.12096870262693438,4.783907823264994,0.6292332681086384,4.1546745551563555,1.0,2.9501831554074047,1.8337246678575894,0.31721834408130106,0.06787817151194164,0.24934017256935942,1.0,5.281439490994781,1.0,1.0,1.0,2.220446049250313e-16
3030,four_channel_crossbar,1.0,True,5_to_6,0.6075159637097646,0.727901349889106,0.7112494983244371,0.9771234775602411,0.908085466315979,0.42146184665197595,0.2897876516724611,1.0,0.5211813474470262,0.1900681508774109,4.410284989287073,0.5598465882517014,3.850438401035371,1.0,2.0178383096709096,2.392446679616163,0.3048886992942768,0.07256291116452768,0.23232578812974913,1.0,5.043133927928896,1.0,1.0,1.0,2.220446049250313e-16
3030,four_channel_crossbar,1.0,True,6_to_7,0.727901349889106,0.8111249180965342,0.8039803850993359,0.9911918215828404,0.9241291589785909,0.47292194228768564,0.33105844281165026,1.0,0.522528228962664,0.28145215613667185,3.8640505967443377,0.5072763842082069,3.3567742125361306,1.0,0.5473132862305174,3.3167373105138203,0.3194264005427523,0.07704824645190056,0.24237815409085173,1.0,5.899555692498385,1.0,1.0,1.0,2.220446049250313e-16
3031,independent,0.105224609375,False,4_to_5,0.0,0.0,0.0,0.0,0.0,0.0,0.0,0.5,0.0,0.0,0.0,0.0,0.0,0.5,0.0,0.0,0.0,0.0,0.0,0.5,0.0,0.0,0.0,0.0,0.0
3031,independent,0.105224609375,False,5_to_6,0.0,0.0,0.0,0.0,0.0,0.0,0.0,0.5,0.0,0.0,0.0,0.0,0.0,0.5,0.0,0.0,0.0,0.0,0.0,0.5,0.0,0.0,0.0,0.0,0.0
3031,independent,0.105224609375,False,6_to_7,0.0,0.0,0.0,0.0,0.0,0.0,0.0,0.5,0.0,0.0,0.0,0.0,0.0,0.5,0.0,0.0,0.0,0.0,0.0,0.5,0.0,0.0,0.0,0.0,0.0
3031,distributed,1.0,True,4_to_5,0.3059581476315846,0.438427982697588,0.3510673680440898,0.8007412434854633,0.822674704309467,0.2726133033428729,0.07845406470121685,1.0,0.33550901025038415,0.015558357793705624,0.17143789299893328,0.30960577088305846,-0.13816787788412518,0.0,2.614945068105124,-2.4435071751061908,0.03674806040320422,0.0402875680055962,-0.003539507602391981,0.03125,1.5436601128326564,1.0,0.999755859375,1.0,2.42861286636753e-16
3031,distributed,1.0,True,5_to_6,0.438427982697588,0.5919260583357996,0.5004916801514896,0.8455307434151863,0.8621615318641193,0.3479469658905366,0.152544714260953,1.0,0.41338920539712987,0.08710247475435973,0.3768524985150752,0.3423460219370057,0.03450647657806949,0.96875,1.9746026326171704,-1.5977501341020952,0.07232400623184863,0.04790359706994331,0.024420409161905327,1.0,2.1831138010402507,1.0,1.0,1.0,2.498001805406602e-16
3031,distributed,1.0,True,6_to_7,0.5919260583357996,0.6800958510887872,0.6216721902083544,0.9140949606045964,0.8543578706204783,0.4235022402238846,0.1981699499844698,1.0,0.5207917089803222,0.10088048122803217,1.5114328576626803,0.26309551398285724,1.248337343679823,1.0,0.8996387837967598,0.6117940738659206,0.19944669462578887,0.04543992156991394,0.15400677305587493,1.0,4.917017522314319,1.0,1.0,1.0,2.498001805406602e-16
3031,central_shared,1.0,True,4_to_5,0.3507439302353157,0.47177584051221627,0.43058695242327394,0.9126939437080483,0.8533955477092163,0.26784040434856704,0.1627465480747069,1.0,0.35047987830644206,0.08010707411683188,0.7830448759931261,0.35450486947619103,0.4285400065169351,1.0,2.462692667908113,-1.6796477919149868,0.1256866152965641,0.04494779990860446,0.08073881538795966,1.0,2.2078810746554436,1.0,1.0,1.0,2.220446049250313e-16
3031,central_shared,1.0,True,5_to_6,0.47177584051221627,0.5928866062472364,0.5434750165774505,0.9166592917614652,0.9027418952681603,0.32398337032686764,0.21949164625058282,1.0,0.39006023417523644,0.153414782402214,1.5156923873492847,0.4350095221107281,1.0806828652385567,1.0,1.4909137478323389,0.02477863951694581,0.2236033283925575,0.05373495823789909,0.16986837015465842,1.0,4.226311908281031,1.0,1.0,1.0,2.498001805406602e-16
3031,central_shared,1.0,True,6_to_7,0.5928866062472364,0.6762576819434101,0.6320467829013355,0.934624182138645,0.915302387018673,0.37641440331404863,0.2556323795872869,1.0,0.4378038332219317,0.1942429496794038,2.5679383705114422,0.4260915447674031,2.141846825744039,1.0,0.26340585224628166,2.3045325182651606,0.3443607038400442,0.054676006251819106,0.28968469758822507,1.0,6.2518098930331805,1.0,1.0,1.0,2.220446049250313e-16
3031,directional_relay,1.0,True,4_to_5,0.276169808196607,0.42228031247299014,0.35380443220345104,0.8378425935404721,0.9290696026274208,0.22292125302278656,0.13088317918066447,1.0,0.2511377276195176,0.10266670458393345,0.44677728195954514,0.18884830509506267,0.25792897686448246,1.0,1.300465144648564,-0.8536878626890189,0.08294819549098148,0.024885751470928176,0.058062444020053304,1.0,3.3105337509054586,1.0,1.0,1.0,2.220446049250313e-16
3031,directional_relay,1.0,True,5_to_6,0.42228031247299014,0.609706271988091,0.5727243299508582,0.9393446586720446,0.9735820048684014,0.3194511485548423,0.2532731813960159,1.0,0.3597913361189367,0.2129329938319215,1.8884978327791895,0.30323164115055257,1.5852661916286368,1.0,0.8572942068033711,1.0312036259758184,0.2736858994779419,0.04118135602865586,0.23250454344928606,1.0,6.906949383578577,1.0,1.0,1.0,2.220446049250313e-16
3031,directional_relay,1.0,True,6_to_7,0.609706271988091,0.7492394366014061,0.7428260898006502,0.9914401905619822,0.9803190592564643,0.40271132004768706,0.3401147697529632,1.0,0.48165164330924953,0.2611744464914007,3.7160452141632807,0.3083506915819234,3.407694522581357,1.0,1.5050822673895137,2.2109629467737673,0.41337754822273026,0.04987197872498608,0.36350556949774415,1.0,8.527504139571121,1.0,1.0,1.0,2.220446049250313e-16
3031,four_channel_crossbar,1.0,True,4_to_5,0.3787842348043655,0.5273606360441253,0.508394857540262,0.9640364160546174,0.9806252408329466,0.27233428632204104,0.236060571218221,1.0,0.27154197569833605,0.236852881841926,3.0746394671534247,0.40348319848251113,2.671156268670914,1.0,0.2575044345559244,2.8171350325975,0.3026851848392926,0.042244248248306096,0.2604409365909865,1.0,8.791397377730146,1.0,1.0,1.0,2.220446049250313e-16
3031,four_channel_crossbar,1.0,True,5_to_6,0.5273606360441253,0.6775499756185773,0.6793224237809989,1.0026159666832006,0.9880096526088487,0.33781800777276244,0.3415044160082365,1.0,0.2835172930241758,0.39580513075682316,3.810109807950837,0.39590340830054166,3.4142063996502956,1.0,0.08894943034439597,3.721160377606441,0.4028063871575743,0.05207054929334126,0.350735837864233,1.0,9.768412275479886,1.0,1.0,1.0,2.220446049250313e-16
3031,four_channel_crossbar,1.0,True,6_to_7,0.6775499756185773,0.7834985094286473,0.7887049635908051,1.006645136014304,0.9901760122430329,0.3876279547884329,0.4010770088023722,1.0,0.4132702352561592,0.3754347283346459,4.116562142631768,0.25708167300000156,3.8594804696317664,1.0,0.6799797033057366,3.436582439326031,0.4380009834595289,0.039545463417855496,0.39845552004167345,1.0,9.785998037365992,1.0,1.0,1.0,2.220446049250313e-16
3032,independent,0.099853515625,False,4_to_5,0.0,0.0,0.0,0.0,0.0,0.0,0.0,0.5,0.0,0.0,0.0,0.0,0.0,0.5,0.0,0.0,0.0,0.0,0.0,0.5,0.0,0.0,0.0,0.0,0.0
3032,independent,0.099853515625,False,5_to_6,0.0,0.0,0.0,0.0,0.0,0.0,0.0,0.5,0.0,0.0,0.0,0.0,0.0,0.5,0.0,0.0,0.0,0.0,0.0,0.5,0.0,0.0,0.0,0.0,0.0
3032,independent,0.099853515625,False,6_to_7,0.0,0.0,0.0,0.0,0.0,0.0,0.0,0.5,0.0,0.0,0.0,0.0,0.0,0.5,0.0,0.0,0.0,0.0,0.0,0.5,0.0,0.0,0.0,0.0,0.0
3032,distributed,1.0,True,4_to_5,0.2778657267856063,0.33667294346362914,0.3229986333648598,0.9593839945732182,0.5720020962706833,0.2472778209363753,0.0757208124284845,1.0,0.30115172644886024,0.021846906915999553,0.5639917097157042,0.0914561681974647,0.4725355415182395,1.0,1.003346910278676,-0.43935520056297184,0.09364120493998336,0.017076072790219547,0.07656513214976382,1.0,2.4566554008353405,0.997802734375,0.999267578125,0.99658203125,2.498001805406602e-16
3032,distributed,1.0,True,5_to_6,0.33667294346362914,0.4492997693434768,0.3697277661412705,0.8228977430402913,0.5682587316101191,0.2739582541142846,0.09576951202698591,1.0,0.3342488783869823,0.0354788877542882,0.42803228326430287,0.06690989947022888,0.361122383794074,1.0,0.43102259021847,-0.0029903069541671323,0.09441592078258858,0.013410320774947412,0.08100560000764116,1.0,2.3476343817205816,1.0,0.9990234375,0.99658203125,2.498001805406602e-16
3032,distributed,1.0,True,6_to_7,0.4492997693434768,0.5540164411976265,0.4444519151955495,0.8022359665622386,0.6048918996492025,0.33593417241222534,0.10851774278332416,1.0,0.41572240171157016,0.02872951348397934,0.8902576979689144,0.14162233138491195,0.7486353665840024,1.0,1.13210809547209,-0.2418503975031755,0.13324327438385844,0.025562746146932845,0.10768052823692559,1.0,2.8178912507405576,1.0,0.9990234375,0.99755859375,2.498001805406602e-16
3032,central_shared,1.0,True,4_to_5,0.315400008091623,0.4781302604920422,0.3809103933577638,0.7966665673194794,0.8048558986107331,0.24203534132302912,0.13887505203473466,1.0,0.31167045603214344,0.06923993732562034,0.24247840119004282,0.23992257911319395,0.0025558220768488737,0.5625,1.289028793585388,-1.046550392395345,0.04296727644295948,0.03056930808249403,0.012397968360465451,1.0,1.4909330465408959,1.0,1.0,0.9998779296875,2.220446049250313e-16
3032,central_shared,1.0,True,5_to_6,0.4781302604920422,0.6497469207984026,0.5783844800621905,0.8901688665972858,0.9123687528253643,0.3358317356831143,0.24255274437907615,1.0,0.40901294752154194,0.16937153254064852,1.2205968304381787,0.30652763622234647,0.9140691942158322,1.0,1.0859928103152552,0.1346040201229235,0.17656644016189882,0.040601838278328015,0.1359646018835708,1.0,3.7194636742652514,1.0,1.0,1.0,2.498001805406602e-16
3032,central_shared,1.0,True,6_to_7,0.6497469207984026,0.7519676540919553,0.701461316564022,0.9328344281125727,0.8975597216760818,0.41188605259626854,0.28957526396775346,1.0,0.5084751353853738,0.1929861811786482,2.9286728728056333,0.43029182030305596,2.498381052502577,1.0,1.3279988382476338,1.6006740345579995,0.29068896540004124,0.05278878295577064,0.2379001824442706,1.0,5.707673585555365,1.0,1.0,1.0,2.220446049250313e-16
3032,directional_relay,1.0,True,4_to_5,0.4401767341425089,0.5763953234241793,0.5224750622032042,0.9064526393089863,0.9017254889504158,0.3117820707227923,0.21069299148041187,1.0,0.4115930149347312,0.11088204726847295,1.7875790995858298,0.5443467012339014,1.2432323983519284,1.0,2.2459637027545005,-0.4583846031686707,0.24116973564591285,0.06667223778680517,0.17449749785910768,1.0,3.9602744838390143,1.0,0.99951171875,1.0,2.220446049250313e-16
3032,directional_relay,1.0,True,5_to_6,0.5763953234241793,0.6530122826341562,0.6476645119355331,0.9918106123868743,0.9126412090196352,0.3956016678352124,0.2520628441003207,1.0,0.41978544987284794,0.22787906206268516,2.9800677323434996,0.47924604170947,2.5008216906340297,1.0,0.8857943633455814,2.0942733689979183,0.3881462849713761,0.06655690397444042,0.3215893809969357,1.0,5.9242698185403935,1.0,1.0,1.0,2.220446049250313e-16
3032,directional_relay,1.0,True,6_to_7,0.6530122826341562,0.7211791659489264,0.7338306940803616,1.0175428364112382,0.9069586240683161,0.4181229523960218,0.3157077416843398,1.0,0.45506727966125404,0.27876341441910757,3.0885981080103413,0.28495091860781274,2.8036471894025286,1.0,0.7820540305652811,2.3065440774450603,0.4100095033763671,0.0471014090889436,0.3629080942874235,1.0,6.719117509095936,1.0,1.0,1.0,2.220446049250313e-16
3032,four_channel_crossbar,1.0,True,4_to_5,0.35063774124469005,0.4818810672362036,0.4611361134790317,0.956950054344004,0.9383522477005544,0.25110617428230086,0.21002993919673085,1.0,0.3200267470456726,0.14110936643335914,5.118219729646906,0.6537215093132887,4.464498220333618,1.0,4.3961890024238635,0.7220307272230428,0.3069689291290428,0.06155652936900878,0.24541239976003398,1.0,7.866356507292789,1.0,0.999755859375,0.999755859375,2.220446049250313e-16
3032,four_channel_crossbar,1.0,True,5_to_6,0.4818810672362036,0.6262287653870422,0.6223857589889785,0.9938632547553313,0.98116747966565,0.30864289552123614,0.3137428634677424,1.0,0.3520976497675436,0.2702881092214349,6.338658184938785,0.532709514134694,5.80594867080409,1.0,0.7019260068565807,5.636732178082204,0.4320999555973646,0.059844456228662204,0.3722554993687024,1.0,10.251693861426709,1.0,1.0,0.999755859375,2.220446049250313e-16
3032,four_channel_crossbar,1.0,True,6_to_7,0.6262287653870422,0.7476118543470593,0.7544902438630157,1.0092004821431888,0.9712769065561238,0.38476626342318365,0.369723980439832,1.0,0.48473210526857274,0.2697581385944429,6.406366785182794,0.45089476874180523,5.9554720164409884,1.0,0.8681140079195537,5.53825277726324,0.4307529260809792,0.05458645047057859,0.3761664756104006,1.0,10.464769982881759,1.0,1.0,1.0,2.220446049250313e-16
3033,independent,0.109375,False,4_to_5,0.0,0.0,0.0,0.0,0.0,0.0,0.0,0.5,0.0,0.0,0.0,0.0,0.0,0.5,0.0,0.0,0.0,0.0,0.0,0.5,0.0,0.0,0.0,0.0,0.0
3033,independent,0.109375,False,5_to_6,0.0,0.0,0.0,0.0,0.0,0.0,0.0,0.5,0.0,0.0,0.0,0.0,0.0,0.5,0.0,0.0,0.0,0.0,0.0,0.5,0.0,0.0,0.0,0.0,0.0
3033,independent,0.109375,False,6_to_7,0.0,0.0,0.0,0.0,0.0,0.0,0.0,0.5,0.0,0.0,0.0,0.0,0.0,0.5,0.0,0.0,0.0,0.0,0.0,0.5,0.0,0.0,0.0,0.0,0.0
3033,distributed,1.0,True,4_to_5,0.2663186005583469,0.3501775723415774,0.29116839754451196,0.8314878522845389,0.4650456026938179,0.23496008011911113,0.05620831742540083,1.0,0.2958459445231566,-0.004677546978644642,0.24654705910017974,0.06597012784498207,0.18057693125519766,1.0,0.37345050540044794,-0.1269034463002682,0.03986465493956714,0.012997386120341684,0.026867268819225455,1.0,0.8825292914866195,1.0,1.0,1.0,2.220446049250313e-16
3033,distributed,1.0,True,5_to_6,0.3501775723415774,0.4287991157894998,0.33751342484358055,0.7871131548910842,0.3465443875443237,0.27414612516545556,0.06336729967812499,1.0,0.34752558118317634,-0.01001215633959579,0.059755275094357095,0.06209122159103541,-0.002335946496678315,0.265625,0.497848065096937,-0.43809279000257995,0.018440195878716415,0.012478571131798764,0.005961624746917651,1.0,0.573521911416627,1.0,1.0,1.0,2.220446049250313e-16
3033,distributed,1.0,True,6_to_7,0.4287991157894998,0.6504003012980487,0.4035652039580784,0.6204874185215712,0.5045031623601439,0.3015478380572614,0.102017365900817,1.0,0.3941522063091359,0.00941299764894249,0.10421606671672586,0.059841581950690295,0.04437448476603556,1.0,0.7309106462169455,-0.6266945795002196,0.02510911404262806,0.012239926915104138,0.012869187127523921,1.0,0.8423239900018509,1.0,1.0,1.0,2.498001805406602e-16
3033,central_shared,0.999755859375,True,4_to_5,0.3305549543019576,0.36152563292947004,0.36122970909985735,0.9991814582351608,0.6572119547030835,0.2825831775580084,0.07864653154184897,1.0,0.36929912035079704,-0.008069411250939684,0.7337969590854673,0.17272287725237245,0.5610740818330948,1.0,0.7332449036746785,0.0005520554107887321,0.12465176550485164,0.03216324559751246,0.09248851990733918,1.0,2.8370948646209686,1.0,1.0,1.0,2.220446049250313e-16
3033,central_shared,0.999755859375,True,5_to_6,0.36152563292947004,0.4244601113576265,0.4065207515356775,0.9577360525949768,0.8409133145789058,0.29638418334627015,0.11013656818940737,1.0,0.41588155677523997,-0.009360805239562453,0.29151531866445507,0.1929198021872146,0.09859551647724046,1.0,0.9759642766224693,-0.6844489579580142,0.06560139410960546,0.03321801215321585,0.03238338195638961,1.0,1.4992159136353613,1.0,1.0,1.0,2.220446049250313e-16
3033,central_shared,0.999755859375,True,6_to_7,0.4244601113576265,0.5578821945380394,0.44006496173221377,0.7888134198235426,0.828782281877701,0.31768265976206067,0.1223823019701531,1.0,0.4336095495344009,0.006455412197812871,0.2696791442990827,0.1618316956456008,0.10784744865348189,1.0,0.8961359311725725,-0.6264567868734898,0.05210837545599709,0.028416037253954002,0.02369233820204309,1.0,1.2617086784375737,1.0,1.0,1.0,2.220446049250313e-16
3033,directional_relay,1.0,True,4_to_5,0.29740571831921614,0.4421548045268917,0.3366731006763737,0.7614371646071242,0.8073067184705768,0.24407925197857286,0.09259384869780082,1.0,0.34993367373645395,-0.013260573060080272,0.7235179595367486,0.10158785830428937,0.6219301012324592,1.0,1.4542429139795399,-0.7307249544427913,0.08939761617852815,0.0140619678445339,0.07533564833399425,1.0,1.5774295473000008,1.0,0.999267578125,0.997314453125,2.220446049250313e-16
3033,directional_relay,1.0,True,5_to_6,0.4421548045268917,0.6226787239287248,0.5312305809202849,0.8531375178013829,0.8890467653372691,0.31754476644452273,0.21368581447576213,1.0,0.3893767120813312,0.14185386883895368,1.7400882679557474,0.1622194192833158,1.5778688486724317,1.0,0.8267973540037807,0.9132909139519667,0.2214982329781646,0.022912520986363268,0.19858571199180133,1.0,3.6189057472279624,1.0,0.99951171875,0.998046875,2.220446049250313e-16
3033,directional_relay,1.0,True,6_to_7,0.6226787239287248,0.7622511041651887,0.728400253640074,0.9555909458967752,0.9553093726016556,0.40377506283828213,0.32462519080179186,1.0,0.4165590661791923,0.3118411874608817,2.859609776140346,0.3163991759711085,2.5432106001692376,1.0,0.5170760857319154,2.3425336904084304,0.35081756410251375,0.043714611575872225,0.30710295252664155,1.0,7.414259958944559,1.0,0.999755859375,0.9990234375,2.220446049250313e-16
3033,four_channel_crossbar,1.0,True,4_to_5,0.5006046249706845,0.5939535887932381,0.5981698506494448,1.0070986385733827,0.9881775765850556,0.3531489052697908,0.24502094537965402,1.0,0.33359365654639156,0.2645761941030533,3.8885111423279617,0.9387293478478352,2.9497817944801263,1.0,0.28316831850617274,3.605342823821789,0.41933995962684323,0.07722722568426726,0.34211273394257596,1.0,9.655568990317365,1.0,1.0,1.0,2.220446049250313e-16
3033,four_channel_crossbar,1.0,True,5_to_6,0.5939535887932381,0.6941957697747806,0.6993827273262608,1.0074718944962213,0.9853336848497457,0.3967670149174971,0.3026157124087637,1.0,0.34644632841960943,0.3529363989066514,4.200149314659618,0.8931780176918049,3.306971296967813,1.0,0.16425390843164767,4.03589540622797,0.44368050466289444,0.08396431959143666,0.35971618507145775,1.0,9.43521852717675,1.0,1.0,1.0,2.220446049250313e-16
3033,four_channel_crossbar,1.0,True,6_to_7,0.6941957697747806,0.7534038566782615,0.761956443963069,1.0113519292594488,0.9840862011382164,0.42262833056863064,0.3393281133944384,1.0,0.4304439311367801,0.33151251282628896,4.270531975860804,0.689997820535154,3.58053415532565,1.0,0.9413912666634905,3.329140709197313,0.4512253724168563,0.07608505237609386,0.3751403200407624,1.0,9.350476317607033,1.0,1.0,1.0,2.220446049250313e-16
3034,independent,0.1103515625,False,4_to_5,0.0,0.0,0.0,0.0,0.0,0.0,0.0,0.5,0.0,0.0,0.0,0.0,0.0,0.5,0.0,0.0,0.0,0.0,0.0,0.5,0.0,0.0,0.0,0.0,0.0
3034,independent,0.1103515625,False,5_to_6,0.0,0.0,0.0,0.0,0.0,0.0,0.0,0.5,0.0,0.0,0.0,0.0,0.0,0.5,0.0,0.0,0.0,0.0,0.0,0.5,0.0,0.0,0.0,0.0,0.0
3034,independent,0.1103515625,False,6_to_7,0.0,0.0,0.0,0.0,0.0,0.0,0.0,0.5,0.0,0.0,0.0,0.0,0.0,0.5,0.0,0.0,0.0,0.0,0.0,0.5,0.0,0.0,0.0,0.0,0.0
3034,distributed,1.0,True,4_to_5,0.34699282749173793,0.5086432450844993,0.37536736475011917,0.7379776854949889,0.7677234444829908,0.2897583536237178,0.08560901112640135,1.0,0.41128113772610797,-0.0359137729759888,1.0908027171318617,0.42708102724188546,0.6637216898899763,1.0,2.909169693636742,-1.8183669765048804,0.11130184251149787,0.044767035431237445,0.06653480708026042,1.0,3.5766076345531346,1.0,1.0,1.0,2.220446049250313e-16
3034,distributed,1.0,True,5_to_6,0.5086432450844993,0.639894337018158,0.5147702591856749,0.8044613452659255,0.7656629298699126,0.36797900412982765,0.14679125505584723,1.0,0.553982393138873,-0.039212133953198114,0.9889973501014812,0.4535536750104837,0.5354436750909974,1.0,3.3925412458962776,-2.4035438957947965,0.15699224707488924,0.04983545307928334,0.1071567939956059,1.0,3.0663240027842913,1.0,1.0,1.0,2.498001805406602e-16
3034,distributed,1.0,True,6_to_7,0.639894337018158,0.7312639432456931,0.5624325655796404,0.7691238858069499,0.7457566722598165,0.4186071262546447,0.1438254393249957,1.0,0.6414872360740269,-0.07905467049438653,1.1497069544562952,0.3685508999343944,0.7811560545219008,1.0,3.166457922850659,-2.016750968394364,0.18438803956465813,0.0476999728855964,0.13668806667906172,1.0,2.609597212633835,1.0,1.0,1.0,2.498001805406602e-16
3034,central_shared,1.0,True,4_to_5,0.2888864298747476,0.45382518673538913,0.3941459646722274,0.8684973337586951,0.8055657211390077,0.2419974602246639,0.1521485044475635,1.0,0.33615299983616675,0.057992964836060645,0.6310321862999768,0.10317282315825946,0.5278593631417173,1.0,1.1964348827479927,-0.5654026964480159,0.08561922322348807,0.016044996223263067,0.069574227000225,1.0,1.8630952135640235,1.0,1.0,0.999755859375,2.220446049250313e-16
3034,central_shared,1.0,True,5_to_6,0.45382518673538913,0.6181678530105108,0.5606353425492296,0.9069306011610039,0.9021628698734908,0.3389194958135374,0.22171584673569222,1.0,0.39896345420241514,0.1616718883468145,1.5258963937541186,0.21980231911780027,1.3060940746363183,1.0,0.6792852239021321,0.8466111698519865,0.20700327637333618,0.03511911043393777,0.17188416593939843,1.0,4.223663282641102,1.0,1.0,1.0,2.220446049250313e-16
3034,central_shared,1.0,True,6_to_7,0.6181678530105108,0.7390845465108815,0.6985995282322062,0.9452227509426362,0.912197628982935,0.4213286772028545,0.2772708510293517,1.0,0.4864778648993767,0.21212166333282945,2.003995407335967,0.27814546926619643,1.7258499380697705,1.0,0.8648404493634584,1.1391549579725084,0.25001866128474964,0.0442602675323779,0.20575839375237176,1.0,5.536762178386883,1.0,1.0,1.0,2.498001805406602e-16
3034,directional_relay,1.0,True,4_to_5,0.3920984283826833,0.5524708947070076,0.4261433025884583,0.7713407288441054,0.8705792809204619,0.2768943401250818,0.1492489624633765,1.0,0.4025493981558826,0.023593904432575696,2.5228357366357677,0.326309943107583,2.1965257935281848,1.0,2.824183493455599,-0.3013477568198315,0.23050152448741448,0.04053518982740016,0.18996633466001434,1.0,3.276219508088508,1.0,1.0,1.0,2.498001805406602e-16
3034,directional_relay,1.0,True,5_to_6,0.5524708947070076,0.7127811517208218,0.6351326091646876,0.8910625759832842,0.9158957031613602,0.34297992712045333,0.2921526820442343,1.0,0.4727540574120638,0.16237855175262383,4.080945252744585,0.3163996666668833,3.764545586077702,1.0,2.6022247790342843,1.4787204737103008,0.3162468032352083,0.04816724513654781,0.2680795580986605,1.0,5.0862945909517,1.0,1.0,1.0,2.3592239273284576e-16
3034,directional_relay,1.0,True,6_to_7,0.7127811517208218,0.7856715653327502,0.7821128147154971,0.9954704347538073,0.9735363456140574,0.42064103025582356,0.36147178445967354,1.0,0.4611535699050139,0.3209592448104832,5.967332949670292,0.2532934908493434,5.714039458820948,1.0,0.6625614992204246,5.304771450449867,0.4409901047560882,0.04659739650365667,0.3943927082524315,1.0,7.863196094622061,1.0,1.0,1.0,2.220446049250313e-16
3034,four_channel_crossbar,1.0,True,4_to_5,0.45243806954026583,0.5843809130331268,0.5573193613238968,0.9536919308867025,0.9269916333065304,0.3251885692087922,0.23213079211510462,1.0,0.3971810802063409,0.1601382811175559,2.585394511514102,0.4719666093328343,2.113427902181268,1.0,1.9286961242831204,0.6566983872309817,0.2968054522265801,0.05758111677700342,0.2392243354495767,1.0,5.2003051263405435,1.0,1.0,1.0,2.498001805406602e-16
3034,four_channel_crossbar,1.0,True,5_to_6,0.5843809130331268,0.68171376615438,0.6759692966899724,0.9915734876577119,0.9364156277240112,0.40467865579956724,0.27129064089040517,1.0,0.5068686038453668,0.1691006928446056,2.780118143721124,0.4003698471046082,2.379748296616516,1.0,1.4274346460237353,1.352683497697389,0.34724636126085134,0.05758708415603575,0.2896592771048156,1.0,5.417551712394676,1.0,1.0,1.0,2.220446049250313e-16
3034,four_channel_crossbar,1.0,True,6_to_7,0.68171376615438,0.7678559162179651,0.7591616168795807,0.9886771734712839,0.9351873483685573,0.44464881226378566,0.31451280461579506,1.0,0.5602414800468642,0.19892013683271648,3.372683753177555,0.29192001407085,3.080763739106705,1.0,0.31491865602667635,3.0577650971508783,0.3666075910842846,0.045550175399538755,0.32105741568474583,1.0,5.958223616641471,1.0,1.0,1.0,2.220446049250313e-16
3035,independent,0.1103515625,False,4_to_5,0.0,0.0,0.0,0.0,0.0,0.0,0.0,0.5,0.0,0.0,0.0,0.0,0.0,0.5,0.0,0.0,0.0,0.0,0.0,0.5,0.0,0.0,0.0,0.0,0.0
3035,independent,0.1103515625,False,5_to_6,0.0,0.0,0.0,0.0,0.0,0.0,0.0,0.5,0.0,0.0,0.0,0.0,0.0,0.5,0.0,0.0,0.0,0.0,0.0,0.5,0.0,0.0,0.0,0.0,0.0
3035,independent,0.1103515625,False,6_to_7,0.0,0.0,0.0,0.0,0.0,0.0,0.0,0.5,0.0,0.0,0.0,0.0,0.0,0.5,0.0,0.0,0.0,0.0,0.0,0.5,0.0,0.0,0.0,0.0,0.0
3035,distributed,1.0,True,4_to_5,0.23018560964571816,0.31449847781933427,0.2682187588497108,0.852845968315913,0.5043148920544702,0.22048559184326583,0.047733167006444976,1.0,0.29163137985336446,-0.023412621003653655,0.2267680269031899,0.03676271772611943,0.19000530917707048,1.0,0.8458873500966148,-0.6191193231934249,0.04808091026756875,0.007484800182194851,0.0405961100853739,1.0,0.8101153593560808,1.0,0.999267578125,0.999755859375,2.220446049250313e-16
3035,distributed,1.0,True,5_to_6,0.31449847781933427,0.4935217031827175,0.3708424305752233,0.7514207139902125,0.6040920349057103,0.2740676694652997,0.09677476110992361,1.0,0.37424776833683515,-0.0034053377616118374,0.3855862088333808,0.05065521004241896,0.33493099879096183,1.0,0.9992842844561081,-0.6136980756227273,0.07517206946379719,0.01005787497899392,0.06511419448480327,1.0,1.2123237352983678,1.0,0.999755859375,0.99951171875,2.220446049250313e-16
3035,distributed,1.0,True,6_to_7,0.4935217031827175,0.6166310557815184,0.5235041585667002,0.84897468860567,0.7002010085445924,0.37557221184344525,0.14793194672325494,1.0,0.4888886961491778,0.03461546241752239,2.834774997445929,0.1422560106363012,2.6925189868096275,1.0,1.1600835503760538,1.674691447069875,0.1988003827784893,0.02543489984365186,0.17336548293483744,1.0,4.844668037674415,1.0,0.99951171875,0.999755859375,2.220446049250313e-16
3035,central_shared,1.0,True,4_to_5,0.1773263019581924,0.33009979178094356,0.19424475954324294,0.5884425388312425,0.6705908282704907,0.14629777769660557,0.04794698184663737,1.0,0.2256055411141788,-0.03136078157093586,0.0001720377816655842,0.010821104303971284,-0.010649066522305699,0.0,0.1922585711379941,-0.19208653335632853,0.00011200838908594702,0.0019398651559052286,-0.0018278567668192816,0.0,0.10101714450118995,0.98779296875,0.96875,0.925048828125,2.220446049250313e-16
3035,central_shared,1.0,True,5_to_6,0.33009979178094356,0.5400957395289345,0.4292562504547305,0.7947780718083853,0.8001547874824322,0.24535710664393484,0.18389914381079564,1.0,0.31558968243994073,0.11366656801478975,0.5010806490766613,0.10411761473949205,0.39696303433716923,1.0,0.37816451926321876,0.12291612981344252,0.10256205602779893,0.014109098871706527,0.0884529571560924,1.0,1.7937212229441808,1.0,0.98193359375,0.9599609375,2.220446049250313e-16
3035,central_shared,1.0,True,6_to_7,0.5400957395289345,0.7379939936867772,0.6512682018792945,0.882484420538128,0.877450940300813,0.3493828027222948,0.30188539915699963,1.0,0.4364626730099661,0.21480552886932835,1.084989360611883,0.2659782085522287,0.8190111520596544,1.0,0.6471988773092617,0.43779048330262127,0.2168910998850225,0.033187856777379045,0.18370324310764347,1.0,5.468410238537531,1.0,0.990966796875,0.98046875,2.3592239273284576e-16
3035,directional_relay,1.0,True,4_to_5,0.40110897304047866,0.5696631118344891,0.5814774068146624,1.0207390907621308,0.9737208457847607,0.2963439743559392,0.28513343245872325,1.0,0.2647460918473079,0.3167313149673545,5.35184094930149,0.7268209961689518,4.625019953132538,1.0,0.3030086890879595,5.048832260213531,0.4107359571280836,0.055136354728459416,0.3555996023996242,1.0,11.158792421953603,1.0,0.998046875,0.997314453125,2.220446049250313e-16
3035,directional_relay,1.0,True,5_to_6,0.5696631118344891,0.6985034386773397,0.7210598150797678,1.032292434300882,0.9669691383458284,0.3610515494564951,0.3600082656232727,1.0,0.3046896100974423,0.4163702049823255,6.116138828428281,0.7525685342091735,5.363570294219107,1.0,0.11106323845549773,6.005075589972783,0.436286694992047,0.06507250650410493,0.3712141884879421,1.0,10.635282451421983,1.0,0.999267578125,0.9990234375,2.220446049250313e-16
3035,directional_relay,1.0,True,6_to_7,0.6985034386773397,0.7687792397553215,0.7897151300860233,1.027232642673032,0.9725420349588249,0.4056756987186414,0.38403943136738194,1.0,0.368784079581131,0.4209310505048923,5.78596095674928,0.5511041073259284,5.234856849423352,1.0,0.1627193402718968,5.623241616477383,0.4440791499093135,0.06252803026463316,0.38155111964468036,1.0,10.3325854706831,1.0,0.999267578125,0.999755859375,2.220446049250313e-16
3035,four_channel_crossbar,1.0,True,4_to_5,0.32503261190030264,0.4508328369088566,0.3375394007932583,0.748701898263674,0.8399191552104013,0.24642375440913558,0.0911156463841227,1.0,0.38751239534910703,-0.04997299455584875,0.5771013973198613,0.2061414712780324,0.3709599260418289,1.0,1.575335450780398,-0.9982340534605367,0.12090229422143937,0.026497956295679997,0.09440433792575938,1.0,3.558690914601739,1.0,0.999755859375,0.999755859375,2.636779683484747e-16
3035,four_channel_crossbar,1.0,True,5_to_6,0.4508328369088566,0.6242837157463108,0.5485775017726071,0.8787310768098454,0.8514925837147805,0.29509431525372576,0.25348318651888135,1.0,0.39497014951124043,0.15360735226136668,3.493403137842175,0.30315532262415623,3.1902478152180187,1.0,1.604837195684441,1.8885659421577339,0.23247322098959247,0.03997555599316839,0.19249766499642407,1.0,6.300528952380402,1.0,1.0,1.0,2.220446049250313e-16
3035,four_channel_crossbar,1.0,True,6_to_7,0.6242837157463108,0.7623713317772414,0.7251553027005295,0.9511838555235888,0.9517511697622791,0.37238391872754684,0.3527713839729827,1.0,0.43852646348374646,0.28662883921678306,4.659536036700118,0.3109292929773512,4.348606743722766,1.0,0.6612742314165815,3.998261805283536,0.3920085726004488,0.04782591239051604,0.34418266020993277,1.0,8.377040849892973,1.0,1.0,1.0,2.498001805406602e-16
3036,independent,0.099365234375,False,4_to_5,0.0,0.0,0.0,0.0,0.0,0.0,0.0,0.5,0.0,0.0,0.0,0.0,0.0,0.5,0.0,0.0,0.0,0.0,0.0,0.5,0.0,0.0,0.0,0.0,0.0
3036,independent,0.099365234375,False,5_to_6,0.0,0.0,0.0,0.0,0.0,0.0,0.0,0.5,0.0,0.0,0.0,0.0,0.0,0.5,0.0,0.0,0.0,0.0,0.0,0.5,0.0,0.0,0.0,0.0,0.0
3036,independent,0.099365234375,False,6_to_7,0.0,0.0,0.0,0.0,0.0,0.0,0.0,0.5,0.0,0.0,0.0,0.0,0.0,0.5,0.0,0.0,0.0,0.0,0.0,0.5,0.0,0.0,0.0,0.0,0.0
3036,distributed,0.999755859375,True,4_to_5,0.3717325750233767,0.41265152599584387,0.4056738636410626,0.9830906663002343,0.6442495262271454,0.27701257129990053,0.12866129234116208,1.0,0.3658407626162522,0.03983310102481041,2.881427111238233,0.23524549089741187,2.646181620340821,1.0,1.6039180399632245,1.2775090712750083,0.29558279430713513,0.036397541571835654,0.25918525273529947,1.0,4.809107741125477,1.0,1.0,1.0,2.498001805406602e-16
3036,distributed,0.999755859375,True,5_to_6,0.41265152599584387,0.44332245210627813,0.3964228532987759,0.8942088347100928,0.5339301925595188,0.2870559240779387,0.10936692922083724,1.0,0.3795928776450458,0.016829975653730123,1.1282656920931506,0.12785752125636676,1.0004081708367838,1.0,0.8316960871886072,0.2965696049045434,0.12805350656361278,0.025531786995098053,0.10252171956851472,1.0,1.9788745370074508,1.0,1.0,1.0,2.498001805406602e-16
3036,distributed,0.999755859375,True,6_to_7,0.44332245210627813,0.5579219551845673,0.39308554630458387,0.7045529265370932,0.48326649683001793,0.3019891450059899,0.09109640129859398,1.0,0.3499639680619391,0.04312157824264479,0.2985626526957459,0.12575129588964434,0.17281135680610155,1.0,0.5152581708684153,-0.2166955181726694,0.06773517923950897,0.024488638227262292,0.04324654101224668,1.0,0.7029598043343256,1.0,1.0,1.0,2.498001805406602e-16
3036,central_shared,1.0,True,4_to_5,0.22162146737536126,0.37653106287403015,0.2531917931879085,0.6724326839207281,0.7112603917008415,0.18895653335402052,0.064235259833888,1.0,0.25172779797905553,0.0014639952088529862,0.021322411510760305,0.03054681517715343,-0.009224403666393124,0.03125,0.6081128351068665,-0.5867904235961062,0.0056066503945363345,0.004483278801543023,0.0011233715929933113,0.984375,0.18258823434391003,0.8662109375,0.9072265625,0.8275146484375,2.220446049250313e-16
3036,central_shared,1.0,True,5_to_6,0.37653106287403015,0.5733837991994768,0.4803828181023969,0.8378032633169578,0.8309154332153975,0.2839285974895235,0.19645422061287343,1.0,0.33810185127087194,0.14228096683152497,0.0859635485255202,0.06649901427898147,0.019464534246538726,1.0,0.8104117495599884,-0.7244482010344682,0.023767292395084526,0.009702735050090854,0.014064557344993673,1.0,1.2454438988620402,0.9814453125,0.954345703125,0.877197265625,2.220446049250313e-16
3036,central_shared,1.0,True,6_to_7,0.5733837991994768,0.7512314156439983,0.6913218396384796,0.9202515033877267,0.8957709686482855,0.38815213426508116,0.30316970537339843,1.0,0.42734362813122373,0.26397821150725587,1.860223726665497,0.2922362507152028,1.5679874759502943,1.0,0.8289965821668951,1.0312271444986019,0.23831667323180475,0.03590084679625402,0.20241582643555073,1.0,5.039314179761144,1.0,0.969970703125,0.916748046875,2.498001805406602e-16
3036,directional_relay,1.0,True,4_to_5,0.29716252335596854,0.43881882386349147,0.340885559313977,0.7768252881968899,0.8419557873895538,0.23089816674321878,0.10998739257075824,1.0,0.33680155293707004,0.004084006376906979,0.5359415559748938,0.14510885537813784,0.39083270059675596,1.0,1.529809182306981,-0.9938676263320873,0.06091877774571761,0.016642675377110363,0.044276102368607254,1.0,2.090028414321091,1.0,0.9970703125,0.99560546875,2.220446049250313e-16
3036,directional_relay,1.0,True,5_to_6,0.43881882386349147,0.5985483290538216,0.5240671239393007,0.8755635902747235,0.8987742675802022,0.30037781233206184,0.22368931160723882,1.0,0.39764542452234675,0.12642169941695391,1.8107996177061303,0.18687442815497812,1.6239251895511522,1.0,0.9375420553439032,0.8732575623622271,0.22909962399498063,0.023734494731671822,0.2053651292633088,1.0,5.754416479222806,1.0,0.9990234375,0.998046875,2.220446049250313e-16
3036,directional_relay,1.0,True,6_to_7,0.5985483290538216,0.7338625620268331,0.698039473573415,0.9511855621105956,0.9500727089466987,0.3795626620443149,0.3184768115291001,1.0,0.4371612621803558,0.2608782113930592,3.2048762202626837,0.224543149006164,2.9803330712565197,1.0,0.060403194116174494,3.144473026146509,0.3803839035242695,0.033737745393292023,0.34664615813097743,1.0,9.46639148080675,1.0,0.998291015625,0.99853515625,2.498001805406602e-16
3036,four_channel_crossbar,1.0,True,4_to_5,0.3077167543844223,0.5002059874447548,0.4086167391091634,0.8168969371928861,0.9383813194267849,0.24305703726905872,0.16555970184010468,1.0,0.29507159399577226,0.11354514511339114,0.862660975681395,0.14948762634981225,0.7131733493315827,1.0,1.7452848618652526,-0.8826238861838576,0.08392952584552177,0.016614852555663043,0.06731467328985873,1.0,3.1903453965627793,1.0,1.0,0.9990234375,2.498001805406602e-16
3036,four_channel_crossbar,1.0,True,5_to_6,0.5002059874447548,0.6963373505250203,0.6413525204899364,0.921037080671277,0.9769010221344696,0.337912899998499,0.3034396204914374,1.0,0.41597971692681407,0.22537280356312234,2.7319675790138853,0.2548630366489346,2.477104542364951,1.0,1.3538134314268293,1.378154147587056,0.22180646049984523,0.03164192667762956,0.19016453382221568,1.0,7.242215736083176,1.0,0.999755859375,0.999755859375,2.498001805406602e-16
3036,four_channel_crossbar,1.0,True,6_to_7,0.6963373505250203,0.8193799445255052,0.7947957299949208,0.9699965630171472,0.9859397846898408,0.4105161261921169,0.38427960380280385,1.0,0.5033930124676103,0.2914027175273105,4.035817114085058,0.29497817927532544,3.740838934809732,1.0,0.8557211526830789,3.1800959614019786,0.36282132642156784,0.04262534517855769,0.32019598124301013,1.0,8.922143601965631,1.0,1.0,1.0,2.498001805406602e-16
3037,independent,0.1064453125,False,4_to_5,0.0,0.0,0.0,0.0,0.0,0.0,0.0,0.5,0.0,0.0,0.0,0.0,0.0,0.5,0.0,0.0,0.0,0.0,0.0,0.5,0.0,0.0,0.0,0.0,0.0
3037,independent,0.1064453125,False,5_to_6,0.0,0.0,0.0,0.0,0.0,0.0,0.0,0.5,0.0,0.0,0.0,0.0,0.0,0.5,0.0,0.0,0.0,0.0,0.0,0.5,0.0,0.0,0.0,0.0,0.0
3037,independent,0.1064453125,False,6_to_7,0.0,0.0,0.0,0.0,0.0,0.0,0.0,0.5,0.0,0.0,0.0,0.0,0.0,0.5,0.0,0.0,0.0,0.0,0.0,0.5,0.0,0.0,0.0,0.0,0.0
3037,distributed,1.0,True,4_to_5,0.277358416408896,0.42077706301171747,0.3590339819937187,0.8532641475843008,0.7383569230778466,0.25562890768132496,0.10340507431239376,1.0,0.3297335340064912,0.02930044798722753,0.8493449837666869,0.34030528060914955,0.5090397031575373,1.0,2.1615009025802636,-1.3121559188135767,0.14517765953890294,0.04045158993150254,0.1047260696074004,1.0,3.1069507609362184,1.0,0.999267578125,0.999755859375,2.220446049250313e-16
3037,distributed,1.0,True,5_to_6,0.42077706301171747,0.5448435298597792,0.4866154876741262,0.8931288727964916,0.7491582599118712,0.346471871663616,0.14014361601051023,1.0,0.44203729655832424,0.04457819111580197,0.9781748836281233,0.45812016552596646,0.5200547181021569,1.0,2.145146135931997,-1.166971252303874,0.1408823243839111,0.05284667173708919,0.08803565264682191,1.0,3.9193009726593084,1.0,0.999755859375,1.0,2.498001805406602e-16
3037,distributed,1.0,True,6_to_7,0.5448435298597792,0.6796683110917147,0.5937757587114627,0.873625780430623,0.8114909996645543,0.4067682582803448,0.1870075004311179,1.0,0.4599955432988693,0.13378021541259338,1.5865533391512736,0.18740654912010996,1.3991467900311636,1.0,0.6215268617360251,0.9650264774152485,0.21732165245520527,0.03201855611078219,0.18530309634442307,1.0,5.738846816283703,1.0,0.99951171875,1.0,2.498001805406602e-16
3037,central_shared,1.0,True,4_to_5,0.3138974320892844,0.44924944814207113,0.4295665187640763,0.9561870816772372,0.9244092923092665,0.26921886194633393,0.16034765681774238,1.0,0.3172418144741188,0.1123247042899575,3.0100795252102435,0.19263713634339397,2.8174423888668496,1.0,0.320355598705025,2.6897239265052186,0.3011379971235346,0.029570889455241122,0.2715671076682935,1.0,7.785496524182972,1.0,1.0,0.9998779296875,2.220446049250313e-16
3037,central_shared,1.0,True,5_to_6,0.44924944814207113,0.5516736612714518,0.5286359506312286,0.9582403289163238,0.929258352583773,0.34457164956398545,0.18406430106724314,1.0,0.39103385380837624,0.13760209682285235,3.512621599851906,0.31092470612198053,3.2016968937299257,1.0,1.0574299468702282,2.4551916529816777,0.3230377200780265,0.04720508526955435,0.27583263480847214,1.0,7.417164389977746,1.0,0.999755859375,0.999755859375,2.220446049250313e-16
3037,central_shared,1.0,True,6_to_7,0.5516736612714518,0.6580207991232493,0.6509766911409427,0.9892950071005473,0.9470215781892456,0.37899325072713214,0.27198344041381056,1.0,0.44617294472290714,0.20480374641803556,3.635203360839126,0.24072028764222247,3.3944830731969033,1.0,0.8214693844967114,2.8137339763424145,0.39767959488237165,0.040464795116927924,0.35721479976544374,1.0,8.317902083599854,1.0,1.0,1.0,2.220446049250313e-16
3037,directional_relay,1.0,True,4_to_5,0.3812918201352787,0.5427768829783723,0.4380215802334662,0.8070011711440551,0.8783388532401394,0.28386829265548075,0.15415328757798546,1.0,0.35224662352038033,0.08577495671308588,1.0080372314519592,0.3035014098220644,0.7045358216298948,1.0,1.194414049166088,-0.18637681771412873,0.14113724576607356,0.033270932025096144,0.10786631374097741,1.0,4.010254297303153,1.0,1.0,0.999755859375,2.220446049250313e-16
3037,directional_relay,1.0,True,5_to_6,0.5427768829783723,0.6919233657422288,0.6438670238321509,0.9305467277311444,0.9420164023631697,0.3761540099811919,0.26771301385095897,1.0,0.3925880429543578,0.2512789808777931,2.1777378629322026,0.32677592218802753,1.850961940744175,1.0,0.4102672209516887,1.767470641980514,0.24531918750448348,0.04241964257447993,0.20289954493000356,1.0,6.5083777991774285,1.0,1.0,0.999755859375,2.220446049250313e-16
3037,directional_relay,1.0,True,6_to_7,0.6919233657422288,0.8163497759815688,0.8009167079521462,0.9810950299938944,0.9620414811756517,0.4619221393865872,0.338994568565559,1.0,0.5529499793176013,0.24796672863454494,4.025202273337089,0.33259643384236304,3.692605839494726,1.0,0.6652083178350204,3.359993955502069,0.37384732812026594,0.050127673760165636,0.3237196543601003,1.0,8.587276491662207,1.0,1.0,1.0,2.220446049250313e-16
3037,four_channel_crossbar,1.0,True,4_to_5,0.3747742171903228,0.5761831911773678,0.5254458180019562,0.9119422885771186,0.9626785883599263,0.2840467113917991,0.24139910661015712,1.0,0.30781044775662025,0.21763537024533597,1.9863120691264615,0.39787731963766865,1.588434749488793,1.0,0.9924970805094783,0.9938149886169833,0.17904119935080146,0.036389127406796784,0.14265207194400467,1.0,6.720211448897218,1.0,0.999755859375,0.999755859375,2.220446049250313e-16
3037,four_channel_crossbar,1.0,True,5_to_6,0.5761831911773678,0.7360321970079339,0.717463142725352,0.9747714103295109,0.9773053796540832,0.38128499313745834,0.3361781495878937,1.0,0.4112934819180187,0.3061696608073334,4.302423241057203,0.43553362161247566,3.866889619444727,1.0,0.5991115911635326,3.7033116498936702,0.3705288329265623,0.05003903315889129,0.320489799767671,1.0,8.970961241105314,1.0,1.0,1.0,2.220446049250313e-16
3037,four_channel_crossbar,1.0,True,6_to_7,0.7360321970079339,0.8444074259007509,0.8480148130819134,1.004272093151377,0.9785346987934491,0.4322868942288821,0.4157279188530313,1.0,0.4619951107379887,0.3860197023439247,4.697287822804646,0.25111875695306585,4.4461690658515804,1.0,0.3455092573628083,4.351778565441838,0.42856709916812724,0.03887652618248344,0.3896905729856438,1.0,9.623734633071921,1.0,1.0,1.0,2.220446049250313e-16
3038,independent,0.116455078125,False,4_to_5,0.0,0.0,0.0,0.0,0.0,0.0,0.0,0.5,0.0,0.0,0.0,0.0,0.0,0.5,0.0,0.0,0.0,0.0,0.0,0.5,0.0,0.0,0.0,0.0,0.0
3038,independent,0.116455078125,False,5_to_6,0.0,0.0,0.0,0.0,0.0,0.0,0.0,0.5,0.0,0.0,0.0,0.0,0.0,0.5,0.0,0.0,0.0,0.0,0.0,0.5,0.0,0.0,0.0,0.0,0.0
3038,independent,0.116455078125,False,6_to_7,0.0,0.0,0.0,0.0,0.0,0.0,0.0,0.5,0.0,0.0,0.0,0.0,0.0,0.5,0.0,0.0,0.0,0.0,0.0,0.5,0.0,0.0,0.0,0.0,0.0
3038,distributed,1.0,True,4_to_5,0.33378907077206843,0.3901010606424724,0.38020384712155,0.9746291037901247,0.3987546770710191,0.2653075115181554,0.11489633560339457,1.0,0.30662340696169454,0.07358044015985543,2.0887518294550866,0.2536338907890025,1.835117938666084,1.0,0.6786480300591134,1.4101037993959733,0.1748851343912864,0.03178239752566711,0.14310273686561928,1.0,3.727547953813244,1.0,1.0,0.999755859375,2.220446049250313e-16
3038,distributed,1.0,True,5_to_6,0.3901010606424724,0.4468684619015355,0.4299146389725095,0.9620608201865861,0.4096613109822525,0.2827393086498729,0.14717533032263658,1.0,0.3245866015770467,0.10532803739546276,0.765720952755702,0.13358508549272938,0.6321358672629726,1.0,0.5404587095750196,0.22526224318068233,0.12016201273607872,0.021157142018999778,0.09900487071707895,1.0,3.20780132448721,1.0,1.0,0.999755859375,2.220446049250313e-16
3038,distributed,1.0,True,6_to_7,0.4468684619015355,0.5919725858462672,0.37020943327657585,0.6253827324576778,0.3723333114367612,0.30515517721300134,0.06505425606357451,1.0,0.42800203570783923,-0.057792602431263385,0.3647431212698674,0.1498234397492903,0.2149196815205771,1.0,1.4637069566625047,-1.0989638353926372,0.06929717448018598,0.02275498634433676,0.04654218813584922,1.0,0.9556209164744526,1.0,1.0,0.999755859375,2.498001805406602e-16
3038,central_shared,1.0,True,4_to_5,0.3978436965484957,0.55888328853908,0.5361542065123399,0.9593312548561724,0.9401724151573692,0.2965324160135492,0.23962179049879073,1.0,0.3158497842251564,0.2203044222871835,2.222948617028359,0.38908615446860145,1.8338624625597577,1.0,1.4592297142637156,0.7637189027646436,0.269767297393603,0.046401746074824404,0.2233655513187786,1.0,6.278139214570994,1.0,1.0,1.0,2.220446049250313e-16
3038,central_shared,1.0,True,5_to_6,0.55888328853908,0.6893424555511881,0.6740870237552747,0.9778695890945591,0.9610091320246466,0.3654640312405139,0.30862299251476083,1.0,0.40459806967920176,0.269488954076073,3.136347736704547,0.4866737050926091,2.649674031611938,1.0,1.4044973787593322,1.7318503579452147,0.35615324872515997,0.06378393240438698,0.292369316320773,1.0,6.979034242648745,1.0,1.0,1.0,2.498001805406602e-16
3038,central_shared,1.0,True,6_to_7,0.6893424555511881,0.7360809397524418,0.7390064193708257,1.0039743993634282,0.9588868395646044,0.4237686709153108,0.3152377484555149,1.0,0.5122544935837516,0.22675192578707404,4.040477300439468,0.5488255956505922,3.4916517047888758,1.0,1.1942372223381377,2.8462400781013306,0.40485673990023124,0.07269351984390883,0.33216322005632243,1.0,8.088843975783217,1.0,1.0,1.0,2.220446049250313e-16
3038,directional_relay,1.0,True,4_to_5,0.261327177600505,0.479706531623834,0.34881293554061665,0.7271381825047597,0.7348859863224829,0.19330877756323706,0.1555041579773796,1.0,0.2933320148512614,0.05548092068935523,0.09934834974824665,0.13991805220756795,-0.0405697024593213,0.0,1.8047232814359981,-1.7053749316877516,0.03670237986867363,0.015471899993902385,0.02123047987477125,1.0,0.21682434012765442,1.0,0.999755859375,0.999755859375,2.498001805406602e-16
3038,directional_relay,1.0,True,5_to_6,0.479706531623834,0.5985981771507838,0.5127024395807296,0.8565051801879819,0.8833034818294712,0.3086785048791306,0.20402393470159896,1.0,0.41981581233264986,0.09288662724807972,1.205373973523242,0.2690371847934566,0.9363367887297854,1.0,2.047029832642374,-0.8416558591191319,0.18973983396858737,0.03463580887485208,0.1551040250937353,1.0,3.0554465465315888,1.0,0.999755859375,1.0,2.220446049250313e-16
3038,directional_relay,1.0,True,6_to_7,0.5985981771507838,0.7200978564010444,0.6546140480821212,0.9090626256739567,0.9116897527642965,0.3881426054812288,0.2664714426008924,1.0,0.5030145451424533,0.15159950293966795,2.0186378894439487,0.25275568321549946,1.7658822062284494,1.0,1.2146287435493976,0.8040091458945511,0.3083431215462595,0.039469923518107256,0.26887319802815224,1.0,5.550607690317199,1.0,1.0,1.0,2.498001805406602e-16
3038,four_channel_crossbar,1.0,True,4_to_5,0.2719518535962234,0.43487544391250016,0.34151222347259513,0.785310433718832,0.8679154728955347,0.22685515329558786,0.11465707017700727,1.0,0.280703837962609,0.06080838550998613,0.5324131658865401,0.09367830203466457,0.43873486385187555,1.0,0.8828218690708176,-0.3504087031842775,0.09781380953606122,0.014727753851929468,0.08308605568413176,1.0,2.3386629098962857,1.0,0.999755859375,1.0,2.220446049250313e-16
3038,four_channel_crossbar,1.0,True,5_to_6,0.43487544391250016,0.5845024483285296,0.5372856472533981,0.9192188138644161,0.9397017519690717,0.3271821720080989,0.2101034752452992,1.0,0.3976887184800878,0.1395969287733103,1.8961994702980582,0.2529200775366498,1.6432793927614084,1.0,1.2961505014750818,0.6000489688229764,0.23440247186415952,0.03658344621573685,0.19781902564842269,1.0,5.779449791495391,1.0,0.999755859375,1.0,2.220446049250313e-16
3038,four_channel_crossbar,1.0,True,6_to_7,0.5845024483285296,0.6913383380540403,0.6820847102653336,0.9866149072323204,0.9593162944095094,0.40864245530934856,0.273442254955985,1.0,0.4784184310038551,0.20366627926147846,2.5878050162398,0.32160859874799386,2.2661964174918063,1.0,0.5593287932473083,2.0284762229924915,0.3481640179940473,0.05184422775453855,0.2963197902395087,1.0,8.275894895163983,1.0,1.0,1.0,2.220446049250313e-16
3039,independent,0.120849609375,False,4_to_5,0.0,0.0,0.0,0.0,0.0,0.0,0.0,0.5,0.0,0.0,0.0,0.0,0.0,0.5,0.0,0.0,0.0,0.0,0.0,0.5,0.0,0.0,0.0,0.0,0.0
3039,independent,0.120849609375,False,5_to_6,0.0,0.0,0.0,0.0,0.0,0.0,0.0,0.5,0.0,0.0,0.0,0.0,0.0,0.5,0.0,0.0,0.0,0.0,0.0,0.5,0.0,0.0,0.0,0.0,0.0
3039,independent,0.120849609375,False,6_to_7,0.0,0.0,0.0,0.0,0.0,0.0,0.0,0.5,0.0,0.0,0.0,0.0,0.0,0.5,0.0,0.0,0.0,0.0,0.0,0.5,0.0,0.0,0.0,0.0,0.0
3039,distributed,1.0,True,4_to_5,0.2237602829907947,0.29475165037366163,0.24310875833975282,0.8247918477523697,0.37294179893009444,0.19682104960558217,0.04628770873417065,1.0,0.23707882320481719,0.006029935134935632,0.35307136285765905,0.0459766208227029,0.3070947420349561,1.0,0.16157592482206815,0.1914954380355909,0.0712588653669778,0.00934429803956865,0.06191456732740915,1.0,1.492579296488599,1.0,0.998779296875,0.99951171875,2.220446049250313e-16
3039,distributed,1.0,True,5_to_6,0.29475165037366163,0.488055444885431,0.29183359818591204,0.5979517311899241,0.47850526037111474,0.23461688725863783,0.057216710927274206,1.0,0.2863233365725658,0.0055102616133462234,0.20941657155666457,0.07814515034310554,0.13127142121355903,1.0,0.1294525362802981,0.07996403527636647,0.05658428931694472,0.015206090337954812,0.04137819897898991,1.0,1.8659079622396233,1.0,1.0,1.0,2.220446049250313e-16
3039,distributed,1.0,True,6_to_7,0.488055444885431,0.659789016965915,0.4751084959221321,0.7200915500336018,0.634159132663747,0.3500703329349001,0.12503816298723203,1.0,0.4429669508698014,0.03214154505233069,0.4768083105856214,0.2833972994597497,0.19341101112587172,1.0,0.7679901302243174,-0.291181819638696,0.12756767537145952,0.04939056818096904,0.07817710719049048,1.0,2.2551266428215326,1.0,0.999755859375,1.0,2.220446049250313e-16
3039,central_shared,1.0,True,4_to_5,0.4119208661222881,0.4638910325448997,0.467564747949852,1.0079193499059431,0.8557299304054726,0.30551069700452704,0.16205405094532493,1.0,0.33910157252645345,0.12846317542339852,5.1787923493334835,0.5294928693959831,4.6492994799375005,1.0,1.0650047908772304,4.113787558456253,0.37402610593309843,0.04743731950032,0.32658878643277844,1.0,7.23906873615907,1.0,1.0,1.0,2.220446049250313e-16
3039,central_shared,1.0,True,5_to_6,0.4638910325448997,0.5549180781826959,0.519303879992509,0.9358208002398841,0.8481230842098768,0.3305633926617907,0.18874048733071835,1.0,0.43681992777772893,0.08248395221478011,3.7772522907272865,0.47141251420209446,3.305839776525192,1.0,2.0746659249281385,1.702586365799148,0.28385377983549903,0.0491043207895954,0.23474945904590364,1.0,5.530120517214184,1.0,1.0,1.0,2.220446049250313e-16
3039,central_shared,1.0,True,6_to_7,0.5549180781826959,0.6936560686517501,0.6578179976897794,0.948334524007512,0.8691803130087103,0.364444554858976,0.29337344283080347,1.0,0.46960661951591864,0.1882113781738608,5.7277585038888725,0.3734637180160147,5.354294785872858,1.0,1.4847972604739124,4.24296124341496,0.33501691086672086,0.050356543885154724,0.28466036698156616,1.0,7.315928746614767,1.0,1.0,1.0,2.220446049250313e-16
3039,directional_relay,1.0,True,4_to_5,0.2520653892404008,0.44521070815613883,0.33752729572520457,0.7581293296450343,0.8149772398055274,0.1855918074611036,0.15193548826410097,1.0,0.2934081376580588,0.04411915806714578,0.06638369891152207,0.18418616918301547,-0.1178024702714934,0.0,2.6364530590296145,-2.5700693601180924,0.023730257406281274,0.02277417215756772,0.0009560852487135521,0.703125,0.7661101130885217,0.991455078125,0.996337890625,0.99609375,2.220446049250313e-16
3039,directional_relay,1.0,True,5_to_6,0.44521070815613883,0.6386896002863456,0.5760461370215317,0.901918767368799,0.93761908607607,0.2966586884989525,0.27938744852257924,1.0,0.45105042493938496,0.12499571208214677,0.3008902849335135,0.20600212435770754,0.09488816057580596,1.0,1.8342808144505895,-1.533390529517076,0.08798977755306081,0.027942140598033703,0.06004763695502711,1.0,3.034463330512248,1.0,0.9990234375,0.999267578125,2.220446049250313e-16
3039,directional_relay,1.0,True,6_to_7,0.6386896002863456,0.750818884866125,0.715345590139761,0.9527538592310593,0.9664694916647999,0.40052154259573974,0.3148240475440212,1.0,0.5974009030079352,0.11794468713182571,1.4156451880335408,0.3365886499695874,1.0790565380639534,1.0,1.3019672524207107,0.11367793561283013,0.27674551411300086,0.0451162696252862,0.23162924448771466,1.0,6.53025654048918,1.0,0.99951171875,0.99951171875,2.220446049250313e-16
3039,four_channel_crossbar,1.0,True,4_to_5,0.37565426445414385,0.2984860163017851,0.4126865752831482,1.3825993605874665,0.5820808998748002,0.2747518435230046,0.13793473176014365,1.0,0.34991822264484845,0.06276835263829977,1.6975898642543077,0.2712353293795612,1.4263545348747466,1.0,0.9067819175100951,0.7908079467442126,0.22174096753625816,0.036412865625098836,0.18532810191115934,1.0,4.460278230443141,1.0,1.0,1.0,2.220446049250313e-16
3039,four_channel_crossbar,1.0,True,5_to_6,0.2984860163017851,0.31081994481322,0.34614926508621546,1.1136649074892082,0.502466992778187,0.2201052236384321,0.12604404144778336,1.0,0.35222026925098154,-0.006071004164766081,0.44720776069838797,0.07045507533266568,0.37675268536572226,1.0,0.7064274695568137,-0.2592197088584257,0.07525343948427073,0.013624319928622192,0.06162911955564854,1.0,1.21439813690367,1.0,1.0,1.0,2.220446049250313e-16
3039,four_channel_crossbar,1.0,True,6_to_7,0.31081994481322,0.49012323812425584,0.2919183012904013,0.5956018376267935,0.5151764266846555,0.20254417032168254,0.08937413096871877,1.0,0.3376382833606394,-0.045719982070238085,0.00370621684540203,0.10145760716433481,-0.09775139031893279,0.0,1.1787697990067103,-1.1750635821613082,0.002222132803090979,0.012528943940072399,-0.01030681113698142,0.0,0.01047573561852808,1.0,1.0,1.0,2.220446049250313e-16
3040,independent,0.11181640625,False,4_to_5,0.0,0.0,0.0,0.0,0.0,0.0,0.0,0.5,0.0,0.0,0.0,0.0,0.0,0.5,0.0,0.0,0.0,0.0,0.0,0.5,0.0,0.0,0.0,0.0,0.0
3040,independent,0.11181640625,False,5_to_6,0.0,0.0,0.0,0.0,0.0,0.0,0.0,0.5,0.0,0.0,0.0,0.0,0.0,0.5,0.0,0.0,0.0,0.0,0.0,0.5,0.0,0.0,0.0,0.0,0.0
3040,independent,0.11181640625,False,6_to_7,0.0,0.0,0.0,0.0,0.0,0.0,0.0,0.5,0.0,0.0,0.0,0.0,0.0,0.5,0.0,0.0,0.0,0.0,0.0,0.5,0.0,0.0,0.0,0.0,0.0
3040,distributed,1.0,True,4_to_5,0.2691861469039717,0.3347550246854817,0.3145250167364226,0.9395677242841503,0.5669501544101508,0.24235148004766147,0.07217353668876111,1.0,0.31008937125367786,0.004435645482744721,0.5561747903028698,0.04873930495531045,0.5074354853475593,1.0,0.4087634904386471,0.14741129986422263,0.08747194900025461,0.010112821715230935,0.07735912728502367,1.0,2.4758563843146995,1.0,1.0,1.0,2.220446049250313e-16
3040,distributed,1.0,True,5_to_6,0.3347550246854817,0.47566595532741196,0.33494774967864693,0.7041659087165374,0.6376106194390594,0.2642591163284006,0.07068863335024633,1.0,0.30760859088668163,0.0273391587919653,0.35300890524397655,0.055827045315473195,0.2971818599285033,1.0,0.19776021453140805,0.1552486907125685,0.05396936768542534,0.010821870414362972,0.04314749727106237,1.0,1.7800174040935053,1.0,0.999755859375,1.0,2.220446049250313e-16
3040,distributed,1.0,True,6_to_7,0.47566595532741196,0.6189657462792748,0.41996185928084867,0.6784896608662471,0.6411126368261404,0.3423637835056723,0.07759807577517636,1.0,0.42866675119912595,-0.00870489191827728,0.06514560713447637,0.10731123509150153,-0.042165627957025165,0.0,0.5873015396312691,-0.5221559324967927,0.020664683346072254,0.020427818196246894,0.00023686514982535975,0.5625,1.1418233193950915,1.0,1.0,1.0,2.498001805406602e-16
3040,central_shared,1.0,True,4_to_5,0.30334276610364,0.4828564548032439,0.41041046420566063,0.8499637110016396,0.8657448213705239,0.22769498383450615,0.18271548037115448,1.0,0.31228631656252376,0.09812414764313687,0.8295569443447093,0.15750912619430693,0.6720478181504024,1.0,1.8776741114148612,-1.048117167070152,0.12586522708589012,0.019633640736444295,0.10623158634944582,1.0,3.3425170850253734,1.0,0.99951171875,0.9990234375,2.220446049250313e-16
3040,central_shared,1.0,True,5_to_6,0.4828564548032439,0.6425728346903787,0.5957723436938054,0.9271670253238701,0.9230205849904243,0.3259588773904922,0.2698134663033132,1.0,0.3750569508531838,0.22071539284062158,2.733247227947021,0.4034452171492363,2.3298020107977844,1.0,1.737893206518794,0.9953540214282268,0.29236842025616266,0.043605571449700446,0.2487628488064622,1.0,6.774297749133456,1.0,0.999755859375,0.99951171875,2.220446049250313e-16
3040,central_shared,1.0,True,6_to_7,0.6425728346903787,0.7399976343828326,0.7439309497592741,1.0053153080411155,0.9636862339878811,0.41988346337925375,0.32404748638002034,1.0,0.4624144613689252,0.2815164883903489,3.527942748789185,0.40407354838911624,3.1238692004000685,1.0,0.27119871491478975,3.256744033874395,0.4421293450849317,0.04847589477988905,0.3936534503050426,1.0,9.793441986943796,1.0,1.0,0.999755859375,2.498001805406602e-16
3040,directional_relay,1.0,True,4_to_5,0.4600781603530497,0.5086041481322757,0.5455941272594961,1.0727284259537737,0.8917049448819566,0.360669853143899,0.1849242741155971,1.0,0.4316785890792238,0.11391553818027228,0.9552596295207356,0.5616737554856637,0.39358587403507195,1.0,0.9213060222646574,0.03395360725607821,0.16123601895379433,0.07293284276248799,0.08830317619130634,1.0,3.0599530734889764,1.0,1.0,1.0,2.220446049250313e-16
3040,directional_relay,1.0,True,5_to_6,0.5086041481322757,0.556628393127654,0.5497924276026565,0.9877189780302317,0.8624632741695923,0.3882766668421896,0.16151576076046686,1.0,0.555017453387038,-0.005225025784381554,0.4740210111672042,0.46111767706119255,0.012903334106011632,0.71875,2.8172090148798437,-2.3431880037126396,0.0926898668976111,0.06674624606840837,0.025943620829202735,1.0,1.5333629419286203,1.0,1.0,1.0,2.220446049250313e-16
3040,directional_relay,1.0,True,6_to_7,0.556628393127654,0.6568515741345542,0.5937752321434362,0.903971696993761,0.8685780749146133,0.3998303398793682,0.19394489226406797,1.0,0.5534695352262209,0.040305696917215306,1.0098020683878888,0.3782299811527332,0.6315720872351556,1.0,2.151563544126741,-1.1417614757388521,0.15256107378316855,0.05784048400543022,0.09472058977773833,1.0,2.4254075498690177,1.0,1.0,1.0,2.220446049250313e-16
3040,four_channel_crossbar,1.0,True,4_to_5,0.29636620882775117,0.29998975313934567,0.3216242496490741,1.07211745162402,0.6080464481288719,0.24418078753155237,0.07744346211752173,1.0,0.38690972695605647,-0.06528547730698236,0.26779822527728137,0.19782480706997257,0.06997341820730879,1.0,2.7771333823904283,-2.509335157113147,0.05894664831538684,0.030596864174930755,0.028349784140456084,1.0,1.5008593010727933,1.0,1.0,1.0,2.220446049250313e-16
3040,four_channel_crossbar,1.0,True,5_to_6,0.29998975313934567,0.37009473729149367,0.30916539621033445,0.8353682586057145,0.40035688074658854,0.24500787060817092,0.06415752560216353,1.0,0.37435012248388144,-0.06518472627354699,0.06374842353210251,0.10601205915900187,-0.04226363562689936,0.0,1.8190509116039908,-1.7553024880718884,0.019009133145748088,0.019211263341158732,-0.00020213019541064428,0.40625,0.3560840160154506,1.0,1.0,1.0,2.220446049250313e-16
3040,four_channel_crossbar,1.0,True,6_to_7,0.37009473729149367,0.5332205881614865,0.344227202769645,0.6455624752909866,0.6323515836372205,0.27109487977152696,0.07313232299811806,1.0,0.431184558003158,-0.086957355233513,0.003301399788057569,0.12035820671426856,-0.11705680692621098,0.0,1.3938023014412748,-1.3905009016532173,0.0020849969089751963,0.020242959607327332,-0.018157962698352136,0.0,0.10682038583060846,1.0,1.0,1.0,2.220446049250313e-16
3041,independent,0.120849609375,False,4_to_5,0.0,0.0,0.0,0.0,0.0,0.0,0.0,0.5,0.0,0.0,0.0,0.0,0.0,0.5,0.0,0.0,0.0,0.0,0.0,0.5,0.0,0.0,0.0,0.0,0.0
3041,independent,0.120849609375,False,5_to_6,0.0,0.0,0.0,0.0,0.0,0.0,0.0,0.5,0.0,0.0,0.0,0.0,0.0,0.5,0.0,0.0,0.0,0.0,0.0,0.5,0.0,0.0,0.0,0.0,0.0
3041,independent,0.120849609375,False,6_to_7,0.0,0.0,0.0,0.0,0.0,0.0,0.0,0.5,0.0,0.0,0.0,0.0,0.0,0.5,0.0,0.0,0.0,0.0,0.0,0.5,0.0,0.0,0.0,0.0,0.0
3041,distributed,1.0,True,4_to_5,0.391147335042782,0.5286667126556746,0.41428494447342257,0.7836410626126372,0.7691575563475264,0.293049157691599,0.12123578678182356,1.0,0.4231196733907146,-0.008834728917292034,1.1527747716458754,0.3137555617225338,0.8390192099233416,1.0,4.154521329395343,-3.0017465577494677,0.14141448829514638,0.03784160144776904,0.10357288684737734,1.0,3.03309323222835,1.0,0.996826171875,0.99755859375,2.220446049250313e-16
3041,distributed,1.0,True,5_to_6,0.5286667126556746,0.6217702204264874,0.5094571300556059,0.8193656005367332,0.8152520257735294,0.3724858333789838,0.1369712966766221,1.0,0.5006097414108239,0.008847388644781962,0.3366190508348027,0.34462254102198187,-0.008003490187179163,0.3125,2.931404977900139,-2.5947859270653364,0.0769043366329225,0.04895599530495457,0.027948341327967925,1.0,2.071345678885705,1.0,0.99658203125,0.996826171875,2.498001805406602e-16
3041,distributed,1.0,True,6_to_7,0.6217702204264874,0.7139480608646402,0.5568728722445349,0.7799907342981274,0.8456245427859369,0.4207184891802829,0.13615438306425198,1.0,0.580912688035744,-0.024039815791209174,0.7517810333730104,0.24872295948158352,0.5030580738914269,1.0,1.532811326761786,-0.7810302933887756,0.17201174044619127,0.04538606934438816,0.12662567110180312,1.0,3.0606941622814063,1.0,0.99853515625,0.99853515625,2.3592239273284576e-16
3041,central_shared,1.0,True,4_to_5,0.410652903159918,0.5387417164449096,0.5252581420429223,0.9749720988919073,0.9364812783182604,0.34552431524119565,0.17973382680172667,1.0,0.37943249942002377,0.14582564262289854,1.4294333866913813,0.6332605403304405,0.7961728463609408,1.0,2.7190179173700484,-1.289584530678667,0.1756981980319192,0.0682107073631264,0.10748749066879279,1.0,4.041943836612043,1.0,0.999755859375,1.0,2.220446049250313e-16
3041,central_shared,1.0,True,5_to_6,0.5387417164449096,0.6499601298824895,0.6309529914780067,0.9707564548491316,0.954032657986704,0.4053008030643851,0.22565218841362156,1.0,0.4453587066793761,0.18559428479863055,2.670340524295947,0.7413031130661697,1.9290374112297775,1.0,2.4796941173139047,0.19064640698204238,0.29797120724624304,0.07921676783071041,0.21875443941553263,1.0,6.167880317678155,1.0,1.0,1.0,2.220446049250313e-16
3041,central_shared,1.0,True,6_to_7,0.6499601298824895,0.7103093003406231,0.6862049146386551,0.9660649442568062,0.9524037839360857,0.4550593457061405,0.2311455689325146,1.0,0.47088509534614975,0.21531981929250532,2.728654827285273,1.0031602488098876,1.7254945784753852,1.0,1.7914114395793355,0.9372433877059374,0.3730720302984795,0.11063089898405035,0.26244113131442914,1.0,7.377169743898878,1.0,1.0,1.0,2.220446049250313e-16
3041,directional_relay,1.0,True,4_to_5,0.2572932423258816,0.4428858828737622,0.3437317584948581,0.7761181193324095,0.9043205001829984,0.2298492659620383,0.11388249253281979,1.0,0.2978545539333678,0.0458772045614903,0.09062439346424271,0.1984930644325799,-0.1078686709683372,0.0,1.419915670769354,-1.3292912773051113,0.024014696177219175,0.022872968273889592,0.0011417279033295834,0.828125,1.2389309701232054,1.0,0.999267578125,0.99951171875,2.220446049250313e-16
3041,directional_relay,1.0,True,5_to_6,0.4428858828737622,0.587677423991758,0.5324040281561342,0.9059460282476343,0.9260887068180192,0.3392076899918961,0.1931963381642381,1.0,0.4394219093164252,0.09298211883970897,1.5851127706956996,0.35739537155587664,1.227717399139823,1.0,2.5232259590875077,-0.9381131883918081,0.22198015992092146,0.04283218108870582,0.17914797883221564,1.0,4.671303279991642,1.0,1.0,0.999755859375,2.220446049250313e-16
3041,directional_relay,1.0,True,6_to_7,0.587677423991758,0.7215007784090557,0.6580121064566707,0.9120047076146188,0.9157238805645633,0.4019207975173842,0.25609130893928655,1.0,0.5551721796000405,0.10283992685663024,2.706033017941199,0.2948851535945251,2.411147864346674,1.0,1.9000487444265184,0.8059842735146805,0.29359797110597996,0.04361383181730437,0.24998413928867558,1.0,6.886912606147612,1.0,0.999755859375,1.0,2.220446049250313e-16
3041,four_channel_crossbar,1.0,True,4_to_5,0.27966532975834674,0.45034786081979944,0.30122930804403003,0.6688814009145762,0.8771365285607089,0.23585087155174606,0.06537843649228398,1.0,0.36231622177532685,-0.06108691373129682,0.000838706382569667,0.14066656657901985,-0.1398278601964502,0.0,2.7211598751492874,-2.7203211687667177,0.0005332700447365353,0.017818701771926765,-0.01728543172719023,0.0,0.24417143477937753,1.0,1.0,0.999755859375,2.220446049250313e-16
3041,four_channel_crossbar,1.0,True,5_to_6,0.45034786081979944,0.5956340807276221,0.48745240777774346,0.818375616086768,0.8827920950931367,0.3446765699123593,0.14277583786538417,1.0,0.4994444463014136,-0.011992038523670145,0.7232986627514849,0.3108373277366733,0.41246133501481164,1.0,3.059043888815671,-2.3357452260641858,0.10718912865467316,0.04041536193103196,0.0667737667236412,1.0,1.779407778593462,1.0,1.0,1.0,2.636779683484747e-16
3041,four_channel_crossbar,1.0,True,6_to_7,0.5956340807276221,0.7599294623640207,0.674033103906046,0.8869679849090668,0.9274005165753152,0.4033841863575073,0.2706489175485387,1.0,0.5818827805466729,0.09215032335937312,2.041268272892875,0.31273055405151085,1.7285377188413642,1.0,2.432315069325898,-0.39104679643302287,0.20363447376631016,0.04434649878786698,0.1592879749784432,1.0,4.28016358036722,1.0,1.0,1.0,2.498001805406602e-16
3042,independent,0.10888671875,False,4_to_5,0.0,0.0,0.0,0.0,0.0,0.0,0.0,0.5,0.0,0.0,0.0,0.0,0.0,0.5,0.0,0.0,0.0,0.0,0.0,0.5,0.0,0.0,0.0,0.0,0.0
3042,independent,0.10888671875,False,5_to_6,0.0,0.0,0.0,0.0,0.0,0.0,0.0,0.5,0.0,0.0,0.0,0.0,0.0,0.5,0.0,0.0,0.0,0.0,0.0,0.5,0.0,0.0,0.0,0.0,0.0
3042,independent,0.10888671875,False,6_to_7,0.0,0.0,0.0,0.0,0.0,0.0,0.0,0.5,0.0,0.0,0.0,0.0,0.0,0.5,0.0,0.0,0.0,0.0,0.0,0.5,0.0,0.0,0.0,0.0,0.0
3042,distributed,1.0,True,4_to_5,0.32519403136603225,0.4627332908204042,0.3468265368551601,0.7495171489396257,0.7638647357100301,0.2641235918133973,0.08270294504176279,1.0,0.352410323421503,-0.005583786566342952,0.5876683537866745,0.18860223198077697,0.3990661218058975,1.0,2.0979116157004176,-1.5102432619137431,0.06997736656953575,0.023610513023532568,0.04636685354600319,1.0,2.428657696067287,1.0,0.999755859375,0.99951171875,2.220446049250313e-16
3042,distributed,1.0,True,5_to_6,0.4627332908204042,0.5894855637849634,0.4792410364822175,0.8129818029895611,0.8504281188277705,0.3367468677277325,0.142494168754485,1.0,0.4270135801542623,0.052227456327955224,0.832365004920672,0.13781807959487774,0.6945469253257943,1.0,1.1434977692996648,-0.31113276437899284,0.14202363204024512,0.02259513100299193,0.11942850103725319,1.0,4.112965434701615,1.0,0.99951171875,0.99951171875,2.498001805406602e-16
3042,distributed,1.0,True,6_to_7,0.5894855637849634,0.7052983081637281,0.6002895631721025,0.8511144238173206,0.8730855768738148,0.3783332283984445,0.22195633477365795,1.0,0.5140076711234485,0.086281892048654,1.7604021138375132,0.11809085806782713,1.6423112557696862,1.0,0.7194200913296385,1.0409820225078747,0.26837870772380074,0.022588705219067317,0.24579000250473343,1.0,6.124658671365367,1.0,0.999755859375,0.999755859375,2.498001805406602e-16
3042,central_shared,1.0,True,4_to_5,0.3679991934674136,0.453881894387587,0.4576423354825726,1.008285065215169,0.8157284876081903,0.3170769742649845,0.14056536121758811,1.0,0.37977912568918554,0.07786320979338707,1.0066736278981865,0.23615048697678512,0.7705231409214014,1.0,1.9221859096288656,-0.9155122817306791,0.10100315179260609,0.030059007747468607,0.07094414404513749,1.0,3.653083208735001,0.99755859375,0.991455078125,0.987060546875,2.220446049250313e-16
3042,central_shared,1.0,True,5_to_6,0.453881894387587,0.593151766698373,0.5335532066654297,0.8995222413907938,0.7971419992264773,0.3598684939285314,0.17368471273689834,1.0,0.431978398866468,0.10157480779896172,0.8754690054241212,0.25673439011813437,0.6187346153059868,1.0,2.6259321491059175,-1.7504631436817963,0.12579043569765105,0.03140874636388459,0.09438168933376646,1.0,3.349298052666894,0.990966796875,0.9951171875,0.9903564453125,2.220446049250313e-16
3042,central_shared,1.0,True,6_to_7,0.593151766698373,0.7132156777411451,0.6629874560015634,0.9295749892954378,0.820009808439995,0.4246314303823141,0.2383560256192493,1.0,0.5134063681339185,0.1495810878676449,2.4445811669626356,0.4339291342719489,2.010652032690687,1.0,1.7743511668006806,0.670230000161955,0.24940241430910878,0.05383037109035484,0.19557204321875393,1.0,4.721033018621729,0.99755859375,0.996337890625,0.990478515625,2.498001805406602e-16
3042,directional_relay,1.0,True,4_to_5,0.2660156898422517,0.3606713355473085,0.27500258697107755,0.7624741970519197,0.7011518546212714,0.23067348022241338,0.044329106748664165,1.0,0.3358457465712252,-0.060843159600147634,0.06836619038046947,0.12560477961049116,-0.05723858923002169,0.0,1.3869227657857364,-1.3185565754052668,0.016833219868653455,0.01659995955743605,0.00023326031121740504,0.59375,0.38693819769899057,1.0,1.0,1.0,2.220446049250313e-16
3042,directional_relay,1.0,True,5_to_6,0.3606713355473085,0.5150473455459728,0.417823374063397,0.8112329432947293,0.8024802936554767,0.28362938925566905,0.13419398480772793,1.0,0.364045771759085,0.053777602304312,0.004970673198967836,0.11376227645412484,-0.10879160325515701,0.0,1.4971055233215267,-1.4921348501225589,0.003121850249712753,0.018224443079632453,-0.0151025928299197,0.0,0.14223936572093057,1.0,1.0,1.0,2.220446049250313e-16
3042,directional_relay,1.0,True,6_to_7,0.5150473455459728,0.6951578578572765,0.624342730984779,0.89813086902193,0.841658448875379,0.3385247199540672,0.2858180110307118,1.0,0.3927622888218802,0.2315804421628988,1.7657217204276792,0.38396489951335827,1.381756820914321,1.0,2.0156149380432806,-0.24989321761560146,0.21422239339697316,0.04773473242269485,0.1664876609742783,1.0,3.7921995343656074,1.0,1.0,1.0,2.220446049250313e-16
3042,four_channel_crossbar,1.0,True,4_to_5,0.3046791515480921,0.45601156480127264,0.3691351091876104,0.8094862886832211,0.8591365825723651,0.24497604585767638,0.12415906332993401,1.0,0.29546670294195443,0.07366840624565596,0.9961256676754167,0.16254977461904904,0.8335758930563676,1.0,1.0331339144453513,-0.03700824676993464,0.14245497427874998,0.022663996744341067,0.11979097753440891,1.0,4.015107908185063,1.0,1.0,1.0,2.220446049250313e-16
3042,four_channel_crossbar,1.0,True,5_to_6,0.45601156480127264,0.6029743357377794,0.5453011651594785,0.9043521968348223,0.921080707851351,0.3280179587093809,0.21728320645009758,1.0,0.3577624576994857,0.18753870745999274,3.038831355536821,0.20032583302161217,2.838505522515209,1.0,0.5757830937985448,2.463048261738276,0.2934868247310584,0.03191897750104677,0.26156784723001164,1.0,6.655531323220486,1.0,1.0,1.0,2.220446049250313e-16
3042,four_channel_crossbar,1.0,True,6_to_7,0.6029743357377794,0.6935646024384632,0.6872225206272897,0.9908558167633185,0.9611166806164598,0.40411192534610546,0.28311059528118426,1.0,0.42060228497385377,0.26662023565343596,3.984950857157426,0.22608526075572044,3.7588655964017055,1.0,0.11347955543200915,3.8714713017254168,0.3948293150937121,0.039196785732558546,0.3556325293611536,1.0,9.309786534027952,1.0,0.999755859375,1.0,2.220446049250313e-16
3043,independent,0.116455078125,False,4_to_5,0.0,0.0,0.0,0.0,0.0,0.0,0.0,0.5,0.0,0.0,0.0,0.0,0.0,0.5,0.0,0.0,0.0,0.0,0.0,0.5,0.0,0.0,0.0,0.0,0.0
3043,independent,0.116455078125,False,5_to_6,0.0,0.0,0.0,0.0,0.0,0.0,0.0,0.5,0.0,0.0,0.0,0.0,0.0,0.5,0.0,0.0,0.0,0.0,0.0,0.5,0.0,0.0,0.0,0.0,0.0
3043,independent,0.116455078125,False,6_to_7,0.0,0.0,0.0,0.0,0.0,0.0,0.0,0.5,0.0,0.0,0.0,0.0,0.0,0.5,0.0,0.0,0.0,0.0,0.0,0.5,0.0,0.0,0.0,0.0,0.0
3043,distributed,1.0,True,4_to_5,0.3449163043707796,0.47089229213425865,0.3874010856054032,0.8226957460899555,0.7319218897376173,0.2787362678088403,0.1086648177965629,1.0,0.38874947027565043,-0.0013483846702472269,1.4289569367265846,0.25014581915768946,1.1788111175688951,1.0,1.911236360526986,-0.48227942380040134,0.13112694569814484,0.035949996378414104,0.09517694931973074,1.0,3.512146568617304,1.0,1.0,1.0,2.220446049250313e-16
3043,distributed,1.0,True,5_to_6,0.47089229213425865,0.5873458674108935,0.4671475255302903,0.7953533879271936,0.7512227728214211,0.3545046992996052,0.11264282623068511,1.0,0.4456773150586147,0.021470210471675633,0.3944606570254916,0.28670444800528483,0.10775620902020677,1.0,2.0380829879575804,-1.6436223309320888,0.09887505935010886,0.043393074894032116,0.055481984456076744,1.0,2.8816377423686097,1.0,1.0,1.0,2.636779683484747e-16
3043,distributed,1.0,True,6_to_7,0.5873458674108935,0.6810132882653058,0.5263325144891724,0.7728667319104152,0.7686007479258287,0.41556259435040377,0.11076992013876863,1.0,0.5864248342307558,-0.060092319741583355,0.7373177721219691,0.1788521265958708,0.5584656455260983,1.0,1.8664520256756016,-1.1291342535536324,0.15328920587490577,0.03473855159646959,0.11855065427843618,1.0,2.564241335636326,1.0,1.0,1.0,2.498001805406602e-16
3043,central_shared,1.0,True,4_to_5,0.4249669355827188,0.5774121565089911,0.5340994449432392,0.9249882236154869,0.9427464139755659,0.3292066333850796,0.20489281155815964,1.0,0.3463183426060485,0.18778110233719075,3.829317632110957,0.5085719566784167,3.32074567543254,1.0,0.4517179054663442,3.377599726644613,0.28583519695821646,0.06283528819085363,0.22299990876736284,1.0,7.085457258047895,1.0,1.0,1.0,2.220446049250313e-16
3043,central_shared,1.0,True,5_to_6,0.5774121565089911,0.660668145559898,0.6398947527699053,0.9685569935078558,0.9511592440675127,0.416685850554955,0.22320890221495027,1.0,0.4224019933564773,0.21749275941342794,4.6911238369216095,0.6294575613738826,4.061666275547727,1.0,0.4101425020642939,4.280981334857316,0.4101497625581653,0.07699815312144256,0.33315160943672273,1.0,8.353919137015126,1.0,1.0,1.0,2.498001805406602e-16
3043,central_shared,1.0,True,6_to_7,0.660668145559898,0.7610489818408989,0.7669261787508737,1.0077224949381818,0.9556308733641699,0.4634492764236692,0.3034769023272045,1.0,0.4963815746317391,0.27054460411913456,5.635901152273344,0.584360069202807,5.0515410830705365,1.0,0.8204232718459898,4.815477880427354,0.4345204311294501,0.07646532242499471,0.3580551087044554,1.0,8.59430711450545,1.0,1.0,1.0,2.220446049250313e-16
3043,directional_relay,1.0,True,4_to_5,0.18626840081694052,0.41279763977028194,0.19571362891120742,0.47411518394368785,0.6750084780116307,0.16114207314926493,0.034571555761942485,1.0,0.23548829144397665,-0.039774662532769234,0.0001648503910619369,0.057421027607473175,-0.05725617721641124,0.0,0.6351625125838395,-0.6349976621927775,0.00010749922254767463,0.008278520764281514,-0.008171021541733839,0.0,0.0007496752941948839,1.0,0.999755859375,1.0,2.220446049250313e-16
3043,directional_relay,1.0,True,5_to_6,0.41279763977028194,0.5855215414637889,0.4533409009452223,0.774251447370974,0.8694930638338026,0.31495848929707515,0.13838241164814713,1.0,0.4701943179742689,-0.016853417029046636,0.1412014943522983,0.17209767258150224,-0.03089617822920393,0.0,2.8127739409709074,-2.671572446618609,0.03438003467344149,0.028456584504575867,0.00592345016886562,1.0,0.5628375863688628,1.0,1.0,1.0,2.498001805406602e-16
3043,directional_relay,1.0,True,6_to_7,0.5855215414637889,0.7438804586841223,0.6347666863049394,0.8533181358572071,0.9024267692122351,0.39801015075839763,0.23675653554654175,1.0,0.6246305432608611,0.010136143044078283,1.405036844921334,0.18359142698995867,1.2214454179313754,1.0,2.0927880120406,-0.6877511671192662,0.2318974323392934,0.03499424250865808,0.19690318983063532,1.0,3.565195865322526,1.0,1.0,1.0,2.498001805406602e-16
3043,four_channel_crossbar,1.0,True,4_to_5,0.3279759306069815,0.4819401849072327,0.3587886921537432,0.7444672666646492,0.8634815512745371,0.25594045265429977,0.10284823949944344,1.0,0.33069887334214587,0.028089818811597334,2.1973797827625496,0.32658227247328736,1.8707975102892622,1.0,1.4169972732272342,0.7803825095353154,0.2062636353119868,0.035001825043895,0.17126181026809179,1.0,4.985122983372195,0.9951171875,0.998046875,0.996826171875,2.636779683484747e-16
3043,four_channel_crossbar,1.0,True,5_to_6,0.4819401849072327,0.6284011391850992,0.5783421032778767,0.9203390433503379,0.9135677950677804,0.3558138329824401,0.2225282702954366,1.0,0.477696270021565,0.10064583325631171,4.954144116638601,0.4058738212633797,4.548270295375222,1.0,1.5009601419718792,3.453183974666722,0.3229808903301539,0.0516456224874602,0.27133526784269374,1.0,7.297776034073886,0.992919921875,0.998779296875,0.998046875,2.636779683484747e-16
3043,four_channel_crossbar,1.0,True,6_to_7,0.6284011391850992,0.7309428532509011,0.7030465770731509,0.9618352159082201,0.912280061883018,0.41622135397656146,0.2868252230965894,1.0,0.48534328989495396,0.21770328717819692,5.333173646736011,0.4134040871410659,4.919769559594945,1.0,0.9572310514135671,4.375942595322444,0.3615580547356185,0.05786582447543363,0.3036922302601848,1.0,8.294893883541864,1.0,1.0,0.9990234375,2.220446049250313e-16
3044,independent,0.10888671875,False,4_to_5,0.0,0.0,0.0,0.0,0.0,0.0,0.0,0.5,0.0,0.0,0.0,0.0,0.0,0.5,0.0,0.0,0.0,0.0,0.0,0.5,0.0,0.0,0.0,0.0,0.0
3044,independent,0.10888671875,False,5_to_6,0.0,0.0,0.0,0.0,0.0,0.0,0.0,0.5,0.0,0.0,0.0,0.0,0.0,0.5,0.0,0.0,0.0,0.0,0.0,0.5,0.0,0.0,0.0,0.0,0.0
3044,independent,0.10888671875,False,6_to_7,0.0,0.0,0.0,0.0,0.0,0.0,0.0,0.5,0.0,0.0,0.0,0.0,0.0,0.5,0.0,0.0,0.0,0.0,0.0,0.5,0.0,0.0,0.0,0.0,0.0
3044,distributed,1.0,True,4_to_5,0.2546872528006616,0.36849385628785136,0.3100957548672284,0.8415221843617254,0.633808768642519,0.2196081559347588,0.0904875989324696,1.0,0.28250557007879873,0.027590184788429672,0.310285772213486,0.10621427759670168,0.20407149461678434,1.0,1.165447608780197,-0.8551618365667111,0.051493288063908786,0.01739991914652118,0.03409336891738761,1.0,2.080808331271074,1.0,1.0,1.0,2.220446049250313e-16
3044,distributed,1.0,True,5_to_6,0.36849385628785136,0.4958800964735497,0.4455817659817598,0.8985675552427163,0.7744293647025846,0.2809028532920137,0.1646789126897461,1.0,0.3065223100432938,0.13905945593846603,0.7633310457729747,0.20948445357818823,0.5538465921947865,1.0,0.7507827507571047,0.01254829501587007,0.13428358867278925,0.030399900693760334,0.10388368797902892,1.0,3.3492287396416454,1.0,0.999755859375,1.0,2.3592239273284576e-16
3044,distributed,1.0,True,6_to_7,0.4958800964735497,0.6226083350014187,0.5155151434470819,0.8279926792915603,0.7815153992724722,0.35280371209908123,0.1627114313480007,1.0,0.4342227783160923,0.08129236513098964,0.5852223342093861,0.24360946102342637,0.3416128731859597,1.0,1.3409944556500264,-0.7557721214406403,0.1343769574963189,0.03770451461419129,0.0966724428821276,1.0,3.16368978768081,1.0,1.0,1.0,2.498001805406602e-16
3044,central_shared,1.0,True,4_to_5,0.3600815899539842,0.5048436160183447,0.4680355077984578,0.9270900788838551,0.9293650180329948,0.28707350105462337,0.18096200674383445,1.0,0.35743682395269455,0.11059868384576327,0.8671856511353747,0.28477932118070803,0.5824063299546667,1.0,0.7629697881625581,0.1042158629728166,0.19969989975735583,0.03741898434321486,0.16228091541414097,1.0,6.354684281645924,1.0,1.0,1.0,2.498001805406602e-16
3044,central_shared,1.0,True,5_to_6,0.5048436160183447,0.6433914065320797,0.6189057170701247,0.9619427782010107,0.9658965252623624,0.36324265650426196,0.2556630605658627,1.0,0.38771613104357083,0.23118958602655382,2.3735470898226545,0.27725713316682055,2.096289956655834,1.0,0.1580434943079493,2.215503595514705,0.33879404428465215,0.04322215804247921,0.29557188624217295,1.0,8.326507109500431,1.0,1.0,1.0,2.220446049250313e-16
3044,central_shared,1.0,True,6_to_7,0.6433914065320797,0.7318923904793815,0.7266980485526472,0.9929028611387365,0.9711146006635638,0.4231618379083021,0.3035362106443451,1.0,0.42115133621694234,0.30554671233570485,2.5989753754540827,0.19159787008501386,2.4073775053690687,1.0,0.04863002980438647,2.550345345649696,0.39331606322737506,0.03676518501556439,0.35655087821181064,1.0,8.914737955344027,1.0,0.999755859375,1.0,2.498001805406602e-16
3044,directional_relay,1.0,True,4_to_5,0.2547256819447906,0.40708863627751013,0.30720546560360734,0.7546402385798532,0.8608078597426786,0.19990174682605238,0.10730371877755496,1.0,0.26791210162163615,0.0392933639819712,0.48439759186515785,0.0768485987593143,0.4075489931058436,1.0,0.8337656236330441,-0.3493680317678862,0.10712244140565368,0.013356697086351985,0.0937657443193017,1.0,3.497728556940451,1.0,0.999755859375,0.99951171875,2.220446049250313e-16
3044,directional_relay,1.0,True,5_to_6,0.40708863627751013,0.5712391768811029,0.5194539084077086,0.9093457336800047,0.9199911351748549,0.29630400719737304,0.2231499012103355,1.0,0.3196332321447185,0.19982067626299005,1.4474155112160507,0.17119047710339408,1.2762250341126566,1.0,0.7314543532669099,0.7159611579491408,0.265909402333567,0.029157912273069582,0.23675149006049745,1.0,5.922081398393885,1.0,1.0,1.0,2.220446049250313e-16
3044,directional_relay,1.0,True,6_to_7,0.5712391768811029,0.6965376134019179,0.6852188918872433,0.9837500211088479,0.9679146402235009,0.38689341234469155,0.29832547954255173,1.0,0.40010701603160126,0.285111875855642,2.498361069047683,0.2618062992912681,2.236554769756415,1.0,0.8238168164542891,1.6745442525933942,0.40990900302255057,0.04319985416662469,0.36670914885592587,1.0,8.418114159632081,1.0,1.0,1.0,2.220446049250313e-16
3044,four_channel_crossbar,1.0,True,4_to_5,0.32413057201264206,0.4997398465001106,0.4472548693686542,0.894975400702924,0.9393968880294286,0.25908440073082106,0.18817046863783315,1.0,0.3129140958392715,0.13434077352938273,1.524546278402455,0.2695046474484656,1.2550416309539894,1.0,1.1075207651408636,0.41702551326159143,0.1505591624392716,0.03004206461182695,0.12051709782744463,1.0,5.24493189842216,1.0,1.0,0.999755859375,2.220446049250313e-16
3044,four_channel_crossbar,1.0,True,5_to_6,0.4997398465001106,0.6712413934973496,0.6376724020596729,0.9499896881168589,0.9709559917228284,0.3402147283263867,0.2974576737332862,1.0,0.3796757823621243,0.2579966196975486,2.7977757571465443,0.3239386122735918,2.4738371448729524,1.0,0.9268446372221502,1.870931119924394,0.28470146582267974,0.040543222084606825,0.24415824373807293,1.0,7.22610596271702,1.0,1.0,1.0,2.220446049250313e-16
3044,four_channel_crossbar,1.0,True,6_to_7,0.6712413934973496,0.7842617011579374,0.7690027467903617,0.9805435426146065,0.9836077193473515,0.4068637000739767,0.362139046716385,1.0,0.46590486546396415,0.3030978813263976,3.599401950591932,0.28167723331364136,3.3177247172782907,1.0,0.7319286460458863,2.8674733045460457,0.4014773675312617,0.04094129270106439,0.3605360748301973,1.0,8.699717578342934,1.0,1.0,1.0,2.220446049250313e-16
3045,independent,0.099853515625,False,4_to_5,0.0,0.0,0.0,0.0,0.0,0.0,0.0,0.5,0.0,0.0,0.0,0.0,0.0,0.5,0.0,0.0,0.0,0.0,0.0,0.5,0.0,0.0,0.0,0.0,0.0
3045,independent,0.099853515625,False,5_to_6,0.0,0.0,0.0,0.0,0.0,0.0,0.0,0.5,0.0,0.0,0.0,0.0,0.0,0.5,0.0,0.0,0.0,0.0,0.0,0.5,0.0,0.0,0.0,0.0,0.0
3045,independent,0.099853515625,False,6_to_7,0.0,0.0,0.0,0.0,0.0,0.0,0.0,0.5,0.0,0.0,0.0,0.0,0.0,0.5,0.0,0.0,0.0,0.0,0.0,0.5,0.0,0.0,0.0,0.0,0.0
3045,distributed,1.0,True,4_to_5,0.3900359550305389,0.4765671207608905,0.3879381236818821,0.8140262027781046,0.621150409712854,0.30178364294648463,0.08615448073539744,1.0,0.40066192554766233,-0.01272380186578026,1.2684985279574852,0.3683113977956085,0.9001871301618767,1.0,2.1002419453811445,-0.8317434174236593,0.11868969485257536,0.04872244987627637,0.06996724497629898,1.0,3.4367823418836747,1.0,1.0,1.0,2.498001805406602e-16
3045,distributed,1.0,True,5_to_6,0.4765671207608905,0.5943620698205063,0.4446392426293052,0.7480949158878586,0.5795427668920546,0.3443961627553128,0.10024307987399239,1.0,0.4867907740608193,-0.04215153143151407,0.6379489724881585,0.2985517024749137,0.3393972700132448,1.0,1.630423035108627,-0.9924740626204686,0.10594900855067295,0.04022922823718098,0.06571978031349196,1.0,3.0824700435555314,1.0,1.0,1.0,2.636779683484747e-16
3045,distributed,1.0,True,6_to_7,0.5943620698205063,0.6600993050690449,0.5161852703062104,0.7819812357660619,0.602089675622619,0.41511226734200724,0.10107300296420318,1.0,0.6095913415106262,-0.0934060712044158,0.6901171658208973,0.41209379963159865,0.2780233661892987,1.0,0.9897533411994274,-0.29963617537853005,0.1597184907646598,0.054161024225094216,0.10555746653956558,1.0,3.238373938041851,1.0,1.0,1.0,2.498001805406602e-16
3045,central_shared,1.0,True,4_to_5,0.35881125070596354,0.48828750121205805,0.41516961791837304,0.8502564921031417,0.876793289118387,0.26868419389304465,0.14648542402532838,1.0,0.3941321447148793,0.02103747320349375,1.9285862464606272,0.3008956961758302,1.627690550284797,1.0,2.2976091365775306,-0.3690228901169035,0.21120793881937158,0.044759793345211976,0.1664481454741596,1.0,3.1088221534294993,1.0,1.0,1.0,2.220446049250313e-16
3045,central_shared,1.0,True,5_to_6,0.48828750121205805,0.6023961150509818,0.5630277378588264,0.9346470267511211,0.9103718329971491,0.3420125611551018,0.22101517670372461,1.0,0.4604951124952703,0.10253262536355612,3.224978412863749,0.3242609764075421,2.900717436456207,1.0,1.2776113279436503,1.9473670849200988,0.3268926717842396,0.05151473732305166,0.2753779344611879,1.0,5.494421653117701,1.0,1.0,1.0,2.498001805406602e-16
3045,central_shared,1.0,True,6_to_7,0.6023961150509818,0.6935293779959306,0.6729394629030091,0.9703114017283312,0.9252066717984809,0.39614299469622083,0.27679646820678827,1.0,0.44591768533247894,0.22702177757053016,3.7678362481584995,0.2902398949344528,3.4775963532240466,1.0,0.6542566164451026,3.113579631713397,0.37172767607639173,0.048222348649546255,0.32350532742684546,1.0,6.698173570313804,1.0,0.999755859375,1.0,2.220446049250313e-16
3045,directional_relay,1.0,True,4_to_5,0.3107811057935316,0.49146566815891185,0.34084230875809657,0.6935221132229479,0.8028820183929406,0.2134383940990075,0.12740391465908907,1.0,0.3361129920898291,0.00472931666826748,0.3980991497999359,0.1341992965116506,0.26389985328828525,1.0,1.7591767338318387,-1.3610775840319027,0.07879062631470879,0.017326067076606846,0.06146455923810194,1.0,1.216472570354336,1.0,0.99951171875,0.99951171875,2.636779683484747e-16
3045,directional_relay,1.0,True,5_to_6,0.49146566815891185,0.641467406996037,0.5378130368900267,0.8384105428030724,0.8942918634730346,0.31599464033998825,0.22181839655003843,1.0,0.4285672308959891,0.1092458059940376,0.9019701759138401,0.1734905569810496,0.7284796189327905,1.0,1.1024686631954945,-0.20049848728165443,0.18524772260118202,0.0252069726547788,0.16004074994640322,1.0,3.3820345286789735,1.0,0.999755859375,0.999755859375,2.220446049250313e-16
3045,directional_relay,1.0,True,6_to_7,0.641467406996037,0.750509646174801,0.6922343212183577,0.9223523305083938,0.9451591521008429,0.3926808184438704,0.2995535027744873,1.0,0.4984408736689897,0.193793447549368,2.531440560129183,0.23582226817639357,2.295618291952789,1.0,0.6533687472291902,1.8780718128999927,0.32270496935690474,0.03586193965901909,0.28684302969788567,1.0,7.263158352087693,1.0,0.999755859375,1.0,2.220446049250313e-16
3045,four_channel_crossbar,1.0,True,4_to_5,0.3556110714320465,0.5154194746434135,0.39129941004929814,0.7591863119258614,0.8821275558494579,0.2427703037107109,0.14852910633858724,1.0,0.3714257899243202,0.019873620124977953,0.6868929239268035,0.1826733699703083,0.5042195539564951,1.0,1.9469051494426104,-1.260012225515807,0.08303663447043128,0.02447800670374787,0.058558627766683406,1.0,1.5051564645193474,1.0,1.0,1.0,2.498001805406602e-16
3045,four_channel_crossbar,1.0,True,5_to_6,0.5154194746434135,0.6477603969734823,0.5627777716424527,0.8688054630568769,0.9185089101247454,0.33473984018105335,0.22803793146139933,1.0,0.4600443982383363,0.10273337340411637,2.329372806547172,0.35150075468122266,1.9778720518659494,1.0,1.8117754018720655,0.5175974046751064,0.2587408056077999,0.04765699999540804,0.21108380561239184,1.0,4.935350555844482,1.0,1.0,1.0,2.498001805406602e-16
3045,four_channel_crossbar,1.0,True,6_to_7,0.6477603969734823,0.7687819982264523,0.7233506442258633,0.9409047635020106,0.947905768376073,0.4151727714036388,0.3081778728222245,1.0,0.5531694562293226,0.1701811879965407,3.8182727610229636,0.3477936858637837,3.47047907515918,1.0,0.9692161289849189,2.8490566320380446,0.3290317586119534,0.05052786957452825,0.2785038890374251,1.0,6.834887238109688,1.0,1.0,1.0,2.498001805406602e-16
3046,independent,0.106201171875,False,4_to_5,0.0,0.0,0.0,0.0,0.0,0.0,0.0,0.5,0.0,0.0,0.0,0.0,0.0,0.5,0.0,0.0,0.0,0.0,0.0,0.5,0.0,0.0,0.0,0.0,0.0
3046,independent,0.106201171875,False,5_to_6,0.0,0.0,0.0,0.0,0.0,0.0,0.0,0.5,0.0,0.0,0.0,0.0,0.0,0.5,0.0,0.0,0.0,0.0,0.0,0.5,0.0,0.0,0.0,0.0,0.0
3046,independent,0.106201171875,False,6_to_7,0.0,0.0,0.0,0.0,0.0,0.0,0.0,0.5,0.0,0.0,0.0,0.0,0.0,0.5,0.0,0.0,0.0,0.0,0.0,0.5,0.0,0.0,0.0,0.0,0.0
3046,distributed,1.0,True,4_to_5,0.31342121858384353,0.4019991607895781,0.3211830892159132,0.79896457640625,0.45085681323258425,0.2622799135196199,0.05890317569629333,1.0,0.333533763096097,-0.012350673880183793,0.5643388708431089,0.20618802064993208,0.3581508501931768,1.0,0.7606131710043978,-0.196274300161289,0.128495200024786,0.026447957534852427,0.10204724248993358,1.0,2.265920942388539,1.0,0.9951171875,0.985595703125,2.220446049250313e-16
3046,distributed,1.0,True,5_to_6,0.4019991607895781,0.5502197920031401,0.362188600830141,0.658261673051692,0.5050534176267829,0.3044316549079591,0.05775694592218189,1.0,0.4106403226301697,-0.04845172180002871,0.3100236960615142,0.2267344760293753,0.0832892200321389,1.0,1.3419000383522242,-1.03187634229071,0.04855155199349472,0.02983508547194267,0.018716466521552053,1.0,1.1879783005671383,0.97509765625,0.98876953125,0.9892578125,2.220446049250313e-16
3046,distributed,1.0,True,6_to_7,0.5502197920031401,0.6535909259131127,0.5003074275710271,0.7654748677424832,0.6304525041230187,0.3743402988761354,0.12596712869489168,1.0,0.4890358935972128,0.011271533973814307,2.0836141498355416,0.3655397647243033,1.7180743851112383,1.0,1.8830888975315265,0.20052525230401508,0.18845926038559577,0.04716804622410938,0.14129121416148638,1.0,3.079486451794816,0.98486328125,0.99462890625,0.9931640625,2.498001805406602e-16
3046,central_shared,1.0,True,4_to_5,0.38464819631024816,0.4745488742972553,0.4224886351566824,0.890295305794019,0.9075778577544454,0.32797559015240896,0.09451304500427343,1.0,0.4105508820444993,0.011937753112183092,1.456281629473009,0.3698900470352391,1.08639158243777,1.0,1.7141833231604537,-0.25790169368744476,0.16634863120343193,0.044717285440197305,0.12163134576323463,1.0,3.894349275191203,1.0,0.997802734375,0.9984130859375,2.220446049250313e-16
3046,central_shared,1.0,True,5_to_6,0.4745488742972553,0.6117248848050717,0.5687757053807594,0.9297900404395054,0.9284017037831398,0.37962876765568104,0.18914693772507835,1.0,0.4659138139514277,0.10286189142933166,1.219572415953769,0.48859755260960747,0.7309748633441616,1.0,2.4919504067604104,-1.2723779908066413,0.1956345390093099,0.05546759550895826,0.14016694350035164,1.0,4.214966713160996,1.0,0.99951171875,0.998779296875,2.220446049250313e-16
3046,central_shared,1.0,True,6_to_7,0.6117248848050717,0.7280844793864714,0.663819869751934,0.9117346798977356,0.9502569992330385,0.4436045290974973,0.22021534065443665,1.0,0.5097516950824179,0.15406817466951606,2.0007434422564816,0.4839107235566912,1.5168327186997903,1.0,1.6719731246897074,0.3287703175667742,0.30551572374291946,0.062062372416350056,0.24345335132656942,1.0,5.6676286053451115,1.0,0.99853515625,0.99951171875,2.220446049250313e-16
3046,directional_relay,1.0,True,4_to_5,0.31951640152289823,0.4576756717271378,0.37564757949688055,0.820772443681119,0.8746953706941674,0.25114438085462754,0.12450319864225301,1.0,0.37516420611440715,0.00048337338247339545,3.5682774769649463,0.1960201514680983,3.372257325496848,1.0,1.0433262638814358,2.5249512130835106,0.3141642203821465,0.028028034583162227,0.28613618579898425,1.0,6.0609921242651925,1.0,1.0,1.0,2.220446049250313e-16
3046,directional_relay,1.0,True,5_to_6,0.4576756717271378,0.6217744359478132,0.5613416902964206,0.902805998192462,0.9204450108874975,0.3135919870430111,0.24774970325340945,1.0,0.42643790309517404,0.13490378720124652,4.73198518480274,0.3240125562219982,4.407972628580742,1.0,0.9613864708175649,3.770598713985175,0.3317179060453665,0.043474647672140335,0.2882432583732262,1.0,7.155547572328691,1.0,1.0,1.0,2.220446049250313e-16
3046,directional_relay,1.0,True,6_to_7,0.6217744359478132,0.7537419734152571,0.7077164477914042,0.9389372925388405,0.9271415399505749,0.36808249856723385,0.33963394922417034,1.0,0.4118404209025721,0.2958760268888321,4.682654301828045,0.31458766597203025,4.368066635856015,1.0,0.6326337104926874,4.0500205913353575,0.3339596737229213,0.05045931041153325,0.28350036331138806,1.0,7.70055063698363,1.0,1.0,1.0,2.498001805406602e-16
3046,four_channel_crossbar,1.0,True,4_to_5,0.32777081279706927,0.2492561810800027,0.3593570128687649,1.4417175586647684,0.6063535583500659,0.26596770376708434,0.09338930910168058,1.0,0.3921108471092669,-0.03275383424050199,1.8046394748851746,0.1542876896382459,1.6503517852469287,1.0,1.271087084708592,0.5335523901765826,0.1477651481268003,0.028098578060426465,0.11966657006637384,1.0,2.9270879911960344,1.0,1.0,1.0,2.220446049250313e-16
3046,four_channel_crossbar,1.0,True,5_to_6,0.2492561810800027,0.3142639413863189,0.21077658575666008,0.6706992371662401,0.45355378945483343,0.19946175199481878,0.011314833761841309,1.0,0.30532660003221396,-0.09455001427555387,0.0014256928628143502,0.04671988887962591,-0.04529419601681156,0.0,0.7061919637265102,-0.7047662708636958,0.0008549099767071409,0.010395406447782885,-0.009540496471075743,0.0,0.009624732223829315,1.0,0.9990234375,0.999755859375,2.220446049250313e-16
3046,four_channel_crossbar,1.0,True,6_to_7,0.3142639413863189,0.5455177393503496,0.36513414025577845,0.669335044339002,0.6289675322285343,0.2175966830031546,0.14753745725262385,1.0,0.31071233298839107,0.05442180726738738,0.6124984463122098,0.11598200038729171,0.4965164459249181,1.0,1.0070769190472835,-0.3945784727350736,0.09122894127981303,0.017722539179016047,0.07350640210079698,1.0,0.7890428438701115,1.0,1.0,0.99951171875,2.3592239273284576e-16
3047,independent,0.111572265625,False,4_to_5,0.0,0.0,0.0,0.0,0.0,0.0,0.0,0.5,0.0,0.0,0.0,0.0,0.0,0.5,0.0,0.0,0.0,0.0,0.0,0.5,0.0,0.0,0.0,0.0,0.0
3047,independent,0.111572265625,False,5_to_6,0.0,0.0,0.0,0.0,0.0,0.0,0.0,0.5,0.0,0.0,0.0,0.0,0.0,0.5,0.0,0.0,0.0,0.0,0.0,0.5,0.0,0.0,0.0,0.0,0.0
3047,independent,0.111572265625,False,6_to_7,0.0,0.0,0.0,0.0,0.0,0.0,0.0,0.5,0.0,0.0,0.0,0.0,0.0,0.5,0.0,0.0,0.0,0.0,0.0,0.5,0.0,0.0,0.0,0.0,0.0
3047,distributed,1.0,True,4_to_5,0.2058207276812438,0.3470747795989668,0.19992599882911447,0.5760314796140538,0.48320542398787897,0.17996030697381335,0.019965691855301115,1.0,0.24477914454033053,-0.04485314571121607,0.02783202876459113,0.013285887425694476,0.014546141338896656,1.0,0.4449976205083793,-0.4171655917437882,0.005767828584894118,0.0032367095710056247,0.0025311190138884937,1.0,0.15080887834667567,1.0,0.9990234375,0.999755859375,2.220446049250313e-16
3047,distributed,1.0,True,5_to_6,0.3470747795989668,0.5056668874363603,0.38418704723867303,0.7597631104271665,0.5197100623722215,0.2694276631371474,0.11475938410152564,1.0,0.35626907617475156,0.027917971063921465,0.5431093910821385,0.07499615612953214,0.46811323495260637,1.0,0.9267487230562964,-0.3836393319741579,0.08536611173652853,0.013325178177550438,0.07204093355897809,1.0,1.2581650026728737,1.0,0.999267578125,1.0,2.220446049250313e-16
3047,distributed,1.0,True,6_to_7,0.5056668874363603,0.617716468856975,0.5305573378107851,0.858901072837722,0.6318629145033505,0.3598318906479774,0.1707254471628077,1.0,0.42210295685463295,0.10845438095615212,1.6011730260167285,0.20571863299541776,1.3954543930213108,1.0,0.9731988037703805,0.627974222246348,0.18056815634002557,0.032644532794714166,0.1479236235453114,1.0,3.1567431018507945,1.0,1.0,1.0,2.498001805406602e-16
3047,central_shared,1.0,True,4_to_5,0.44418306376101063,0.546388828524434,0.5248387389806536,0.9605590590093539,0.953367288110645,0.3328890266170266,0.191949712363627,1.0,0.4112418106698707,0.11359692831078289,2.9824733976130062,0.37823108149879825,2.604242316114208,1.0,1.4554121586960247,1.5270612389169815,0.2944338019962245,0.0437272537197842,0.2507065482764403,1.0,6.554514667183671,1.0,1.0,1.0,2.220446049250313e-16
3047,central_shared,1.0,True,5_to_6,0.546388828524434,0.623118885871706,0.6051387744751766,0.9711449744114619,0.9453637718766458,0.3689456923985713,0.23619308207660533,1.0,0.45200395487937084,0.15313481959580577,2.903354621116237,0.23278829953705168,2.670566321579185,1.0,0.5520781715288067,2.3512764495874303,0.29299146455654607,0.033855338434627444,0.2591361261219186,1.0,7.107473508591021,1.0,1.0,1.0,2.220446049250313e-16
3047,central_shared,1.0,True,6_to_7,0.623118885871706,0.6786209710029705,0.6488471629206192,0.9561260123772082,0.9294638032252791,0.3892894077127401,0.25955775520787905,1.0,0.4382325570767815,0.21061460584383768,2.851308335679649,0.22392431771875007,2.6273840179608987,1.0,0.16137321462080334,2.689935121058846,0.3160581199029244,0.03725632821899229,0.2788017916839321,1.0,7.315747556916254,1.0,1.0,1.0,2.220446049250313e-16
3047,directional_relay,1.0,True,4_to_5,0.2579262907098646,0.3976177130952174,0.29719426664673115,0.7474371911986781,0.7523969547069101,0.20693332347172608,0.09026094317500508,1.0,0.3059845375984074,-0.008790270951676227,0.26345599556373966,0.0810211231474127,0.18243487241632697,1.0,1.805602543540898,-1.5421465479771583,0.058690430428986806,0.011770715464574848,0.046919714964411954,1.0,1.7976096368437344,1.0,0.999755859375,0.9993896484375,2.220446049250313e-16
3047,directional_relay,1.0,True,5_to_6,0.3976177130952174,0.5600475093182871,0.47949210606938997,0.8561632684574342,0.8752896652254544,0.2869645060486964,0.19252760002069358,1.0,0.39994038025853396,0.07955172581085601,2.085933030536145,0.12300467793622574,1.9629283525999193,1.0,1.4279560061516163,0.6579770243845287,0.20361870218202438,0.019602241697576808,0.18401646048444759,1.0,4.33782210237221,1.0,1.0,0.999755859375,2.220446049250313e-16
3047,directional_relay,1.0,True,6_to_7,0.5600475093182871,0.6819193799395898,0.6392499036454545,0.9374273887069827,0.9341344503038884,0.3772143055904912,0.26203559805496335,1.0,0.47423220403733757,0.16501769960811696,2.4463332377883176,0.12537277630890048,2.3209604614794173,1.0,0.64318463663935,1.8031486011489677,0.28010728592293715,0.022875972403596057,0.2572313135193411,1.0,6.893705973299341,1.0,1.0,1.0,2.220446049250313e-16
3047,four_channel_crossbar,1.0,True,4_to_5,0.43357102680134085,0.5545396817282816,0.5461337927595189,0.984841681766461,0.9669512486440289,0.30978501253711654,0.23634878022240235,1.0,0.3291062697563957,0.21702752300312322,5.5663148492212855,0.7668391844082397,4.799475664813046,1.0,1.1720638384499071,4.394251010771378,0.3611040167952175,0.07094038340446418,0.2901636333907533,1.0,9.300236732638258,1.0,0.999755859375,1.0,2.220446049250313e-16
3047,four_channel_crossbar,1.0,True,5_to_6,0.5545396817282816,0.6941604174143822,0.7081512996575412,1.0201551138500125,0.9583289308125764,0.37380054993766226,0.33435074971987894,1.0,0.4205583176033685,0.2875929820541727,5.931457256851891,0.5681747189661053,5.363282537885786,1.0,0.671873249885638,5.259584006966253,0.42705189666365806,0.06583369357777075,0.3612182030858873,1.0,9.42765501108899,1.0,1.0,1.0,2.220446049250313e-16
3047,four_channel_crossbar,1.0,True,6_to_7,0.6941604174143822,0.7959685328754729,0.8342720443116818,1.0481218915750798,0.9361296025977848,0.43173465432710967,0.4025373899845721,1.0,0.5332264471954,0.30104559711628176,5.869241879284977,0.47294060908560553,5.396301270199372,1.0,0.9173580207253895,4.9518838585595875,0.4281656471586361,0.06369449999572702,0.36447114716290907,1.0,8.416888076764224,1.0,1.0,1.0,2.220446049250313e-16
