pair_index,family,history,seed,donor_pair_index,candidate_carrier_all_flip,candidate_self_all_flip,candidate_action_all_flip,candidate_action_early_only,candidate_action_prior_only,candidate_action_last_only,candidate_common_mode,symmetric_action_all_flip,symmetric_action_early_only,symmetric_action_prior_only,symmetric_common_mode,memoryless_action_all_flip,memoryless_action_early_only,memoryless_action_prior_only,role_recurrent_action_all_flip,role_recurrent_action_early_only,role_recurrent_action_prior_only,self_erased_action_all_flip,self_erasure_carrier_preservation,same_family_return_A,same_family_return_B
128,0,ABAB,20261101,129,0.18169758809392028,0.18586031924635965,0.1839293612460742,0.054647056438111755,0.13952949299579848,0.07843843229798068,0.010288124547374745,0.0,0.0,0.0,0.013959749074379964,0.08076476894738045,0.0,0.0,0.1838681649760443,0.05451275243660178,0.13935805788422193,0.0,0.0,0.25090763347847844,0.21230663762433397
129,0,ABAB,20261101,130,0.13512604822525678,0.1105866147663792,0.10961639537637888,0.0586779205665356,0.08914611023218715,0.08236929390400519,0.011508886818412972,0.0,0.0,0.0,0.0163729900944369,0.08548987865695594,0.0,0.0,0.10958089656129855,0.058661515788249165,0.08920985062078525,0.0,0.0,0.2618539355965196,0.1809112691186777
130,0,ABAB,20261101,131,0.17435978021966977,0.13954714155956613,0.13794527661743347,0.04583840024286471,0.11570506322437937,0.08147609472081949,0.011332554947569795,0.0,0.0,0.0,0.016436210708476517,0.08312075171591145,0.0,0.0,0.13814478095130114,0.04558510715928679,0.11578285649267694,0.0,0.0,0.31833753623562805,0.26583537602550594
131,0,ABAB,20261101,132,0.14044077411152997,0.13744388620097794,0.1365598345391249,0.04294541124035565,0.11790659839066242,0.08321937454878979,0.011076732583665776,0.0,0.0,0.0,0.01601479811068244,0.08470372949525633,0.0,0.0,0.13673651508008916,0.0431517934970695,0.11809352011173502,0.0,0.0,0.2865960878220494,0.23625875229073023
132,0,ABAB,20261101,133,0.15947035368269202,0.16366515137657514,0.16217564702483325,0.04776290044891466,0.13509675501225518,0.07197132243347214,0.0110976387672673,0.0,0.0,0.0,0.01596028625576892,0.07402273485695277,0.0,0.0,0.16213253543617198,0.04765261001396497,0.13509560057388786,0.0,0.0,0.24757339050266672,0.19248580438693194
133,0,ABAB,20261101,134,0.16694294526189657,0.16313566336195456,0.16141526743329734,0.07025008218218853,0.13414573553492556,0.0719340558082585,0.010988482096973715,0.0,0.0,0.0,0.015177725306334006,0.07281238506302773,0.0,0.0,0.16158514308405283,0.07076151585657732,0.13433880886849395,0.0,0.0,0.23476926741387305,0.23838035324745238
134,0,ABAB,20261101,135,0.15187837884110783,0.11359155989646792,0.11287333018028926,0.040784252404951746,0.08960243775222153,0.07578469125382165,0.011167561290325739,0.0,0.0,0.0,0.015829723776231475,0.07773354175328119,0.0,0.0,0.11274979973570734,0.040852590496334204,0.08959705745514064,0.0,0.0,0.25707823762603027,0.24604766148044183
135,0,ABAB,20261101,136,0.11662641318216733,0.13336400803756437,0.13181705473087038,0.05616960702026406,0.09858064381855951,0.07957288752964253,0.011062584262354493,0.0,0.0,0.0,0.015584821515784655,0.08180157386467414,0.0,0.0,0.13212757809071488,0.05633149793143454,0.09885288840652066,0.0,0.0,0.3014878895311363,0.23077878331977753
136,0,ABAB,20261101,137,0.14196245268943147,0.14848572545149513,0.14643282427059928,0.027225074871877256,0.11905508936431727,0.06866494652182002,0.012073141602097917,0.0,0.0,0.0,0.01684608417116089,0.06956479911923243,0.0,0.0,0.14693871332827216,0.02730966763917571,0.11931078027397167,0.0,0.0,0.23689543211211445,0.2150003597995042
137,0,ABAB,20261101,138,0.11982481300611281,0.12876356912268339,0.12816971741245328,0.04759439463188181,0.10648078154402041,0.07948734664579434,0.011731634608921177,0.0,0.0,0.0,0.017033615281893705,0.08028953166753754,0.0,0.0,0.12828430612195849,0.0477414365732938,0.10676097201977387,0.0,0.0,0.25589617793736463,0.24371729579646048
138,0,ABAB,20261101,139,0.154830144901147,0.16722137569727058,0.16481631822254306,0.06605745280799721,0.12140852373860787,0.0743719152365279,0.010967200805801023,0.0,0.0,0.0,0.015524712440127007,0.07631524044147799,0.0,0.0,0.164901416813081,0.06617917140398161,0.12182738807432403,0.0,0.0,0.2304494137479972,0.2237315721178697
139,0,ABAB,20261101,140,0.13967367138252937,0.11192569237938557,0.11121637723390278,0.044059924731665596,0.06812448515065891,0.08623120318465327,0.011391959019772508,0.0,0.0,0.0,0.015848559364966954,0.0867508015716578,0.0,0.0,0.11130069822464021,0.04416108698672458,0.06841294748669005,0.0,0.0,0.3085781904428032,0.19132383324311372
140,0,ABAB,20261101,141,0.18378505643818732,0.18010752019735748,0.17832982906209657,0.05352276935774866,0.12781266024785395,0.09067142039466916,0.010924895090973415,0.0,0.0,0.0,0.015790014927217814,0.09272878274674459,0.0,0.0,0.1785683224276674,0.05366279781042535,0.12798622201761337,0.0,0.0,0.22202379104545092,0.15150754944465566
141,0,ABAB,20261101,142,0.12727797855482928,0.11982087616444542,0.11854429190619316,0.05612705877586549,0.0910569083476719,0.07962135857872882,0.012046653917472406,0.0,0.0,0.0,0.01747559624039119,0.08096228809201642,0.0,0.0,0.11869842477015959,0.056148730966548994,0.09127396055682757,0.0,0.0,0.2876067608862323,0.20045215643481817
142,0,ABAB,20261101,143,0.18893007207715232,0.14451230466937004,0.14289458578632264,0.044125083749173004,0.10145390556397899,0.08978767508479854,0.010722724456879242,0.0,0.0,0.0,0.015477003430424664,0.09128905890722719,0.0,0.0,0.14321012062809638,0.044231834473815575,0.10174452952700422,0.0,0.0,0.24334835991472445,0.20801161511739172
143,0,ABAB,20261101,144,0.1414173387910564,0.13287650681062588,0.13179105832890656,0.06445304382183208,0.07009423178820452,0.08865859996149662,0.011316208121923242,0.0,0.0,0.0,0.015962619278928662,0.08927963439630977,0.0,0.0,0.1319643118590189,0.06440077948172877,0.07029931381172111,0.0,0.0,0.2299241316406616,0.1816658385421129
144,0,ABAB,20261101,145,0.15907945863783646,0.1502697062986163,0.1488858031374213,0.05388779328719066,0.09579078663447466,0.10264574250837538,0.011507511340112086,0.0,0.0,0.0,0.016050173153769186,0.1027200181890681,0.0,0.0,0.148923036323279,0.05389187226367661,0.0958822120110812,0.0,0.0,0.20008212932465458,0.17725468026174795
145,0,ABAB,20261101,146,0.14763035180222173,0.11347385566917736,0.11227848051643863,0.030859202475738295,0.09170144994865187,0.07728284644163548,0.01116312197193463,0.0,0.0,0.0,0.015664345335736643,0.07809484755772815,0.0,0.0,0.1124621107780423,0.0310396227885205,0.09193796497663183,0.0,0.0,0.18853498518800374,0.2271980477896854
146,0,ABAB,20261101,147,0.14360121063668593,0.14617214986558844,0.14371165868059158,0.05364554395893574,0.09889796139643679,0.08517438769012253,0.010593462904318323,0.0,0.0,0.0,0.014602479848957961,0.0864564353128804,0.0,0.0,0.14407435978860456,0.053652141577223644,0.09918346210444003,0.0,0.0,0.17965211491508204,0.1792726323609324
147,0,ABAB,20261101,148,0.1695769589392837,0.14751811857416328,0.14602222377396673,0.05305803748351386,0.12358226807146404,0.1063484664144689,0.010734090150946464,0.0,0.0,0.0,0.01493827958350114,0.10841662280694961,0.0,0.0,0.14622237026720228,0.05318980962260691,0.12393303688496235,0.0,0.0,0.20779627393819572,0.18406077060170012
148,0,ABAB,20261101,149,0.15635444582429944,0.11723623941064613,0.11631814920386839,0.05819169901462041,0.08649357382550164,0.10585410970864313,0.011335249014257927,0.0,0.0,0.0,0.015988641355635456,0.10689158634679002,0.0,0.0,0.11637429044633205,0.05815757864315062,0.08624393526661404,0.0,0.0,0.19533083713030516,0.1629535322608405
149,0,ABAB,20261101,150,0.1753298805334229,0.13795289976222644,0.13703305475376468,0.06044114147384149,0.10321962999009411,0.09342210268617648,0.011904879631260726,0.0,0.0,0.0,0.01701850970531147,0.0946092314134157,0.0,0.0,0.13696268418872048,0.06042525854025249,0.10312615083210644,0.0,0.0,0.34183326161464106,0.263664138801434
150,0,ABAB,20261101,151,0.15652393445715612,0.14061887456738087,0.1390921081176443,0.0513340287359,0.10883252709974293,0.07420273531109979,0.00986406294181514,0.0,0.0,0.0,0.013782303923026071,0.0766987815738141,0.0,0.0,0.13913885960562508,0.05138477000417912,0.10886353275702022,0.0,0.0,0.26715821185437466,0.23195822275665043
151,0,ABAB,20261101,152,0.1490866166981323,0.10230892798109113,0.1016030934516743,0.04732468410039733,0.09062223654470662,0.0886137137969255,0.011488627192050986,0.0,0.0,0.0,0.016853266094543753,0.08973273783053427,0.0,0.0,0.10180056765332844,0.04748416011830708,0.09078450973816501,0.0,0.0,0.2606704029533251,0.2500674575630203
152,0,ABAB,20261101,153,0.15546978852454213,0.14218953930288478,0.140498585539984,0.04075168250416972,0.12153663901823274,0.091550401608788,0.011629397393247972,0.0,0.0,0.0,0.016410000116433596,0.09362538975666032,0.0,0.0,0.14073811516994553,0.04091437919525582,0.12186561224643201,0.0,0.0,0.29240271437942567,0.28450992361336497
153,0,ABAB,20261101,154,0.17625735354358346,0.17092281491554812,0.16870379237925062,0.022928006898323434,0.1254829495540951,0.08821704745556487,0.010912389393509294,0.0,0.0,0.0,0.015104840605894775,0.08931450587637228,0.0,0.0,0.16841917203387527,0.02289360141500259,0.1251795637838602,0.0,0.0,0.20716563063716678,0.21915291282976454
154,0,ABAB,20261101,155,0.1205214040364743,0.10711813278064561,0.10590072129923622,0.04262727687123696,0.11835171704664739,0.06503311570326151,0.011223614343232073,0.0,0.0,0.0,0.015536913430412152,0.06642816253219773,0.0,0.0,0.10613805637220156,0.0427831190841064,0.11873524645380872,0.0,0.0,0.1785534191731023,0.21483851582897595
155,0,ABAB,20261101,156,0.13668983305005092,0.10979566513703641,0.10828531307809082,0.03929886829948199,0.10758230918762482,0.07556692903793734,0.01086499053165225,0.0,0.0,0.0,0.01510985059272084,0.07695018129006882,0.0,0.0,0.10853709138641301,0.03926873018573973,0.1077460326828141,0.0,0.0,0.1974073525704773,0.20413207794595264
156,0,ABAB,20261101,157,0.1653787258732928,0.15180721419332485,0.15035339801388342,0.06015602336696048,0.10994585942238147,0.10077202677507649,0.011959103877810448,0.0,0.0,0.0,0.017433781303836802,0.10326214410144299,0.0,0.0,0.15050782942384497,0.06038268076829373,0.10990643447866816,0.0,0.0,0.16619724570883723,0.1616782206284695
157,0,ABAB,20261101,158,0.13358198474480543,0.11971262596896266,0.11819256902204213,0.03480281782455022,0.09416186341369964,0.08800184257927378,0.010542640917499162,0.0,0.0,0.0,0.014498300957005368,0.08935275369385147,0.0,0.0,0.11780807084372072,0.03472805575122159,0.09386572793217614,0.0,0.0,0.24994578175487198,0.2301153816229914
158,0,ABAB,20261101,159,0.14491015934601734,0.102219902075666,0.10134359044489002,0.039981720380945024,0.09471264249147171,0.07894895148288654,0.011213720960411476,0.0,0.0,0.0,0.015790049125409763,0.07950137603436756,0.0,0.0,0.10137065561659728,0.04001729590333868,0.09484438867160673,0.0,0.0,0.1834218019879537,0.17945439909947153
159,0,ABAB,20261101,160,0.1479860685695896,0.11968640087112568,0.11858843747797908,0.05458011191538271,0.08221091325612594,0.07107422683706711,0.011938973214903763,0.0,0.0,0.0,0.01709224932059414,0.07189317943138938,0.0,0.0,0.11875857231815394,0.05451761649360469,0.08216797026009683,0.0,0.0,0.22286309185679232,0.20897699642994855
160,0,ABAB,20261101,161,0.1801560007900269,0.15114575513235495,0.14900806189021693,0.037583972177833214,0.10894571034753368,0.07685184471237874,0.011640610283974924,0.0,0.0,0.0,0.01621791523259927,0.07804424845156294,0.0,0.0,0.14880736433901046,0.037624832932626015,0.1088390619184531,0.0,0.0,0.1784211586248629,0.15472012578334296
161,0,ABAB,20261101,162,0.12629561478477888,0.11617799920685024,0.1151465227159041,0.0535008507957455,0.12774172311340262,0.06270330890432549,0.011125861594131061,0.0,0.0,0.0,0.015664445256429033,0.06339359855081712,0.0,0.0,0.1152784435159423,0.05347855321535646,0.12781493638206348,0.0,0.0,0.22935077511854376,0.21735036497276206
162,0,ABAB,20261101,163,0.15378457790682246,0.15140894774161312,0.14892959597092323,0.05302923053490391,0.09771705427538385,0.11583724323357855,0.011026844141122639,0.0,0.0,0.0,0.01574686354586599,0.11957531693972395,0.0,0.0,0.1492020846374012,0.053012723734544645,0.0977816337739451,0.0,0.0,0.24309307762975652,0.2228432497454757
163,0,ABAB,20261101,164,0.14115634465393856,0.13328363539994192,0.13211130787438738,0.04210538277529513,0.098159053562355,0.07664210466864649,0.011919871639896511,0.0,0.0,0.0,0.01716701778161359,0.0768028146831179,0.0,0.0,0.13218047887168072,0.0421715196624915,0.0983549965332859,0.0,0.0,0.282946361445352,0.21984804381308
164,0,ABAB,20261101,165,0.15613126232355984,0.14069727421079328,0.13956903235313847,0.06955792433916688,0.09028293114047559,0.09800014719456929,0.01042728176600412,0.0,0.0,0.0,0.014674043788442524,0.09974166227814935,0.0,0.0,0.13975088171262137,0.06953555017386567,0.09024867661965369,0.0,0.0,0.2610417024682264,0.2761303220251739
165,0,ABAB,20261101,166,0.12813730257533798,0.13090098423217866,0.12895545818521587,0.04518297390349693,0.09950235720212991,0.06669852423663843,0.011111322133497465,0.0,0.0,0.0,0.01555341689218911,0.06712193531648734,0.0,0.0,0.12949223231203758,0.04549426632948205,0.10023455521014019,0.0,0.0,0.17961571871605242,0.17915745176663878
166,0,ABAB,20261101,167,0.13942978739604592,0.11802012032428258,0.11719203480730936,0.05514519867609216,0.11991013410563865,0.10245649236796318,0.011968869241694335,0.0,0.0,0.0,0.017623119228612823,0.10362342952444971,0.0,0.0,0.11763966179768048,0.05529317502822437,0.1203550080041952,0.0,0.0,0.18177890754660472,0.19588274939478348
167,0,ABAB,20261101,168,0.20670074171067385,0.17855509810551318,0.17665272794105255,0.055991016995590386,0.12766680662010216,0.09024832653705436,0.011346614026890111,0.0,0.0,0.0,0.015931004052689303,0.09184286422250725,0.0,0.0,0.1770993726826095,0.05593663053402613,0.12806852347831388,0.0,0.0,0.2566196045827749,0.2243870459600918
168,0,ABAB,20261101,169,0.14335936006081507,0.15449620260073613,0.15249291435461015,0.06407458594061909,0.1269319522305085,0.06377755653655007,0.011751790800553255,0.0,0.0,0.0,0.01685286135118501,0.06481552887934246,0.0,0.0,0.15299298622591367,0.0642259037238677,0.1274266850358422,0.0,0.0,0.31968652934099817,0.2925294438316623
169,0,ABAB,20261101,170,0.16805463804626278,0.15350329040403266,0.15161821423944524,0.03601418715827346,0.11661788282971351,0.08161250964887219,0.010342261251908501,0.0,0.0,0.0,0.014262597698184573,0.08373296434602433,0.0,0.0,0.15169015551895432,0.03597979947287197,0.11666680980674282,0.0,0.0,0.27621259764773604,0.2411044701394853
170,0,ABAB,20261101,171,0.1610813973236554,0.12917831024215573,0.12827460230145749,0.04940400349619544,0.11536917655615543,0.07444792116356864,0.011650365518506307,0.0,0.0,0.0,0.01645650967615375,0.0752858298700159,0.0,0.0,0.12858333473080508,0.04952549720591033,0.11554140582192624,0.0,0.0,0.20825154531218076,0.1318723625522916
171,0,ABAB,20261101,172,0.15102176195422903,0.12459423619131216,0.12376914701785176,0.045212402705765375,0.09813725184015964,0.08214713475386001,0.011176192806610637,0.0,0.0,0.0,0.01619657101022855,0.0831808043253332,0.0,0.0,0.12374019603819943,0.045258316634354936,0.09809927925231823,0.0,0.0,0.2499168563953536,0.20599774974294538
172,0,ABAB,20261101,173,0.16778591894938377,0.12924093825687444,0.1275868677581217,0.04476175334441575,0.11722280369931512,0.10205391484980889,0.011563756851259302,0.0,0.0,0.0,0.01619248621876408,0.10509653419749158,0.0,0.0,0.1280596694520006,0.044739263766548944,0.11753362646256939,0.0,0.0,0.229473308307553,0.1940494006673121
173,0,ABAB,20261101,174,0.18228368927564514,0.17511971763175968,0.1725762087873807,0.03630209841233305,0.12692251300355792,0.10561197219521108,0.011208366943707979,0.0,0.0,0.0,0.015805756931774488,0.10746676467942848,0.0,0.0,0.1728876731868825,0.036327240383145026,0.12734281666650493,0.0,0.0,0.25948133157605674,0.22659921597778904
174,0,ABAB,20261101,175,0.1562089742524949,0.15523829022793367,0.15409784489322848,0.03945621010853668,0.12796645499496945,0.09459927932520182,0.012060456076162445,0.0,0.0,0.0,0.018010506131005712,0.09590559316802073,0.0,0.0,0.1542409670813166,0.03960709333888618,0.1280618287115119,0.0,0.0,0.21253192849691988,0.19414015960957412
175,0,ABAB,20261101,176,0.14259102809435473,0.11218575533590092,0.1114459549361838,0.05480414817645212,0.08504425067814778,0.06606628038748708,0.01102992905872444,0.0,0.0,0.0,0.015297791022523852,0.06682905903729969,0.0,0.0,0.11140999299236505,0.054747292254630854,0.08483209403951072,0.0,0.0,0.22311036000559828,0.18773390997016906
176,0,ABAB,20261101,177,0.13045589010500036,0.12851931770513295,0.12651517602491086,0.05919838807350894,0.10111383745212668,0.0724427149096001,0.011733244931401734,0.0,0.0,0.0,0.016433328523634935,0.07431299467032668,0.0,0.0,0.12692904816501363,0.059535219442672926,0.10155203015296346,0.0,0.0,0.19974213766470997,0.18559732369444681
177,0,ABAB,20261101,178,0.15936788064209959,0.12915177533192615,0.12808422225043917,0.04425131281887528,0.11459965831776694,0.07362569902605959,0.010913113703279045,0.0,0.0,0.0,0.015643560420150197,0.07581495960467881,0.0,0.0,0.12840113832089078,0.044483743069088345,0.11478399849742567,0.0,0.0,0.21249004892374568,0.22836378752167194
178,0,ABAB,20261101,179,0.10250153512950617,0.11898805066336027,0.11807402705296068,0.05808233913449705,0.11469165264667022,0.04738884709078632,0.010884813703399984,0.0,0.0,0.0,0.015073729487477526,0.04873961366618976,0.0,0.0,0.11822533523787526,0.05826391601477726,0.11471186893266788,0.0,0.0,0.18497716736190634,0.1733974458702968
179,0,ABAB,20261101,180,0.1728945344364511,0.12999785671833702,0.1290655243887057,0.04380083664508221,0.10186204082133582,0.0885043456146364,0.011364708145113608,0.0,0.0,0.0,0.0157324993946065,0.08957573819385337,0.0,0.0,0.12911760993605859,0.043702102930630066,0.10173687357822085,0.0,0.0,0.165250808739463,0.16808267918838662
180,0,ABAB,20261101,181,0.16119639905415092,0.13303474702043638,0.13248777805294837,0.03879496712192245,0.10286099416896605,0.08674285259061194,0.01117412223912595,0.0,0.0,0.0,0.01598393973214749,0.08792567607875332,0.0,0.0,0.13254180010130068,0.03896281934883252,0.1028732390132159,0.0,0.0,0.22738097054955198,0.19653430103673733
181,0,ABAB,20261101,182,0.16463350471734203,0.16711801178631525,0.16510310059759442,0.05386707667068275,0.11053752733826908,0.09736864638665114,0.011312419072325535,0.0,0.0,0.0,0.016196850820868237,0.09905144750013838,0.0,0.0,0.16552201352345056,0.05387607601243645,0.11080652205162969,0.0,0.0,0.2158202912057167,0.2095300061493662
182,0,ABAB,20261101,183,0.13599015522415314,0.09760024685208027,0.09676472006662334,0.035248240753167175,0.08501160725900761,0.08104033423354746,0.011618768119940366,0.0,0.0,0.0,0.016330130464068525,0.08238227979002881,0.0,0.0,0.09696882701680595,0.035341536784414096,0.08531494254009427,0.0,0.0,0.19983574253330272,0.20685808217080898
183,0,ABAB,20261101,184,0.129475739559162,0.09913880445709264,0.09834106046802761,0.03397071031025106,0.08722560437059604,0.07334659503792774,0.011486077688627432,0.0,0.0,0.0,0.01606010654410745,0.07421734642346332,0.0,0.0,0.09820561108177063,0.034037609761064534,0.08715138101470034,0.0,0.0,0.21433534013145827,0.21605727667681301
184,0,ABAB,20261101,185,0.16593970834174557,0.12777818338706226,0.12700135577233315,0.04113817095653384,0.09861391996882592,0.07441823338204616,0.011293834869851896,0.0,0.0,0.0,0.016424144073604832,0.07521554272141978,0.0,0.0,0.1272432257023302,0.04130786785271146,0.09883448016581889,0.0,0.0,0.18805845456336193,0.21540263733325266
185,0,ABAB,20261101,186,0.14780003368322092,0.1132741954225361,0.11183204717167787,0.04593568303012953,0.10216467204032381,0.08352985961036216,0.01133713901919856,0.0,0.0,0.0,0.0158669956583433,0.08461938176758957,0.0,0.0,0.11236313346689511,0.045916967669510714,0.1023333572644556,0.0,0.0,0.16689710216892484,0.12804766768640322
186,0,ABAB,20261101,187,0.10721254514035389,0.13228008739634242,0.13046856115392938,0.039591338545179836,0.12610503649883312,0.07613553133438707,0.011546072499351108,0.0,0.0,0.0,0.01592608500249162,0.07782033114281867,0.0,0.0,0.13048089602004384,0.0395721376557152,0.1261242649411086,0.0,0.0,0.21398663122191522,0.18177433671195808
187,0,ABAB,20261101,188,0.16993282725504977,0.147058560935662,0.14592572091590428,0.047032976236408196,0.10987300121595962,0.10617046611262372,0.01127381988894975,0.0,0.0,0.0,0.015960915931779292,0.1077676507499229,0.0,0.0,0.1459549226544142,0.0470138521309416,0.11037167848690513,0.0,0.0,0.28154794510553743,0.22652676423230275
188,0,ABAB,20261101,189,0.17051290880199868,0.16522160834078203,0.16254399018943821,0.038800366700077894,0.13317417781311788,0.07713766342593865,0.0111529173781785,0.0,0.0,0.0,0.01559466534889317,0.07911020433022377,0.0,0.0,0.16248884365205418,0.038775283345237097,0.133350212837669,0.0,0.0,0.23103135019099888,0.19773571312478397
189,0,ABAB,20261101,190,0.11690133819276025,0.10377974339313292,0.10257513849464399,0.0401178109326932,0.09750462823462076,0.08711197920583753,0.011022117561922149,0.0,0.0,0.0,0.01527475230760924,0.08766101534207259,0.0,0.0,0.1028788437323458,0.04021252994777107,0.09790292433674534,0.0,0.0,0.20636276423673233,0.21153701725114313
190,0,ABAB,20261101,191,0.1495125918063064,0.14080969321580034,0.13928424515841029,0.041840151954848484,0.11991133910647786,0.07847350727776671,0.011272035601010427,0.0,0.0,0.0,0.016323231310620204,0.0797884734133595,0.0,0.0,0.13966337773638202,0.041904063698769346,0.12039763408376923,0.0,0.0,0.28952720529938997,0.25401271521797747
191,0,ABAB,20261101,128,0.14545254396282573,0.13905702318065757,0.13789336598042506,0.052215022686240786,0.11882697258178641,0.07534492143353726,0.010192404885162926,0.0,0.0,0.0,0.014307410479996513,0.07634076063084226,0.0,0.0,0.13816000470158318,0.05226553700053288,0.11893784610453927,0.0,0.0,0.2881468511474718,0.2612026420716511
192,1,BABA,20261101,193,0.1565937052379207,0.16922172099052346,0.16660364386365759,0.07524175349008694,0.13016625436444731,0.07615053708771448,0.007715651555391565,0.0,0.0,0.0,0.01119439242117656,0.07797005334380781,0.0,0.0,0.1664759702986636,0.0751797589609773,0.12996407618693,0.0,0.0,0.29603824148912855,0.28500138370683475
193,1,BABA,20261101,194,0.1477429030911569,0.12438938446195194,0.12318082395477097,0.050778369110178787,0.11061327337755496,0.08643426801014956,0.007825897859735054,0.0,0.0,0.0,0.01165217361011947,0.08827385858922364,0.0,0.0,0.12337162997569401,0.050744299688334715,0.11057289924453712,0.0,0.0,0.24097990415604315,0.20374280480674534
194,1,BABA,20261101,195,0.17073248817034928,0.12401707998025437,0.12311607145919098,0.048426055682456864,0.0874938395518965,0.08580011624443099,0.007492148484075391,0.0,0.0,0.0,0.010625582179764123,0.08740424563018646,0.0,0.0,0.12302105431324183,0.04854912816012472,0.08772628174188658,0.0,0.0,0.2939505444295853,0.25814517394029146
195,1,BABA,20261101,196,0.12625046054042097,0.1379489948847904,0.1370863395367982,0.029141203126243208,0.11025163213051233,0.07057186986805414,0.007154414066589144,0.0,0.0,0.0,0.01039750889259653,0.071782848747496,0.0,0.0,0.13719370890935775,0.029195962019454468,0.11043683989251457,0.0,0.0,0.2695620363421116,0.23543329186446896
196,1,BABA,20261101,197,0.13003114922418227,0.1371534467953854,0.13598632945586417,0.0619702117453628,0.13319055484942463,0.060891846393407084,0.006730017097599376,0.0,0.0,0.0,0.009534079076193476,0.06194154775748528,0.0,0.0,0.13562730973633477,0.061979458064520425,0.13292669493875148,0.0,0.0,0.2571481101904492,0.20737174896567467
197,1,BABA,20261101,198,0.189012344283275,0.1315989444526843,0.13057907807314628,0.03360214024674221,0.09425262076711562,0.09159674490021698,0.007288052965552642,0.0,0.0,0.0,0.010525923208628817,0.09285515896823414,0.0,0.0,0.13065829577432944,0.033494759377741025,0.09404338730721264,0.0,0.0,0.19877546709663205,0.1370633296622764
198,1,BABA,20261101,199,0.1462673349567491,0.10745494166040943,0.10656152137849088,0.04958193814789112,0.11185673365317163,0.10522052032004406,0.007681991069702423,0.0,0.0,0.0,0.01103635634724675,0.10730535625647596,0.0,0.0,0.10684122549248548,0.049523421303467645,0.11217173695442266,0.0,0.0,0.207937362512005,0.1893490584921352
199,1,BABA,20261101,200,0.14282537799807832,0.14172311010114685,0.13973879458455343,0.035980271903996955,0.11062892605242615,0.0812157705760968,0.007739820856380804,0.0,0.0,0.0,0.0113350038852515,0.0833986354479084,0.0,0.0,0.13980419740356315,0.035898383151931175,0.11055173369353466,0.0,0.0,0.2318334039530321,0.18079310788971834
200,1,BABA,20261101,201,0.1713929048483248,0.1677946381575058,0.16505085005021697,0.06809274177502046,0.1335300240262551,0.07004624453941614,0.00734393858049487,0.0,0.0,0.0,0.010516825246529566,0.07124654690952663,0.0,0.0,0.16492244240316095,0.06814300425019765,0.1334166093829816,0.0,0.0,0.2514575094259376,0.24165208434336385
201,1,BABA,20261101,202,0.15206126290521002,0.12299310427002413,0.12233061101129826,0.043348001219054466,0.07760098157025089,0.0822035984898775,0.007445648004002058,0.0,0.0,0.0,0.010740330917225045,0.08307475119191875,0.0,0.0,0.12237808639198551,0.0434806810046945,0.07749235665615668,0.0,0.0,0.18710304822029675,0.19206448472411158
202,1,BABA,20261101,203,0.11761089979645381,0.12179502977419585,0.12057600895202152,0.04969612090869872,0.08020581791686926,0.07486669227413856,0.007281309114999745,0.0,0.0,0.0,0.010646842647217651,0.07560639892661454,0.0,0.0,0.12084106974031213,0.04975978982767106,0.0802417972853073,0.0,0.0,0.16676186848769303,0.19516734280884535
203,1,BABA,20261101,204,0.12988573695143674,0.14354864431072464,0.1417415578935367,0.04351642746119394,0.10547344683895518,0.07481432804394113,0.007294499200436951,0.0,0.0,0.0,0.01038035897883145,0.07548526733801662,0.0,0.0,0.14191681112331686,0.043455303632915346,0.10564712828331115,0.0,0.0,0.20898252299548298,0.1848207741377671
204,1,BABA,20261101,205,0.11858082604791507,0.11088476834192418,0.11000787652233715,0.049637606103342564,0.0931890022045199,0.07301480727061407,0.007232721225766937,0.0,0.0,0.0,0.010177734731715692,0.07377973760983764,0.0,0.0,0.11060736849183007,0.049716431734241034,0.09341009706950218,0.0,0.0,0.21094838975780728,0.18605113269529347
205,1,BABA,20261101,206,0.150433591359377,0.16978898627771347,0.16777218426289778,0.03891946077672784,0.15279209055837822,0.08403825155882674,0.007043577975016961,0.0,0.0,0.0,0.009834823165455753,0.08493858968338582,0.0,0.0,0.16767226828007462,0.03900402262275234,0.152682307686057,0.0,0.0,0.19050104356424818,0.17989819116254707
206,1,BABA,20261101,207,0.16880555886540619,0.15405763639846864,0.15254690969225693,0.05281693977420543,0.10784487039620931,0.10074594300180743,0.007321859642899559,0.0,0.0,0.0,0.010294608220183925,0.10243140045948021,0.0,0.0,0.15255156292204247,0.05298867997701614,0.10807440306345717,0.0,0.0,0.16163252527619099,0.15113464334142565
207,1,BABA,20261101,208,0.13176616239931233,0.1361307930240223,0.13490527183975318,0.04758357453137205,0.12265711760071547,0.08015270043289782,0.007654954872469796,0.0,0.0,0.0,0.01081874807884828,0.0808951342307707,0.0,0.0,0.1348798491649567,0.04763752129847475,0.12263195201036056,0.0,0.0,0.21789291066402822,0.19429327803549679
208,1,BABA,20261101,209,0.13995888681566798,0.1460738720429416,0.1444069388394554,0.04322605249261517,0.1475079894509858,0.07048080292292068,0.006734499806053635,0.0,0.0,0.0,0.00900153724215801,0.07375742106735801,0.0,0.0,0.14475689271704514,0.04336592184504769,0.14777691015447808,0.0,0.0,0.21601939644184437,0.1870378659348513
209,1,BABA,20261101,210,0.13148131077990793,0.14744984753020393,0.14589070946918095,0.03785778100948311,0.11506240665142159,0.08560267356194617,0.007746923679485864,0.0,0.0,0.0,0.01091643165944971,0.08652633585851968,0.0,0.0,0.14579050838847418,0.03792585520511762,0.11495866466089907,0.0,0.0,0.2520771415444302,0.2465300026241084
210,1,BABA,20261101,211,0.13169438478349485,0.1445554228078835,0.14267668862113064,0.043691044345571806,0.11364889340679046,0.06244528864268996,0.007205377384847782,0.0,0.0,0.0,0.010431956915145568,0.06327073376334631,0.0,0.0,0.14300730005807552,0.043783447071413586,0.11392992298188817,0.0,0.0,0.24798578472800162,0.258269150376879
211,1,BABA,20261101,212,0.14404169717556503,0.13670790751832382,0.1355611664021518,0.04503423814941717,0.11917497028305313,0.09495270584557185,0.006710808413262058,0.0,0.0,0.0,0.00907211126679454,0.0965770286333556,0.0,0.0,0.13567468975480665,0.045166193733681685,0.11918480122778757,0.0,0.0,0.2319236440651444,0.22311307998882118
212,1,BABA,20261101,213,0.14799571647547316,0.13320718789069583,0.1320712507781999,0.0571961567633773,0.1329365289577409,0.08668336155357455,0.007420380220552823,0.0,0.0,0.0,0.010850928239466944,0.08788939569360005,0.0,0.0,0.13214125737229196,0.05697514254916609,0.13283850900012265,0.0,0.0,0.17165597320029932,0.16342232077337204
213,1,BABA,20261101,214,0.11636052803563918,0.10128287315010898,0.10073997440217099,0.049365268298123016,0.09673167809584901,0.06964245256705334,0.007967005983240079,0.0,0.0,0.0,0.011512463849095574,0.0703236661458224,0.0,0.0,0.10070785628898675,0.04934401107312044,0.09677969746271935,0.0,0.0,0.1803694440352276,0.17909449637244526
214,1,BABA,20261101,215,0.16270914930927804,0.1323555867039672,0.13123985678835123,0.06184519839003681,0.1147500537754859,0.09301533908557545,0.007892485071041615,0.0,0.0,0.0,0.01145663537932373,0.09470555327107177,0.0,0.0,0.1314180285289206,0.06161547345071008,0.11483255231137972,0.0,0.0,0.29383702459745786,0.2657661889436121
215,1,BABA,20261101,216,0.15570450521769622,0.1213225071327972,0.12039653410080704,0.03114299081100058,0.09589628402737534,0.09322645050225531,0.0070703338602891835,0.0,0.0,0.0,0.00985547263097144,0.0940401422756348,0.0,0.0,0.1202337593851986,0.03113810214421669,0.09564077477802908,0.0,0.0,0.2991448089570692,0.2635686220225083
216,1,BABA,20261101,217,0.18164921224282904,0.1697412428790803,0.16788131626431563,0.053633050562026774,0.13700641293880925,0.07191583979960126,0.006454558936422535,0.0,0.0,0.0,0.008575594875493735,0.07286264296406897,0.0,0.0,0.16810421329205041,0.05376103925118238,0.1372894691631689,0.0,0.0,0.23050399546834974,0.2083819885701269
217,1,BABA,20261101,218,0.1627804036885916,0.15307670541680526,0.15167338553268506,0.05760422347323438,0.10551672055609378,0.07963923274439333,0.00750615063282329,0.0,0.0,0.0,0.01049099393118687,0.08021989086390545,0.0,0.0,0.1517687232914724,0.057892935372001464,0.10559900966800605,0.0,0.0,0.25796170847391126,0.2268268544978321
218,1,BABA,20261101,219,0.1560551085836481,0.12693028643874263,0.12607847369527522,0.03213926400006466,0.08969830043994434,0.090191495910665,0.007287467134983398,0.0,0.0,0.0,0.010195580451937641,0.09135890202404186,0.0,0.0,0.1262051568163484,0.03217113670611362,0.08992862282888994,0.0,0.0,0.24097192156318023,0.26095016822865913
219,1,BABA,20261101,220,0.15108765388660217,0.12840682566705133,0.1272181981307884,0.03831801473139219,0.10519914496413134,0.09528364839158239,0.007363006124243215,0.0,0.0,0.0,0.01031126915667253,0.09665377713023741,0.0,0.0,0.127028015503243,0.03826846776691809,0.10476757284379716,0.0,0.0,0.20470088890872665,0.1860846066972591
220,1,BABA,20261101,221,0.1354130052636135,0.11778397365495967,0.11669943685920586,0.03776078199289133,0.06575251937373304,0.0783652532475496,0.007289599242026801,0.0,0.0,0.0,0.010596232154392518,0.07891382681765355,0.0,0.0,0.11685971192408147,0.03778322341208715,0.06594036766226702,0.0,0.0,0.20509184964625565,0.18928470033298664
221,1,BABA,20261101,222,0.1368623238171787,0.13967454937181897,0.137750110862382,0.04125131967394515,0.10097750194855694,0.08047574714322975,0.006736841767083824,0.0,0.0,0.0,0.009436476808253658,0.081695928188575,0.0,0.0,0.13772166910047132,0.04141624858741194,0.10099005884373935,0.0,0.0,0.20077460633772612,0.205434461047517
222,1,BABA,20261101,223,0.15274459479486593,0.13204261900860023,0.13078462849439035,0.03882299528747873,0.09708618571540688,0.0712648266603063,0.007387913950745285,0.0,0.0,0.0,0.010118814998476569,0.07282838564506722,0.0,0.0,0.13126108585072735,0.03883139317244322,0.09746577231045807,0.0,0.0,0.22048580727373976,0.20762711201721862
223,1,BABA,20261101,224,0.1490543747522173,0.13913468208866211,0.1378138352870625,0.04681302465362976,0.10096383905414924,0.09985622081693449,0.007950299866342927,0.0,0.0,0.0,0.011407868247644316,0.10094639342728152,0.0,0.0,0.1375847110097046,0.04665284312943573,0.10096647201273755,0.0,0.0,0.23453354855722114,0.19617194192682152
224,1,BABA,20261101,225,0.13626008684353408,0.12082804892352217,0.11936188420899217,0.039577316096088645,0.09068516447651118,0.07090308932573508,0.008078753865126015,0.0,0.0,0.0,0.011866119106036702,0.07241441971537883,0.0,0.0,0.11941235526605497,0.039615510055530295,0.09062815110906453,0.0,0.0,0.18511835445819863,0.17952626963015883
225,1,BABA,20261101,226,0.1252944043528,0.10781724003921202,0.10686969773116538,0.03689211007978959,0.06781093787133478,0.06749126057091731,0.007286128392779461,0.0,0.0,0.0,0.009959180307217819,0.06866893994873419,0.0,0.0,0.10706700595387357,0.03688331896280471,0.06786971461578661,0.0,0.0,0.21922074223433288,0.21939072843425508
226,1,BABA,20261101,227,0.15905723548700199,0.14662954590014388,0.14448269751628254,0.04558991540315112,0.10325045784392273,0.09779084234974332,0.007292530858819299,0.0,0.0,0.0,0.010472377251168853,0.0993549478900447,0.0,0.0,0.1444693366845415,0.04563786189380573,0.10313069172082753,0.0,0.0,0.20271476676598663,0.22831173018489948
227,1,BABA,20261101,228,0.13051535625304858,0.10420297516281779,0.10335486892261689,0.05925247995104744,0.07969931183360467,0.0739404040915918,0.006860991391743492,0.0,0.0,0.0,0.009511954094489529,0.07498719982135575,0.0,0.0,0.10326851759913612,0.05917312922213547,0.07968698332141827,0.0,0.0,0.22842266506631265,0.21872262443598403
228,1,BABA,20261101,229,0.10569871857475784,0.09497498855591897,0.09423649998564355,0.0552354735444609,0.08619474953748181,0.07064678869385255,0.007334508427832325,0.0,0.0,0.0,0.01023616636393332,0.07168218570884702,0.0,0.0,0.09417716853232065,0.05509169688899753,0.0860908225040531,0.0,0.0,0.2757550221594121,0.28190226982561756
229,1,BABA,20261101,230,0.1343300032177296,0.11394234812430006,0.11286800330686972,0.041335335415734316,0.1124043603469619,0.09036703787215444,0.007181784786619794,0.0,0.0,0.0,0.010102988628621969,0.09228096507028821,0.0,0.0,0.11292942749294488,0.04128182197163447,0.112655409977774,0.0,0.0,0.19199850388232892,0.19213798900160853
230,1,BABA,20261101,231,0.1364803423773274,0.11669177572569266,0.11597210949622824,0.05469804726483213,0.1017663557793725,0.07080590628903956,0.007063120176839092,0.0,0.0,0.0,0.010024085297439797,0.07138262092014079,0.0,0.0,0.1160167555747489,0.05475616541281868,0.10191470340456121,0.0,0.0,0.28569148617895695,0.23882847056702075
231,1,BABA,20261101,232,0.13710967850846023,0.1338983276508682,0.13266006874540845,0.05507957774408566,0.11462320253440851,0.058505264118796474,0.006920255439372098,0.0,0.0,0.0,0.009693562195001938,0.059749949163205654,0.0,0.0,0.1325239457038275,0.055004022750061665,0.11456826409886967,0.0,0.0,0.2765485307877335,0.24206505268599587
232,1,BABA,20261101,233,0.15110469167522605,0.16372438035428177,0.16161813173545406,0.0534262291189946,0.13558919597183244,0.09897170159937123,0.007376696187866426,0.0,0.0,0.0,0.010674371294958903,0.09997785429889113,0.0,0.0,0.16133243953493587,0.05327938927198898,0.1351161018806126,0.0,0.0,0.16887802967134358,0.15413968329200814
233,1,BABA,20261101,234,0.13407862624229158,0.1335148792031355,0.1324250395549423,0.021155695977895878,0.09609129509735373,0.0792293805677475,0.007735108185990477,0.0,0.0,0.0,0.010982678469435514,0.08010649844969808,0.0,0.0,0.1325199273777333,0.02109712802015729,0.09616844194078462,0.0,0.0,0.17761111333798726,0.21431437669930062
234,1,BABA,20261101,235,0.14434692740095822,0.16370313993308117,0.16249561086677344,0.044095538946633026,0.13438978653942982,0.08534813685520717,0.007592790542736875,0.0,0.0,0.0,0.011162129931422954,0.0877547093457646,0.0,0.0,0.16272558972071458,0.04412761420840466,0.13465700537613104,0.0,0.0,0.2329533955919401,0.22113112616911354
235,1,BABA,20261101,236,0.1441882624932895,0.1476876525214381,0.1461677397885323,0.04412749953576657,0.1142808762498881,0.08282827666455732,0.007853287829764523,0.0,0.0,0.0,0.011496091278314045,0.08495389617095586,0.0,0.0,0.1459478750664642,0.04401069152757543,0.11406275644383553,0.0,0.0,0.17993049592167015,0.17000671597731265
236,1,BABA,20261101,237,0.15198415938763632,0.1479955796147126,0.14669657307590278,0.05679587573328953,0.12818637393396512,0.08815699993961823,0.007183084916655389,0.0,0.0,0.0,0.010066457439710035,0.08875019952663908,0.0,0.0,0.14681222216432327,0.056689421749955636,0.12832729593893136,0.0,0.0,0.22634965863645953,0.19687833698428364
237,1,BABA,20261101,238,0.13783473661430012,0.12207019277525713,0.12115250403232226,0.04987645246994972,0.0987198430545891,0.07694274718024788,0.007489994345057422,0.0,0.0,0.0,0.010413418807880274,0.07716608723998035,0.0,0.0,0.12086852024179717,0.049675180521817276,0.0984307635571746,0.0,0.0,0.2377209408761861,0.2213424153727046
238,1,BABA,20261101,239,0.1608183830858505,0.14781726747099966,0.14564079633317584,0.027698400561705944,0.13972941394339677,0.08424591647082531,0.006554323371157976,0.0,0.0,0.0,0.009049775726693474,0.08599218563372588,0.0,0.0,0.1451471476133334,0.02776256023601854,0.1391527434783561,0.0,0.0,0.2622083179731005,0.24263034336465863
239,1,BABA,20261101,240,0.14414975831117802,0.1298654887173228,0.12877133017407455,0.044444931683434746,0.11883155138949344,0.06952405884144507,0.0074816173868368875,0.0,0.0,0.0,0.011192710897290976,0.07168174642915541,0.0,0.0,0.12892066753220072,0.04468449554291054,0.1190224652107768,0.0,0.0,0.23548861877139418,0.21936758307209248
240,1,BABA,20261101,241,0.14997215370728842,0.1203047789042366,0.11930751196679673,0.04254936886744816,0.08375505053393356,0.09690183666619623,0.007636694073476173,0.0,0.0,0.0,0.010354825017123407,0.09844220460821776,0.0,0.0,0.11910432835880984,0.04244288968436912,0.08362345950979562,0.0,0.0,0.2590275082744601,0.23367386997767473
241,1,BABA,20261101,242,0.16920292561275074,0.18348113067348948,0.1802442057108519,0.06365407633470542,0.13672240064240054,0.07739444521720515,0.0071656744944663675,0.0,0.0,0.0,0.010673524311638649,0.07988841914560726,0.0,0.0,0.18049523623155,0.06379519758366596,0.13714150994254035,0.0,0.0,0.20800684042803677,0.20012467422105673
242,1,BABA,20261101,243,0.1191995998144084,0.10487145644069397,0.10384299830494058,0.03153064838006632,0.0780245848208338,0.06970121731671226,0.006860439176989931,0.0,0.0,0.0,0.009260129345354341,0.07161649312638077,0.0,0.0,0.10363963633825292,0.031353019438225195,0.07776888913787196,0.0,0.0,0.2425912874217642,0.2386277185780168
243,1,BABA,20261101,244,0.13306748918937852,0.126621655547025,0.12596549918796254,0.06154680515656278,0.11809121595313193,0.07702067805803295,0.007430357854609449,0.0,0.0,0.0,0.01051070023534707,0.07853901651977323,0.0,0.0,0.1257020567272322,0.0616294053581957,0.11795714508848262,0.0,0.0,0.19842454028351528,0.18069088008807568
244,1,BABA,20261101,245,0.18945947551833162,0.20200191694610278,0.19944269482097324,0.03848556086643332,0.1577074973016645,0.09505187253219505,0.007100875939688672,0.0,0.0,0.0,0.010307642486936565,0.09739718373082445,0.0,0.0,0.2001232913898727,0.03861060700440836,0.15861470780340867,0.0,0.0,0.24597154951462422,0.16370029590542315
245,1,BABA,20261101,246,0.16717104859031615,0.1473892921794317,0.1456010214656274,0.037523880647469164,0.11741585991350428,0.07202289211813132,0.006758460383566788,0.0,0.0,0.0,0.009614199994216404,0.07368801603159632,0.0,0.0,0.14593841223635723,0.0374765925827725,0.11789871569698701,0.0,0.0,0.19433270872831426,0.18403132824562637
246,1,BABA,20261101,247,0.1670386305566794,0.13962240033847112,0.1380470441776744,0.052823564814291506,0.10144579412908743,0.10036484242041431,0.007402675264533602,0.0,0.0,0.0,0.010294412357470889,0.10296128379696043,0.0,0.0,0.13861613197021358,0.05290661232582867,0.1019331040229042,0.0,0.0,0.2321910420310413,0.25773977062869613
247,1,BABA,20261101,248,0.14835587770845643,0.134586737924959,0.13333685343111393,0.0508836581484318,0.12253075324892296,0.07154510916424166,0.0072789474398717545,0.0,0.0,0.0,0.010418769727281563,0.07235073513513293,0.0,0.0,0.13351158250180797,0.050916215706932784,0.122799140482998,0.0,0.0,0.22869209571720683,0.23472635197708885
248,1,BABA,20261101,249,0.11234906348072209,0.12122641638058834,0.11981286032318035,0.05004693943404687,0.11170307795377556,0.07533765652197151,0.007684518592175178,0.0,0.0,0.0,0.011150564690028076,0.07545406119561435,0.0,0.0,0.12003133094443436,0.05003571767528073,0.11185010513374397,0.0,0.0,0.2820804337616445,0.2660711575760326
249,1,BABA,20261101,250,0.18595387214479817,0.16478528870344034,0.1626365277760256,0.06107204968663978,0.127057727688006,0.0756666802425606,0.007514824965517705,0.0,0.0,0.0,0.010837782421757583,0.07643719484357582,0.0,0.0,0.1630399169892814,0.06123750681117228,0.12750922357726796,0.0,0.0,0.18076419484444362,0.18481777127884402
250,1,BABA,20261101,251,0.14666374535217458,0.127785696602898,0.12649154971539348,0.05775683830394435,0.10615035433387261,0.0919134342388219,0.007050801882931324,0.0,0.0,0.0,0.009971231982944365,0.09303227289486889,0.0,0.0,0.12656710432535562,0.05771946431499773,0.10624172524520151,0.0,0.0,0.22831882762130598,0.18697412763610213
251,1,BABA,20261101,252,0.15025399873964787,0.12674967425591321,0.12490955945125548,0.042961865454027734,0.11807201320955069,0.06922642725695284,0.007600899855058113,0.0,0.0,0.0,0.010428454059727314,0.0703180899870532,0.0,0.0,0.12493668604798973,0.04287752277913391,0.11812976733642043,0.0,0.0,0.22176254399713613,0.18693370197649642
252,1,BABA,20261101,253,0.13414453501944804,0.15566914337566384,0.15429154124763683,0.04859572322709457,0.11773867845333745,0.09878381919280924,0.006471812386567395,0.0,0.0,0.0,0.008658632191885021,0.099776457443736,0.0,0.0,0.15446627806506114,0.04872833534415079,0.11799320987415222,0.0,0.0,0.32293380060247945,0.29692212110221783
253,1,BABA,20261101,254,0.17460172659848794,0.1670895039424773,0.16554123696773185,0.03848285705144805,0.1270859682335094,0.11776998262173333,0.007429043718437807,0.0,0.0,0.0,0.01067180784420465,0.11908329156300392,0.0,0.0,0.1655422485678035,0.038553420071930765,0.12727664536865765,0.0,0.0,0.20646075432268682,0.2573286462267158
254,1,BABA,20261101,255,0.16852823513869578,0.14360939402485468,0.1425449626348748,0.04168308953150169,0.11566654506911128,0.07474025009147163,0.007081629619230283,0.0,0.0,0.0,0.010117733142684309,0.07583332385011357,0.0,0.0,0.14252328545210546,0.04185819225951438,0.11575698326380592,0.0,0.0,0.2583597026091402,0.25660004065200237
255,1,BABA,20261101,192,0.1754060292717496,0.17216937979456595,0.17020297094642106,0.04859543669913425,0.13513905855950628,0.08193878094599871,0.007233790673016096,0.0,0.0,0.0,0.010659042371037935,0.08433501024047918,0.0,0.0,0.1702668832838521,0.04853384906922005,0.1354025906772316,0.0,0.0,0.33618427229867753,0.30526591982686196
128,0,ABAB,20261102,129,0.1320409912389957,0.14207182999364107,0.13935813519262696,0.03833867626317783,0.11132320723444203,0.0733768039674332,0.010868445705324335,0.0,0.0,0.0,0.01467823376142228,0.07496830526918008,0.0,0.0,0.1393456005031439,0.03826657912804068,0.11148693432951,0.0,0.0,0.2586677010069123,0.2281889052088758
129,0,ABAB,20261102,130,0.1200717258066875,0.12677683764101372,0.12478073685767622,0.04361978921383596,0.1005259226982216,0.09161313576260673,0.01099609857143418,0.0,0.0,0.0,0.013705629978604908,0.09479569568346218,0.0,0.0,0.12459606016721009,0.04347327712889678,0.10044994488987355,0.0,0.0,0.32317195474471555,0.30732779780423947
130,0,ABAB,20261102,131,0.17710041828335746,0.16733490939443235,0.1654648141801821,0.04169038909429308,0.12340661887928105,0.08689073279749521,0.01153885142968185,0.0,0.0,0.0,0.015362002844894161,0.08780919022814117,0.0,0.0,0.16564171416921977,0.04183713945293805,0.12367264776876392,0.0,0.0,0.3027047597058509,0.2637000777494962
131,0,ABAB,20261102,132,0.1437775519598667,0.12470630256705947,0.12336850523803583,0.04698646569781631,0.10196980659208146,0.07178652551280099,0.012108744403058888,0.0,0.0,0.0,0.015829273602445956,0.07324088660278667,0.0,0.0,0.12365522089362668,0.04686354546733393,0.10212272770064684,0.0,0.0,0.24414611491659577,0.20098505847958445
132,0,ABAB,20261102,133,0.16873856024270362,0.13168994713753646,0.13065543080947392,0.06638322405626591,0.10161022281532023,0.09766530336944136,0.012013606136844105,0.0,0.0,0.0,0.015552789722327539,0.09948527928458173,0.0,0.0,0.13050724882826226,0.06625954148612835,0.1015314121468662,0.0,0.0,0.2917495332375734,0.2823143364092994
133,0,ABAB,20261102,134,0.14300761708883974,0.13917108735507755,0.13725301674290225,0.04506962536632403,0.11401659906254531,0.0796040377827942,0.011477980160450919,0.0,0.0,0.0,0.014988966493675072,0.0826845925619255,0.0,0.0,0.1371274329697528,0.045089877482931584,0.11406208657848654,0.0,0.0,0.2907476108338128,0.2812992635114251
134,0,ABAB,20261102,135,0.14895391841583847,0.14406143509649272,0.14169046968854423,0.045932064813037646,0.10358754221996307,0.104354349352611,0.011385312648496205,0.0,0.0,0.0,0.014454174442367145,0.1060417544635696,0.0,0.0,0.14225047144131722,0.046253044549065286,0.10404789768518706,0.0,0.0,0.24542083944549595,0.25930627388697935
135,0,ABAB,20261102,136,0.13278045415048662,0.13170130333786537,0.13084876293454364,0.041395174720452725,0.0892380613220517,0.1002371536239402,0.012118904124279777,0.0,0.0,0.0,0.015695814332607493,0.10127475828038361,0.0,0.0,0.13061904543757796,0.04142084985216291,0.08898149173604007,0.0,0.0,0.18740209287735593,0.15935126533758182
136,0,ABAB,20261102,137,0.11672654128039237,0.11993908117393572,0.1186354744389835,0.033674365607143444,0.104231484293438,0.05367557656679808,0.01116805218987324,0.0,0.0,0.0,0.014390111627413587,0.05422565796736746,0.0,0.0,0.11868964201212923,0.033736741619670434,0.10429556300273844,0.0,0.0,0.21817553288310257,0.16877466768179425
137,0,ABAB,20261102,138,0.12590828535349674,0.13586733647543356,0.13435952036305204,0.04106683837663371,0.09404703901162698,0.0806548249869906,0.011610725687369637,0.0,0.0,0.0,0.015060332665681206,0.0822849395038707,0.0,0.0,0.13456540289068583,0.04114044980832127,0.09428971398923806,0.0,0.0,0.2156948019530317,0.1932243167606021
138,0,ABAB,20261102,139,0.18240540841657918,0.17556662910384302,0.17384707188648293,0.04745003757666862,0.1315718277984228,0.08441062560495002,0.011379726062720842,0.0,0.0,0.0,0.015081107653109688,0.08606808810389474,0.0,0.0,0.1741670802687585,0.04753994917961625,0.13189732215591193,0.0,0.0,0.16031274078688157,0.1720856772117244
139,0,ABAB,20261102,140,0.17985079368472517,0.17467239045024352,0.1725430591332274,0.05423308658042705,0.11896165245808406,0.08763615575457002,0.011881316830053822,0.0,0.0,0.0,0.015942414124412954,0.08920034968113352,0.0,0.0,0.17299174484995497,0.054290946171397465,0.11919003113749861,0.0,0.0,0.2208385512957392,0.23056012172263468
140,0,ABAB,20261102,141,0.1257231975713157,0.1239201797918992,0.1215296995865401,0.050909121627803554,0.10243821031811684,0.06451573933755311,0.012249890073191598,0.0,0.0,0.0,0.01567253448782268,0.06559286646978875,0.0,0.0,0.12199847370070421,0.05114390669690498,0.10285361509251248,0.0,0.0,0.20044573671240629,0.24441062553575976
141,0,ABAB,20261102,142,0.1326899458707744,0.11434774966381567,0.11201831113626798,0.04178102539724037,0.09436385420357996,0.08493041364568385,0.012246959890789368,0.0,0.0,0.0,0.015952976031888815,0.08652678737134596,0.0,0.0,0.1124258770807315,0.04181808542138971,0.09483502804685885,0.0,0.0,0.27261187623132005,0.23776720504300447
142,0,ABAB,20261102,143,0.19016064432979604,0.1603690528788611,0.1585030520278916,0.028993604473348235,0.10831992604626157,0.11368874112691747,0.011722453352723289,0.0,0.0,0.0,0.015912200708109853,0.1159092921951021,0.0,0.0,0.1586353158953452,0.02907664912926994,0.10844099749812207,0.0,0.0,0.2567074804529115,0.2228994443889225
143,0,ABAB,20261102,144,0.14661840171533405,0.1482987704147065,0.14643971773456516,0.060215873973756114,0.09912954617318394,0.08424158313438865,0.012120265547482096,0.0,0.0,0.0,0.01637526426644244,0.08548453893940862,0.0,0.0,0.1463141305300325,0.060098975871132075,0.09895779839148719,0.0,0.0,0.23820568103433967,0.1792943954315592
144,0,ABAB,20261102,145,0.17212057329471817,0.15248340973170932,0.15096814914144055,0.04384182522360594,0.10987979782835947,0.09643003068117216,0.011005125311417207,0.0,0.0,0.0,0.014467713233630245,0.0990499217128607,0.0,0.0,0.15122662054065364,0.04393086752417293,0.11003589872774648,0.0,0.0,0.2574888260257828,0.22529224851297705
145,0,ABAB,20261102,146,0.11563461660681015,0.1400371424456502,0.13875002984802687,0.050322270999899,0.1255224186494664,0.07235190244462746,0.01218950509992579,0.0,0.0,0.0,0.016610947227524386,0.07342527649227615,0.0,0.0,0.1387241976629441,0.05024766302464739,0.1255730760556156,0.0,0.0,0.21646358073398653,0.22495540474356934
146,0,ABAB,20261102,147,0.1416280209249879,0.1313726039580786,0.1302233873967958,0.04484047750336426,0.09601107299366804,0.08236596590955977,0.011342763766078309,0.0,0.0,0.0,0.013996747921540474,0.08346158228425869,0.0,0.0,0.13030961823323628,0.04503472334739776,0.09612992119297879,0.0,0.0,0.2062245395668803,0.2277071764273756
147,0,ABAB,20261102,148,0.14437261628965592,0.12041533063665462,0.11933120473533661,0.040911412524332974,0.11633222571551088,0.09076151596179031,0.011286296356611547,0.0,0.0,0.0,0.014919824002231527,0.09242579919250002,0.0,0.0,0.11964529646809804,0.041070591491982826,0.11666149848493304,0.0,0.0,0.2219169730856242,0.23505039996058238
148,0,ABAB,20261102,149,0.1390067268210161,0.13923460377948604,0.13740066675980891,0.05692429855624126,0.10204224656775986,0.09115675874914961,0.01146855990532442,0.0,0.0,0.0,0.014967572961356184,0.09339432097836614,0.0,0.0,0.1373149806348338,0.056975300291606704,0.10220156460291452,0.0,0.0,0.23644452904122176,0.23001562568192918
149,0,ABAB,20261102,150,0.13472877334844116,0.1334232747576553,0.1316157889632381,0.04768487294189207,0.11277460861539038,0.10091124693535503,0.011377233279579523,0.0,0.0,0.0,0.015328629160233241,0.10328083153911258,0.0,0.0,0.13249514968867207,0.04789156890907621,0.11345290066285822,0.0,0.0,0.20058647041218572,0.2200238391056225
150,0,ABAB,20261102,151,0.15597541398591264,0.16229759269269625,0.16080455639490407,0.05332832466045824,0.12758879164141312,0.0703858104659844,0.011509632637397538,0.0,0.0,0.0,0.015321481884374143,0.07182300968934328,0.0,0.0,0.1606922467567331,0.05343144908803346,0.12761304878226343,0.0,0.0,0.24629044383802934,0.21229035789979925
151,0,ABAB,20261102,152,0.17630026006302366,0.1703181354992621,0.16826141900742297,0.0420558642672406,0.12886610501604018,0.07827873739554651,0.012029133719855253,0.0,0.0,0.0,0.015740774358084183,0.07904241338669898,0.0,0.0,0.1686900076804567,0.04216497859454275,0.12933958729418732,0.0,0.0,0.19806035709620665,0.15108111571948526
152,0,ABAB,20261102,153,0.1250952867907563,0.10811897877395739,0.10759661283722177,0.04029707157472295,0.0902752115478789,0.07631238174578137,0.011627701841907832,0.0,0.0,0.0,0.015134443320414826,0.07688703926593696,0.0,0.0,0.10742310275125885,0.040321222883161235,0.0903008743165512,0.0,0.0,0.2588479603047044,0.2215176770708593
153,0,ABAB,20261102,154,0.15390388121634124,0.1567073632408761,0.15470115646808227,0.036476422737263876,0.11729912370092543,0.1029904218825134,0.010780712651202173,0.0,0.0,0.0,0.01417070702658802,0.10458454332339774,0.0,0.0,0.15482105077915462,0.03670116740079562,0.11781758061675583,0.0,0.0,0.26332643799863353,0.25379369807931285
154,0,ABAB,20261102,155,0.18083249818017777,0.16426238084257508,0.16217782687638987,0.04881306387896184,0.14395092003612453,0.09223978285364327,0.011945977556396332,0.0,0.0,0.0,0.015916522793305944,0.09296703378593779,0.0,0.0,0.16245167883163064,0.04884355101333446,0.14404102836059157,0.0,0.0,0.2572791493217338,0.23354096989817782
155,0,ABAB,20261102,156,0.12535714745029355,0.09870456079061388,0.09725622196984267,0.04150548931959407,0.08799365467542716,0.06928138759030299,0.01238484296076414,0.0,0.0,0.0,0.01670984694103647,0.07032757600416972,0.0,0.0,0.09684100489616446,0.04149721161745228,0.08785142164097622,0.0,0.0,0.1750667298901827,0.23930147121062062
156,0,ABAB,20261102,157,0.16686506263115844,0.1680114475479872,0.16644681365798084,0.047268598046864216,0.11550669525118483,0.0994253118006227,0.011277729211656921,0.0,0.0,0.0,0.014621933911498922,0.1003026797149889,0.0,0.0,0.16667348269948273,0.04749125060627878,0.11565326357220482,0.0,0.0,0.2527520520685179,0.258403675366116
157,0,ABAB,20261102,158,0.157347286370817,0.15021242759006231,0.14837468810234955,0.04158603386961746,0.10018975465633889,0.09629607063142649,0.01215291911430098,0.0,0.0,0.0,0.016239714057624977,0.0982999204353122,0.0,0.0,0.1486247723553908,0.041247738189835216,0.1003568134276316,0.0,0.0,0.27863213434484746,0.23680632250792782
158,0,ABAB,20261102,159,0.14971487213664966,0.16958527733443088,0.1671614802657093,0.032318320605581576,0.11686428414548572,0.09120924909239886,0.0121024602230477,0.0,0.0,0.0,0.01595080069944831,0.09286114363296863,0.0,0.0,0.16752396721270052,0.03229117651122962,0.11680824700138877,0.0,0.0,0.279742369060835,0.26766080454215596
159,0,ABAB,20261102,160,0.18139404166555245,0.15413975045518796,0.1526669539004675,0.04579263058409611,0.10899644292493556,0.08255865522294906,0.011269877073576394,0.0,0.0,0.0,0.014639644007260921,0.08363061775162951,0.0,0.0,0.15294894449851892,0.04607055341224208,0.109568091075562,0.0,0.0,0.2684110721556356,0.23086640165027156
160,0,ABAB,20261102,161,0.16061276033361727,0.15962124881640918,0.15728138349010184,0.05514917601516434,0.10140786308781467,0.10206489023252455,0.011424355361362699,0.0,0.0,0.0,0.014228488700412363,0.1034349060963245,0.0,0.0,0.15709563254162953,0.0550990675357647,0.10147764746829606,0.0,0.0,0.2481736298211403,0.20322131898305626
161,0,ABAB,20261102,162,0.14964559855786208,0.1379566932919549,0.13558777218067514,0.04494863764695608,0.09199263923978578,0.08067046851539281,0.012357055363402147,0.0,0.0,0.0,0.015802246588870757,0.08192703208785371,0.0,0.0,0.13592884529409302,0.0448683900522163,0.09243849634455159,0.0,0.0,0.27494106335442986,0.1953461441702443
162,0,ABAB,20261102,163,0.17660954087985622,0.17970560559633075,0.1763655218430979,0.04619179778638858,0.11857839855060394,0.10124516613944795,0.012153814703639744,0.0,0.0,0.0,0.015703568248139836,0.10295032148625334,0.0,0.0,0.17599831153529025,0.0459948004000263,0.11795711109260999,0.0,0.0,0.22374834778634972,0.23416619277361458
163,0,ABAB,20261102,164,0.13070363675655108,0.12805892958960377,0.1270620834594983,0.04723165885427318,0.0899442688518075,0.06641773660259727,0.011089072080568182,0.0,0.0,0.0,0.013816427467157938,0.06616713122585383,0.0,0.0,0.1269412071392349,0.047261161280885595,0.089893828556333,0.0,0.0,0.2169335669458843,0.2051865219199414
164,0,ABAB,20261102,165,0.17105601542930324,0.15640126230738852,0.15316041606454137,0.04136659818227427,0.10506368531983971,0.10895181588779047,0.01113217978858881,0.0,0.0,0.0,0.014560401890822961,0.11283375289087763,0.0,0.0,0.1531972634474989,0.04131904682816805,0.10512904468658633,0.0,0.0,0.27292478592071867,0.29517749478337174
165,0,ABAB,20261102,166,0.18978508221479995,0.1697215450539686,0.1670216637509393,0.04794329595182409,0.1489688823269636,0.07593483274140775,0.011188243122769167,0.0,0.0,0.0,0.014472245389016727,0.07740116425230856,0.0,0.0,0.1675503209929738,0.04816285008723636,0.1491349725566714,0.0,0.0,0.29099475811654063,0.30439726946242884
166,0,ABAB,20261102,167,0.17814665566957055,0.16565144411057536,0.16302666015885414,0.05986346199772277,0.11357639283165807,0.11944227421551656,0.011455082401939846,0.0,0.0,0.0,0.015129917425532128,0.12337688699112516,0.0,0.0,0.16343309357378477,0.059784197560138065,0.1138861224987066,0.0,0.0,0.2562838944202188,0.22702238109397957
167,0,ABAB,20261102,168,0.1564510908757556,0.12799580771041372,0.12685065037255785,0.05131081581746984,0.09240961343001455,0.07945175895773901,0.011496911628727654,0.0,0.0,0.0,0.01478592548961048,0.07992489089367058,0.0,0.0,0.12701240362997987,0.05138415079070409,0.09252448552280584,0.0,0.0,0.18678409136740845,0.16655663987015853
168,0,ABAB,20261102,169,0.13394092823981338,0.13767519337451245,0.13618404385831165,0.05619988311640264,0.0758611326896226,0.0854773139786533,0.011964117368326858,0.0,0.0,0.0,0.016092478072657387,0.08620378809716649,0.0,0.0,0.13606744236968488,0.05631266529544199,0.07583902102533298,0.0,0.0,0.24284378870795953,0.22876001656835768
169,0,ABAB,20261102,170,0.18518145296138105,0.15988312938531485,0.15706499999257767,0.04512281755308132,0.09737025557863448,0.09647168554545535,0.011608332358844488,0.0,0.0,0.0,0.015184229794858265,0.09898192464428104,0.0,0.0,0.15723807315141675,0.04525994251166499,0.09753634503335801,0.0,0.0,0.29955809790147486,0.25815262035454456
170,0,ABAB,20261102,171,0.1208519582106907,0.11800288319084157,0.11574272329393992,0.05149522585782047,0.09002136310123178,0.09003320665685609,0.011942187924695731,0.0,0.0,0.0,0.0151662185239982,0.09114951682088543,0.0,0.0,0.11607415192261036,0.05176365801842929,0.09012319924239955,0.0,0.0,0.2879848761705429,0.23171707891050347
171,0,ABAB,20261102,172,0.16970479675604044,0.19812195774254124,0.19444218098728736,0.06064850441403439,0.15674510310734366,0.0957245960456364,0.011669153514587903,0.0,0.0,0.0,0.01497416096644079,0.09767849011278198,0.0,0.0,0.19385560611281002,0.060642148020579476,0.15627797146431036,0.0,0.0,0.25326025193688834,0.2258044391342733
172,0,ABAB,20261102,173,0.19374597745969102,0.14871599004451055,0.14736346047326332,0.0589936543706523,0.11465856476854082,0.08699139792694208,0.011885991809311264,0.0,0.0,0.0,0.015807648699932075,0.0889162465058271,0.0,0.0,0.1472150264192146,0.05909844349639076,0.1146276791801622,0.0,0.0,0.30065489832969894,0.22522861039880446
173,0,ABAB,20261102,174,0.15426753518483072,0.13107596016428408,0.12990766667776582,0.03589237959649613,0.08913689398031867,0.09114857035286725,0.011752862984271825,0.0,0.0,0.0,0.01560931292091448,0.09172867207579634,0.0,0.0,0.13009189156308085,0.03580906013344424,0.0889733297786399,0.0,0.0,0.26325342795523826,0.22653087589264798
174,0,ABAB,20261102,175,0.14227258578293717,0.10952001695178162,0.10867297319410388,0.03892170944959091,0.09707752260247597,0.06939358523668694,0.011190541887490487,0.0,0.0,0.0,0.014035387253999573,0.07046371761276386,0.0,0.0,0.10877454877779195,0.038980485734485086,0.0971139056371875,0.0,0.0,0.2610079172432218,0.20519740453845
175,0,ABAB,20261102,176,0.11960001286497564,0.15637605488389095,0.15390313386359497,0.06246813834800467,0.12934732831497112,0.07117222902400448,0.011503748507913709,0.0,0.0,0.0,0.015121973658903245,0.0729640003305478,0.0,0.0,0.15413191206064908,0.0628162255025078,0.12959167610217232,0.0,0.0,0.22182705796736912,0.2441480177052155
176,0,ABAB,20261102,177,0.14956456486877875,0.1337630089292806,0.1326452774356967,0.05162066072910601,0.09700257051860703,0.06883433548148839,0.01280380306694627,0.0,0.0,0.0,0.0176054827809673,0.06945120781916517,0.0,0.0,0.1326339423947123,0.05165243074032187,0.09713012224101496,0.0,0.0,0.25334809422505555,0.24723215615890262
177,0,ABAB,20261102,178,0.1750315920328672,0.13897796022050413,0.13751553563360966,0.05088167509483372,0.11184442592218723,0.0781916951198188,0.011352291572088153,0.0,0.0,0.0,0.01505930020941488,0.07868339452930431,0.0,0.0,0.13729617243184405,0.050758152529341204,0.11155147320952662,0.0,0.0,0.20143040075295218,0.1603371620982137
178,0,ABAB,20261102,179,0.15239352667919304,0.14082662010156446,0.13949581347370738,0.040639352730243244,0.11908164367757629,0.08025600021365104,0.012082909433793266,0.0,0.0,0.0,0.01586480349555967,0.08226499230692443,0.0,0.0,0.13947137251849434,0.04030243430099081,0.11860281878643254,0.0,0.0,0.28478815245366484,0.21636313567873275
179,0,ABAB,20261102,180,0.13599333611427572,0.10779964579730322,0.10662009294607652,0.04281931202378458,0.11422475913689016,0.08621464940033252,0.01119243751343079,0.0,0.0,0.0,0.013550278670954033,0.09054201671411222,0.0,0.0,0.10685075896807818,0.042996273064402755,0.11435369464102892,0.0,0.0,0.2642209170937865,0.22937988941572673
180,0,ABAB,20261102,181,0.18722975031054978,0.19094328779741143,0.18869346321186636,0.054432069552636776,0.14019818816487103,0.09928259089881318,0.01212203407276058,0.0,0.0,0.0,0.01617961258608045,0.10060380670975541,0.0,0.0,0.18878424978601485,0.05434086845642872,0.14015397561440868,0.0,0.0,0.24951960234367673,0.2627045558225054
181,0,ABAB,20261102,182,0.15452340547142968,0.12507739225887762,0.12420117226154867,0.0533186768778068,0.09768026490861849,0.08969271316017294,0.011173895164006319,0.0,0.0,0.0,0.014351344660551078,0.09194669924583314,0.0,0.0,0.12437670005797571,0.053616847091011666,0.09796314278357658,0.0,0.0,0.26288955657506563,0.2403056869907362
182,0,ABAB,20261102,183,0.18822835917587905,0.15030883634781944,0.14894871318478148,0.0465833921688749,0.07884194552188925,0.1109421083176138,0.011496128071460863,0.0,0.0,0.0,0.015093600798929421,0.11302372165097622,0.0,0.0,0.1486799296968654,0.04674608971656309,0.07885911674474107,0.0,0.0,0.3639047789453543,0.29742575859036813
183,0,ABAB,20261102,184,0.13010715816451324,0.11345600970526053,0.11238036867978143,0.03494155635680564,0.07787003954817509,0.0561630438494294,0.010612114672381785,0.0,0.0,0.0,0.013253621394980528,0.05836952152575308,0.0,0.0,0.1118988799487081,0.034812656805265865,0.07754541026822558,0.0,0.0,0.30078867044829544,0.2267755078046023
184,0,ABAB,20261102,185,0.17456771214016228,0.1488891632919906,0.14710373190913556,0.04748254362861451,0.11872218353710944,0.07650380434937137,0.012393054423650466,0.0,0.0,0.0,0.016368428031446378,0.07701146480071515,0.0,0.0,0.1473849661608595,0.0474653432644293,0.11856298340244094,0.0,0.0,0.2649352163843894,0.2545894326305111
185,0,ABAB,20261102,186,0.1392676533077982,0.13960443606580566,0.13834439245661298,0.05146215417437006,0.12248788595270828,0.08103495129369183,0.011561092535358336,0.0,0.0,0.0,0.014249234741980308,0.08213576184214731,0.0,0.0,0.13854360535752813,0.05142458237608678,0.12263839667033484,0.0,0.0,0.19147811302179976,0.14378901043794318
186,0,ABAB,20261102,187,0.15574888478920926,0.15246187025289437,0.15017436439962048,0.051761758251096884,0.11578487960201038,0.09524606548742945,0.01206744327415346,0.0,0.0,0.0,0.015685088466297452,0.09698700869462795,0.0,0.0,0.15029591295175176,0.0517014531389498,0.11584718710464972,0.0,0.0,0.25684740121820754,0.19857795742568288
187,0,ABAB,20261102,188,0.1560599211701323,0.13911298134189118,0.13733382039863562,0.04726869223922418,0.094313284463975,0.07940822386803696,0.010705080716957303,0.0,0.0,0.0,0.013836308446230846,0.08245788538348889,0.0,0.0,0.1379730831132244,0.04758060379448564,0.09493416075273489,0.0,0.0,0.2988192746968103,0.28174554537127355
188,0,ABAB,20261102,189,0.13694115106079296,0.11127609536866018,0.10977563551675566,0.02344156850015555,0.07449614451745204,0.07352260441449429,0.010784395441821927,0.0,0.0,0.0,0.01331551461487275,0.07431097258277283,0.0,0.0,0.10984831303733757,0.02339810080923288,0.07455207261139543,0.0,0.0,0.3084833764291946,0.2900189581451339
189,0,ABAB,20261102,190,0.17486678168961117,0.15833766864008786,0.15530910843170564,0.03648048673385317,0.12674806147732876,0.07497308276782726,0.012059894417987313,0.0,0.0,0.0,0.015576472522292257,0.0772341378981559,0.0,0.0,0.15558664557605592,0.03664605830473704,0.1271670536536798,0.0,0.0,0.29439079277871677,0.27127249098647327
190,0,ABAB,20261102,191,0.16712436136589273,0.18962882204822276,0.1864798208076758,0.048250259411442994,0.14502328686448132,0.09104753166851272,0.011141088313030754,0.0,0.0,0.0,0.014937771741654424,0.0947728446665786,0.0,0.0,0.1871307457248846,0.04888223541726563,0.14601444779228118,0.0,0.0,0.2746026799296031,0.29023803360716577
191,0,ABAB,20261102,128,0.14271009885105077,0.1173344055956704,0.11621823781714873,0.049860564539354175,0.11043961980691798,0.07642737804125845,0.01174153075160825,0.0,0.0,0.0,0.015358055905312215,0.07748798738196731,0.0,0.0,0.11647933487750335,0.04995837457142429,0.11075183156197978,0.0,0.0,0.2886325597705577,0.26075771731513675
192,1,BABA,20261102,193,0.15551553448291072,0.15666846776175727,0.1541089992647178,0.06548447924159384,0.11737036029139158,0.08147494897914964,0.009887894624816686,0.0,0.0,0.0,0.013567366316491823,0.08332820076657649,0.0,0.0,0.15464569129785102,0.06547089066073822,0.1176667371624252,0.0,0.0,0.23872519441094797,0.23217933801805038
193,1,BABA,20261102,194,0.2129820313893055,0.17315422485019746,0.17108026676576124,0.05138410178530701,0.09619690034306251,0.10927107800169054,0.009967437617085882,0.0,0.0,0.0,0.013861518327939594,0.11099665066386022,0.0,0.0,0.17078260503894896,0.05130626615315273,0.09608266030254917,0.0,0.0,0.22688176323027998,0.23956624266194268
194,1,BABA,20261102,195,0.1889741033959336,0.13381359966589074,0.13262389024217452,0.03740335467548451,0.0847260375792209,0.10829831829825227,0.010316076169675278,0.0,0.0,0.0,0.0139986672147004,0.10923282976679283,0.0,0.0,0.13287047536785282,0.03751018403347393,0.08476386424835802,0.0,0.0,0.2273447490138096,0.22735543898639374
195,1,BABA,20261102,196,0.11941617117727522,0.11864546854765151,0.11780705814699251,0.04470201457173852,0.09707576618659014,0.07542215075321655,0.01057081242078646,0.0,0.0,0.0,0.014898889070226887,0.07691664297823803,0.0,0.0,0.11789617434058518,0.04481678748556346,0.097165505374543,0.0,0.0,0.1915522745415982,0.185585250372342
196,1,BABA,20261102,197,0.14924254791447528,0.1424644418320376,0.1410618868794144,0.04673270935788739,0.11274075982824142,0.09452604487567604,0.009599206662154601,0.0,0.0,0.0,0.013310103861683683,0.09640965463055383,0.0,0.0,0.14073160425058534,0.04676276562175415,0.1126202427640065,0.0,0.0,0.3201431223218959,0.1788680266397717
197,1,BABA,20261102,198,0.15118078330075957,0.1380599132419287,0.13711878059668886,0.0509975721661194,0.13243920424166525,0.0737839891868619,0.00996639114883043,0.0,0.0,0.0,0.013709717364514335,0.07534999292322292,0.0,0.0,0.1373239941260168,0.051230620404508195,0.13265397436153525,0.0,0.0,0.2087128701798829,0.14109116263406823
198,1,BABA,20261102,199,0.15314659195485103,0.12363191538235548,0.12293123318557062,0.054629338811097446,0.10100410517976413,0.09968280709292276,0.010172253659383049,0.0,0.0,0.0,0.014523262713845837,0.10130836894026467,0.0,0.0,0.12333775304888983,0.05478567402869456,0.10117661432620616,0.0,0.0,0.1759668226542025,0.19221513755035707
199,1,BABA,20261102,200,0.14527501156802516,0.13513696894523586,0.13334244756493613,0.05102747830774396,0.11218462823142188,0.07539543310368156,0.009786100380734119,0.0,0.0,0.0,0.013457090431274363,0.07856485348218369,0.0,0.0,0.1332111072624824,0.051134164548395256,0.1119968560176849,0.0,0.0,0.2402222085735162,0.20266776049296983
200,1,BABA,20261102,201,0.18632272785459228,0.1635639815111409,0.16203124245107167,0.05478590542053024,0.13365245015661414,0.08352694071308323,0.009568482221969763,0.0,0.0,0.0,0.012951432427483506,0.08505581411052769,0.0,0.0,0.1619117464585782,0.054473709561663274,0.13343939225103807,0.0,0.0,0.2125413805575212,0.21882004020200785
201,1,BABA,20261102,202,0.1505508483990891,0.12856907968875017,0.12767443573964057,0.04107257121036755,0.08336305735917507,0.09537556494702815,0.00936413435713322,0.0,0.0,0.0,0.012614912086623714,0.09587704783050688,0.0,0.0,0.12806599292018844,0.04109824507351557,0.08343886783940713,0.0,0.0,0.2413610622882139,0.22763594993202954
202,1,BABA,20261102,203,0.14404104407134571,0.1534007235774799,0.15149625949757192,0.04369928266754322,0.12503516176602011,0.07976025380326289,0.009653504854742638,0.0,0.0,0.0,0.013195926713725268,0.0807653329181228,0.0,0.0,0.1519937100369011,0.04366112710801429,0.1252322350881555,0.0,0.0,0.15036948491029314,0.13250556411946782
203,1,BABA,20261102,204,0.15544877983806374,0.14628472563877942,0.1448913375356177,0.03713109863920289,0.10319300028217603,0.0868057797575655,0.010281456987797625,0.0,0.0,0.0,0.014129157045330836,0.08813334667231376,0.0,0.0,0.14485027566483027,0.03693774116628688,0.10307509679159618,0.0,0.0,0.22670540289939273,0.20304137294836466
204,1,BABA,20261102,205,0.1503463855480103,0.14590017512062345,0.14459487875982596,0.052734337481490576,0.11099592190804809,0.09346528524170236,0.009741863177419038,0.0,0.0,0.0,0.012987410901955498,0.0947890848042654,0.0,0.0,0.1439823407857591,0.05248885197036281,0.11053630988460345,0.0,0.0,0.2365299258600608,0.19948427753396042
205,1,BABA,20261102,206,0.16333476623054655,0.12680412814944303,0.12538450903306572,0.048502055420008246,0.1134756825115066,0.08366972604876204,0.009688828868702684,0.0,0.0,0.0,0.013207498293931334,0.08582585684173688,0.0,0.0,0.1255276214337169,0.04868865243194921,0.11346870908864823,0.0,0.0,0.1820593716270961,0.16934244820895172
206,1,BABA,20261102,207,0.16570290194896134,0.14036429976713544,0.1391006525680431,0.05743052843572811,0.09290946988920115,0.11992088750431007,0.009387372488300195,0.0,0.0,0.0,0.012654734115041803,0.12121346725996003,0.0,0.0,0.1393387367570041,0.05734533168662294,0.09306767806419534,0.0,0.0,0.184674807597983,0.16703120899295873
207,1,BABA,20261102,208,0.13992298166152262,0.1428816231284208,0.14098462267656806,0.058764741991951024,0.09676360448269766,0.09855457898305701,0.009733324354442671,0.0,0.0,0.0,0.012544401713013117,0.09864791211303592,0.0,0.0,0.14086729674856388,0.05876228028415366,0.0968135117906038,0.0,0.0,0.16210846298148354,0.17902643093567916
208,1,BABA,20261102,209,0.1587242840710129,0.1286784144185838,0.12747671672982538,0.04516304913380229,0.10978782045893766,0.08597732281019319,0.01031673654008101,0.0,0.0,0.0,0.014325145211972756,0.08719755484574085,0.0,0.0,0.12759508439861253,0.045208586221451505,0.10981283049513273,0.0,0.0,0.1722452581541763,0.21173429971076466
209,1,BABA,20261102,210,0.16694452564495474,0.147617896463846,0.14627454014532312,0.03254413580275982,0.10733443965104775,0.09333578256603947,0.010347321315873122,0.0,0.0,0.0,0.014529316203832906,0.09508800990028497,0.0,0.0,0.14627717596207512,0.03253797789824874,0.10726804688741903,0.0,0.0,0.20751872159058563,0.19231171053963123
210,1,BABA,20261102,211,0.1225075785966602,0.09954564781334188,0.09847977666173628,0.042431511401199384,0.09117422508898317,0.07439116015746133,0.010376082686300296,0.0,0.0,0.0,0.0141885826407932,0.07635360122389677,0.0,0.0,0.09890980544921522,0.04268122742899933,0.09157111311511743,0.0,0.0,0.28301236829077264,0.29695780105652053
211,1,BABA,20261102,212,0.1271802233221824,0.16092874647510513,0.15929746202877454,0.05661841118481426,0.14292583729577119,0.06755773434799614,0.009872525557566536,0.0,0.0,0.0,0.013433964991418327,0.06913969438666902,0.0,0.0,0.15946766113742988,0.05666999505810155,0.14316521403439852,0.0,0.0,0.1313388694385843,0.1705422118095
212,1,BABA,20261102,213,0.14193176773529897,0.12143740317013084,0.12081901079430256,0.05122349447556108,0.09880019166069365,0.07396383664830172,0.010125555965612988,0.0,0.0,0.0,0.013847144185480623,0.07419770349652892,0.0,0.0,0.12082372865292446,0.051182262073299824,0.09881207027331688,0.0,0.0,0.27055244313819593,0.2177610292132854
213,1,BABA,20261102,214,0.13912456956805933,0.14560887796550534,0.1433272135130714,0.04338704653546589,0.12098669726692965,0.08388184939702233,0.009986688109273013,0.0,0.0,0.0,0.013864783012549077,0.08662724525864875,0.0,0.0,0.143164921633864,0.04334334167211794,0.12084441846268448,0.0,0.0,0.2879658844897042,0.24729708180988988
214,1,BABA,20261102,215,0.19464406945930038,0.2169427401415846,0.21482706217582698,0.060411764388788425,0.14730095484199615,0.11306320867911593,0.009547405998726529,0.0,0.0,0.0,0.013421787221273818,0.11535125174185051,0.0,0.0,0.21461423927482537,0.06009353478690459,0.1472640052936777,0.0,0.0,0.28173485612099486,0.30235454469740236
215,1,BABA,20261102,216,0.15893679982396883,0.13605215499573312,0.13445552811864944,0.05451100340004486,0.08688665483302772,0.09960959274168349,0.009567975951198132,0.0,0.0,0.0,0.013065780850556786,0.10116296014712246,0.0,0.0,0.13434579679671427,0.05467934087784206,0.08680942162474986,0.0,0.0,0.29267821258222104,0.2772008888673484
216,1,BABA,20261102,217,0.147015687332297,0.1457452754955394,0.1444289661377555,0.0438257570348474,0.11530329264033293,0.06537006370940483,0.00972140941238008,0.0,0.0,0.0,0.012773313421456926,0.06642698608794498,0.0,0.0,0.14446596370638626,0.043905877683546826,0.11546402597876566,0.0,0.0,0.2297714060239983,0.22255288433088422
217,1,BABA,20261102,218,0.18442861090497178,0.1624891483215569,0.16038837316453616,0.050633377237985826,0.11111709475724131,0.09705297045462795,0.009322465860624496,0.0,0.0,0.0,0.0120197807402937,0.09797492687630258,0.0,0.0,0.16037302611594859,0.05057978030302162,0.11127663438671244,0.0,0.0,0.235191436391164,0.22067343989439042
218,1,BABA,20261102,219,0.16152260079966566,0.1368895413027504,0.13596249693514872,0.044078992984414665,0.11898883128117192,0.09625563830474226,0.009409964723701005,0.0,0.0,0.0,0.012441549193038028,0.09724364437251551,0.0,0.0,0.13622046325984835,0.0441234368895556,0.11941068858256801,0.0,0.0,0.2604081032129046,0.25048219699408597
219,1,BABA,20261102,220,0.1345872182526552,0.15246681440339596,0.15023476098081406,0.057948235284991045,0.1461624603299175,0.07965287736272585,0.009726883284316588,0.0,0.0,0.0,0.013465704771299863,0.08095931451100229,0.0,0.0,0.1499953305459885,0.05794665016736817,0.1458943116466125,0.0,0.0,0.2964490743099272,0.27628166859562686
220,1,BABA,20261102,221,0.1357401540150746,0.12892580761389433,0.12765901350940664,0.03923407930696087,0.11417416656938963,0.06467099687237601,0.00995239554653615,0.0,0.0,0.0,0.013654538673083064,0.06580687137045842,0.0,0.0,0.127598772147356,0.03913070915005068,0.11408858813626273,0.0,0.0,0.287653484120221,0.25192035835993315
221,1,BABA,20261102,222,0.1224045267329497,0.12223506418348509,0.1212516418601024,0.0324877023535559,0.11269835819411128,0.08494081286536662,0.009611214619842991,0.0,0.0,0.0,0.012931718054555355,0.08571977138599701,0.0,0.0,0.12162692030704615,0.032456606785565494,0.1134005494914357,0.0,0.0,0.21063154040581658,0.1986243401780936
222,1,BABA,20261102,223,0.12796495084696669,0.11204925814018701,0.111327665128443,0.047096860826028986,0.11318224622909177,0.06384095638617242,0.01013989020721932,0.0,0.0,0.0,0.013637728595457883,0.06487632338033207,0.0,0.0,0.11127592873301084,0.04693807462436308,0.11308686167045642,0.0,0.0,0.23104013833147954,0.21134520192509013
223,1,BABA,20261102,224,0.17787798884347308,0.14789109036479872,0.14606277659080474,0.04296817563085991,0.09373100824403803,0.1057023872930623,0.009390598039144849,0.0,0.0,0.0,0.012246208524186283,0.10750424861844103,0.0,0.0,0.14646055675205363,0.04285853050391215,0.09380108420602361,0.0,0.0,0.27078358102283573,0.23938575919283525
224,1,BABA,20261102,225,0.1835472248232074,0.1792947313278485,0.17710077759082166,0.0389362259240904,0.14652995335104757,0.07957646271723887,0.010577259364626534,0.0,0.0,0.0,0.015364910605024248,0.08072565162999473,0.0,0.0,0.177335448222822,0.03904723455490224,0.14691512824130615,0.0,0.0,0.3040284858297103,0.25734618446637164
225,1,BABA,20261102,226,0.16772258741808307,0.134854823136372,0.13364432684208724,0.03596508700944482,0.09989643322414479,0.08065369543675684,0.010062585443342677,0.0,0.0,0.0,0.013534392201631296,0.08137432526316588,0.0,0.0,0.13405876303744793,0.03588973889510194,0.10038440354871321,0.0,0.0,0.3058512918718882,0.2589215025643989
226,1,BABA,20261102,227,0.17203947416407891,0.14651291330852342,0.14353131508082606,0.044162428761523244,0.08488033085372665,0.09945886376083132,0.010136882947576314,0.0,0.0,0.0,0.013909202169984447,0.10142477669796296,0.0,0.0,0.14365347432535328,0.044300644268295684,0.08504285301985091,0.0,0.0,0.2879336953464986,0.22818216198707908
227,1,BABA,20261102,228,0.1344494685764929,0.13028457139926886,0.12884874023532125,0.054656668489779486,0.09653264461455276,0.08069811723234994,0.009452910654366618,0.0,0.0,0.0,0.012750073296440805,0.08219459729886636,0.0,0.0,0.12894248126886926,0.054684213312071045,0.09666183462689121,0.0,0.0,0.2763864351508253,0.23622037894400946
228,1,BABA,20261102,229,0.19347948278815982,0.1672641490007606,0.16516920079747768,0.056478618937658806,0.12869777602183521,0.08727388793306544,0.009809988506060572,0.0,0.0,0.0,0.013383115282956876,0.08962908428010319,0.0,0.0,0.16556719137663523,0.05646879710849306,0.1290161287436103,0.0,0.0,0.25790722163179663,0.26956680846466796
229,1,BABA,20261102,230,0.16141213890719822,0.14157055669640983,0.14006367462359798,0.0354300977721379,0.12698509316398746,0.08524919958592854,0.009187310458824887,0.0,0.0,0.0,0.012248499577878234,0.08663248461841436,0.0,0.0,0.14022510288432527,0.03556613192635701,0.12721115374648942,0.0,0.0,0.23089633746344063,0.23852775782319421
230,1,BABA,20261102,231,0.15235750116027896,0.12518810654615015,0.124059396728847,0.06394039312655497,0.10138448108884975,0.07996477414419637,0.009752021041292304,0.0,0.0,0.0,0.013901398337655258,0.08249108640258505,0.0,0.0,0.1239687673028251,0.06368497806559938,0.10131081425687484,0.0,0.0,0.27130141171268257,0.2120349036774844
231,1,BABA,20261102,232,0.1506150235438712,0.14757801352680702,0.1454335078878588,0.06682519537636196,0.13405709505492908,0.070363049928222,0.009740654709232957,0.0,0.0,0.0,0.013878756510612975,0.07144757165577771,0.0,0.0,0.1458621025771774,0.0671843831806421,0.1344839181835651,0.0,0.0,0.2607742813657353,0.24608734990803985
232,1,BABA,20261102,233,0.14317575020061707,0.12827382883761312,0.12738118902731238,0.06338936058858555,0.09940846023726034,0.08222762181172615,0.010408397827272025,0.0,0.0,0.0,0.014460164076276196,0.08407261277357618,0.0,0.0,0.12742103836397817,0.06336271585323582,0.09940336620949936,0.0,0.0,0.2165922962878487,0.24145223551571127
233,1,BABA,20261102,234,0.13126150877404644,0.13346908702862142,0.13236488046240497,0.035766683440590245,0.09962523354256217,0.07800318196194374,0.009566526352807421,0.0,0.0,0.0,0.013400913643414265,0.07998595371753203,0.0,0.0,0.13234631300345,0.035943173425217384,0.09970010904514445,0.0,0.0,0.2548124898137749,0.2746062701043788
234,1,BABA,20261102,235,0.19969389810171329,0.22001067094340657,0.2160531630987872,0.034444826345473106,0.1760030409122025,0.07279963075885727,0.009381647444222386,0.0,0.0,0.0,0.013320977136216808,0.07708640211726432,0.0,0.0,0.2167457595268625,0.034389458007458004,0.1766016480228371,0.0,0.0,0.23493630801712348,0.23766586680292814
235,1,BABA,20261102,236,0.1434542762860415,0.140458539447388,0.13944530582785458,0.06742166797950153,0.09033951974843869,0.082443018768242,0.009688884042151253,0.0,0.0,0.0,0.012964980471459085,0.08347517001944411,0.0,0.0,0.13944519805603184,0.06746563025961796,0.09048054150442136,0.0,0.0,0.17391324756960364,0.16903237705499802
236,1,BABA,20261102,237,0.18298033458895882,0.16409136150669187,0.16171623221454837,0.056814855012324285,0.12770790920799813,0.07222999956697142,0.01001819280494526,0.0,0.0,0.0,0.014176227522335036,0.0741733694792498,0.0,0.0,0.16235823800843713,0.05694324952713019,0.1281152815734306,0.0,0.0,0.2810613313315018,0.27216446126240046
237,1,BABA,20261102,238,0.12309251865320461,0.1306152357376568,0.1291988864058032,0.054673024128325275,0.10815607210470685,0.0649928340956547,0.010136457450276666,0.0,0.0,0.0,0.013625622698477306,0.06526672433928282,0.0,0.0,0.12903786103167098,0.05477602952810062,0.10779889965471086,0.0,0.0,0.22064461002312438,0.21395267388145264
238,1,BABA,20261102,239,0.1715899883333492,0.1558126772835228,0.15389949576805262,0.020903969023266068,0.10719838439054469,0.10407958708431356,0.010127589461934029,0.0,0.0,0.0,0.014075571878176738,0.10712006553731307,0.0,0.0,0.1538367476300614,0.021041283518869105,0.10734775252808036,0.0,0.0,0.2537351188842892,0.25747591611556725
239,1,BABA,20261102,240,0.13236729182697665,0.12226121186523599,0.12125947942759396,0.04189952357258514,0.09674282967984826,0.08007888501476539,0.009958309994127461,0.0,0.0,0.0,0.014041736565676529,0.08059326627556156,0.0,0.0,0.12122202144441728,0.04192886224897373,0.09655265331783264,0.0,0.0,0.25511905855470685,0.20579490631865743
240,1,BABA,20261102,241,0.19590091951556576,0.15250611333739722,0.1505602709409999,0.04018987865708374,0.11183265075538001,0.11254129610001676,0.010320802753644364,0.0,0.0,0.0,0.014633433078974712,0.1151477292926541,0.0,0.0,0.1510060238475623,0.04021055676108961,0.11205304289081831,0.0,0.0,0.22191834535863278,0.19328299225100568
241,1,BABA,20261102,242,0.13438087292842021,0.13451139192876446,0.1326650447787726,0.06174452892266115,0.13824026214710392,0.07532006630662795,0.010300365858872047,0.0,0.0,0.0,0.014233841413891068,0.07638647382205958,0.0,0.0,0.13278610951247316,0.0620824501168716,0.13828011763479836,0.0,0.0,0.3008037563685201,0.2605780856814878
242,1,BABA,20261102,243,0.13143808113312205,0.12585434631879458,0.12449198972054971,0.05188876783157704,0.09914946086262631,0.08016579901469525,0.00932205431010958,0.0,0.0,0.0,0.012211075849146172,0.08183069244320597,0.0,0.0,0.12466145487056919,0.05197580997635886,0.0993254364189534,0.0,0.0,0.1915538889314955,0.19169344593752866
243,1,BABA,20261102,244,0.11822581542790334,0.12691196909015912,0.12569656084879305,0.06435517803623318,0.10380839339176548,0.07157394408352084,0.0098465481163739,0.0,0.0,0.0,0.013212463473568678,0.07222195679917474,0.0,0.0,0.1258093221215918,0.06469001505949765,0.1040294618736293,0.0,0.0,0.2026667740684498,0.17642863143192258
244,1,BABA,20261102,245,0.20766721202691607,0.15746225326998706,0.15593312839796403,0.04217436524450476,0.10798031829336213,0.08438591494809325,0.009516617362941062,0.0,0.0,0.0,0.01288827664110654,0.08596834922100673,0.0,0.0,0.1563575407849014,0.04224113513743256,0.10824914554370027,0.0,0.0,0.24007032932672992,0.17946079251657904
245,1,BABA,20261102,246,0.16449114682424842,0.14766697087616126,0.1457710360034162,0.04066722476489959,0.11414042592493988,0.06124579097834305,0.008816111926761386,0.0,0.0,0.0,0.011958704134404379,0.06314098069841842,0.0,0.0,0.1458769394439962,0.04083224470170458,0.11443692838597978,0.0,0.0,0.26243932680133675,0.22031582267117547
246,1,BABA,20261102,247,0.18419214245934118,0.14489727737354824,0.14322989114225007,0.05878860080900751,0.09568475103611856,0.0960888413151503,0.01050739377015039,0.0,0.0,0.0,0.01464943312283426,0.09806159546763889,0.0,0.0,0.1430021801499921,0.05843133443450376,0.09543134809305073,0.0,0.0,0.2450064670585599,0.23181193923822666
247,1,BABA,20261102,248,0.14427614390262175,0.15208098705248124,0.15040905517398898,0.03895175524722095,0.11597825030768814,0.08517413948715581,0.009696563131196342,0.0,0.0,0.0,0.013110647962194726,0.08695642431693727,0.0,0.0,0.15047698595112205,0.03903753870163875,0.11609693488616117,0.0,0.0,0.23177261468388094,0.22074833722381923
248,1,BABA,20261102,249,0.15427153199145024,0.17030652011832983,0.16784125902854088,0.0563994064066392,0.15961609922380837,0.07621198265031998,0.0094836973566841,0.0,0.0,0.0,0.012829242769483962,0.077590124221902,0.0,0.0,0.16785919945850167,0.05608652335179044,0.15958223589051274,0.0,0.0,0.27602719024881556,0.2727445584129822
249,1,BABA,20261102,250,0.1546401822876266,0.14653578408364246,0.14524624377672657,0.07247401869910146,0.13192316438222546,0.082245353536793,0.00966174516123221,0.0,0.0,0.0,0.012895397528658838,0.08395749939456708,0.0,0.0,0.14553738165529043,0.07266129713638705,0.13212405767847915,0.0,0.0,0.2189038020157736,0.235152204745026
250,1,BABA,20261102,251,0.1666779521309067,0.16294108686975642,0.16089288738595528,0.06129708855375041,0.1393025285294819,0.07118739573727767,0.010224987030106427,0.0,0.0,0.0,0.014633126254626707,0.07365421437578426,0.0,0.0,0.16124794130537393,0.061080913669376596,0.13941177947661607,0.0,0.0,0.2492910614528796,0.2327761153856919
251,1,BABA,20261102,252,0.13976152393845712,0.12497283576216,0.12377768974382239,0.047153388789722306,0.10553572261202067,0.08836573457973544,0.009657354693350858,0.0,0.0,0.0,0.013555525827139762,0.09034498443887883,0.0,0.0,0.12354830768860091,0.047114209131595,0.10558718023627173,0.0,0.0,0.25944873366322085,0.22728757210718734
252,1,BABA,20261102,253,0.16388867470536359,0.14926988295237292,0.14749592690314592,0.045263139124066,0.10788743688380961,0.09374167949284484,0.00967364120742868,0.0,0.0,0.0,0.013177653898776844,0.09595715862709114,0.0,0.0,0.14739541976721854,0.04496177438357337,0.1075749727731277,0.0,0.0,0.23997456244952745,0.18873498755471876
253,1,BABA,20261102,254,0.1695766194391039,0.17027816466382192,0.16736200465242332,0.04639318715006678,0.1119348303333475,0.09742760650559201,0.010374974134505515,0.0,0.0,0.0,0.01462673127055414,0.09982961329255642,0.0,0.0,0.16770650031722248,0.04619801573691005,0.11182801468658969,0.0,0.0,0.21819355518559005,0.2309727074346512
254,1,BABA,20261102,255,0.11693187809753909,0.11123332250750191,0.110189155458399,0.03687800942926837,0.09388134850556902,0.039820805163987706,0.009617430931855969,0.0,0.0,0.0,0.012820160540626445,0.040560958533443346,0.0,0.0,0.11033801606085494,0.03702639303148789,0.09397647402010946,0.0,0.0,0.20878620215336346,0.2739615403618723
255,1,BABA,20261102,192,0.14437083130268252,0.09868066249176999,0.0980902810676097,0.04107775569547603,0.10009824287364727,0.06917941621087041,0.009776071754034677,0.0,0.0,0.0,0.013220245748330514,0.07126773506938018,0.0,0.0,0.09808849409224393,0.04109106446098769,0.10007090361767859,0.0,0.0,0.23669956489172664,0.24389115572738104
128,0,ABAB,20261103,129,0.13474675708249595,0.15121826934045873,0.14950272132668235,0.03784949155478851,0.11952037968342126,0.06856820670600418,0.009567088915877625,0.0,0.0,0.0,0.012932314758937533,0.07004644080443466,0.0,0.0,0.149760107019985,0.037944037448589554,0.11947439346771979,0.0,0.0,0.2458684291375781,0.25071917805900573
129,0,ABAB,20261103,130,0.12675847425287537,0.12395583236789204,0.12151354423483803,0.04854526448496681,0.08980103969168232,0.08117619814592673,0.009553617310994493,0.0,0.0,0.0,0.012750899188019386,0.08257834417010432,0.0,0.0,0.12156554766340533,0.04860147587100791,0.08986174424854003,0.0,0.0,0.2675913337863102,0.2462176519696676
130,0,ABAB,20261103,131,0.14172635339472844,0.14352266105457642,0.14170842776212123,0.039561966915153846,0.10179524475566247,0.08304055202807736,0.010998629088904137,0.0,0.0,0.0,0.015447318054155763,0.08392533745527281,0.0,0.0,0.1416912898933253,0.03936183200312082,0.10177349541617736,0.0,0.0,0.22519459174451295,0.23176182950090565
131,0,ABAB,20261103,132,0.13575128805251443,0.15978032944632897,0.15783901764327513,0.043552963569939575,0.12630119539330484,0.07516552585176213,0.010149004219001148,0.0,0.0,0.0,0.014169240609843523,0.0774092692116093,0.0,0.0,0.1578248347841594,0.04358574764029684,0.1261683438076794,0.0,0.0,0.21844365330681031,0.2113841294777593
132,0,ABAB,20261103,133,0.1838122880219397,0.1538732931720008,0.15195970213751853,0.048505421226236155,0.10620322908397568,0.1225249442197183,0.009929686188245914,0.0,0.0,0.0,0.013916417512756718,0.1239226928541484,0.0,0.0,0.15217037442021392,0.048545728815793075,0.10639054261876517,0.0,0.0,0.24203858740763143,0.2651096925697292
133,0,ABAB,20261103,134,0.13696178669495598,0.1351438420232156,0.13290387664314116,0.052223034502660956,0.09827704434200431,0.07191295816453273,0.00960253459539906,0.0,0.0,0.0,0.013425321878201796,0.07374419529778856,0.0,0.0,0.1332955816839484,0.052479312081715815,0.09864940761424104,0.0,0.0,0.189337330940063,0.20848749154704788
134,0,ABAB,20261103,135,0.14349415121767883,0.12873506191317013,0.12707363775261257,0.02831463038036899,0.10396268343882976,0.09507935087993981,0.01007661266655988,0.0,0.0,0.0,0.013786789727560917,0.09632887784279087,0.0,0.0,0.12687214567538244,0.028374859697009366,0.10417783088271029,0.0,0.0,0.2786299335239254,0.2539843586094477
135,0,ABAB,20261103,136,0.1719734417485093,0.13936602221570066,0.13729887720812167,0.04819912435694311,0.08070953938588742,0.09797981196218619,0.009720501622978708,0.0,0.0,0.0,0.013233784921614256,0.10004171311776891,0.0,0.0,0.13799513119047796,0.048326713641912246,0.08131377946646272,0.0,0.0,0.26354407249587264,0.22712114998054522
136,0,ABAB,20261103,137,0.16259548686625894,0.14699407114324917,0.14501449176973374,0.044581348804539775,0.09129868432134519,0.07622228138287242,0.010756273750914888,0.0,0.0,0.0,0.015013152800623503,0.07730649352455728,0.0,0.0,0.14474881554799296,0.04454452127386615,0.09120257642726756,0.0,0.0,0.21238472014172521,0.19225051135539273
137,0,ABAB,20261103,138,0.09560453266806172,0.11082833232296553,0.10957263031727163,0.04604571038612186,0.10776038367941136,0.08652784977564495,0.010669916125969979,0.0,0.0,0.0,0.015087705652593158,0.08824753562221514,0.0,0.0,0.10981340853876012,0.045919128796148075,0.10821682317491996,0.0,0.0,0.16831626026686855,0.1862801333305273
138,0,ABAB,20261103,139,0.12889968087848006,0.1443209231672483,0.1433377163405102,0.04116356484583171,0.11023672894797706,0.08576292244839324,0.00973862539759889,0.0,0.0,0.0,0.013055929678660178,0.08726450846354054,0.0,0.0,0.14342897382344488,0.04120430498361327,0.11033931226170439,0.0,0.0,0.27217298661409783,0.2564932068433934
139,0,ABAB,20261103,140,0.1729981976967025,0.14293191790333215,0.1415115401442416,0.054693370647872344,0.08618630376415316,0.08849003129621011,0.01068399155600682,0.0,0.0,0.0,0.015094011904172025,0.0905686516701067,0.0,0.0,0.14136585052874343,0.05464672036982395,0.08607803068540412,0.0,0.0,0.3424808521783442,0.3120797109727428
140,0,ABAB,20261103,141,0.17670950656351123,0.16744303534048893,0.16569170389512342,0.04504359339717615,0.11161926177314416,0.09958488325252779,0.009637710103708636,0.0,0.0,0.0,0.013337112450071902,0.10234959006904606,0.0,0.0,0.16632260182816622,0.045152036878825345,0.11207962113564897,0.0,0.0,0.23555283802199223,0.19658730423017032
141,0,ABAB,20261103,142,0.13332403173262447,0.13098837243314929,0.130104546160216,0.04483442168114524,0.0999657485995699,0.07298091836422592,0.010488878461289588,0.0,0.0,0.0,0.014491740445563565,0.07382168613554471,0.0,0.0,0.13007860943474517,0.04494205358057424,0.09984207936770059,0.0,0.0,0.22641333012823503,0.2311222580396118
142,0,ABAB,20261103,143,0.17749168829312872,0.1765879560081436,0.17388279702073073,0.038183770659491835,0.13959998686121108,0.09031731395710907,0.010305404634486752,0.0,0.0,0.0,0.014478556672469242,0.0923776411470847,0.0,0.0,0.17381662496027087,0.038276358419454856,0.13952568884093836,0.0,0.0,0.2873215922609811,0.21102552036222116
143,0,ABAB,20261103,144,0.14632432587467978,0.12373240522693821,0.1223478946894516,0.041909936754259726,0.10655275917291887,0.09711006262055119,0.009667840304279708,0.0,0.0,0.0,0.013229307384204966,0.09946465821721093,0.0,0.0,0.1220766098242785,0.041726810154794486,0.10623161290660578,0.0,0.0,0.2052165023776867,0.1576430262290314
144,0,ABAB,20261103,145,0.1734205697530528,0.1399051941852312,0.13887828016934387,0.04507504086341569,0.10942434155271646,0.11648684991855784,0.010270068400546548,0.0,0.0,0.0,0.014072390142584832,0.11799590293456724,0.0,0.0,0.13907655778622924,0.04529096542501499,0.10939523246641578,0.0,0.0,0.21335808291436822,0.18073926319155426
145,0,ABAB,20261103,146,0.1484935625324489,0.1161013240304985,0.11469019079199874,0.03789699240193235,0.07790438048150078,0.0855532820528984,0.010186846848114902,0.0,0.0,0.0,0.013782065830145305,0.08715987139611125,0.0,0.0,0.11421340444012558,0.03792449796378482,0.07758793577131336,0.0,0.0,0.2287316839055814,0.22068634746451554
146,0,ABAB,20261103,147,0.1488704848495294,0.13364743318434494,0.13210784769197284,0.03605976800491834,0.10592738284515878,0.07241600689334067,0.010078922905301812,0.0,0.0,0.0,0.013594679187890677,0.0743981289725397,0.0,0.0,0.132002992879384,0.036236575392498964,0.10567859569701818,0.0,0.0,0.24488540143002555,0.2430540715500508
147,0,ABAB,20261103,148,0.18396679169603247,0.15438111799588386,0.15257952830649577,0.05021559662292545,0.09946746673196515,0.10590111429646169,0.00915923477212901,0.0,0.0,0.0,0.012579126864028073,0.10920961453466241,0.0,0.0,0.15273692730291227,0.05038892104589165,0.09940918371655624,0.0,0.0,0.29381871646337687,0.26384620192664215
148,0,ABAB,20261103,149,0.16620982705288082,0.16560912368702324,0.16365104523577964,0.04529536451043224,0.10608848859784101,0.10750941460715323,0.008823684033976487,0.0,0.0,0.0,0.011479838640996547,0.11094248148326462,0.0,0.0,0.16352580340017667,0.04531667619460644,0.10603773761763154,0.0,0.0,0.24792359462198915,0.25656942038369607
149,0,ABAB,20261103,150,0.20384319376342463,0.1944835140117714,0.19201400376688657,0.05069934969368587,0.13116533291909702,0.11347921126178195,0.009856609788057918,0.0,0.0,0.0,0.013782436292745816,0.11430532464720297,0.0,0.0,0.1917810242200432,0.050720385987356155,0.131061241340286,0.0,0.0,0.2621142392361866,0.2685499783325306
150,0,ABAB,20261103,151,0.1886439219409973,0.17454046466164785,0.1720786920377384,0.05287846891925807,0.11426612791879616,0.08184985770399406,0.009176587467008989,0.0,0.0,0.0,0.01231055371321874,0.0836469942713204,0.0,0.0,0.1722372236605612,0.05286064121787167,0.11431994688030007,0.0,0.0,0.3161167231915558,0.3051507099200627
151,0,ABAB,20261103,152,0.14886455953544175,0.16419019815390015,0.16276614514513252,0.035473025949534304,0.12948027944328172,0.09234713849606732,0.01055364334394101,0.0,0.0,0.0,0.01491304452307192,0.0939941482865588,0.0,0.0,0.1631733774334156,0.03565980292765978,0.12960112225829828,0.0,0.0,0.23578823659186832,0.20397511859217837
152,0,ABAB,20261103,153,0.15861339800882637,0.15601541654254092,0.15443763863455806,0.04850990480510368,0.11444979445589311,0.09814311511553413,0.010350389788582031,0.0,0.0,0.0,0.014246578033913727,0.09999526686150821,0.0,0.0,0.15458472206729348,0.04859258747607921,0.11469561522064264,0.0,0.0,0.16474264790024865,0.1703176078704511
153,0,ABAB,20261103,154,0.13185179062859012,0.1334192941760158,0.13263900643522597,0.0331065582610849,0.09904158240793445,0.07621433389173982,0.010048514052810362,0.0,0.0,0.0,0.01380689938887994,0.07664519078044806,0.0,0.0,0.13274258435845807,0.03308393114771018,0.0990776999668893,0.0,0.0,0.2577202699642744,0.23357895979075036
154,0,ABAB,20261103,155,0.14544243760795508,0.14965873513551584,0.14787198966735438,0.0535881154417849,0.12054806189339701,0.09633418630046164,0.009274248233065208,0.0,0.0,0.0,0.012600134375702312,0.09815977131028586,0.0,0.0,0.14866861871734732,0.05395244470567597,0.1213157458121535,0.0,0.0,0.26387137679525546,0.27232252584885663
155,0,ABAB,20261103,156,0.14564549423333295,0.1489583846279229,0.14698339975582475,0.04738641019831306,0.12633558929229285,0.08237815524457107,0.00969698757882514,0.0,0.0,0.0,0.013037591886001842,0.08493644175205424,0.0,0.0,0.14638275565586534,0.04708565101247909,0.12584910231865487,0.0,0.0,0.24053470982150119,0.23920864932967487
156,0,ABAB,20261103,157,0.19033599506474008,0.20711202812921628,0.20357023785620496,0.04461928816262529,0.15349108776690915,0.0999239674660745,0.010011670814394509,0.0,0.0,0.0,0.01413494236446152,0.10319729086000812,0.0,0.0,0.20366093877439748,0.04460887185633881,0.15369098592948374,0.0,0.0,0.28834981721330627,0.28588705578752754
157,0,ABAB,20261103,158,0.1595191362674799,0.16779484814659743,0.1663456475209675,0.033184926737973824,0.11542061231257654,0.0892543282878343,0.009704345084412763,0.0,0.0,0.0,0.01340335853400602,0.08969980122662717,0.0,0.0,0.16618926313848797,0.03317215250677067,0.1154458881187145,0.0,0.0,0.26221864047634175,0.21642713948307737
158,0,ABAB,20261103,159,0.16688188569184717,0.14988142255959747,0.148387856526798,0.030176425689166543,0.10217230488892619,0.09351740505367293,0.01017921873820069,0.0,0.0,0.0,0.013948093819091121,0.09491712551952908,0.0,0.0,0.14840258349577867,0.03022754418433296,0.10242533238742717,0.0,0.0,0.18901280612848145,0.14521954150601815
159,0,ABAB,20261103,160,0.13741597603122604,0.1273589752671453,0.12620380639434509,0.05532062443517222,0.09348157351603369,0.10652007951069355,0.010874502602852186,0.0,0.0,0.0,0.015444813678218811,0.10747600180901422,0.0,0.0,0.12619708386361977,0.05520172050897323,0.0934875874939965,0.0,0.0,0.22453343778149074,0.2009817149250134
160,0,ABAB,20261103,161,0.16778183074987016,0.1611888623795409,0.15843340887673635,0.03405300981220575,0.10058044034460589,0.09883906530749426,0.009506669169140183,0.0,0.0,0.0,0.012896036107217254,0.09986439413287272,0.0,0.0,0.15837555472089684,0.03401890627728982,0.10037804196377051,0.0,0.0,0.28329360720701596,0.2322346289746441
161,0,ABAB,20261103,162,0.12670587813867232,0.14815383267553617,0.14684765033997743,0.037531319546649435,0.12694937387995792,0.07201469710004323,0.010077239487543061,0.0,0.0,0.0,0.014108443676774976,0.07421526844320896,0.0,0.0,0.14679369563453032,0.03765167442069492,0.12692605191319167,0.0,0.0,0.27606851168642454,0.22117233818491425
162,0,ABAB,20261103,163,0.17756469948173598,0.16615908555468145,0.16490706185326645,0.035033065550738374,0.14864620720719554,0.09130059626772255,0.010063228293146254,0.0,0.0,0.0,0.014072049568827108,0.09308887497729587,0.0,0.0,0.1652441919377595,0.03511750564951233,0.1487958509447148,0.0,0.0,0.27191750954007016,0.22027962019250563
163,0,ABAB,20261103,164,0.1521750227838841,0.1517380459725612,0.15030140918481905,0.058250279937285473,0.11898759058354452,0.0818530515083354,0.009495454032581589,0.0,0.0,0.0,0.013034374314047477,0.08255849197386199,0.0,0.0,0.15026259143646373,0.05836171164161518,0.11890334764139321,0.0,0.0,0.24750278614454352,0.23501089396471325
164,0,ABAB,20261103,165,0.1442969888531261,0.12157004564670286,0.12059904054138411,0.04605193713474749,0.0798808924892291,0.08493872867658317,0.01029170400406572,0.0,0.0,0.0,0.01421179129267531,0.08592795294946705,0.0,0.0,0.12103971937527745,0.04611489134356428,0.0801510165729522,0.0,0.0,0.2645758875647909,0.25760724014157554
165,0,ABAB,20261103,166,0.11668377643603847,0.13108474443260368,0.1298932422588494,0.04658843240370179,0.12421937963447768,0.08229639785860504,0.009855671949932147,0.0,0.0,0.0,0.01380098170248654,0.08303428233885102,0.0,0.0,0.1300760907086734,0.04654428968805994,0.12452555336987436,0.0,0.0,0.23631024463288433,0.23389820582616
166,0,ABAB,20261103,167,0.15077435132624947,0.16495907179824573,0.16256521826245338,0.0375118903177024,0.13128787909025424,0.08602854349932082,0.010137563140365584,0.0,0.0,0.0,0.014098992715061195,0.08772330066579757,0.0,0.0,0.16318401561214427,0.03755268374082124,0.1319839933607833,0.0,0.0,0.2364336248490396,0.2480107354911288
167,0,ABAB,20261103,168,0.16202339771868532,0.14155079108283794,0.13960580353800423,0.06091508839431139,0.10941266628979678,0.08611908874521901,0.01035650335408083,0.0,0.0,0.0,0.014356481675897818,0.08707151749022893,0.0,0.0,0.13999127921398333,0.06139599539644739,0.11008981875866128,0.0,0.0,0.23424956738900948,0.1844326632102498
168,0,ABAB,20261103,169,0.17632998341674486,0.15778079899761546,0.15615805934584306,0.04194799515171181,0.15154092020655832,0.07510549519662714,0.009850477828999542,0.0,0.0,0.0,0.01378855849519047,0.07681209172654756,0.0,0.0,0.1564114588721363,0.04203499585004189,0.15173054377549805,0.0,0.0,0.1891103746458612,0.19476595862846724
169,0,ABAB,20261103,170,0.15082541392289497,0.14517264536112034,0.14363980819872554,0.05127168164009512,0.1154265531330515,0.0846407635445202,0.009726586412906484,0.0,0.0,0.0,0.013155365622312726,0.08684039551468087,0.0,0.0,0.14385254351937982,0.05127078715810043,0.11546118085193598,0.0,0.0,0.21947987360766508,0.20219302525178018
170,0,ABAB,20261103,171,0.13102057875331566,0.11468027871058276,0.11399993589169345,0.05181039147969798,0.11142018177926696,0.08350756136650896,0.009737423782462219,0.0,0.0,0.0,0.013355076733200993,0.08523391108075098,0.0,0.0,0.11440882566218624,0.0520246968855758,0.11165056921999372,0.0,0.0,0.26199367613334235,0.23385868987149291
171,0,ABAB,20261103,172,0.12175210048072177,0.1506029000985093,0.1486184392905098,0.0638498901167981,0.11043008378315368,0.08831282742236245,0.009890884346612411,0.0,0.0,0.0,0.0133688033797537,0.08943259500882793,0.0,0.0,0.14837730156500828,0.0637494185296443,0.1102269311231607,0.0,0.0,0.23446644008612996,0.20295275426499176
172,0,ABAB,20261103,173,0.18470953173014468,0.17263676374812387,0.17072536852033135,0.04943624337822025,0.12820420257266862,0.10283172870963311,0.010325910105076616,0.0,0.0,0.0,0.014308577779050934,0.10446394286494518,0.0,0.0,0.17064010553564674,0.049450514567934735,0.12814887248143486,0.0,0.0,0.27461965277755873,0.2755678635541763
173,0,ABAB,20261103,174,0.16541336868468293,0.1838491210170383,0.18176229596215643,0.031939059030249406,0.14221665493111185,0.08892189536500937,0.009375633528753159,0.0,0.0,0.0,0.012414891263800437,0.08993217625962979,0.0,0.0,0.1826098646255948,0.032037738924166705,0.14298046602821352,0.0,0.0,0.180953102369633,0.19620208301235467
174,0,ABAB,20261103,175,0.15970021486670746,0.1251326861264745,0.12405905527505483,0.033098864653574846,0.09155975515544386,0.08136133161251448,0.009684899737648005,0.0,0.0,0.0,0.01316225225224795,0.08249907607678991,0.0,0.0,0.12368706491585242,0.03302005720843323,0.09126737670748222,0.0,0.0,0.20894025722478454,0.2098147719606454
175,0,ABAB,20261103,176,0.14384311471337713,0.14799362315648196,0.14680757941782532,0.044759966036766394,0.10836766038101585,0.08613679347385086,0.00982184316242025,0.0,0.0,0.0,0.01334076905635543,0.08716372787073665,0.0,0.0,0.14686587113526223,0.044896323070315804,0.10852821861513585,0.0,0.0,0.20846843183502067,0.22065594771970098
176,0,ABAB,20261103,177,0.1356656999487819,0.12029505727899674,0.1183313813013614,0.030902429676361934,0.078352636760177,0.07744067622179972,0.009864447116176357,0.0,0.0,0.0,0.013171014543603962,0.07959073818706346,0.0,0.0,0.11852188722583223,0.030902358845330897,0.07855019072840533,0.0,0.0,0.21384209935754703,0.2336238547500302
177,0,ABAB,20261103,178,0.16325754207061205,0.14902510840803027,0.14681146708124382,0.03662382828410904,0.11976307454109816,0.09691850045985619,0.010079470404413636,0.0,0.0,0.0,0.013848080736786332,0.09862353765130644,0.0,0.0,0.14664330054152588,0.03662471065293729,0.11981180920221954,0.0,0.0,0.20933258952869097,0.20697103812805898
178,0,ABAB,20261103,179,0.1539802251847064,0.15802187656873395,0.15616066843407933,0.03557679612733788,0.13238697399191035,0.0843551267111753,0.010545566822433511,0.0,0.0,0.0,0.014720426736596735,0.08734414787940149,0.0,0.0,0.15594396711662853,0.03563475193881933,0.13204769143238826,0.0,0.0,0.2654405240171673,0.2737737753965328
179,0,ABAB,20261103,180,0.14129010891241653,0.14215286039576563,0.14038048529169472,0.04346460685232027,0.10715193959847612,0.0775613850943567,0.009833021904657008,0.0,0.0,0.0,0.013095569851488326,0.07964930112453225,0.0,0.0,0.14028714471953688,0.04324028584682995,0.10709698995480267,0.0,0.0,0.2765119972911789,0.2989703975435945
180,0,ABAB,20261103,181,0.17461701469692062,0.12774671107498667,0.12705594332719444,0.043657952729311375,0.07724628187882271,0.10990906238003627,0.00977269022463648,0.0,0.0,0.0,0.013398447141809596,0.11147204941573916,0.0,0.0,0.12691728827486506,0.043729175098066245,0.07721752531351643,0.0,0.0,0.32259189565231705,0.2846581451644291
181,0,ABAB,20261103,182,0.1499292360887853,0.12181994606040877,0.12094446800815956,0.05389710244146687,0.10091091950530849,0.0720668384904275,0.010159490978332627,0.0,0.0,0.0,0.01409389294365422,0.07290118478219372,0.0,0.0,0.12118844122925782,0.05411794352303242,0.10125054588234154,0.0,0.0,0.23942130477690984,0.2333203270970214
182,0,ABAB,20261103,183,0.13653703717972138,0.13508372084089748,0.13398672966679614,0.0396111403991109,0.09617342256625354,0.0881427135678707,0.010488431407108159,0.0,0.0,0.0,0.014424922271377993,0.08950129862505528,0.0,0.0,0.1340078038032569,0.039717033502171,0.09615316205652225,0.0,0.0,0.21164371263396897,0.21262002001150906
183,0,ABAB,20261103,184,0.15951167896057128,0.13628143030671983,0.1350833749279833,0.042545284218884136,0.10216073484300874,0.0721752877139279,0.009888313569301204,0.0,0.0,0.0,0.013749922775783643,0.07339500598060096,0.0,0.0,0.1349429858615741,0.04246543393393393,0.10176923526812962,0.0,0.0,0.21256015851950297,0.19563380184120924
184,0,ABAB,20261103,185,0.1331129410055074,0.10406326378694267,0.10291142239584615,0.036491903662909025,0.09274742290167666,0.08159075165957287,0.010577867951569538,0.0,0.0,0.0,0.014584151342129873,0.08315151123119496,0.0,0.0,0.10291795135994991,0.036522516108378526,0.09273114217004307,0.0,0.0,0.22370238280172244,0.25758319423672377
185,0,ABAB,20261103,186,0.1707249007197868,0.1650654672672317,0.16291578325873324,0.03966307535674268,0.13813077786085615,0.07759891100660019,0.009305537190958847,0.0,0.0,0.0,0.01255674778257008,0.07958482740112288,0.0,0.0,0.1631503926263424,0.039711779400870985,0.1382220138456998,0.0,0.0,0.2366274929799127,0.20635463580096064
186,0,ABAB,20261103,187,0.1437375512584558,0.14245736544464377,0.1409035758413729,0.04690536921612135,0.10286349754998755,0.08696514549564799,0.009798066376334662,0.0,0.0,0.0,0.013124041944748996,0.08866657795720641,0.0,0.0,0.14089501546551408,0.04701271672245057,0.10296734472131841,0.0,0.0,0.24765515548747152,0.21046461493358964
187,0,ABAB,20261103,188,0.18750279411151569,0.15804942075965797,0.15611866703632396,0.05079852960962144,0.10684177330944868,0.09043437485354842,0.010093766330642191,0.0,0.0,0.0,0.01382487182767143,0.0931957819312695,0.0,0.0,0.1553657639212228,0.05071947025853593,0.1064802585701234,0.0,0.0,0.22455123816718367,0.18862197605071512
188,0,ABAB,20261103,189,0.13555102349664816,0.12622045689999722,0.1251326738741616,0.03052038305462738,0.09483014684853018,0.08676735778026456,0.009881668098076658,0.0,0.0,0.0,0.013586561992132692,0.0882885365598319,0.0,0.0,0.12488135877113246,0.030513993858147133,0.09468275168999668,0.0,0.0,0.26771523121557456,0.2121387775076205
189,0,ABAB,20261103,190,0.19463935434360102,0.18586178247595017,0.1827775207443225,0.038247041723568576,0.11160512042623187,0.09659306471555959,0.010517780782229256,0.0,0.0,0.0,0.014211706600750959,0.09814556935224189,0.0,0.0,0.18310241075182676,0.038349267050977964,0.11181192790933231,0.0,0.0,0.26331716219970736,0.24550074606137853
190,0,ABAB,20261103,191,0.12612539491768843,0.11807073348964027,0.11625507070669115,0.041590295689057095,0.08404501460709972,0.08664869005990912,0.010489616098878054,0.0,0.0,0.0,0.013945933643108666,0.08922875591860939,0.0,0.0,0.11640303646607023,0.04154933380758919,0.08403705569603998,0.0,0.0,0.20078904339996206,0.2068668248834136
191,0,ABAB,20261103,128,0.13451058777781738,0.12507688269279155,0.1235425016320765,0.046861350674581796,0.10183449501513811,0.07487011997841791,0.009107536878798573,0.0,0.0,0.0,0.012299797221843477,0.0757850426807877,0.0,0.0,0.12347066544162345,0.04690194310377571,0.10167373446141745,0.0,0.0,0.32257205715137716,0.28937968035866085
192,1,BABA,20261103,193,0.1582234313964984,0.12202361667505864,0.12039571797399692,0.03959489532204054,0.1068174184411717,0.08863137935637701,0.010653513500622061,0.0,0.0,0.0,0.014897703108658544,0.08973075838552905,0.0,0.0,0.12074981954676256,0.03961215546058538,0.10711494497048536,0.0,0.0,0.21288818463838002,0.2199183335992709
193,1,BABA,20261103,194,0.1861707710971007,0.17819629421950342,0.17529317506938133,0.05142767710534864,0.10372000702030398,0.11779603837497227,0.010344727503740327,0.0,0.0,0.0,0.014973084743706847,0.1221578039127041,0.0,0.0,0.1755702536540092,0.05137411508264313,0.1040670170350634,0.0,0.0,0.2542445726015425,0.22052235279382396
194,1,BABA,20261103,195,0.15153385623568677,0.14777891568178958,0.14611459600567572,0.054612007753487034,0.09891219482142566,0.09577020898615264,0.01059644678161471,0.0,0.0,0.0,0.015288060510457146,0.09857157339949842,0.0,0.0,0.14692750616530298,0.05470445999922035,0.09930414035188552,0.0,0.0,0.22436961178622888,0.21361108154999042
195,1,BABA,20261103,196,0.14039048188452033,0.14496318182743612,0.14362634659306986,0.03326323958003913,0.12046773655202626,0.056161317039079395,0.010146993136802666,0.0,0.0,0.0,0.014693695728023776,0.05725692629256677,0.0,0.0,0.14375335966098793,0.03333570905538708,0.12060725286645223,0.0,0.0,0.28247450066070723,0.28394396750917833
196,1,BABA,20261103,197,0.16713057608880302,0.1716290843400468,0.16911177277322118,0.04509704366088365,0.11398962051116512,0.11172864890444148,0.01022055250244309,0.0,0.0,0.0,0.01471566578069701,0.11421625790932934,0.0,0.0,0.16901877939968807,0.045099510785310847,0.11410988150796292,0.0,0.0,0.2507933614019149,0.24677850129680057
197,1,BABA,20261103,198,0.17975624037756427,0.15926597128223413,0.15735600046644743,0.033160407921702405,0.1156529176389945,0.09394243823672334,0.010122745453732323,0.0,0.0,0.0,0.014315363730060779,0.09595144779639507,0.0,0.0,0.15796215066287037,0.0332870721578844,0.11589752899616715,0.0,0.0,0.21301074490771432,0.2267424319464983
198,1,BABA,20261103,199,0.1577824235451428,0.1530495666809782,0.15184772594065687,0.05506142587060599,0.12006994932746627,0.0909949127896034,0.011042963474190436,0.0,0.0,0.0,0.016020252638139918,0.09230604012605557,0.0,0.0,0.15203346369617546,0.0551779016499038,0.12030576178717568,0.0,0.0,0.27406488209341806,0.22864591924385297
199,1,BABA,20261103,200,0.13212059498326936,0.1143366742824471,0.11281466196538242,0.05599254175855027,0.09542844645498232,0.07458895182909407,0.010732730932801738,0.0,0.0,0.0,0.015472348952893475,0.07702447823746401,0.0,0.0,0.11285164865855209,0.05567680040935669,0.0950300084722935,0.0,0.0,0.25983874152353237,0.2182816171734231
200,1,BABA,20261103,201,0.1446865633279585,0.14485231270255305,0.1433832300960539,0.04377659684669582,0.11831276808505492,0.07619305401860886,0.010885709266185479,0.0,0.0,0.0,0.015600988860009912,0.07780545936893095,0.0,0.0,0.1437733874172728,0.04373789173386904,0.11843721648114923,0.0,0.0,0.23650186348757612,0.1940193394990923
201,1,BABA,20261103,202,0.144887176434852,0.13431675564366125,0.13250358892854242,0.05528347156703993,0.11134660824202537,0.07697988236211516,0.010519729681863668,0.0,0.0,0.0,0.014487732168956994,0.07946750977062485,0.0,0.0,0.13298126648321656,0.05563287012185622,0.11167937295386418,0.0,0.0,0.18409243600388045,0.19195791186583233
202,1,BABA,20261103,203,0.15362614125083265,0.15548808816586338,0.15323679648616637,0.046744622841327195,0.1217452837341493,0.09198473643447258,0.011136322137911702,0.0,0.0,0.0,0.01614759998864416,0.09510406692179257,0.0,0.0,0.15346070784256152,0.0468303085381287,0.121811784522677,0.0,0.0,0.2711197785222635,0.26233981045308713
203,1,BABA,20261103,204,0.13926870778885758,0.13576321714618442,0.1340198664351082,0.060339378371369955,0.09439650451170299,0.07327031669664989,0.01023403597184694,0.0,0.0,0.0,0.014430637620711182,0.07512025728939678,0.0,0.0,0.13376417273989658,0.060401610842124163,0.09428424701964522,0.0,0.0,0.23853946240184787,0.2520115433748972
204,1,BABA,20261103,205,0.15804528189197606,0.12233499103271005,0.12146086227437168,0.03605448708336637,0.10190109319710196,0.0878796782094014,0.010695530695550473,0.0,0.0,0.0,0.014995292247405433,0.09002195484235241,0.0,0.0,0.12161883894083328,0.03615276558515111,0.1021406170862801,0.0,0.0,0.23633776862587347,0.23229565801520546
205,1,BABA,20261103,206,0.1666305839606246,0.16075285511002071,0.15907044805909473,0.04656758557820084,0.12175378796166776,0.08912549812236834,0.010583161731250445,0.0,0.0,0.0,0.01522710052945525,0.08965607080418284,0.0,0.0,0.15892853868412754,0.04647368188883122,0.121743432642923,0.0,0.0,0.1818683207584417,0.18909635929784327
206,1,BABA,20261103,207,0.1691795988371234,0.14164972271157666,0.1405160967026744,0.0468691546860589,0.12232142819640017,0.11191155752374048,0.009639148912128909,0.0,0.0,0.0,0.013628411997547807,0.11427044173719342,0.0,0.0,0.14067250482300617,0.04680647097652587,0.12241729020658969,0.0,0.0,0.18824439395405507,0.20361338520678454
207,1,BABA,20261103,208,0.14477858524835788,0.12187781330454411,0.12039862130988271,0.042545822026438126,0.10367837137859479,0.0909045936426648,0.010072628689062203,0.0,0.0,0.0,0.014342196344332904,0.09190344338573353,0.0,0.0,0.12071742585131626,0.04244306341502847,0.10366308848120301,0.0,0.0,0.23042006243464436,0.1651672227089194
208,1,BABA,20261103,209,0.1714746253872583,0.15655353256908158,0.15360541309536063,0.05675596022893035,0.12085163747346862,0.08931768627326221,0.010457110822104407,0.0,0.0,0.0,0.014573883830420525,0.091444601276567,0.0,0.0,0.15413231975221564,0.05703184932332428,0.12118271949607838,0.0,0.0,0.32782682136813884,0.2753529728714746
209,1,BABA,20261103,210,0.1670840022756118,0.13576000584738854,0.13403340576665448,0.055958958727315836,0.11493346875089533,0.09265293709602297,0.010617439655948968,0.0,0.0,0.0,0.015096822195497586,0.09353987251337262,0.0,0.0,0.1341683192452177,0.056110354322732335,0.11526829832571774,0.0,0.0,0.2425131407258938,0.24792395812899926
210,1,BABA,20261103,211,0.15887270913519783,0.1539383650462973,0.15237191348787626,0.03730184769876723,0.12569460702187493,0.0754597180844943,0.010390514903370309,0.0,0.0,0.0,0.01508781899233751,0.07675380984031135,0.0,0.0,0.15241375383114908,0.03741959530320053,0.12597943733815406,0.0,0.0,0.2621304117676921,0.256968690532464
211,1,BABA,20261103,212,0.15455527035379707,0.13740960706549496,0.13607816078679555,0.060530692427885016,0.11752252732759734,0.07820236924388367,0.010156615226874322,0.0,0.0,0.0,0.014108840269776319,0.07982520957091073,0.0,0.0,0.13614610918829526,0.06063716133945434,0.11761740107252806,0.0,0.0,0.2860495769747418,0.24817475270525255
212,1,BABA,20261103,213,0.1970373364129936,0.12412314649222578,0.12286335619511042,0.04950346564240878,0.09786801651135278,0.10939101770347569,0.010390518997366746,0.0,0.0,0.0,0.015010169960598091,0.11202510606295703,0.0,0.0,0.12334986892150385,0.0495906355123128,0.0982514747828028,0.0,0.0,0.2358716603463373,0.21218640930795574
213,1,BABA,20261103,214,0.16477073263369382,0.14481262395855435,0.14329171329600152,0.0367315213895224,0.09941815545523032,0.10606115070859513,0.009794494871768101,0.0,0.0,0.0,0.013654407775928004,0.1081621923895432,0.0,0.0,0.1433213311034359,0.036861526576967805,0.09953572824645607,0.0,0.0,0.2565522290287496,0.2789056560341286
214,1,BABA,20261103,215,0.2218255176633315,0.23369792445188672,0.22952717298210598,0.056780997476855354,0.17101225482909665,0.11506840767018515,0.009567410559213414,0.0,0.0,0.0,0.013574372601115232,0.11771819413962248,0.0,0.0,0.22971422570530012,0.05737397479597072,0.1712603251772198,0.0,0.0,0.294936217970671,0.24950038872183564
215,1,BABA,20261103,216,0.1833322606495642,0.15956071764019206,0.15799259206030125,0.03850969374145842,0.11035815231087583,0.10360375577357751,0.01022318050247478,0.0,0.0,0.0,0.01401404588143081,0.10630509500332179,0.0,0.0,0.15814934195125194,0.038415360130813564,0.11045700139951295,0.0,0.0,0.23652369844387833,0.18254723262388517
216,1,BABA,20261103,217,0.14444708063438325,0.1260740553980454,0.12487360466999123,0.05245641524889442,0.12479771498802032,0.05759609431407577,0.010739641649570409,0.0,0.0,0.0,0.014919036369298207,0.05874154581626247,0.0,0.0,0.12491776711334468,0.05229246108472079,0.12489605537386099,0.0,0.0,0.2517714153474277,0.19645072493042906
217,1,BABA,20261103,218,0.15466200544416805,0.13803282130369937,0.13667058952976532,0.04258966978766332,0.09121202149440855,0.08475311445323433,0.010297547725087633,0.0,0.0,0.0,0.014926886641934232,0.08644341874170385,0.0,0.0,0.13711071937330271,0.04281115643841275,0.09162640878003957,0.0,0.0,0.25930034417159775,0.24571348790931874
218,1,BABA,20261103,219,0.12788731989274524,0.11978309843368769,0.11910059724854068,0.047508552176660904,0.09571917445064226,0.09045071837635503,0.01029323548761593,0.0,0.0,0.0,0.01453569686643147,0.09150761195594997,0.0,0.0,0.11951560890995326,0.04773055636148892,0.09616521766857616,0.0,0.0,0.27088049575543083,0.25569566470077676
219,1,BABA,20261103,220,0.15484878068185093,0.14691283112402861,0.14552329684910506,0.04337685949780147,0.1342453525529864,0.07855702127742298,0.009880794191219544,0.0,0.0,0.0,0.014196017709586341,0.08056084938575238,0.0,0.0,0.14574001994416808,0.043449750258401046,0.1343696870685076,0.0,0.0,0.2462116634255556,0.22855266289928552
220,1,BABA,20261103,221,0.1594259208379359,0.13400769267056398,0.13245752542768957,0.037445928239652565,0.08735019981456174,0.0917616965303972,0.010530134120172244,0.0,0.0,0.0,0.014659211111102351,0.09434958005651661,0.0,0.0,0.13206785694279702,0.037568661468222936,0.0873807479119991,0.0,0.0,0.2673407734980404,0.23153850873199994
221,1,BABA,20261103,222,0.14884940105828143,0.14371141400638018,0.14257690083584557,0.04271554617838179,0.11104660436091342,0.08875252888819055,0.01015535583402913,0.0,0.0,0.0,0.014980349787978105,0.09064677414705065,0.0,0.0,0.1426706173011025,0.04274613425030016,0.11103005787665961,0.0,0.0,0.27151300608589896,0.2633836473449346
222,1,BABA,20261103,223,0.13007024603859188,0.1336179234560098,0.13224251745617938,0.055866247845864886,0.11397638041929403,0.08726495494469191,0.01015251175761081,0.0,0.0,0.0,0.014017056242042523,0.08987218805868168,0.0,0.0,0.13247217715025011,0.05593222079346973,0.11415623839828053,0.0,0.0,0.23768111951951162,0.22502009597654687
223,1,BABA,20261103,224,0.16544397980237585,0.14943233733714886,0.14804136208794996,0.05008296415057957,0.10602430766203744,0.10270453208286086,0.010118940268528394,0.0,0.0,0.0,0.014305332224999374,0.10541066048453812,0.0,0.0,0.1482486368583517,0.0499326055676571,0.10591721172120921,0.0,0.0,0.23321612633891936,0.2036612623367885
224,1,BABA,20261103,225,0.12124970596958876,0.11483471032525146,0.11349132930897673,0.03300038433845277,0.10834306589879579,0.07180633941676143,0.01081075730967497,0.0,0.0,0.0,0.015298367284214236,0.07346445425951796,0.0,0.0,0.11357084644647732,0.0330385134213187,0.10831051482047818,0.0,0.0,0.21804579679365002,0.22105711066950653
225,1,BABA,20261103,226,0.16143327494040718,0.13124412706332358,0.12991140799613488,0.04328869669685305,0.08416470425055231,0.08207046982706377,0.010494996451663696,0.0,0.0,0.0,0.015089895413568942,0.08404673341677406,0.0,0.0,0.12976214715480353,0.04334953746331552,0.0840023781894326,0.0,0.0,0.21160556168764172,0.19021655650632102
226,1,BABA,20261103,227,0.1495781254683567,0.14794451560366342,0.14630262565995708,0.05542696330255737,0.1107313632630013,0.07485594236483106,0.009805103539590656,0.0,0.0,0.0,0.013979749961438753,0.07824859202837524,0.0,0.0,0.14648232517143325,0.055484305501301213,0.1109563910906473,0.0,0.0,0.24191932517805648,0.23290605290586697
227,1,BABA,20261103,228,0.09977209784429185,0.09788017927144908,0.09712615023967695,0.04904877205335235,0.0893536231629314,0.07570550058162767,0.010196108730953201,0.0,0.0,0.0,0.014030854758895159,0.07666060345189712,0.0,0.0,0.09725719251095162,0.049344704563337685,0.08963153330548987,0.0,0.0,0.22277845979652994,0.2356669907324965
228,1,BABA,20261103,229,0.15357924870723083,0.13865949459521001,0.1369302652736291,0.04411340941585926,0.09931459484728096,0.0781016392603958,0.010021313953088003,0.0,0.0,0.0,0.013843620461964185,0.08096726366714409,0.0,0.0,0.13723558870254185,0.044218011859067985,0.09954846231492286,0.0,0.0,0.23695051886569837,0.23209407585212197
229,1,BABA,20261103,230,0.1610564867384621,0.18253150338242558,0.18039035479026405,0.03128950318228635,0.15971861005357157,0.08550262571010211,0.010395434278112518,0.0,0.0,0.0,0.01476699190673414,0.08698933365312245,0.0,0.0,0.18032410454008457,0.03133124667032571,0.15968609813604395,0.0,0.0,0.2403400362438516,0.18815781426305037
230,1,BABA,20261103,231,0.13707585767621774,0.1253634564223884,0.12436379525836051,0.06036076314107728,0.12006717157014636,0.0676714673555497,0.010310445324040733,0.0,0.0,0.0,0.014149171092646594,0.06889604752822667,0.0,0.0,0.12443333256772449,0.0602309793227158,0.12006918934097809,0.0,0.0,0.25125762765650184,0.22034494390540152
231,1,BABA,20261103,232,0.11656678040370008,0.12332229823081658,0.12180553233584093,0.050713669987377946,0.10994915148382861,0.07762129097210937,0.011054217090884355,0.0,0.0,0.0,0.015610169912125287,0.07931370363475986,0.0,0.0,0.12192414597640783,0.050857872759887145,0.10967893112096816,0.0,0.0,0.22954232375361217,0.15438825027799755
232,1,BABA,20261103,233,0.13221437258182128,0.12481804932649478,0.12346404166063872,0.05338401375801345,0.09845975236767886,0.09000631478142522,0.010261425255922356,0.0,0.0,0.0,0.01446891502564962,0.09155269280859499,0.0,0.0,0.12348198393918179,0.05340572330726534,0.09844522254356393,0.0,0.0,0.2077561484671361,0.16292644709577445
233,1,BABA,20261103,234,0.15503206073946046,0.12008348404517381,0.11848276819594018,0.03155849804987961,0.09785985828219952,0.09794267710487913,0.010274831372878677,0.0,0.0,0.0,0.014800086835249197,0.10066515386470033,0.0,0.0,0.118135880404453,0.031498831897341095,0.09774227914721771,0.0,0.0,0.33222304877854797,0.32437355191698286
234,1,BABA,20261103,235,0.14216508687393617,0.11577003372848878,0.11489795465499462,0.04271593113788281,0.12728401527282174,0.08176444811442876,0.009664936873701483,0.0,0.0,0.0,0.014237234234864853,0.08447938324013025,0.0,0.0,0.11507808322599343,0.04289196429370537,0.1276860756040172,0.0,0.0,0.23804294612310725,0.23587413728099052
235,1,BABA,20261103,236,0.1368489087908895,0.11822968069206372,0.11734782381636664,0.04728927526875492,0.08520121460786317,0.07561736792945026,0.010429678109248263,0.0,0.0,0.0,0.014064959545495522,0.07675542089617336,0.0,0.0,0.11750140654384036,0.04712578090158684,0.08499036889890778,0.0,0.0,0.23564448967192228,0.21356280728114577
236,1,BABA,20261103,237,0.13153124530064944,0.10762446857608166,0.1066144757268119,0.05981476067597134,0.09818701388269604,0.09096933599074687,0.010929441933332461,0.0,0.0,0.0,0.015325918163807524,0.0927482802633031,0.0,0.0,0.1065417962469686,0.059526904428711384,0.09804253653099279,0.0,0.0,0.3150754294684495,0.31805898558044127
237,1,BABA,20261103,238,0.14084991996549248,0.12651639301228043,0.12514347575899187,0.041779784621572794,0.09880879419386893,0.0777749661858572,0.010266842680113051,0.0,0.0,0.0,0.014456156289482006,0.08003098459785551,0.0,0.0,0.12545994516094175,0.041839768755843075,0.0989941145961165,0.0,0.0,0.302930744995804,0.28268820814046425
238,1,BABA,20261103,239,0.15615924559759264,0.15517841503254703,0.15380112469405216,0.03864624244831661,0.10212315285245316,0.09272344134141537,0.010808079916714291,0.0,0.0,0.0,0.015204651896073158,0.09379740541957594,0.0,0.0,0.15397611300564817,0.03878389958886657,0.1022187565562587,0.0,0.0,0.20967095266548283,0.18347348152296872
239,1,BABA,20261103,240,0.1212631535126608,0.11921597761631329,0.11776625794509595,0.03510862992317446,0.10099534681202227,0.08146523422921954,0.010241179404878127,0.0,0.0,0.0,0.01392820399643094,0.08305607791044685,0.0,0.0,0.11744150631006513,0.0349137673999963,0.1007297818498859,0.0,0.0,0.2745322518933175,0.280854131647557
240,1,BABA,20261103,241,0.17878331485075283,0.162897265150599,0.16101133927689537,0.05021435441667857,0.09486296432779104,0.11989166053502008,0.010847273929194804,0.0,0.0,0.0,0.015869006005150097,0.1210415164427002,0.0,0.0,0.16106254957777733,0.0502893256712129,0.09500919618465789,0.0,0.0,0.21647921861279307,0.22458933289898153
241,1,BABA,20261103,242,0.10459066197001363,0.08470994090483139,0.08423327419512192,0.04835054565189463,0.08445039120757657,0.0808713109033591,0.010730274499332804,0.0,0.0,0.0,0.015317614815419187,0.08150827417399527,0.0,0.0,0.08419868674120361,0.048360042321359875,0.08442446203017961,0.0,0.0,0.2617655625652127,0.23545480561696702
242,1,BABA,20261103,243,0.13256666368555112,0.14137587364617502,0.1395423450228587,0.04971843189430524,0.10018488033099683,0.08540774923165496,0.01046908710498484,0.0,0.0,0.0,0.014989633222813693,0.08793735902732758,0.0,0.0,0.13968582226887646,0.049723060360763086,0.10035591531103323,0.0,0.0,0.32008646867522894,0.2993847636022606
243,1,BABA,20261103,244,0.14962432121413818,0.13030696095664784,0.1287848843133921,0.0645305651350096,0.10432801813212082,0.08015347948060961,0.010667966359737607,0.0,0.0,0.0,0.015192554014676375,0.08132490893365876,0.0,0.0,0.1287371298665968,0.06465773934548431,0.1043367261077134,0.0,0.0,0.14894452047646087,0.1375627545245799
244,1,BABA,20261103,245,0.18051568235214452,0.15801506288853706,0.1566919427261195,0.043658057279694636,0.13746883027650422,0.09721337935149224,0.009801271098740317,0.0,0.0,0.0,0.01403527062726709,0.09998404865640392,0.0,0.0,0.15713607970484697,0.04377884297028034,0.13803318331562478,0.0,0.0,0.31308164448978376,0.31111908904332414
245,1,BABA,20261103,246,0.1856769027975188,0.18271501594313191,0.1802922289852934,0.04079652152499724,0.1540706244982851,0.07998688232071634,0.010130113944024135,0.0,0.0,0.0,0.014242444632321787,0.08088671258682077,0.0,0.0,0.1805690969144612,0.04065330583983732,0.15410919230592365,0.0,0.0,0.21835476895734307,0.1981654687543954
246,1,BABA,20261103,247,0.1592041200328539,0.12827172257550382,0.1273183557936819,0.05559621972060058,0.05951771754891447,0.08693219376193004,0.010969373222349033,0.0,0.0,0.0,0.01553721689661168,0.08817168864774451,0.0,0.0,0.12751567023399557,0.0555931048086294,0.05956622410007354,0.0,0.0,0.2181408097943221,0.20618390584260643
247,1,BABA,20261103,248,0.1497877340529438,0.12131657928127866,0.12049782312391212,0.04078252479004571,0.08160309511832547,0.09854388839281819,0.010488964124484579,0.0,0.0,0.0,0.014598793996106602,0.09996133622625591,0.0,0.0,0.12055722079318494,0.04068366640834493,0.08137002511269376,0.0,0.0,0.22294798944509037,0.21321769079991537
248,1,BABA,20261103,249,0.17098174036766134,0.1786341398940743,0.17574240796876464,0.04567968241374072,0.15753108692279688,0.08127817052623496,0.01016727376164859,0.0,0.0,0.0,0.01446499324361294,0.08282389338671266,0.0,0.0,0.17575781110355904,0.04567111061133216,0.157635296407618,0.0,0.0,0.24196376398779734,0.21992647851491162
249,1,BABA,20261103,250,0.14665980438879808,0.14600038967954773,0.14475205571958222,0.05758820646285261,0.09230915465742921,0.10122590891142054,0.009955428370505682,0.0,0.0,0.0,0.013874268880079855,0.1017698379551368,0.0,0.0,0.14510793629740878,0.05768732781293643,0.09251118080194921,0.0,0.0,0.24199146167990004,0.2177652450530209
250,1,BABA,20261103,251,0.15625725911389884,0.1554795417075264,0.15366517647283406,0.059536981879687444,0.13070184528623996,0.0737203121204431,0.01087640711038594,0.0,0.0,0.0,0.01563251341487179,0.07452387977454951,0.0,0.0,0.15370110265844844,0.059540227989837755,0.13050143015334095,0.0,0.0,0.2942685421463702,0.2725444309074467
251,1,BABA,20261103,252,0.14056166209008467,0.13112940561581257,0.12968877625447706,0.05268541654143273,0.08025282252294699,0.08717588959775523,0.010407677816164638,0.0,0.0,0.0,0.014826666231806262,0.08944734309823595,0.0,0.0,0.12965945617133315,0.05263473226708897,0.08019567486937856,0.0,0.0,0.32704231333278705,0.30964146452719105
252,1,BABA,20261103,253,0.17407359080822218,0.15901832240737382,0.1569347430350359,0.0631532026042264,0.11813967864751693,0.09072701236724323,0.010407935214554546,0.0,0.0,0.0,0.015209318439919317,0.09268495006418621,0.0,0.0,0.15702846258774839,0.06330018309241771,0.11824400098290672,0.0,0.0,0.26602934223321334,0.25899714624022147
253,1,BABA,20261103,254,0.15404859888582095,0.12280623627724244,0.12124745447266604,0.037433333789634315,0.08182784757817427,0.10350099412793219,0.01118610223622846,0.0,0.0,0.0,0.016058056696038124,0.10486321996761323,0.0,0.0,0.12106437665771493,0.037423686193674706,0.08194943921672368,0.0,0.0,0.2640886839126976,0.27465582577384146
254,1,BABA,20261103,255,0.13181677792360463,0.1447638928412442,0.14326975914436557,0.05648469056741927,0.12918635408182555,0.0674002051863621,0.010135694459941629,0.0,0.0,0.0,0.014400019946843104,0.06803844347571891,0.0,0.0,0.14328350286525515,0.05660955587066854,0.1290351439839796,0.0,0.0,0.25372300519801916,0.22707259081462416
255,1,BABA,20261103,192,0.17334274260247823,0.1591008422891938,0.15705274623303145,0.02784208838451135,0.11586611949463196,0.08418333375004317,0.009823697945003186,0.0,0.0,0.0,0.013684021569302878,0.08597662147213553,0.0,0.0,0.1570375225580601,0.027750360983173065,0.11594093676536203,0.0,0.0,0.27821786583382546,0.2231449292735347
128,0,ABAB,20261104,129,0.11498169278364624,0.13433724302550867,0.13275269868908035,0.045235516309286135,0.12218820584241676,0.060661032991630365,0.00914172416506491,0.0,0.0,0.0,0.013122691144226605,0.06147211407349377,0.0,0.0,0.1326762123784618,0.04537634274003023,0.122111950539049,0.0,0.0,0.2843277343417057,0.24528533477001305
129,0,ABAB,20261104,130,0.16615800886853546,0.16569805191442594,0.16326954420465534,0.048681164368892,0.10709302012751583,0.08340156405796971,0.00899314540056068,0.0,0.0,0.0,0.01215303622434672,0.08419959801611654,0.0,0.0,0.1633383529906793,0.04878612016701465,0.10713368003639867,0.0,0.0,0.26426272407694185,0.21706620572829524
130,0,ABAB,20261104,131,0.14618965994231897,0.12932438481522954,0.12694968607295334,0.043053316859511706,0.10483299511985088,0.07927490135644427,0.009363924796492786,0.0,0.0,0.0,0.01335028274765763,0.08033085668963807,0.0,0.0,0.12702000338107036,0.04319518815348949,0.10512432844876464,0.0,0.0,0.2598174903441676,0.24159504671164084
131,0,ABAB,20261104,132,0.144906575260222,0.10905361186019476,0.10772686580716026,0.04309909589388033,0.0900480291554125,0.07564127499618269,0.009008616905954517,0.0,0.0,0.0,0.012864817543519778,0.07739617039348216,0.0,0.0,0.10769551440930238,0.043400204248626395,0.090060454818195,0.0,0.0,0.2626561384873154,0.1975514447056668
132,0,ABAB,20261104,133,0.1535226725852545,0.15507855676776963,0.15382723384049884,0.042035613321212216,0.11187183966922713,0.09009414934941672,0.00953891614824281,0.0,0.0,0.0,0.01338060408169106,0.0922571365049586,0.0,0.0,0.15441191668553592,0.04237510340012784,0.11237998198099186,0.0,0.0,0.2391381160226344,0.2279464581837941
133,0,ABAB,20261104,134,0.1640948351267542,0.1340773014943124,0.1312379706881373,0.04597198740958088,0.09482479623828052,0.07301025748011448,0.009339227939235953,0.0,0.0,0.0,0.013056864627766014,0.07542156714584239,0.0,0.0,0.13119444606027014,0.045976666829337424,0.09493538161097993,0.0,0.0,0.25804495852672543,0.2504817535718782
134,0,ABAB,20261104,135,0.11865983158034159,0.10454947142921099,0.10356022668679857,0.038617108420773864,0.08052323404593396,0.07503307885286366,0.008788038232806623,0.0,0.0,0.0,0.012000392154894781,0.07600695542484441,0.0,0.0,0.1036036481807005,0.03855748118733251,0.0803178903269171,0.0,0.0,0.25720688099721645,0.22830172459435016
135,0,ABAB,20261104,136,0.15466264371800517,0.16292766649300044,0.1609673291142624,0.05996882777346923,0.1271380289333869,0.08853391398152505,0.008438432545408001,0.0,0.0,0.0,0.011454060970918839,0.09100554956133208,0.0,0.0,0.16139575935685585,0.05995547990534001,0.12742698415736395,0.0,0.0,0.23928317983575018,0.2700747604535413
136,0,ABAB,20261104,137,0.14735509949426112,0.12334432999011813,0.1220877420780011,0.04560518132596122,0.10262982188786203,0.07475820865686447,0.009249549934152371,0.0,0.0,0.0,0.013259476401023077,0.07613725921670075,0.0,0.0,0.12195889004720767,0.045456887844946677,0.10273814193705515,0.0,0.0,0.17154678141399313,0.15576233548973317
137,0,ABAB,20261104,138,0.1406445272062161,0.10161702401525388,0.10030071741182486,0.04519346470169303,0.10270525695073988,0.07738764092651905,0.00921042957352099,0.0,0.0,0.0,0.013446853036031794,0.07939777544014487,0.0,0.0,0.10054181828692103,0.045200165761414904,0.10298128310870358,0.0,0.0,0.22467720974159425,0.19143109869850025
138,0,ABAB,20261104,139,0.14781633859520082,0.13252923341335407,0.13130375057851626,0.02746986807009502,0.08540664595553307,0.09342078486721106,0.00960477140804317,0.0,0.0,0.0,0.013826179875269302,0.09522494944583933,0.0,0.0,0.13146844657134246,0.027546871487187163,0.0855622158356118,0.0,0.0,0.29319859309463003,0.29211973071137365
139,0,ABAB,20261104,140,0.15558415964095917,0.13751887897132703,0.136535932252699,0.03847663597566579,0.10043720286589519,0.08096517418175798,0.00954678958041219,0.0,0.0,0.0,0.01400944788210556,0.0825378846210067,0.0,0.0,0.13670614465538727,0.03840250922961234,0.10065530624602292,0.0,0.0,0.22120466548524512,0.16291871669107913
140,0,ABAB,20261104,141,0.12987050289731145,0.13026561722051336,0.12873434311637336,0.04992766739613741,0.09713505227781746,0.08374811762901152,0.009163699306610148,0.0,0.0,0.0,0.012903424206748773,0.08510796869867851,0.0,0.0,0.12866074447454398,0.049925524565050595,0.09688915572975335,0.0,0.0,0.21219053094173265,0.1798718257269122
141,0,ABAB,20261104,142,0.12066780044489693,0.09848364615187574,0.09776440672560595,0.039860039279589664,0.08504163031947334,0.05877568628408398,0.008905470884137881,0.0,0.0,0.0,0.012376935975232197,0.05989564405184267,0.0,0.0,0.09766479107839332,0.03993890006077368,0.08491933162540906,0.0,0.0,0.23782476575676462,0.22211260257484627
142,0,ABAB,20261104,143,0.21236203507657955,0.1723514809990602,0.17009126720267068,0.04879676240790975,0.09895393617615224,0.10421607888498205,0.009935536000000926,0.0,0.0,0.0,0.014660222671147196,0.1056276846708267,0.0,0.0,0.17078886724102627,0.04920813085808523,0.09973359518603316,0.0,0.0,0.27151371099161503,0.2276238844105185
143,0,ABAB,20261104,144,0.17193018230099352,0.12673506122438316,0.12582319512659854,0.04005928089898672,0.08901516920669303,0.08534538929433304,0.009005576480838395,0.0,0.0,0.0,0.013001424148472671,0.08658030306985139,0.0,0.0,0.1254615201214566,0.039961330212778874,0.08886954602054396,0.0,0.0,0.29044749611025,0.24834141696474957
144,0,ABAB,20261104,145,0.18525483341526672,0.151119913551028,0.1499166595957172,0.04754704528989227,0.11038128967529813,0.10616891836225302,0.009252658593890142,0.0,0.0,0.0,0.013036201733202043,0.10849380556722717,0.0,0.0,0.14987066722028775,0.04775464607883715,0.11036883607598395,0.0,0.0,0.23201406648931083,0.19036308366710977
145,0,ABAB,20261104,146,0.1310085487791309,0.11972908534723671,0.11792708188370249,0.05605584475155192,0.10047666166057607,0.07078842408752184,0.009020901879450718,0.0,0.0,0.0,0.012707145247085926,0.07147051143275807,0.0,0.0,0.1183026373404999,0.05613723733424164,0.10066316177305691,0.0,0.0,0.2452017049125779,0.22851044345427357
146,0,ABAB,20261104,147,0.15549110894965967,0.11696883601224717,0.11576230107594541,0.05395304749379425,0.11177460160074595,0.07007600814031743,0.0091679785182057,0.0,0.0,0.0,0.013161947844894002,0.07223069937259803,0.0,0.0,0.11573650412272057,0.05390784030584843,0.11180284017302868,0.0,0.0,0.21919312108132127,0.1982159460158352
147,0,ABAB,20261104,148,0.14331201793932968,0.1235393710686986,0.12245300895892633,0.0418900900913387,0.09044212993607076,0.11043188720830217,0.008873809622185423,0.0,0.0,0.0,0.012293757429571783,0.11240443884181067,0.0,0.0,0.12258843349272867,0.04189544165901525,0.09051210165060075,0.0,0.0,0.2637903337602185,0.23358243859364278
148,0,ABAB,20261104,149,0.160117200003315,0.1338056714263086,0.13224078966734118,0.04147347900186263,0.0872434594225283,0.09963753752380675,0.00954731045472945,0.0,0.0,0.0,0.013855865046006145,0.10233281702380163,0.0,0.0,0.13208612475324286,0.04162412567578298,0.08717949832857551,0.0,0.0,0.2725589214639028,0.26200639855358326
149,0,ABAB,20261104,150,0.16413176114617328,0.14854574031260825,0.1474049307260756,0.042713407699470275,0.12178086302360414,0.09835503778012814,0.009169928488147525,0.0,0.0,0.0,0.01281617776876283,0.09919963003165748,0.0,0.0,0.14750718022937334,0.04281181024473628,0.12169878861086628,0.0,0.0,0.26223287206205875,0.25294073140679285
150,0,ABAB,20261104,151,0.14558540761535424,0.11057197880811373,0.10965630329455897,0.04623908985049317,0.07877520782108428,0.09132931624411149,0.009481439382095358,0.0,0.0,0.0,0.013842447186238038,0.09343942390629303,0.0,0.0,0.10974310584014942,0.046185572886669975,0.07866307516073495,0.0,0.0,0.16548395619772543,0.16380951292561752
151,0,ABAB,20261104,152,0.17087304191768976,0.15344593185626193,0.15197197876012322,0.04297249596263555,0.09821941777020046,0.09503126662122725,0.0087899357768759,0.0,0.0,0.0,0.012417564007197913,0.0961137474199408,0.0,0.0,0.1520465900864194,0.042996263034068234,0.09812633128333872,0.0,0.0,0.21881569761899072,0.18263662855604912
152,0,ABAB,20261104,153,0.1530257578310311,0.1276969510683018,0.12639614832666876,0.049326955238972035,0.08885871612793848,0.10206439010963926,0.009550167292042663,0.0,0.0,0.0,0.0135917183256457,0.10288907531612927,0.0,0.0,0.12642043258059932,0.04942784386015655,0.08889773830065528,0.0,0.0,0.18007413994153917,0.14594861359859782
153,0,ABAB,20261104,154,0.16698353255606316,0.1637944071359319,0.16249166193893075,0.025185154202126175,0.13345169188774178,0.0856546133653361,0.00963060421346182,0.0,0.0,0.0,0.013852181666124022,0.08655227023732434,0.0,0.0,0.16236632334771356,0.025108859605845336,0.13329967326868403,0.0,0.0,0.20188100043504797,0.18628652375744734
154,0,ABAB,20261104,155,0.16973506755630352,0.15118359863112188,0.15001667971853586,0.053579416856674784,0.12465026765790792,0.08621136822418193,0.009315556920577096,0.0,0.0,0.0,0.013763022635417933,0.08736188570897901,0.0,0.0,0.15071635621001248,0.05357745558368406,0.12524264875631577,0.0,0.0,0.21746180812911656,0.18189154256677822
155,0,ABAB,20261104,156,0.13635321726630087,0.10837133870362302,0.10694215832717952,0.030562382022129922,0.09515064748349951,0.06335902655022849,0.009454968253788672,0.0,0.0,0.0,0.013092144073107218,0.06480178457125803,0.0,0.0,0.10698053066757347,0.03047249945703475,0.09509038629825807,0.0,0.0,0.29807702750638926,0.2549946848982118
156,0,ABAB,20261104,157,0.15432666849315033,0.12237735783256011,0.12101988305528802,0.04401604068462342,0.07356224732689085,0.10322701004390503,0.009373261349274402,0.0,0.0,0.0,0.013583177539332676,0.10361486707873796,0.0,0.0,0.12149218886490296,0.0440279308647922,0.07386587478987042,0.0,0.0,0.18311272245387772,0.20445472806976928
157,0,ABAB,20261104,158,0.16920839170798174,0.16389663585910327,0.16199881539317473,0.04962679392541609,0.10457226588063083,0.10080338822436989,0.009485929462407913,0.0,0.0,0.0,0.013474223156270448,0.10193572168837922,0.0,0.0,0.16210015202395997,0.04938919258599122,0.10481261562432348,0.0,0.0,0.17617039456534098,0.1736675885524808
158,0,ABAB,20261104,159,0.12232077043882954,0.11077649784956406,0.10998148717396326,0.03214826330810082,0.09180096838241517,0.08622572103124214,0.00917861688678696,0.0,0.0,0.0,0.012943250449607835,0.08699831344151751,0.0,0.0,0.11043819772762965,0.03217821059592238,0.09202072351835809,0.0,0.0,0.1777095697383295,0.17594699707980527
159,0,ABAB,20261104,160,0.14489367587450597,0.1430560323880096,0.14203360111154936,0.058980366136121974,0.09416649235494438,0.0814910201255136,0.009075736782134941,0.0,0.0,0.0,0.01292544261603264,0.08257650560497629,0.0,0.0,0.14190243016003184,0.05913728346073427,0.0939875911796208,0.0,0.0,0.21906315845827073,0.246418643726166
160,0,ABAB,20261104,161,0.14236485984052,0.1274549956046757,0.12636857506856067,0.038209338882963406,0.07384143333621059,0.10038452880793362,0.009447080894853672,0.0,0.0,0.0,0.013341660709629615,0.10169338117828006,0.0,0.0,0.12628948909593354,0.03824488842961771,0.07364475792413865,0.0,0.0,0.3153180194144233,0.30698765433175046
161,0,ABAB,20261104,162,0.12032118758404442,0.11566715271388615,0.11370716180371518,0.049538585269669935,0.09965162335817417,0.04923698686224139,0.008901126275730439,0.0,0.0,0.0,0.012460470605520288,0.050157703016494165,0.0,0.0,0.11391605724104281,0.04949948001648836,0.09982327907363063,0.0,0.0,0.29344051528563,0.26059544548297875
162,0,ABAB,20261104,163,0.18412192377212674,0.15175627162836205,0.15014169449607093,0.0489037758438364,0.0952415578664455,0.08779055919583463,0.009418498600247486,0.0,0.0,0.0,0.0134807106923014,0.08922115146708984,0.0,0.0,0.15037180834967795,0.04903159219522056,0.09544312010948082,0.0,0.0,0.18766971355325937,0.18526014650472217
163,0,ABAB,20261104,164,0.1127214613842172,0.11561307815396447,0.11399411368029146,0.0573649289314175,0.09120382357458683,0.07473310509505808,0.009028392102029532,0.0,0.0,0.0,0.012540694462663904,0.07486559811838632,0.0,0.0,0.114266129770659,0.0576057176863332,0.09112156848311218,0.0,0.0,0.23224358910349055,0.19380992518811066
164,0,ABAB,20261104,165,0.1508608391080822,0.1182238948702353,0.11743339272699041,0.04747676062490786,0.06207426342304645,0.0897081621864784,0.009455338866355158,0.0,0.0,0.0,0.013581405445373361,0.090433064772654,0.0,0.0,0.11762568329898446,0.047734940402244797,0.06240302320992914,0.0,0.0,0.3057026172806915,0.24228545899786486
165,0,ABAB,20261104,166,0.1538685529358458,0.14684362663823705,0.14523596599747793,0.04384642912716447,0.11969419547265328,0.07424116386452455,0.009840050999901057,0.0,0.0,0.0,0.01420501509077928,0.07612194679959511,0.0,0.0,0.14588001894497732,0.04413968130117806,0.12031855638790703,0.0,0.0,0.27569822602752797,0.2574461607761232
166,0,ABAB,20261104,167,0.18895919257430566,0.16280718656922388,0.16069403977895982,0.04278103514656305,0.12976291655212327,0.09492040547401052,0.009106002343179369,0.0,0.0,0.0,0.01300063067888369,0.09650137650176943,0.0,0.0,0.159961428388724,0.04265772855961215,0.12929708716143526,0.0,0.0,0.22240011843893742,0.214956857021992
167,0,ABAB,20261104,168,0.15944232173514988,0.16550755876543397,0.1636268979431322,0.05734260290459517,0.1257673859457281,0.0860366378799738,0.009175258568017193,0.0,0.0,0.0,0.013318741752970814,0.08754597758752898,0.0,0.0,0.16371900355196464,0.05742821772151282,0.12594646786181737,0.0,0.0,0.2794443233395039,0.27310174593145764
168,0,ABAB,20261104,169,0.16960521260139,0.17090895223767263,0.16772393355035797,0.05208089488095017,0.1367080233718093,0.09846693372524588,0.008587880363146236,0.0,0.0,0.0,0.012373554520585407,0.10166812687019397,0.0,0.0,0.16813188158184325,0.052343310285113735,0.13700134828943544,0.0,0.0,0.2750158169929148,0.2812968428342992
169,0,ABAB,20261104,170,0.14293685904591832,0.13045506402300727,0.12928283741251945,0.05324007780884349,0.10270683332351356,0.058281552157806414,0.009619883279445763,0.0,0.0,0.0,0.01369089814124215,0.059129418662847065,0.0,0.0,0.12898186082525687,0.05330813871709325,0.10257091657695405,0.0,0.0,0.29088076301869786,0.2801748738267122
170,0,ABAB,20261104,171,0.1452003691004974,0.1492686877766906,0.14758511687216544,0.03612142618717456,0.12029777428467202,0.07675073641235482,0.009053099815162387,0.0,0.0,0.0,0.012765466722924283,0.07955001918283706,0.0,0.0,0.1477856641876751,0.03623875749877132,0.1204965301827991,0.0,0.0,0.2981587399711752,0.23800770262406198
171,0,ABAB,20261104,172,0.12082024167300778,0.11406748260211132,0.11329007877732097,0.049140759654734245,0.09994848610636853,0.07105879018925744,0.009157789502331188,0.0,0.0,0.0,0.013012242784452083,0.07147271939569272,0.0,0.0,0.11321626599912388,0.049166153441576155,0.10002547049479843,0.0,0.0,0.2366872653793858,0.20977113419868745
172,0,ABAB,20261104,173,0.15937928345892147,0.1317365861795144,0.1300816267935018,0.043876132698943804,0.11280096155411291,0.06810920119537617,0.009544773350437031,0.0,0.0,0.0,0.013460619089124028,0.06945505257461501,0.0,0.0,0.1305600343437033,0.04401626629277516,0.11326850126880267,0.0,0.0,0.2582848841904559,0.23195690789598739
173,0,ABAB,20261104,174,0.15427508619038852,0.11839456838350577,0.11716147874379244,0.037960534080603334,0.0734165352382247,0.10361070713711983,0.009695091989004931,0.0,0.0,0.0,0.01378114600499415,0.10480207249280324,0.0,0.0,0.11761990425104767,0.038091519514955686,0.07368810407827808,0.0,0.0,0.2002761650896733,0.20795985181663057
174,0,ABAB,20261104,175,0.14248845850445643,0.1298628375235245,0.1276868831019879,0.030628143549617952,0.10260946971861752,0.08197224289470695,0.00925696056840662,0.0,0.0,0.0,0.012878259135452468,0.0827037347474796,0.0,0.0,0.12752761358641396,0.030802490555061592,0.10253324179705374,0.0,0.0,0.21692944812001466,0.2033131150809418
175,0,ABAB,20261104,176,0.16311239673138936,0.1652358718040907,0.16371044817488745,0.06398695099967915,0.14029713235415783,0.07503754730635234,0.009007623885774075,0.0,0.0,0.0,0.013636717039880031,0.07750453977788838,0.0,0.0,0.16386479707067064,0.06407041609711302,0.14061838089593665,0.0,0.0,0.23603883845323317,0.21836466847230582
176,0,ABAB,20261104,177,0.134035106907037,0.13415903225059816,0.13271433163498386,0.04073045440929805,0.09781302049967082,0.08164232406479503,0.009212748183962706,0.0,0.0,0.0,0.013021753602904083,0.083979983940215,0.0,0.0,0.13299484120947436,0.04069403071355032,0.09827438853902161,0.0,0.0,0.2603272935579584,0.2509521820814343
177,0,ABAB,20261104,178,0.17995229657414494,0.1782239539575056,0.17597359301568166,0.04686192142975855,0.12116233385135462,0.08523429087744872,0.009216739202395583,0.0,0.0,0.0,0.01302039100245869,0.08762050355498242,0.0,0.0,0.1762253642042973,0.046712960315575265,0.12132738271001926,0.0,0.0,0.2472646666058012,0.22639244321203303
178,0,ABAB,20261104,179,0.14651466205501115,0.1545002560517717,0.1510420101402372,0.030603945088649456,0.10458453242489911,0.08491146406616182,0.009084464706373543,0.0,0.0,0.0,0.012247959914258299,0.08645748627059688,0.0,0.0,0.15089702540178146,0.030707836058282915,0.10474775733572403,0.0,0.0,0.27246275718262747,0.26020729476289145
179,0,ABAB,20261104,180,0.1622196789542561,0.15157786409815638,0.14773684550530608,0.0494084307510805,0.11435810374564725,0.07132532377675643,0.009692518003902598,0.0,0.0,0.0,0.013204143657852649,0.07338708501807874,0.0,0.0,0.14748290033938333,0.04958013207611385,0.11461624535844381,0.0,0.0,0.198345661817396,0.20297097354223237
180,0,ABAB,20261104,181,0.19551583891906166,0.1861843974710981,0.18368394855793055,0.044276995177625275,0.1388530325877525,0.0914636295042496,0.009723646738634961,0.0,0.0,0.0,0.01412173518247088,0.09183439446241505,0.0,0.0,0.18315068989683117,0.04439296086948183,0.13888236532263093,0.0,0.0,0.2326611078490509,0.2615012755675692
181,0,ABAB,20261104,182,0.15236473117438154,0.1447731445802354,0.14310012703634054,0.05281959578469817,0.09339549953269492,0.09041692211741932,0.009296999047528441,0.0,0.0,0.0,0.013219137819025074,0.0933014158548592,0.0,0.0,0.14331936621907557,0.05297008978696659,0.09354101888657412,0.0,0.0,0.20664000638787358,0.20627600886415026
182,0,ABAB,20261104,183,0.16468367565254008,0.16381817800761453,0.1620371247751425,0.041650682613518064,0.1113604354652495,0.08185564685548959,0.008913279663055235,0.0,0.0,0.0,0.012421055143969144,0.08305400669472622,0.0,0.0,0.16220107619347696,0.04180120768280858,0.11165859338592092,0.0,0.0,0.18895527532418638,0.1776985685052249
183,0,ABAB,20261104,184,0.13509321123468712,0.12922235790278636,0.12825829894933502,0.04191915322588152,0.09171613734088026,0.09181451469441156,0.008545621065389338,0.0,0.0,0.0,0.011997180417803297,0.0932170550892563,0.0,0.0,0.1285547819788,0.04190384872277181,0.09194331873452606,0.0,0.0,0.26285266293072335,0.22629060969774287
184,0,ABAB,20261104,185,0.1716847250184831,0.18010689549463585,0.17800560320151299,0.0411531695694752,0.12428817937805398,0.09390766333984146,0.00914507490569991,0.0,0.0,0.0,0.013412290713491098,0.09622655819398963,0.0,0.0,0.17829005484036442,0.04133029756721037,0.12453184009965197,0.0,0.0,0.24837759163433307,0.27229656028701016
185,0,ABAB,20261104,186,0.09553984621577405,0.09162164319145169,0.09079805194052692,0.050702671207174595,0.056352744161192625,0.07008966163100022,0.009862807629073487,0.0,0.0,0.0,0.01399588251930387,0.07117422818545746,0.0,0.0,0.0911704770599856,0.05086069235499372,0.05656315293937424,0.0,0.0,0.2449543880881415,0.23222878227833288
186,0,ABAB,20261104,187,0.1581285624479579,0.15613117571146806,0.15498257308973565,0.03387485361819037,0.11778047419220823,0.08401907630404307,0.00911269083686023,0.0,0.0,0.0,0.01332073788617449,0.08539968607984426,0.0,0.0,0.1550921140225816,0.033920407540707555,0.11778650321770931,0.0,0.0,0.3552830442441093,0.34644136889560395
187,0,ABAB,20261104,188,0.12754007451559005,0.11821620978384241,0.11704839787441121,0.04231010360991499,0.0920738524587713,0.08434677943355448,0.00882581855058138,0.0,0.0,0.0,0.012500044114113072,0.087497266215274,0.0,0.0,0.11711069529980463,0.04239030503082594,0.09178091740771746,0.0,0.0,0.2985135318098036,0.276338239807413
188,0,ABAB,20261104,189,0.14003396694740194,0.10395910872398302,0.10311421449007008,0.0357736061320062,0.07192153510242034,0.07827829074963574,0.009309584310298106,0.0,0.0,0.0,0.013151093160023875,0.0793359166807892,0.0,0.0,0.10310116081123319,0.03575814256252448,0.07200927402639101,0.0,0.0,0.22180754594417668,0.2016510028672534
189,0,ABAB,20261104,190,0.14268638132719025,0.12630379547481546,0.12472262450519092,0.03503484267935211,0.0915399677069899,0.08690600286398703,0.008905292782202435,0.0,0.0,0.0,0.012244581278461328,0.0879981925478019,0.0,0.0,0.12513586008038488,0.035168100640667416,0.09219589562078594,0.0,0.0,0.18942287120235005,0.16476328329424939
190,0,ABAB,20261104,191,0.1634432024986184,0.1396972554492097,0.1383359258574469,0.04021946867209146,0.09477729121766716,0.08026416879039662,0.009487155028103005,0.0,0.0,0.0,0.013404794106493794,0.08119584742199605,0.0,0.0,0.13809931741591616,0.04016201116503445,0.09461574762458776,0.0,0.0,0.25965025692777577,0.2630403478874047
191,0,ABAB,20261104,128,0.11000649134288967,0.09289426744865281,0.091989444232088,0.031547312108945375,0.08568033945209652,0.05552009925855401,0.009896492181587918,0.0,0.0,0.0,0.01433776778410713,0.056450630423787375,0.0,0.0,0.09235531729169681,0.03159392716511347,0.08595111217841779,0.0,0.0,0.27002683669144945,0.24797566858129022
192,1,BABA,20261104,193,0.14143260481331452,0.12351116874906713,0.1226701254234169,0.047413764830718956,0.10055364735776455,0.09233475758844761,0.010016974942415213,0.0,0.0,0.0,0.012985178209251543,0.09337325696806512,0.0,0.0,0.12285655918937344,0.04750333803816905,0.10068423730505792,0.0,0.0,0.2650864687019109,0.27621689022831075
193,1,BABA,20261104,194,0.16623002623915356,0.14018573423574754,0.13893711947813,0.04304990789316745,0.1039271006740049,0.08021287699585898,0.010319299724267253,0.0,0.0,0.0,0.014016438456161184,0.0817322756578474,0.0,0.0,0.13903366941561532,0.043288307255028594,0.10414234531337246,0.0,0.0,0.29941640794944857,0.30730184191068777
194,1,BABA,20261104,195,0.19215707128236004,0.19936399247228656,0.1959230105514639,0.053472603004999245,0.14911580238709873,0.0859142091026669,0.011005824978225403,0.0,0.0,0.0,0.01533083459850161,0.09054846020017548,0.0,0.0,0.19592584581043349,0.05355177837593997,0.14924426220941417,0.0,0.0,0.3433664595641857,0.29699651371576624
195,1,BABA,20261104,196,0.10262814925648923,0.11257525513493588,0.11172826098013966,0.043384832522337526,0.10234187321719819,0.060703037374075876,0.010662848750993313,0.0,0.0,0.0,0.014082271944439959,0.061739748567726016,0.0,0.0,0.11178118462424923,0.04344666853853352,0.10239196962721424,0.0,0.0,0.23562640395026746,0.21456537966765188
196,1,BABA,20261104,197,0.17700918264219268,0.12766375340950953,0.12648088492516277,0.04437343520811781,0.08668578231314156,0.10028890605503406,0.010730204129094366,0.0,0.0,0.0,0.014395260037097513,0.10144398950029064,0.0,0.0,0.12663416264032584,0.044344015854735686,0.08669594122050488,0.0,0.0,0.22741616123451028,0.19505947928337988
197,1,BABA,20261104,198,0.14505693626142033,0.1299597050828227,0.12873145357677143,0.04795540659323008,0.1242575433891386,0.07508523190433768,0.01078721277743878,0.0,0.0,0.0,0.01458300401767077,0.07595912744753612,0.0,0.0,0.1290220372062748,0.048023861296459316,0.12442488263659,0.0,0.0,0.18768060482737633,0.12187910182666872
198,1,BABA,20261104,199,0.15243662295148921,0.13992000379310773,0.13866857634603882,0.03337480538752903,0.09089625952033156,0.09152627932565816,0.010493694927889154,0.0,0.0,0.0,0.013945492994908857,0.09324160579381975,0.0,0.0,0.1388837064902855,0.0334268682799319,0.09106843161401296,0.0,0.0,0.2636303887432842,0.2365685274274763
199,1,BABA,20261104,200,0.14200718130622517,0.11545614907553399,0.11486773950686487,0.032530952166420046,0.10743039922440391,0.0901995344088395,0.010320795819656963,0.0,0.0,0.0,0.013752377095883854,0.09106472406808455,0.0,0.0,0.11504134362125122,0.0326421062927812,0.10773262088553504,0.0,0.0,0.20568268093809003,0.20206819278281993
200,1,BABA,20261104,201,0.14191870950458646,0.13921432590025498,0.13767373971333519,0.040335184860716494,0.12355215580269092,0.08719955709027895,0.010159440170170031,0.0,0.0,0.0,0.013105037086101511,0.08932216821051334,0.0,0.0,0.13750595990325112,0.040298223182690794,0.12338054107751853,0.0,0.0,0.23350530345612874,0.25534298627974433
201,1,BABA,20261104,202,0.16669458500087722,0.153897061052725,0.15172868251282925,0.03964279033617588,0.12892479063258477,0.06320261460126278,0.010847260057823016,0.0,0.0,0.0,0.014875010071164652,0.06555326634548435,0.0,0.0,0.15197371393773543,0.039869922044332005,0.129269392086636,0.0,0.0,0.1901709617675935,0.193776450961315
202,1,BABA,20261104,203,0.1399036499573632,0.11311573225316421,0.11203867445837729,0.05471238141520925,0.08368511742520039,0.07711749475347243,0.010295042037185804,0.0,0.0,0.0,0.013819085379505408,0.07840626612445609,0.0,0.0,0.1126498087162562,0.055102189099470185,0.08414047690682105,0.0,0.0,0.21107940374671122,0.1787453532266988
203,1,BABA,20261104,204,0.13890318935144008,0.14172618358489353,0.14072648820271133,0.05279722556328924,0.116579335767398,0.06838836343497294,0.011076618173120573,0.0,0.0,0.0,0.015068135049632512,0.06936912497904639,0.0,0.0,0.14045697812679486,0.05250927339433634,0.11649526296175806,0.0,0.0,0.1807523600690087,0.17133320847029102
204,1,BABA,20261104,205,0.14376768105593501,0.14386264433808682,0.14294092757405913,0.027290004098014076,0.13519934630958413,0.07573853432691827,0.010288925639537374,0.0,0.0,0.0,0.013383730107405624,0.0765312999164437,0.0,0.0,0.14276048060227842,0.02731113340051581,0.13494591104831458,0.0,0.0,0.2207465442972026,0.21449313763127534
205,1,BABA,20261104,206,0.12102128073328577,0.111536864787477,0.11079926758298927,0.03905669390296772,0.11081957412709655,0.07507799938315236,0.01093809960014775,0.0,0.0,0.0,0.014759039276620211,0.07647891768921182,0.0,0.0,0.1105572897605317,0.03892424726093244,0.11060746509280855,0.0,0.0,0.16535667774086604,0.1461456225006664
206,1,BABA,20261104,207,0.12824196160757131,0.11219216022332933,0.11123787221803497,0.03370918560177594,0.09092523755960992,0.08122735714993501,0.010936852903146853,0.0,0.0,0.0,0.014781034844833908,0.08238089060917005,0.0,0.0,0.11164149563952197,0.033883558435354344,0.09119445017420794,0.0,0.0,0.21720936690176437,0.229370814930279
207,1,BABA,20261104,208,0.14321848167297033,0.1183469873183786,0.11761270670032992,0.04352202670915527,0.08565847245146083,0.05934816650182832,0.010766690336123215,0.0,0.0,0.0,0.014702374636626854,0.059905062115425886,0.0,0.0,0.11759904184082252,0.0435467031780231,0.08564465398178024,0.0,0.0,0.23380942971967733,0.22766222226554292
208,1,BABA,20261104,209,0.13618448316955345,0.1302839702958219,0.12920955656363292,0.038397890734339815,0.0898797661745596,0.09702327285611972,0.011221098284318987,0.0,0.0,0.0,0.015279189203968535,0.09807138326264034,0.0,0.0,0.12925991286245453,0.0384861300671861,0.089912337542035,0.0,0.0,0.23669192795648294,0.23689614185378385
209,1,BABA,20261104,210,0.1260567418268289,0.13337833662051124,0.1317126652637775,0.034642039226298056,0.09723405002742232,0.09430472199421766,0.010794099343384387,0.0,0.0,0.0,0.014586225433579951,0.09626613485856061,0.0,0.0,0.13139626150182368,0.03458233157703354,0.09690178246301472,0.0,0.0,0.2210107065770838,0.1782140891112935
210,1,BABA,20261104,211,0.16041793742932725,0.14891316676532504,0.14762862917441122,0.04802349640886763,0.12249381990098165,0.06296761660349637,0.010699549801565114,0.0,0.0,0.0,0.01411993593826534,0.06377117811832024,0.0,0.0,0.14787590081360025,0.04817723994522044,0.12263882612359266,0.0,0.0,0.17714645668129203,0.18865750878191254
211,1,BABA,20261104,212,0.1432803205464641,0.1279492737782542,0.1269277989582963,0.033427812023873835,0.09507047555962347,0.08031288950060346,0.010967228620636777,0.0,0.0,0.0,0.014731890149089866,0.0805107732072615,0.0,0.0,0.12666378294602468,0.033334076668036144,0.09499135757891895,0.0,0.0,0.19983350583755122,0.19728401481877794
212,1,BABA,20261104,213,0.1405342589166541,0.15130563743701494,0.15003791072866282,0.04047844703459888,0.1410183969219564,0.08760655319413665,0.01015327404412832,0.0,0.0,0.0,0.013551774019581046,0.08894155791797918,0.0,0.0,0.14967800864602307,0.040359290379398255,0.14078401518452854,0.0,0.0,0.23317110453947743,0.199920319352346
213,1,BABA,20261104,214,0.15074971096605427,0.13996453485204197,0.13858233902703682,0.041706773243554617,0.11023465045074572,0.08050384532000232,0.010882308415872606,0.0,0.0,0.0,0.014626241476969405,0.0819733108237175,0.0,0.0,0.1387739935661127,0.04179951200837012,0.11044401752468877,0.0,0.0,0.20606006705008842,0.14756408507862992
214,1,BABA,20261104,215,0.18488320578493786,0.14817235431049766,0.1468323003660486,0.06274721604465955,0.11163272474460886,0.09350200531512409,0.010246802184904433,0.0,0.0,0.0,0.01402003088218704,0.09579480002791396,0.0,0.0,0.14711432855376483,0.062858838606163,0.11178608454822266,0.0,0.0,0.23562341705938866,0.20099763540775253
215,1,BABA,20261104,216,0.17555023657968966,0.17236935829462055,0.16939736122679355,0.053559239668890334,0.11474019851980587,0.09499115868793116,0.010909079617954473,0.0,0.0,0.0,0.014620744276873234,0.09602816590380966,0.0,0.0,0.1700802860203905,0.05342677100120995,0.11526264964456726,0.0,0.0,0.24471105841502544,0.26612071879791677
216,1,BABA,20261104,217,0.13856377004163506,0.12610095535896937,0.12492514085857882,0.07232451785317028,0.10417044552482581,0.07123552003698996,0.010545559630030045,0.0,0.0,0.0,0.013854334341557785,0.07192944292481683,0.0,0.0,0.1250682766209359,0.07225148060392403,0.10406589942647866,0.0,0.0,0.22957031183577353,0.2341387207900063
217,1,BABA,20261104,218,0.1349955147819113,0.11427381312910556,0.11322835887777108,0.04174954635738188,0.08479800694261433,0.09450304121478875,0.010673409229941696,0.0,0.0,0.0,0.014343133956140433,0.09529382321595534,0.0,0.0,0.11359464724898832,0.04183952951178961,0.08517897765303308,0.0,0.0,0.24671039733023462,0.23358532793908082
218,1,BABA,20261104,219,0.1656657394397695,0.12753121171703527,0.12663431620722293,0.040169091455661395,0.10351249258094558,0.10209355471256779,0.010520451177442101,0.0,0.0,0.0,0.013941464242722516,0.10398916859364357,0.0,0.0,0.12685248792960996,0.04029442160396983,0.10367515972613002,0.0,0.0,0.2794062350033578,0.20231575924338768
219,1,BABA,20261104,220,0.11689592331266072,0.1004346966476348,0.09892652494755712,0.037855449602365164,0.07380566327163958,0.06969997141054493,0.010998183638180458,0.0,0.0,0.0,0.014524384417481016,0.07193957336758858,0.0,0.0,0.09902160277920466,0.03783815453709689,0.07392533886412528,0.0,0.0,0.21943214878156111,0.2237174718157095
220,1,BABA,20261104,221,0.12996520560400404,0.12921982501852625,0.12826691385082964,0.055024479122418014,0.09072624182555389,0.09247698327642237,0.0099705709424901,0.0,0.0,0.0,0.012807027057674166,0.09328176140013547,0.0,0.0,0.12808542561320485,0.05484403992262822,0.0904219030490324,0.0,0.0,0.21627656452626676,0.2213152050289082
221,1,BABA,20261104,222,0.18528512490414226,0.15727305138295514,0.15576487046605003,0.030991401636186477,0.10991403464323432,0.09800631430509586,0.010283822156699369,0.0,0.0,0.0,0.013766392848338683,0.09850896391417006,0.0,0.0,0.15634866960856605,0.031061609220928536,0.10999173291083385,0.0,0.0,0.2583124748186859,0.22836324152190035
222,1,BABA,20261104,223,0.1698120367781336,0.16781037694977588,0.16556382629607813,0.050521281338131406,0.12677275996142734,0.07238921915662175,0.011206150464291914,0.0,0.0,0.0,0.01479719558531078,0.07317310285458145,0.0,0.0,0.16562238406550808,0.05042732141014885,0.1267489481144194,0.0,0.0,0.2620973360418981,0.20425445251738458
223,1,BABA,20261104,224,0.13295127235199997,0.11821777935339309,0.11741349416718636,0.039761366686288636,0.10128683396834147,0.0951629558910253,0.010357627359766218,0.0,0.0,0.0,0.013506454786811775,0.09612119698560755,0.0,0.0,0.11743106570603469,0.039860535851345316,0.10162999199467393,0.0,0.0,0.2355000001075544,0.19520824448308483
224,1,BABA,20261104,225,0.13339553777872526,0.1422350024648194,0.14032037455182222,0.03712831068699134,0.11108817700850969,0.08267580025325753,0.010153768783731136,0.0,0.0,0.0,0.013163516154258488,0.08382123423714619,0.0,0.0,0.14041007957506582,0.037183643306696955,0.11133038830552432,0.0,0.0,0.27832742197932897,0.1870017730738954
225,1,BABA,20261104,226,0.12600462913683802,0.0969258506209382,0.09637466892413218,0.03284805514561376,0.0841712382298931,0.06947557374511988,0.01134748070660153,0.0,0.0,0.0,0.015650430232597153,0.07022245141958403,0.0,0.0,0.0965260513082399,0.03296181427624713,0.08422752279701011,0.0,0.0,0.28984343308352406,0.22006050601699212
226,1,BABA,20261104,227,0.15500255763475285,0.15253046747764995,0.15035928796069903,0.06489472056970871,0.10541600925389032,0.09496346342050269,0.01089274146172345,0.0,0.0,0.0,0.015188633738567176,0.09597709727657251,0.0,0.0,0.15013226439697308,0.06485971990705258,0.10522505619974923,0.0,0.0,0.23474029465869517,0.23506186086659808
227,1,BABA,20261104,228,0.14996695960005924,0.14159481354053957,0.14069546940052172,0.04696303239044129,0.10649100754900948,0.07212475908401449,0.01042897582996003,0.0,0.0,0.0,0.013973077675899495,0.07285837816375727,0.0,0.0,0.14058011753224792,0.04697333352722765,0.1065852797829235,0.0,0.0,0.2306227624566892,0.22186516583408958
228,1,BABA,20261104,229,0.12248741928177131,0.14933436996691749,0.1476208988327486,0.06369406517633072,0.1228586960592056,0.07920920393117044,0.011622141891464174,0.0,0.0,0.0,0.01620448773651448,0.08045103824949537,0.0,0.0,0.1477477678635568,0.0638618391802314,0.12277346131225553,0.0,0.0,0.2018776644192329,0.2097969606041771
229,1,BABA,20261104,230,0.14286208288126992,0.11131116530724743,0.1101429105151738,0.04186802043693297,0.09710096341219845,0.06941646129449852,0.010790592656336312,0.0,0.0,0.0,0.014447882440933113,0.07189665412418024,0.0,0.0,0.11057830832285664,0.04193683828075388,0.09756169189772596,0.0,0.0,0.23879840385385775,0.20006615581506507
230,1,BABA,20261104,231,0.14297607311048477,0.11775572136920777,0.11678664729287239,0.04766883788742383,0.1170200239786481,0.06956319830099239,0.0107291620578173,0.0,0.0,0.0,0.014403071301197784,0.07017878516904033,0.0,0.0,0.11688827827926614,0.04759539881768696,0.11704205882326393,0.0,0.0,0.23543734851221668,0.21127717525592266
231,1,BABA,20261104,232,0.10454416062218685,0.10459152516999164,0.1034991353310147,0.04113135005911349,0.08433455393644587,0.05668512154701004,0.010729141274272805,0.0,0.0,0.0,0.014574237385513212,0.057916231449283866,0.0,0.0,0.10381822237638817,0.041268309687343394,0.08461405892321196,0.0,0.0,0.2361035970151869,0.19909148594681053
232,1,BABA,20261104,233,0.1736799874953249,0.1338885777868401,0.13214258355257907,0.0407844107223417,0.08858230237831621,0.07779464386755779,0.010308817272913391,0.0,0.0,0.0,0.014000278157841106,0.07928845761837722,0.0,0.0,0.13274133557046486,0.040575837198513896,0.08863853638240138,0.0,0.0,0.2645869047023811,0.21719866400575624
233,1,BABA,20261104,234,0.13382628340594566,0.12020436373950205,0.11916788199640413,0.03346782933283984,0.12201879384904729,0.05065393862817158,0.009844392318393243,0.0,0.0,0.0,0.012620487036931315,0.05170604259928471,0.0,0.0,0.11875497334420085,0.03363730390358688,0.12165538391579114,0.0,0.0,0.3182234206975956,0.2739863487499535
234,1,BABA,20261104,235,0.14071118104451677,0.13369209074275448,0.1324663801033795,0.0346584228211488,0.10022100009713909,0.09289142302317721,0.010316826348521015,0.0,0.0,0.0,0.013773047937366459,0.09437701149638753,0.0,0.0,0.13246359774933256,0.03477673078284461,0.10035237383358037,0.0,0.0,0.30397248435492324,0.25245739468987133
235,1,BABA,20261104,236,0.13668835284354072,0.09015200302919607,0.08922169837348905,0.06202559038016377,0.07546267207608391,0.06887335886304213,0.010365101892658215,0.0,0.0,0.0,0.013901306392127619,0.07041065912590098,0.0,0.0,0.08900511367419685,0.06180569987613845,0.07522857423922336,0.0,0.0,0.32992566998045586,0.28759725344390735
236,1,BABA,20261104,237,0.1735512585556321,0.15593483086561927,0.15400625506737226,0.058726966836774024,0.14033191814365434,0.06817224705232976,0.010491943077832558,0.0,0.0,0.0,0.01412754590871405,0.0707418809987516,0.0,0.0,0.15437545607185557,0.058853276868225675,0.14061058220262462,0.0,0.0,0.2677107017085461,0.2872568735952018
237,1,BABA,20261104,238,0.16192785164970694,0.1456048256228868,0.14402099531799079,0.044596071751992136,0.1142126311379622,0.06492079968323294,0.011114113876841872,0.0,0.0,0.0,0.015354258299163436,0.06534794343513037,0.0,0.0,0.14404530457044026,0.04460717400290367,0.11429245946159082,0.0,0.0,0.22728987499911515,0.20138557069589272
238,1,BABA,20261104,239,0.1655212043829992,0.13615008534959747,0.13508689796870882,0.02408860227055819,0.08623159529755174,0.09159999505066302,0.0106420877538233,0.0,0.0,0.0,0.014028340284297029,0.09193897202971074,0.0,0.0,0.1347792975058497,0.02409278626280759,0.08610988919913233,0.0,0.0,0.2306722317630715,0.2094429580271911
239,1,BABA,20261104,240,0.13537977744113588,0.10714801560384034,0.10641805302498603,0.03188282347797363,0.08248361306835474,0.05995519983790233,0.01047238095096425,0.0,0.0,0.0,0.014005009254639983,0.060819228913548136,0.0,0.0,0.10623308228201353,0.03187282752211801,0.08240834657422749,0.0,0.0,0.21580237011708733,0.19439734126799538
240,1,BABA,20261104,241,0.1815520070846358,0.16069012831188295,0.15923603226211153,0.057928804619048126,0.1218583371418484,0.07942406310136145,0.010800490038544218,0.0,0.0,0.0,0.01452304529408533,0.08087311164283832,0.0,0.0,0.15933313223678522,0.05794047829672224,0.12202919823085498,0.0,0.0,0.21549884941886915,0.18880054271514363
241,1,BABA,20261104,242,0.14686732881729384,0.14255111173642696,0.14074630704531196,0.04101012330533973,0.12289425004764185,0.05540033445485627,0.01084489154785858,0.0,0.0,0.0,0.014743778657931,0.05649556151368544,0.0,0.0,0.14050569715589528,0.04107290975876055,0.1227307189025581,0.0,0.0,0.23964936155794936,0.25088834112390646
242,1,BABA,20261104,243,0.11123189707507693,0.0872299543641386,0.08643647933590448,0.04222109500702682,0.059858752037982736,0.057578677028278014,0.011413434742443926,0.0,0.0,0.0,0.01583196961601202,0.058485121215822326,0.0,0.0,0.08665362905061176,0.042361459272368465,0.06006324135793729,0.0,0.0,0.28677842360867567,0.254046477631974
243,1,BABA,20261104,244,0.14486102920902383,0.09392093542585932,0.09299640178308945,0.036502422986139905,0.054134914560303914,0.0864119984454301,0.011023196938094493,0.0,0.0,0.0,0.015066504140208704,0.08764851453793882,0.0,0.0,0.09289584192061338,0.03653421549848986,0.05380858301608135,0.0,0.0,0.3054252730348082,0.2682871832042569
244,1,BABA,20261104,245,0.13162463492489676,0.12741357914768528,0.12599941982477553,0.031206582513473007,0.11633638128195721,0.07606681118298507,0.01110257315568743,0.0,0.0,0.0,0.015088631237366775,0.0776742581036383,0.0,0.0,0.1257698224479007,0.03114461825672947,0.11605239384452137,0.0,0.0,0.20793471458162277,0.1906055344245754
245,1,BABA,20261104,246,0.15612535851778211,0.10434099073291758,0.10311382930620842,0.05010062865737977,0.08419531532031303,0.09311095655364747,0.011071756567837064,0.0,0.0,0.0,0.015117193908643698,0.09374912907211745,0.0,0.0,0.10289965063577378,0.049991624507508076,0.08397635848239059,0.0,0.0,0.2069234102787147,0.18932703933260225
246,1,BABA,20261104,247,0.13142188945452749,0.1077875586128624,0.10719149777419035,0.03784073640318214,0.06984554576760256,0.09301601284849775,0.011343117468727806,0.0,0.0,0.0,0.015260877172316818,0.09461119393239194,0.0,0.0,0.10723503240213048,0.03788618900228069,0.0697999661845476,0.0,0.0,0.2421074118257055,0.22505145677630703
247,1,BABA,20261104,248,0.16044948253984295,0.11836698107695313,0.11697706452668943,0.042817663959541785,0.074022868421584,0.08788720108800664,0.011302183159820093,0.0,0.0,0.0,0.015755411729826363,0.08899557770368074,0.0,0.0,0.11674073262395465,0.04275833586068444,0.07386862496000596,0.0,0.0,0.2576729117181236,0.22113041317791501
248,1,BABA,20261104,249,0.14079064271907485,0.1371071152102812,0.13582963080725083,0.030307519309935704,0.10017712150016038,0.07279011970557421,0.010603436367223768,0.0,0.0,0.0,0.014132043831513232,0.07413241300724516,0.0,0.0,0.13601275771636365,0.030361540814513924,0.10027953491748978,0.0,0.0,0.22311472029202237,0.21451928815039858
249,1,BABA,20261104,250,0.14539757451943117,0.14960938434443732,0.1482192418169732,0.050630340155921064,0.08477595868821107,0.09498732475143785,0.010668456861630654,0.0,0.0,0.0,0.014069727391791662,0.0960818207212318,0.0,0.0,0.1487231741425425,0.05069305296543543,0.08505914468436233,0.0,0.0,0.25581917259387615,0.2595272402207023
250,1,BABA,20261104,251,0.17761822699682878,0.15846203340718026,0.15695761316253912,0.04121616446370997,0.13423875522020629,0.09912805135412997,0.010566625779050544,0.0,0.0,0.0,0.014565809863357733,0.10188625210153181,0.0,0.0,0.15703249867457003,0.041207452858417364,0.1342391972929194,0.0,0.0,0.21717728094166375,0.23791870108736954
251,1,BABA,20261104,252,0.1268489013534024,0.12607898817689886,0.12483545503911089,0.043859230336239854,0.10800541710358331,0.08691192970753668,0.01086890449700783,0.0,0.0,0.0,0.014607301979639997,0.08791740826517623,0.0,0.0,0.12465172847134667,0.04407700581344856,0.10790488481738443,0.0,0.0,0.20881707757556,0.1740284742816178
252,1,BABA,20261104,253,0.1638466327962471,0.13915254784226277,0.13796586853138532,0.05382979291934697,0.10545621138581185,0.09753322227123025,0.011366103432758302,0.0,0.0,0.0,0.01582046047774938,0.09931608809242731,0.0,0.0,0.13787537014504972,0.05362941015397298,0.10556534351598823,0.0,0.0,0.2536922465496236,0.21471640593543062
253,1,BABA,20261104,254,0.16731564100882063,0.11157421309306628,0.11044524852018482,0.030818441879008476,0.087588038242173,0.07437410038436276,0.010738009166329346,0.0,0.0,0.0,0.013824431657371534,0.0756191810248464,0.0,0.0,0.11056382282804708,0.030864498597471663,0.08775276041776398,0.0,0.0,0.21966117525285384,0.18938249283340458
254,1,BABA,20261104,255,0.17166289948649882,0.15556102418748846,0.1532155266286979,0.05092569112084861,0.13204903514848956,0.06704841095020415,0.010609971240541975,0.0,0.0,0.0,0.014212538100149882,0.06848535836179197,0.0,0.0,0.15257851513474086,0.0507651398831948,0.13154917433471194,0.0,0.0,0.21633241313217236,0.19413450869535434
255,1,BABA,20261104,192,0.1639989048580502,0.13442681198660378,0.1334183403252866,0.03333694750435286,0.09534460676075886,0.07932681132577811,0.011090283518502672,0.0,0.0,0.0,0.015185681749010202,0.07952962477555837,0.0,0.0,0.13316052324071956,0.03335086845674164,0.09520194085158509,0.0,0.0,0.18198501878108317,0.16972704122374954
128,0,ABAB,20261105,129,0.16962022007512795,0.15798315453040554,0.15665248879021187,0.037576605525968254,0.1651690794670504,0.07561262742336824,0.009010143291042851,0.0,0.0,0.0,0.011979714195213096,0.07711546477290193,0.0,0.0,0.15689397621398976,0.037790510614757716,0.1653026954180513,0.0,0.0,0.2318166787481807,0.19547644003562123
129,0,ABAB,20261105,130,0.15375863331968065,0.1466000353801106,0.14567975812875997,0.03900417415486378,0.08619003386929598,0.09363894899584464,0.009195583342437762,0.0,0.0,0.0,0.01238523178233159,0.09526924026032192,0.0,0.0,0.14569648832408924,0.03894751076224791,0.0863534103247981,0.0,0.0,0.2708803445565987,0.25188158422827045
130,0,ABAB,20261105,131,0.1665958103924499,0.17593964972211587,0.17128680301865448,0.03601539803328527,0.1508742575471734,0.08467821458115767,0.009628112562722157,0.0,0.0,0.0,0.013359603359511267,0.08707618691788219,0.0,0.0,0.17138245694085905,0.036039798902653845,0.15115585423031314,0.0,0.0,0.2165156353638841,0.1998384931948526
131,0,ABAB,20261105,132,0.1393443670084132,0.12051390692087786,0.11991044715934857,0.051719865134809674,0.09094244654996342,0.0993474766860757,0.009004264681334544,0.0,0.0,0.0,0.01190227027837321,0.10002558672610326,0.0,0.0,0.12006548591763586,0.05195279314095297,0.09115073149581603,0.0,0.0,0.27406121015738166,0.22912418849748667
132,0,ABAB,20261105,133,0.20679859079474036,0.2077102718578367,0.20525505243133782,0.04155624977114563,0.12692937371770285,0.1262558827699497,0.009345889782371029,0.0,0.0,0.0,0.012877892154195856,0.1278031334145156,0.0,0.0,0.20523690137802597,0.04144455594075764,0.12675441268200843,0.0,0.0,0.23257338609981745,0.17975505086323387
133,0,ABAB,20261105,134,0.19936593025612456,0.17289125418505474,0.1707835380859307,0.05491722552877568,0.13147897560870556,0.08965592734381164,0.008598454182809443,0.0,0.0,0.0,0.011700051374963907,0.09084467278909863,0.0,0.0,0.17136038423921202,0.055064361379458686,0.13200042775287008,0.0,0.0,0.3162299979726102,0.25952410024340333
134,0,ABAB,20261105,135,0.13822717822426503,0.15956080261795977,0.15752358271642553,0.040024999078743025,0.14911987820612813,0.06740316579104727,0.009266591372340644,0.0,0.0,0.0,0.012661882018172274,0.06994102527717547,0.0,0.0,0.15741857253856023,0.04019971126781175,0.14873856731509533,0.0,0.0,0.29476998939286564,0.24711000086156648
135,0,ABAB,20261105,136,0.16684517298134677,0.14959033358084917,0.14757897674096795,0.0497564554372253,0.0978622277988145,0.09545979360107662,0.009322067148612334,0.0,0.0,0.0,0.012566510471950842,0.09660838859999829,0.0,0.0,0.1477322106465317,0.04987059795404237,0.09801002100687044,0.0,0.0,0.24725820861748823,0.18504935325669428
136,0,ABAB,20261105,137,0.1512033750482534,0.1548203841766467,0.15336685038956477,0.037286568258346586,0.12795074723818065,0.07231133110285241,0.009686673213931095,0.0,0.0,0.0,0.013427607929489204,0.0735651792985087,0.0,0.0,0.15376161917262432,0.03723560402412664,0.12824983850289204,0.0,0.0,0.20486848793191412,0.12531107189203655
137,0,ABAB,20261105,138,0.13450342413290514,0.13754446471115403,0.13623032431024448,0.04954381217218097,0.12555321830184343,0.08842757628129355,0.009552640350522482,0.0,0.0,0.0,0.013498774790829853,0.09103990893522144,0.0,0.0,0.13622406448019048,0.04947007443594902,0.12554683505296638,0.0,0.0,0.20706147307164913,0.19141930270575624
138,0,ABAB,20261105,139,0.11193464252603982,0.10060401929923288,0.09939077131258987,0.056205061828817945,0.10903690126164307,0.09412048722124362,0.009034248647581554,0.0,0.0,0.0,0.012294234362996672,0.09556413273827133,0.0,0.0,0.09957251876703416,0.05631184246328917,0.10908658993954705,0.0,0.0,0.25122733121865337,0.21890584170404226
139,0,ABAB,20261105,140,0.13181730490597152,0.1285028438629194,0.12645408747812018,0.05305448423400992,0.0964374626076345,0.07613633471945233,0.00962517606788143,0.0,0.0,0.0,0.012915427366526696,0.07735497440212344,0.0,0.0,0.12702878407749726,0.05293299009033922,0.09649406429924298,0.0,0.0,0.22576320303959788,0.21070830293671292
140,0,ABAB,20261105,141,0.1614962348407665,0.1664630008976637,0.16480628640958453,0.058967009720463086,0.1301759011027895,0.09438108360006246,0.008810169450343285,0.0,0.0,0.0,0.012097793210691267,0.09633454298287758,0.0,0.0,0.1650266303698611,0.05906034731748375,0.13043252870916094,0.0,0.0,0.32471667281871835,0.2717718107681963
141,0,ABAB,20261105,142,0.14110363576983173,0.13410365068590868,0.13210891465642838,0.048199833689478846,0.09203835834412731,0.07858659654906774,0.008747832012903847,0.0,0.0,0.0,0.012235666578526766,0.08110106126413254,0.0,0.0,0.13258298947276584,0.04842166457424369,0.09242918294112612,0.0,0.0,0.3636703735974634,0.32316127465526384
142,0,ABAB,20261105,143,0.18846393044612167,0.16415153323207954,0.16302509687911093,0.051457365245499556,0.12030971982176017,0.09770651516654552,0.009012887363021497,0.0,0.0,0.0,0.012594626802520947,0.09913572228890598,0.0,0.0,0.16321333225600143,0.05158152504134815,0.12048703102811914,0.0,0.0,0.32840075110765116,0.2787477669031692
143,0,ABAB,20261105,144,0.14825995522156363,0.09985473085928478,0.09911830128364552,0.07082595330996257,0.0833923566601883,0.08568898005380825,0.009160951222537479,0.0,0.0,0.0,0.012755258518884491,0.08665732772696423,0.0,0.0,0.0988734224539325,0.07059447189062669,0.08317066276205473,0.0,0.0,0.2923520291347432,0.24567887712680303
144,0,ABAB,20261105,145,0.1732891331775398,0.13870530303261508,0.13743421576692347,0.035526488333756205,0.08503877488368082,0.11401236558660234,0.008433863474612162,0.0,0.0,0.0,0.01138512447498332,0.11570026155028644,0.0,0.0,0.13754196571831054,0.035562153277582075,0.08505228249065393,0.0,0.0,0.22342338921471477,0.18773678590802226
145,0,ABAB,20261105,146,0.17099545908258157,0.15105862292527047,0.1499263807016359,0.049996445934915756,0.09627794274056088,0.08422658062899409,0.00974570128601433,0.0,0.0,0.0,0.013610192340404302,0.08517161110932431,0.0,0.0,0.14963626584125794,0.0499509008804456,0.09608450174727078,0.0,0.0,0.23125412585438912,0.19800213985036771
146,0,ABAB,20261105,147,0.10383103089570704,0.10665392329466662,0.1055605446539123,0.03941175398372296,0.11244433292036524,0.05700523379243192,0.009362382910421924,0.0,0.0,0.0,0.012540946916835532,0.05745478917321176,0.0,0.0,0.10611552907998177,0.039484252082075476,0.11318572458025684,0.0,0.0,0.17186271906343223,0.13024478881395316
147,0,ABAB,20261105,148,0.15250440768333176,0.1292090985088257,0.1282403807947009,0.050158853019258126,0.09574197827962239,0.08861983731304521,0.008935281515443483,0.0,0.0,0.0,0.01185234043795063,0.09073020387966443,0.0,0.0,0.12822591308685993,0.05019905827705279,0.09582362764281507,0.0,0.0,0.22471090536141508,0.19849891289843496
148,0,ABAB,20261105,149,0.15372892890947776,0.1450715735190649,0.14370266997440242,0.04545860828315022,0.1045976945869466,0.08986180873629933,0.008753294680915423,0.0,0.0,0.0,0.011568354898345163,0.0910211324671641,0.0,0.0,0.14389663351812368,0.045683728983752184,0.10484147067176476,0.0,0.0,0.2430646735651308,0.20864552743030376
149,0,ABAB,20261105,150,0.18831598955106757,0.1884561779698305,0.18573698966837787,0.05989434833341085,0.13508122481747542,0.11282276611428649,0.00910752333754955,0.0,0.0,0.0,0.012597828619324906,0.11535594158731245,0.0,0.0,0.18556689612496075,0.0597108729885173,0.13518757150606892,0.0,0.0,0.27166806252094955,0.203928488773515
150,0,ABAB,20261105,151,0.15044666062227913,0.1402699178779592,0.13925646472451328,0.04566733885461608,0.11897259950792291,0.0766720009718404,0.00883513985332009,0.0,0.0,0.0,0.011841922567771772,0.07719937563973157,0.0,0.0,0.13935649955540264,0.0458153213897901,0.11929111047362961,0.0,0.0,0.24010839725173372,0.23405838605644833
151,0,ABAB,20261105,152,0.1673084483045033,0.15479589879110367,0.15366280365732155,0.04662639475838211,0.09855924041203243,0.11289136438281067,0.009468106395802766,0.0,0.0,0.0,0.013150306159886658,0.11440012483681605,0.0,0.0,0.15364221279869977,0.04664397744838266,0.09892812546679243,0.0,0.0,0.18092062918520999,0.1866928764320291
152,0,ABAB,20261105,153,0.12530027423258255,0.11282539671003011,0.11165445270437757,0.04049165809655924,0.0883285451049445,0.07199561855951987,0.009639183655585762,0.0,0.0,0.0,0.01302472856752009,0.07315299182173902,0.0,0.0,0.11159605906662423,0.04048147179806772,0.08840451440640942,0.0,0.0,0.24410672408211648,0.21503197324278756
153,0,ABAB,20261105,154,0.18914264321341015,0.14107584256231587,0.13967347968045635,0.0337500869548362,0.11449784791899863,0.08897914205081633,0.00918722347445022,0.0,0.0,0.0,0.012440894750245067,0.09065895168909517,0.0,0.0,0.13975018124385594,0.0336978593638833,0.11458558027360423,0.0,0.0,0.23155440744981282,0.18415765441010568
154,0,ABAB,20261105,155,0.16348296134094675,0.11463074849954916,0.11385324862423828,0.05622247613492282,0.10392037036634895,0.09686862336926053,0.008808272636984343,0.0,0.0,0.0,0.011834123222093637,0.098297584079272,0.0,0.0,0.1139806841181445,0.05642116460373311,0.1040444942294163,0.0,0.0,0.23831930149245845,0.16148092201986802
155,0,ABAB,20261105,156,0.14433499016914014,0.1525778465123101,0.15098584852045074,0.04628163972722084,0.13598883881304433,0.08136387610094703,0.009209489423045902,0.0,0.0,0.0,0.012208438356863475,0.08178101666260922,0.0,0.0,0.15088163390504825,0.046333770759536506,0.13611884643760902,0.0,0.0,0.22354087357703017,0.20289156780427986
156,0,ABAB,20261105,157,0.15410593441739476,0.15238300741639071,0.1511210915276759,0.04430122515458603,0.11481344833650858,0.08112966982877144,0.008831973907346963,0.0,0.0,0.0,0.011991722511920589,0.0823814717556993,0.0,0.0,0.15145775469511816,0.04448751239914093,0.11523950339976215,0.0,0.0,0.27192267522908725,0.22348291608683307
157,0,ABAB,20261105,158,0.14145376142046992,0.10797994756560331,0.10691422137870644,0.04302100823044706,0.09671257046131489,0.08353294666698186,0.008848519371054277,0.0,0.0,0.0,0.011636288043531617,0.08722231803993728,0.0,0.0,0.1074144471817351,0.04312284901086586,0.09691722874445538,0.0,0.0,0.20016439214866324,0.16862181759912304
158,0,ABAB,20261105,159,0.1260291775231404,0.1241361339596986,0.12327063402985192,0.02817641088841942,0.1122864889072725,0.1007556408398063,0.009064016820793188,0.0,0.0,0.0,0.012414904688547682,0.1021774548107978,0.0,0.0,0.12367567293673888,0.028287446881325194,0.11221889739223337,0.0,0.0,0.17796826505246818,0.15949640046032948
159,0,ABAB,20261105,160,0.20586531345825454,0.13489604044129147,0.13362447616489728,0.05152938631732154,0.11382056564020192,0.09792200438804671,0.009504941419601148,0.0,0.0,0.0,0.013336964242199876,0.09986371599726977,0.0,0.0,0.13394276712120415,0.05137735571323803,0.11371997084696389,0.0,0.0,0.26775159775579277,0.23379871716881453
160,0,ABAB,20261105,161,0.18289852023396838,0.14681313311212238,0.14491184597838153,0.04187558142575909,0.0911404657764252,0.1014322856986034,0.009573901111843062,0.0,0.0,0.0,0.013216296351057586,0.10334557442962093,0.0,0.0,0.14448941593709855,0.041957400449184265,0.09098562869966288,0.0,0.0,0.25086015843847803,0.21462366955009085
161,0,ABAB,20261105,162,0.14041962698590385,0.14106384905642982,0.13944131155658074,0.0496631175524312,0.1240492859490678,0.06975733662237135,0.009675798306766853,0.0,0.0,0.0,0.012978955032206679,0.0712834495224119,0.0,0.0,0.13939899038816067,0.04961074804287128,0.12401356809324228,0.0,0.0,0.2587670978359584,0.24812400965420806
162,0,ABAB,20261105,163,0.18124613018320068,0.1396754625919048,0.13880415111008687,0.04640986577372956,0.11809421125271961,0.08011675840833683,0.009080628957995478,0.0,0.0,0.0,0.012066459375740456,0.0813522907326829,0.0,0.0,0.13876175990921064,0.04630123840262122,0.11811185119496437,0.0,0.0,0.24686986081069395,0.20957227537858178
163,0,ABAB,20261105,164,0.11102134140895704,0.10201253996751229,0.10083110328544073,0.0602718050292782,0.08059372467908656,0.07410047893207578,0.009351518177883574,0.0,0.0,0.0,0.012596984644545534,0.07510324778867945,0.0,0.0,0.10095109375184394,0.060468267985980095,0.08076764619349154,0.0,0.0,0.32994062801212853,0.27555932072841177
164,0,ABAB,20261105,165,0.1926103377193874,0.1849792594190212,0.18200390670527994,0.05361453173726849,0.12405187317601736,0.10677897485821834,0.009476075640520689,0.0,0.0,0.0,0.013158888867153136,0.11020632407917738,0.0,0.0,0.18225169594249097,0.053739121625057895,0.1243189720762477,0.0,0.0,0.31769948630296774,0.28732654555092085
165,0,ABAB,20261105,166,0.1636141751787884,0.10667567698168365,0.10611751552558885,0.05524128998315861,0.1080803649993366,0.06215592833486027,0.009756494735849015,0.0,0.0,0.0,0.013313450293874656,0.06338106793034834,0.0,0.0,0.10644559189425534,0.05523286905995733,0.10815334222966506,0.0,0.0,0.23337553138702205,0.18811706090952673
166,0,ABAB,20261105,167,0.1399327316453703,0.1298216346991461,0.12920393150440948,0.050246258893892046,0.12925781208305762,0.08842636810038913,0.008990799042030814,0.0,0.0,0.0,0.012132217732011437,0.09028923075186734,0.0,0.0,0.12877437749998952,0.05003562460530475,0.12899079056989762,0.0,0.0,0.19894824677081555,0.16906552941401928
167,0,ABAB,20261105,168,0.129138842025636,0.12197394945061596,0.12052459161997206,0.05020890668731769,0.10300222710929849,0.08850130405657129,0.009226227347841365,0.0,0.0,0.0,0.012515937440994338,0.08944386039848355,0.0,0.0,0.12062984226737235,0.05023130557947011,0.10312854458754143,0.0,0.0,0.1803166392942352,0.18513377387209895
168,0,ABAB,20261105,169,0.15873996518141648,0.1483968268633286,0.14716487345062676,0.061183504092554714,0.12126821458871616,0.08228990366701497,0.009077807333560223,0.0,0.0,0.0,0.012419543489358968,0.0825933081254388,0.0,0.0,0.14745834925357473,0.061329473205663364,0.12181220956756549,0.0,0.0,0.205435041771906,0.20240609087089606
169,0,ABAB,20261105,170,0.14770456064868986,0.11290743981896326,0.11211442129225226,0.030290699653933533,0.09176629153673846,0.09000589101146156,0.009573146251591908,0.0,0.0,0.0,0.012968959395131615,0.09013209378452355,0.0,0.0,0.11220203287500663,0.030442258381698988,0.09200141726715536,0.0,0.0,0.2665685683639245,0.24715300146807637
170,0,ABAB,20261105,171,0.1996406901823295,0.15200318559861833,0.15020695514567808,0.050682688197110616,0.09628592293885628,0.10065455595156067,0.009074115777049955,0.0,0.0,0.0,0.011976502454882562,0.10135848861617736,0.0,0.0,0.1505039732439389,0.05088739990056646,0.09723085968664812,0.0,0.0,0.20300577311970402,0.18533232154095716
171,0,ABAB,20261105,172,0.1301709816030749,0.11054407283259146,0.11005617550302227,0.05384490575074641,0.1149806776378687,0.08960225233212285,0.009347840955050923,0.0,0.0,0.0,0.012785968242575602,0.09001455266099385,0.0,0.0,0.110284844302342,0.05398257075841289,0.11524071875878307,0.0,0.0,0.2363218731113357,0.1971491634392004
172,0,ABAB,20261105,173,0.16568146575430326,0.16611769605882165,0.16442430209483258,0.07222906976469476,0.11836506811002966,0.1308084916236376,0.008809957288013686,0.0,0.0,0.0,0.012269079960482066,0.13272126275689963,0.0,0.0,0.16438693715778158,0.07224841684454816,0.11811376323318167,0.0,0.0,0.32534082134750325,0.24121248808299203
173,0,ABAB,20261105,174,0.1347482771180766,0.1158004863648651,0.11444170954171701,0.03313872583965149,0.10632466830945897,0.10014306016062723,0.009142599859285097,0.0,0.0,0.0,0.012249696396810858,0.10319912504540549,0.0,0.0,0.11437827814619912,0.03315452691001109,0.10642833430361075,0.0,0.0,0.21378117104043406,0.14997439823764375
174,0,ABAB,20261105,175,0.15400616365112785,0.13290943926630097,0.13138410805164316,0.03386241992440114,0.12165823204127703,0.09487176555802579,0.00952766532641473,0.0,0.0,0.0,0.013480709517931688,0.09709923847667914,0.0,0.0,0.1315675723920048,0.033843490802456515,0.12179895984687922,0.0,0.0,0.29962663573931597,0.2333108132907077
175,0,ABAB,20261105,176,0.18812257713109146,0.18005387143138468,0.17772139592838979,0.04692880985210185,0.13340801373361266,0.08354368479558512,0.009474660983312693,0.0,0.0,0.0,0.013027796815276561,0.08611039368410812,0.0,0.0,0.1778975852847132,0.04702729416602833,0.13354395511167508,0.0,0.0,0.2547935190471961,0.21220667337013588
176,0,ABAB,20261105,177,0.16946586801505173,0.16052205016424057,0.1589568012758749,0.05385931725027858,0.11901547183691898,0.08807523929944613,0.009417998294402706,0.0,0.0,0.0,0.012787484091687206,0.08893025217478408,0.0,0.0,0.15876813153658692,0.053787622220454315,0.11871753873549189,0.0,0.0,0.25610595767125643,0.2036443775668004
177,0,ABAB,20261105,178,0.16310379244501957,0.1495762892506117,0.14839818273193978,0.052278798576787876,0.13908196290063402,0.08975968405115382,0.008579014920822919,0.0,0.0,0.0,0.011080462905014786,0.09214306783163533,0.0,0.0,0.1486796382737942,0.05221021684739596,0.13921969330246428,0.0,0.0,0.26197988648207526,0.2353144329940677
178,0,ABAB,20261105,179,0.17939861110981595,0.15653562516791822,0.1546004873375652,0.059118077212972985,0.12014164812095392,0.08750510753592222,0.009317028186511395,0.0,0.0,0.0,0.012746591436735833,0.08843976696353044,0.0,0.0,0.15483640906752427,0.05902990046181853,0.12019127606104109,0.0,0.0,0.22082727370656685,0.18180655313792302
179,0,ABAB,20261105,180,0.19777834003930975,0.17659846345485938,0.1747879269871949,0.051747169638547204,0.13960281465110094,0.07999251244354465,0.009802415733552413,0.0,0.0,0.0,0.013340951088000205,0.08164847417055193,0.0,0.0,0.17491100689332514,0.051568658142888434,0.1396374727937315,0.0,0.0,0.24110614557381913,0.19753764438011498
180,0,ABAB,20261105,181,0.20011524732053695,0.17101474155124524,0.16945858330931068,0.04701419809473214,0.12290725206537416,0.10816164838546123,0.009070400925203155,0.0,0.0,0.0,0.012397812186938974,0.10968561859481539,0.0,0.0,0.16908168638612947,0.04685000389081154,0.12287718990817133,0.0,0.0,0.26665317171202924,0.25144656114959923
181,0,ABAB,20261105,182,0.18984768836491003,0.16300169822417143,0.16079647182023335,0.04667580630393289,0.10851973056773603,0.1019451255339659,0.009377297589243641,0.0,0.0,0.0,0.012791871835847965,0.10271782046936295,0.0,0.0,0.16080295482856422,0.04664226709260982,0.10803566867159897,0.0,0.0,0.24130042639908125,0.20347180017216115
182,0,ABAB,20261105,183,0.18033031508098837,0.13416802632119312,0.13290894126421385,0.061304705366465935,0.09696093527786451,0.09944337489336916,0.01000578006092667,0.0,0.0,0.0,0.014079779975278683,0.10071733550734646,0.0,0.0,0.13293136500648184,0.061721761064109246,0.09713571474335887,0.0,0.0,0.2612318641121674,0.2251883345021203
183,0,ABAB,20261105,184,0.1129504773121434,0.11294623654005255,0.11185512285170753,0.03627346432708206,0.09054147793013947,0.08259697269606851,0.008971330153489566,0.0,0.0,0.0,0.012167104464834223,0.08358355633997319,0.0,0.0,0.11172887011004419,0.0361652221556604,0.09055323397610202,0.0,0.0,0.22822261417634299,0.19502279349246499
184,0,ABAB,20261105,185,0.13055974103392964,0.1071891240193817,0.10647860149844579,0.05418991961520151,0.07643605377176042,0.0913580780182997,0.009004125840186894,0.0,0.0,0.0,0.012327781959486807,0.09263650191408657,0.0,0.0,0.1063938436461748,0.054238712042279195,0.0765193622099596,0.0,0.0,0.22462531402596972,0.19147444230548893
185,0,ABAB,20261105,186,0.17981377060169684,0.17691138202525117,0.17516722604683146,0.057406929422792526,0.1275851533080556,0.08770079835811956,0.008848700996056199,0.0,0.0,0.0,0.011821095387228281,0.08930459707293432,0.0,0.0,0.17531148509607683,0.057567016880665074,0.12782327091028867,0.0,0.0,0.2262687589450785,0.18229633994018393
186,0,ABAB,20261105,187,0.1489321234038955,0.15397732560964944,0.15214432853205562,0.048265667189081235,0.12447958940659483,0.08110586763001815,0.009535578971441933,0.0,0.0,0.0,0.013147706013589522,0.08345546929476418,0.0,0.0,0.15229736936018357,0.04844091785171972,0.12472224698295475,0.0,0.0,0.29257614189533543,0.2554048326044164
187,0,ABAB,20261105,188,0.20355635202410718,0.17398487127826096,0.1720952096030206,0.05625584070155269,0.13152579232423928,0.1207061971010765,0.008943638795916703,0.0,0.0,0.0,0.012266398666165853,0.12273848623923493,0.0,0.0,0.17217850153730851,0.0564088959782567,0.13163966634036064,0.0,0.0,0.2763653341326025,0.27308387565136355
188,0,ABAB,20261105,189,0.15357555750443086,0.14044555785564522,0.1386964650520591,0.022555873426349578,0.10337456907857513,0.09669253942688642,0.008875294466328057,0.0,0.0,0.0,0.011921535889574284,0.09734174114647876,0.0,0.0,0.13839350361101624,0.02244057705542217,0.10324151174849971,0.0,0.0,0.262760160756061,0.24539234063337453
189,0,ABAB,20261105,190,0.12171096416785311,0.10524276926688596,0.10466515306291505,0.039307784458134085,0.0978554690893568,0.062244418501862867,0.009425515050246436,0.0,0.0,0.0,0.012535946765375477,0.06305681055215928,0.0,0.0,0.10461725830371674,0.039424077535325945,0.09775582819987132,0.0,0.0,0.27065091301041705,0.21931891771524853
190,0,ABAB,20261105,191,0.15206721363734158,0.1321566074883964,0.13100882241268105,0.039994529325883654,0.1139041576450891,0.08029017553301004,0.009290071815138343,0.0,0.0,0.0,0.0129346758227384,0.08056742029328394,0.0,0.0,0.13105410351868294,0.03984205702605955,0.11390470776994445,0.0,0.0,0.19848843060452204,0.1820926198740013
191,0,ABAB,20261105,128,0.16052126589894786,0.1489885322753983,0.14769227695441658,0.05261160653192616,0.13894608915509069,0.07299668375894641,0.009759711190791965,0.0,0.0,0.0,0.013344185950705856,0.0750235793301631,0.0,0.0,0.1476741305337499,0.0528323841820482,0.13901679811278586,0.0,0.0,0.2309558660601186,0.21607567896225874
192,1,BABA,20261105,193,0.15261201486368117,0.13193441941974915,0.13037854207809582,0.05883564566714792,0.08038533520967597,0.08192838185893883,0.008180689242370379,0.0,0.0,0.0,0.011558772490056112,0.0830120806407391,0.0,0.0,0.13038855841240415,0.05886667447916092,0.08051999129088837,0.0,0.0,0.2955495921772171,0.24703328131002605
193,1,BABA,20261105,194,0.19259263347150893,0.1739992310830003,0.17177183216323313,0.05586647454983301,0.1306912416894874,0.11085136509103498,0.00771017958143188,0.0,0.0,0.0,0.010769297037394536,0.11315298557326135,0.0,0.0,0.1715882892088044,0.05574215338835279,0.13030848859967745,0.0,0.0,0.3399452138741429,0.29686854041295463
194,1,BABA,20261105,195,0.18522547535761735,0.17872897627392426,0.17672641321704147,0.051036716167818644,0.13007392554341038,0.09274032218363164,0.00838705628391769,0.0,0.0,0.0,0.012393327369502478,0.09503191172597915,0.0,0.0,0.17688772117313792,0.05113999790994202,0.130194199045963,0.0,0.0,0.2948412517682125,0.2332731791156795
195,1,BABA,20261105,196,0.14952881447007352,0.10326828628482145,0.10234803236833294,0.02602182459968793,0.07802661261484534,0.07390396117744169,0.008292984205818164,0.0,0.0,0.0,0.011327301176890143,0.07445377592289214,0.0,0.0,0.1023613176856954,0.02602026827236207,0.07796762449273106,0.0,0.0,0.22423679993476284,0.19817520126327945
196,1,BABA,20261105,197,0.13159328489485186,0.16130866826029083,0.15975963092994452,0.043341916081122214,0.14263286643298145,0.09496145122091199,0.008139450265264506,0.0,0.0,0.0,0.011684570237360211,0.09657359206354257,0.0,0.0,0.1598896089228604,0.043349942458576575,0.14300444248770322,0.0,0.0,0.3046549859994007,0.26617920851677607
197,1,BABA,20261105,198,0.1680794969182907,0.15648393194090826,0.1546907603691683,0.043217082126418484,0.10516486194505777,0.09425493067672149,0.007783754744199379,0.0,0.0,0.0,0.011250841773624603,0.09733851417443731,0.0,0.0,0.15473173994098288,0.04316595284081449,0.10517592126458886,0.0,0.0,0.29302367896281317,0.25938546806407686
198,1,BABA,20261105,199,0.17279320180009908,0.16614827542227906,0.16382514250733335,0.06365260650954029,0.1134381952544014,0.09669785733680197,0.007745276871211878,0.0,0.0,0.0,0.01077234513227814,0.09829198159484871,0.0,0.0,0.16432405469826106,0.06376726402429754,0.11383776812997401,0.0,0.0,0.2543036379302012,0.2128630531295073
199,1,BABA,20261105,200,0.11270859841570488,0.1095448446455664,0.10776119276959371,0.053613317857888025,0.07573181041951611,0.07859105498430366,0.008165516154072574,0.0,0.0,0.0,0.01149375605531034,0.08197058220932606,0.0,0.0,0.10735659529028779,0.053523763733483234,0.07555959833040592,0.0,0.0,0.29785413046484993,0.20631002618292643
200,1,BABA,20261105,201,0.14617067458225402,0.15428996685996324,0.15294106916729047,0.05247186072866593,0.14252097763729232,0.09022748119349014,0.008129390891484962,0.0,0.0,0.0,0.011114503482092546,0.09245078072573845,0.0,0.0,0.1530771507361528,0.052583052891605,0.1427099753354674,0.0,0.0,0.2743416329618516,0.23056082250557342
201,1,BABA,20261105,202,0.15055042381658446,0.14560209772175758,0.14317702656638098,0.050895760096904545,0.10604538006535791,0.07926386009825645,0.007830846577863296,0.0,0.0,0.0,0.010274944358899077,0.08067003501237005,0.0,0.0,0.14327882615706639,0.05092515853487538,0.10600731057219658,0.0,0.0,0.24616350455458144,0.23424491882892226
202,1,BABA,20261105,203,0.14766996311234623,0.11977523699359338,0.11911381411553773,0.04028711035683001,0.07413479165798746,0.09785638961320836,0.008125781296553902,0.0,0.0,0.0,0.011529325744348423,0.09910937394943693,0.0,0.0,0.11909777679568447,0.04027086090938416,0.07400486009878997,0.0,0.0,0.23030601924630215,0.1836249856577064
203,1,BABA,20261105,204,0.17380565165870934,0.11673025943142777,0.11597402874186054,0.050698091989839995,0.11008570244398917,0.07019091771783825,0.008581148375716347,0.0,0.0,0.0,0.012565469012171038,0.07139025791246645,0.0,0.0,0.11590187237583256,0.05064611251527374,0.11001210118236128,0.0,0.0,0.2213049345724378,0.243831170508506
204,1,BABA,20261105,205,0.1422272696516103,0.11320452767800349,0.11240774240422281,0.04818111684031368,0.08058102936235567,0.0815535790237423,0.008011787064742171,0.0,0.0,0.0,0.011166036818312634,0.08329436211101869,0.0,0.0,0.11214285595814463,0.04814114039330044,0.0803234123246274,0.0,0.0,0.23468072355491637,0.19544714869033264
205,1,BABA,20261105,206,0.1743185409816729,0.1797932713920727,0.17809141236941908,0.05393666023171912,0.1551345084087199,0.07705872900867179,0.007713173081459014,0.0,0.0,0.0,0.010537705746769682,0.07770621204532882,0.0,0.0,0.1784278602169267,0.05376894290493443,0.15544666906642937,0.0,0.0,0.2657839759190433,0.2232870389207847
206,1,BABA,20261105,207,0.14675326283843632,0.12902397890502065,0.12799608931333142,0.0645790878210743,0.12803832531427628,0.1069132147882535,0.007542684809155755,0.0,0.0,0.0,0.010964613370800264,0.10862399421424421,0.0,0.0,0.12785157459282898,0.06461164281875503,0.12793282199385608,0.0,0.0,0.18791878405513973,0.1929338768747497
207,1,BABA,20261105,208,0.14710003031926658,0.12273303352397488,0.12185632924437002,0.04792788883024045,0.13930934020472285,0.08282205808352013,0.00769660711674834,0.0,0.0,0.0,0.010612242603806254,0.08465253517747758,0.0,0.0,0.12201978297147446,0.04795850252287266,0.1395664449291794,0.0,0.0,0.19762016307747754,0.19638859198586162
208,1,BABA,20261105,209,0.13070323273062906,0.13425922708530438,0.1330502852219334,0.052131033161063656,0.1117333161777904,0.07976089744202099,0.008410861055531581,0.0,0.0,0.0,0.011931531639031094,0.08057596499969269,0.0,0.0,0.13292926507540298,0.05191021300531178,0.111750487756804,0.0,0.0,0.28662930524555136,0.2222715525364701
209,1,BABA,20261105,210,0.1379040747336196,0.14609934215285178,0.14425499792386073,0.04668196787858245,0.10971028829491092,0.08501934870767221,0.00850446757569131,0.0,0.0,0.0,0.012260461140255667,0.08636438667061772,0.0,0.0,0.1441972511269945,0.04676452791158685,0.10985382379999759,0.0,0.0,0.22962735457861488,0.18359179500371064
210,1,BABA,20261105,211,0.1224658977883047,0.15321522741799481,0.1510317140116375,0.03775590065931974,0.12549742597428695,0.0733566930534664,0.008323347849105283,0.0,0.0,0.0,0.011579778283848418,0.07460308012232536,0.0,0.0,0.15057819392353813,0.03762977581460015,0.12499934702333297,0.0,0.0,0.2558448754874716,0.20755894808370728
211,1,BABA,20261105,212,0.18309001091414648,0.16474809140696267,0.16263929358740573,0.06877166551616844,0.1476671353673035,0.0749022116519125,0.00784927715250081,0.0,0.0,0.0,0.01147857737357197,0.07696852168110728,0.0,0.0,0.1627074621003077,0.06885923685740482,0.1478569847397647,0.0,0.0,0.2875074090768154,0.25535589237765033
212,1,BABA,20261105,213,0.16876384264249547,0.1927602983943977,0.19011368649280216,0.03841522510249326,0.15871596491074053,0.09137392660645087,0.008297135830486841,0.0,0.0,0.0,0.011846709166617212,0.09332446425900179,0.0,0.0,0.19013865824923948,0.038582632967678825,0.1588726390077926,0.0,0.0,0.3010073100731106,0.24189624014979966
213,1,BABA,20261105,214,0.1504327819904005,0.12236903622347074,0.12118091483220109,0.04733545291861348,0.085478416452993,0.06868982230571861,0.008015595728970535,0.0,0.0,0.0,0.011069056668664229,0.06966725417693845,0.0,0.0,0.12119621425995365,0.0473736910887766,0.08559871342287348,0.0,0.0,0.1813980106753329,0.1599778798414283
214,1,BABA,20261105,215,0.1636264550698993,0.17343389769252446,0.17146893591944717,0.04588204368504762,0.11027312596315869,0.121162864780106,0.008278099337853752,0.0,0.0,0.0,0.011702214092666864,0.12237252735157103,0.0,0.0,0.17212390595914487,0.04594731908282279,0.11050868600567311,0.0,0.0,0.20464682433428616,0.23293432596561145
215,1,BABA,20261105,216,0.17483558870936472,0.14005486240423498,0.1384689990723315,0.03178890558938214,0.10365990825168774,0.08605984524169943,0.007577616313291834,0.0,0.0,0.0,0.010337029165778153,0.0873409253886364,0.0,0.0,0.13848676058264744,0.03175052119999403,0.10368364854566572,0.0,0.0,0.18466921770444591,0.18814088554016123
216,1,BABA,20261105,217,0.13486492300611302,0.12187404934144293,0.12092542184198718,0.05310879930379708,0.11049314811692065,0.0820129769938109,0.008820965821670452,0.0,0.0,0.0,0.01251986047049872,0.08307905260323609,0.0,0.0,0.12079672957760232,0.053163625967590354,0.11045084042551864,0.0,0.0,0.251066595997057,0.17656027296255677
217,1,BABA,20261105,218,0.16819228201611594,0.14535721388683107,0.14424986813010504,0.04193719912913995,0.12612842469198365,0.07579629801602986,0.008157326772474223,0.0,0.0,0.0,0.011306234752977073,0.0761783999069165,0.0,0.0,0.14483659469237437,0.0420385420487377,0.12626153885982516,0.0,0.0,0.21458958881406268,0.13228341620875417
218,1,BABA,20261105,219,0.14562452255220582,0.12699409111573,0.1260793472326165,0.038658462865881885,0.09442979403554774,0.0876157705206451,0.007973215754063703,0.0,0.0,0.0,0.011028970218067122,0.08816977486184409,0.0,0.0,0.1262508739108063,0.038818264092593084,0.09463053827103945,0.0,0.0,0.21863877235597656,0.22825066069199243
219,1,BABA,20261105,220,0.1645901196504213,0.10470910527280176,0.10414246023219677,0.03228803476212916,0.09035024142789827,0.08558109632017684,0.007824393775386417,0.0,0.0,0.0,0.010704945082483801,0.08640991407307227,0.0,0.0,0.10422014194371465,0.03234560577973316,0.09062137908246322,0.0,0.0,0.2085254657223803,0.20777764912877508
220,1,BABA,20261105,221,0.17527255778597392,0.14479684390405545,0.1432727692569856,0.04268398763200489,0.11129264287315639,0.09227825531425164,0.008099544697267395,0.0,0.0,0.0,0.011148174512099237,0.09404598736288838,0.0,0.0,0.1434165429144943,0.04283184561905185,0.11147666408449083,0.0,0.0,0.20976125181088606,0.18336720027153455
221,1,BABA,20261105,222,0.2028953109227113,0.16149730781598906,0.1594746675648927,0.04113203699004199,0.13052507438633812,0.08918177757346823,0.008919742979320223,0.0,0.0,0.0,0.012998475192617315,0.09158067083868539,0.0,0.0,0.15957870368023347,0.04116153736439069,0.13054344388632008,0.0,0.0,0.22557912600698746,0.2354583420555481
222,1,BABA,20261105,223,0.15650613203084923,0.14043944090399882,0.13910651709895214,0.03408046833833226,0.10552172672428223,0.07971816918760205,0.007946104318262138,0.0,0.0,0.0,0.011029874512943487,0.0818377337173314,0.0,0.0,0.1393595166251605,0.03415635915250533,0.105758213957375,0.0,0.0,0.29798887845590816,0.2559118266432302
223,1,BABA,20261105,224,0.15104964828459932,0.13251433773408108,0.13108303995089032,0.04353466824875494,0.07847277408576887,0.10126563547748568,0.007878183910099042,0.0,0.0,0.0,0.0110447348960161,0.10287273713722463,0.0,0.0,0.13105843797476285,0.04351850872394885,0.07854098119572613,0.0,0.0,0.2823211597891395,0.21378004771319162
224,1,BABA,20261105,225,0.1323914215933221,0.11729173303558388,0.11644431591645753,0.03923771215132663,0.09128979212135181,0.07135066331041738,0.007856351642161325,0.0,0.0,0.0,0.011317770054164476,0.0726769797319323,0.0,0.0,0.11641802288057057,0.039404085719182684,0.09132599551349095,0.0,0.0,0.2594159302449384,0.19884824419106187
225,1,BABA,20261105,226,0.16256896684095765,0.1444704565559887,0.14287695164479025,0.04744152188809586,0.12720221412723068,0.08155680723131686,0.008910952843849447,0.0,0.0,0.0,0.012899625500449522,0.0823809279101979,0.0,0.0,0.14299882370837372,0.04747754600266441,0.12715877121251062,0.0,0.0,0.19867255105226803,0.15671171939600276
226,1,BABA,20261105,227,0.1643195611879824,0.13061242492647088,0.12965898472125859,0.051850859202411066,0.09278540643846563,0.0834249226506117,0.008157945895470605,0.0,0.0,0.0,0.011329133324477525,0.08427566497779429,0.0,0.0,0.12954972126622696,0.05181578014495923,0.0929135864416268,0.0,0.0,0.27598712238039363,0.27422903272650406
227,1,BABA,20261105,228,0.16340123511144838,0.1469690835722906,0.14531086712628483,0.044850059865946694,0.09900499621892311,0.10269980519954737,0.008308719401603637,0.0,0.0,0.0,0.011800463485393682,0.10383228336858792,0.0,0.0,0.14555946472911474,0.044830604919492055,0.09908658919560824,0.0,0.0,0.26748284821101465,0.24813542115775522
228,1,BABA,20261105,229,0.15712594458978155,0.13744407389393115,0.13569159692204286,0.048208106238326644,0.11641597207453942,0.07200257151727521,0.008750504785342702,0.0,0.0,0.0,0.01274415802864349,0.07422811272980971,0.0,0.0,0.1358795777536411,0.04836718414985475,0.11663766792475476,0.0,0.0,0.311953535286572,0.26589319114648063
229,1,BABA,20261105,230,0.1727868743896675,0.15022396909648034,0.14817731413314741,0.03810330122362108,0.11539551186004418,0.08329899791190581,0.0080542348940922,0.0,0.0,0.0,0.011588405578566479,0.08549104539720895,0.0,0.0,0.14837729786307316,0.03816587533892313,0.1154473325077624,0.0,0.0,0.1781637147668969,0.16744303256354182
230,1,BABA,20261105,231,0.164033264933353,0.1694605550995878,0.1678295604108612,0.052461236889990666,0.11940687762432613,0.07821055552614449,0.008507613742052883,0.0,0.0,0.0,0.012082962046965696,0.07944222949025044,0.0,0.0,0.1678045101737823,0.05237142928578579,0.11937336715820306,0.0,0.0,0.21748795436784035,0.2458518075494925
231,1,BABA,20261105,232,0.16101511833515833,0.15276116058251843,0.1511718945863086,0.05886747690762507,0.1339903428626202,0.06024369312373767,0.008182672570587501,0.0,0.0,0.0,0.011670703224198133,0.06092800723318014,0.0,0.0,0.15138716637362512,0.05913301800190314,0.13415199734836017,0.0,0.0,0.17924057453481146,0.19279051973862796
232,1,BABA,20261105,233,0.17326336115746313,0.1335504710801007,0.13259421038095753,0.04980267241791779,0.08900566126769768,0.10407687719215683,0.008372509827047224,0.0,0.0,0.0,0.012045740634573494,0.10447191764348285,0.0,0.0,0.132646223470668,0.049826857768407694,0.08912762108577915,0.0,0.0,0.23485059909994388,0.20004554841431013
233,1,BABA,20261105,234,0.16712085215020606,0.16151896280404343,0.15987081102199913,0.034013576610355804,0.11497642122040727,0.09164114269771421,0.007941098042834445,0.0,0.0,0.0,0.011079639864921255,0.09384059498109505,0.0,0.0,0.15988078806743403,0.03421690733680509,0.11488209890710083,0.0,0.0,0.22708236688716824,0.22041850590014772
234,1,BABA,20261105,235,0.18806315384257385,0.14697842212928852,0.14604556989460601,0.0351946395473798,0.12443107917993375,0.07461593182707471,0.008370489589237404,0.0,0.0,0.0,0.011963000298985478,0.07618926995392558,0.0,0.0,0.1463020447345603,0.03516302013930171,0.12457548781943037,0.0,0.0,0.21414018926492137,0.17292825287177238
235,1,BABA,20261105,236,0.11806503686498986,0.1111024144572775,0.11035063121276172,0.04937243003648101,0.09085188879046757,0.07767025607991039,0.007745936515964471,0.0,0.0,0.0,0.010641997592788107,0.07862739516515371,0.0,0.0,0.11023726328918425,0.04941223055923238,0.09076559887890673,0.0,0.0,0.21383431667714817,0.16299128787664713
236,1,BABA,20261105,237,0.117100051740578,0.09131210279764237,0.09039958402074864,0.05509454426409762,0.11211963982390752,0.06580455509988624,0.008183046399391155,0.0,0.0,0.0,0.011233130177327102,0.0672059911175411,0.0,0.0,0.09086582204860656,0.05515364158401245,0.11273847767490627,0.0,0.0,0.26004774439373357,0.19034606882798452
237,1,BABA,20261105,238,0.1296164051037571,0.11643969397920266,0.11455603335620923,0.05747609729059413,0.09074030515248016,0.06606501039577127,0.008365408158235905,0.0,0.0,0.0,0.01158538626002177,0.06719514128475082,0.0,0.0,0.11467817032171333,0.057491183406304415,0.09083472473777707,0.0,0.0,0.2615990157218003,0.21861048553984572
238,1,BABA,20261105,239,0.15586166895320464,0.14774361911065065,0.14670887816744105,0.025286127066416718,0.13395214666784758,0.06580451702096284,0.008269328609757397,0.0,0.0,0.0,0.011804196846910652,0.06671911098027254,0.0,0.0,0.14712332675537704,0.025279090341025306,0.13438632976405349,0.0,0.0,0.28970328278533936,0.24243270147218524
239,1,BABA,20261105,240,0.1913669108382814,0.1607238069368156,0.15939606092011688,0.0441505998202998,0.1304009805321343,0.08387472351745341,0.007346375003813725,0.0,0.0,0.0,0.010271983864338051,0.0859723001811407,0.0,0.0,0.15886741000938195,0.04418123521994564,0.13027454026274857,0.0,0.0,0.3004803711340373,0.24061826327438018
240,1,BABA,20261105,241,0.18105132136304447,0.1833694704993115,0.1814884822384008,0.055698705229991645,0.10310610667567885,0.12307971102995366,0.007770247244674528,0.0,0.0,0.0,0.011065610011994501,0.12445519721009894,0.0,0.0,0.18147875280143927,0.055710731651899485,0.10337390317974951,0.0,0.0,0.28610537701730715,0.2346470230736846
241,1,BABA,20261105,242,0.14887983934646695,0.11639558105532617,0.11556374145264472,0.04043312025376965,0.1251197441392133,0.07644637111972627,0.00807843451644034,0.0,0.0,0.0,0.011247568205997026,0.07804676366783375,0.0,0.0,0.11560562179483909,0.04044613451670021,0.12529365263185796,0.0,0.0,0.26968746256181114,0.2463565237795022
242,1,BABA,20261105,243,0.16350941804751107,0.13489730042091658,0.13199857370380297,0.0507742978989949,0.09229554108380146,0.09268272291314418,0.008818404478696919,0.0,0.0,0.0,0.012641811622626115,0.0948182446134173,0.0,0.0,0.13194504317238007,0.05072671650768596,0.09213824322284561,0.0,0.0,0.24316646728453198,0.2695723610641729
243,1,BABA,20261105,244,0.14318512013997892,0.15309115863160977,0.15182671019091154,0.06721925028393584,0.12466005604062223,0.08748706028943043,0.007929411019647295,0.0,0.0,0.0,0.011329421289875909,0.08847270189607344,0.0,0.0,0.15178445218334377,0.06724164000747615,0.12471436644643794,0.0,0.0,0.1992523482518401,0.17109082949157567
244,1,BABA,20261105,245,0.1789298590061871,0.1866856992402242,0.18493237037754648,0.036825573585850216,0.13472248468567896,0.11694620993047115,0.008222359676694335,0.0,0.0,0.0,0.0117486345487466,0.11815669819828072,0.0,0.0,0.18533913525203244,0.037001424314854446,0.13515977698610432,0.0,0.0,0.1852828873077146,0.20048688448761165
245,1,BABA,20261105,246,0.16056723271500042,0.14202432428431488,0.14091548362204084,0.04206735789433106,0.12537786877404977,0.08653773724918964,0.007736633046834577,0.0,0.0,0.0,0.010140195198684901,0.08745815563603847,0.0,0.0,0.14112718527933607,0.041919037156162006,0.1255532411287286,0.0,0.0,0.19114273324207867,0.1800814945819131
246,1,BABA,20261105,247,0.1532271480323237,0.12973618230636436,0.1289650406889764,0.04355986670870642,0.06131512337880111,0.11110975482532258,0.009200289788493923,0.0,0.0,0.0,0.013449607138272552,0.11151828825509622,0.0,0.0,0.12879031689594456,0.043574615267267316,0.06144524142945488,0.0,0.0,0.23534717737006403,0.23487952309545307
247,1,BABA,20261105,248,0.1568308798588158,0.17335212292500965,0.17010600244231294,0.039080898239345435,0.12122163520063452,0.08289436567027975,0.007698737869358987,0.0,0.0,0.0,0.010566891640777554,0.08453346087126558,0.0,0.0,0.17020113402436715,0.03911529504863055,0.12125460337344213,0.0,0.0,0.2629804062878599,0.2328642423067096
248,1,BABA,20261105,249,0.13711729534774963,0.1385125478184103,0.1375067558930375,0.040940298988269896,0.12859257647763198,0.08561786198658065,0.00795787074724481,0.0,0.0,0.0,0.010727108342736921,0.08754617528301897,0.0,0.0,0.13773059685860772,0.041046228962402155,0.12863660871633534,0.0,0.0,0.25512590585515593,0.23466162959956813
249,1,BABA,20261105,250,0.15202488483561094,0.13452411731308125,0.13357005278967346,0.06388192021033191,0.11288898374534753,0.10723425677969683,0.007957771020967279,0.0,0.0,0.0,0.011022855004120433,0.10772711696849266,0.0,0.0,0.13363608171210273,0.06386287407071334,0.11311359351070839,0.0,0.0,0.2405577021135721,0.18778329914528705
250,1,BABA,20261105,251,0.16742411250709402,0.15783978844178898,0.15631425767452956,0.06012941327816721,0.14168690950153642,0.09837975984677146,0.007631139557525843,0.0,0.0,0.0,0.010537170711461874,0.10074864407768519,0.0,0.0,0.1563820638149296,0.06014138388401988,0.14162985913076243,0.0,0.0,0.20893158278577875,0.20091498094377072
251,1,BABA,20261105,252,0.11826798082276897,0.1190281188084579,0.11793850734658093,0.0419943383317072,0.09956737115667738,0.06543138276190459,0.008254988158350664,0.0,0.0,0.0,0.011573509007559999,0.06625602648955008,0.0,0.0,0.11840215299758121,0.04210906015535791,0.09984336518252834,0.0,0.0,0.18500843182212057,0.13539504692912566
252,1,BABA,20261105,253,0.15338001851593747,0.15657135145530857,0.15460382518377727,0.05696568386779647,0.10180347054553099,0.10447220871170164,0.008423078711124911,0.0,0.0,0.0,0.012243492828912114,0.1066277618546525,0.0,0.0,0.1545574362854668,0.05688253097934294,0.10183994251775087,0.0,0.0,0.2757365483551456,0.23548115637673486
253,1,BABA,20261105,254,0.14770954158690763,0.12795223305527795,0.1262078751880124,0.045365052812593634,0.10709449164335678,0.10369084773796168,0.008316033501650796,0.0,0.0,0.0,0.011749515772452247,0.10557300694941824,0.0,0.0,0.12664297664437474,0.04542984601407679,0.107294228054387,0.0,0.0,0.2917154380995844,0.21677502757239914
254,1,BABA,20261105,255,0.10947669532044298,0.10357930229675043,0.10250168125928834,0.04720650073839436,0.1055137486979668,0.06153098992162126,0.008376572789618442,0.0,0.0,0.0,0.011469191473769043,0.06222589435974076,0.0,0.0,0.10240366407887809,0.04711497741748993,0.10548243681975192,0.0,0.0,0.20497291261970546,0.1834528578873691
255,1,BABA,20261105,192,0.11915057198354442,0.13822526168828755,0.13729128359802012,0.04707001476072985,0.13366874404806922,0.06354924124373447,0.00813156788248816,0.0,0.0,0.0,0.011611174261563382,0.06432615349107676,0.0,0.0,0.13746934944934355,0.04716244254308346,0.133884000588533,0.0,0.0,0.229137161437821,0.22234849018847322
128,0,ABAB,20261106,129,0.16264224076545625,0.12840198582448964,0.12756323841657785,0.044328376900424654,0.11566696597043939,0.07673477592058035,0.01157517197566111,0.0,0.0,0.0,0.01495036165959579,0.07872352012632564,0.0,0.0,0.1277521185197314,0.04441721103524714,0.1156722932165361,0.0,0.0,0.22803304197028443,0.19146787201388787
129,0,ABAB,20261106,130,0.14973188359999792,0.11891386910503302,0.11702887541133332,0.03541362983649844,0.05758678729781068,0.09378399709397778,0.012265836503263626,0.0,0.0,0.0,0.015693725162795425,0.09569266844014944,0.0,0.0,0.11700215266270318,0.03536835134942896,0.05765682336432769,0.0,0.0,0.25786492847915976,0.2369594374233044
130,0,ABAB,20261106,131,0.18139492036126706,0.14697865413512692,0.14570125085343225,0.042101132554833304,0.13548418573265786,0.08161569881302533,0.012635155451414309,0.0,0.0,0.0,0.016808343650393822,0.08346266344516248,0.0,0.0,0.1453644918795663,0.04218002106475609,0.1352297282350152,0.0,0.0,0.24682740510720597,0.22291280486350776
131,0,ABAB,20261106,132,0.14236972512805943,0.13267809937734407,0.1309749251498407,0.05843552283972281,0.1033023651297072,0.08107760401168836,0.01256029474032337,0.0,0.0,0.0,0.01683295744647197,0.08267065484810926,0.0,0.0,0.13096846694318237,0.058360999894027266,0.10337654024349469,0.0,0.0,0.2575259438541062,0.23687576518346895
132,0,ABAB,20261106,133,0.19571473466407371,0.18246792298615053,0.17995124741893936,0.04234004304805675,0.11842895557727895,0.0918423104620013,0.012870849347184967,0.0,0.0,0.0,0.017209025368200497,0.09264439733394031,0.0,0.0,0.18007920856688325,0.0421526688366729,0.11878376401227016,0.0,0.0,0.2781216850014223,0.25619536052903735
133,0,ABAB,20261106,134,0.1472903318695364,0.10537972506137301,0.1042007976665416,0.04704671793553695,0.0823037386580035,0.0806322404493013,0.013110701577795841,0.0,0.0,0.0,0.01730676087233118,0.0808822992861524,0.0,0.0,0.1045011079756478,0.04721040223141204,0.08269968822119982,0.0,0.0,0.2371231376972502,0.21951420074411146
134,0,ABAB,20261106,135,0.15691354678531355,0.12013454978965687,0.1191846247124303,0.03613222585618422,0.0879362171341953,0.07268846382999389,0.012792925717347867,0.0,0.0,0.0,0.01645545359725543,0.07360234206007177,0.0,0.0,0.1189695802069186,0.035967917239466546,0.08776667066507948,0.0,0.0,0.2594293286066751,0.23264476136531373
135,0,ABAB,20261106,136,0.14434592842324115,0.13071004149490537,0.12921257669809028,0.028800089453298337,0.106543329598149,0.08273668452832082,0.01291210221829288,0.0,0.0,0.0,0.016734235646369593,0.08362234447253676,0.0,0.0,0.12956652185404086,0.028884506836604037,0.10694623124871086,0.0,0.0,0.3080253134510933,0.28123255498754696
136,0,ABAB,20261106,137,0.14301271440886087,0.12271677817310862,0.1217642424623546,0.04434980679497036,0.12586622268307548,0.08239706961773617,0.012814239776960036,0.0,0.0,0.0,0.017045550036576332,0.08551626612505231,0.0,0.0,0.12222716068191201,0.0445157286335901,0.1262925858751514,0.0,0.0,0.19228971973500777,0.16411046990388195
137,0,ABAB,20261106,138,0.1437779803914783,0.1481069188116542,0.14687335336580934,0.040711015586398745,0.12963495213429127,0.06131528800781557,0.01292096483278441,0.0,0.0,0.0,0.017261162683670183,0.0624594970448462,0.0,0.0,0.14677654195196715,0.04052491756192622,0.129570963434343,0.0,0.0,0.20774896426053885,0.1906472806658226
138,0,ABAB,20261106,139,0.1366752438198239,0.1250051278163394,0.12338590563396475,0.05515200421889186,0.10770810384232157,0.07190145309208985,0.013105424428604642,0.0,0.0,0.0,0.01764150220298935,0.07548549801967695,0.0,0.0,0.1235066146471808,0.05514462614948126,0.10780945482825864,0.0,0.0,0.2699848364591456,0.22617593129978908
139,0,ABAB,20261106,140,0.15406260078398923,0.14186070531866452,0.14009450318541622,0.04271030813348851,0.11711960420146934,0.08001650089841757,0.012686269310663594,0.0,0.0,0.0,0.017129454846210205,0.08167538065738705,0.0,0.0,0.14060622694636296,0.0426786071387077,0.11762334483431165,0.0,0.0,0.2088366951635948,0.22109515094614915
140,0,ABAB,20261106,141,0.13420411468533816,0.11427310415005401,0.1132954364379884,0.0416721121082838,0.10438755198627313,0.07176693476179218,0.012789448589016383,0.0,0.0,0.0,0.016677028645828897,0.07287618043583015,0.0,0.0,0.11324464415553664,0.041778639715526575,0.10439876013208474,0.0,0.0,0.2993167082559908,0.2861701697324209
141,0,ABAB,20261106,142,0.11801713801185491,0.12626205019320755,0.12552601873894592,0.04501716648381557,0.10432614199480929,0.06666343531845402,0.013111669720390714,0.0,0.0,0.0,0.017489093601599264,0.0680072746185402,0.0,0.0,0.12571543158063936,0.045269623573673194,0.1044856952242876,0.0,0.0,0.27022242485374093,0.24921173906882432
142,0,ABAB,20261106,143,0.18140212518820328,0.14340136096470388,0.14203255573426066,0.03908061620575564,0.08782735494084111,0.09604030981819857,0.012896570890857082,0.0,0.0,0.0,0.017586176970518827,0.09706411316772996,0.0,0.0,0.14207161294145976,0.0390879064457342,0.0877512276569758,0.0,0.0,0.24301341624084258,0.23199484462023384
143,0,ABAB,20261106,144,0.11218726151086535,0.0847977197597421,0.08435812237988173,0.05466128045545427,0.07844030869975452,0.06033011026045705,0.012939643789715065,0.0,0.0,0.0,0.017124913051989016,0.060992207080004614,0.0,0.0,0.08416425012159756,0.0545173211953759,0.0781470670538197,0.0,0.0,0.22302882096542528,0.17809967306397037
144,0,ABAB,20261106,145,0.18117838310517162,0.16156236230684645,0.1590121875469747,0.03417985703011154,0.11167121611568523,0.1014641723734882,0.012566015591308807,0.0,0.0,0.0,0.016629852720257476,0.10427839789508436,0.0,0.0,0.15915966266694215,0.03422620250905938,0.11180566509426586,0.0,0.0,0.2274695487756203,0.18703752941368634
145,0,ABAB,20261106,146,0.09445442061430262,0.09909749556679934,0.0983869785086499,0.03508013694411479,0.08234068188958654,0.07460491191654373,0.013185657065442152,0.0,0.0,0.0,0.017180044299818273,0.07568744468397674,0.0,0.0,0.09850135251835093,0.03516602594425685,0.08246675518673209,0.0,0.0,0.1851992684296665,0.2113811661220528
146,0,ABAB,20261106,147,0.14783346237627096,0.14698640580900782,0.14485086511599693,0.06344140795717579,0.11888853353613552,0.08562614427292282,0.012058869959483067,0.0,0.0,0.0,0.015335938379376307,0.08728023063834504,0.0,0.0,0.14444523561535272,0.06328723458322176,0.11867888924121589,0.0,0.0,0.24435633694471706,0.24626529925213167
147,0,ABAB,20261106,148,0.1902457242904357,0.15007207837058098,0.147737429052486,0.05509978877344888,0.07187316464572649,0.11862593367385743,0.012360074853154856,0.0,0.0,0.0,0.016425171945080374,0.12088951728276265,0.0,0.0,0.147892707060696,0.05499068906828347,0.07204623667994084,0.0,0.0,0.25231872581771575,0.2537948863309401
148,0,ABAB,20261106,149,0.14106910960195307,0.10320680996899034,0.1022632003063946,0.04592909663698812,0.08716747746464239,0.10982514745378674,0.011949930481737417,0.0,0.0,0.0,0.015672769029946562,0.11155564703121025,0.0,0.0,0.10233137923968205,0.04576031865123292,0.08747958804146161,0.0,0.0,0.19004032528332332,0.14598670341220543
149,0,ABAB,20261106,150,0.14376275560552723,0.14630473275384978,0.14491230999489108,0.05231948357357493,0.12436741848494268,0.08470329328310876,0.012222173120617416,0.0,0.0,0.0,0.016164537730345773,0.08646998586807339,0.0,0.0,0.14494532642029948,0.05247739423189858,0.1244346640626606,0.0,0.0,0.18379214323310664,0.19809351342409687
150,0,ABAB,20261106,151,0.13397535072827538,0.13499109474377885,0.1335951465239642,0.051028441246023,0.09414471874029562,0.08836046903527885,0.012210921275662744,0.0,0.0,0.0,0.015944403919652246,0.08965787454735548,0.0,0.0,0.1333971983606296,0.05105005121818676,0.09413487740813928,0.0,0.0,0.22626911227886945,0.23988031638413135
151,0,ABAB,20261106,152,0.16848811995865226,0.15650506109692153,0.15514132238710857,0.05152065862806459,0.09988736010375929,0.08746616070420464,0.011981079377654618,0.0,0.0,0.0,0.015720326368346076,0.08876973643109486,0.0,0.0,0.155146378343521,0.051574756978029455,0.09994171839987329,0.0,0.0,0.14014657338594097,0.15888380365196497
152,0,ABAB,20261106,153,0.16367295292531442,0.13053528959520316,0.1294287588692798,0.030591409925498175,0.08925577962686317,0.10143607004890087,0.012461058094444963,0.0,0.0,0.0,0.016477495252040484,0.10388418067007435,0.0,0.0,0.12953990834039408,0.030650861057690135,0.08927024048533236,0.0,0.0,0.2648642354820341,0.2455138186799268
153,0,ABAB,20261106,154,0.1755493338449378,0.1643670297804082,0.16238424768823975,0.03991421990929127,0.1506158347173294,0.08007961660487259,0.013019966463348177,0.0,0.0,0.0,0.017440374063817564,0.08261396428870335,0.0,0.0,0.16277262371479462,0.039951382807074706,0.15079104749010103,0.0,0.0,0.2499001313868806,0.23739931325321217
154,0,ABAB,20261106,155,0.13954696393492114,0.1486732082801992,0.14693567048147158,0.06003713022054094,0.09620549765611562,0.09501884158395865,0.013045147027739474,0.0,0.0,0.0,0.017461318760601304,0.09811856817606854,0.0,0.0,0.14699143973850487,0.06021923310422229,0.09621330081236817,0.0,0.0,0.27231015297234873,0.25425768443561664
155,0,ABAB,20261106,156,0.13270986307348326,0.14349392965763538,0.14165777278223513,0.038642737711042804,0.11483761167424235,0.08351667466551647,0.012612803622283906,0.0,0.0,0.0,0.0169188470701934,0.08628852788061545,0.0,0.0,0.14197425220879833,0.03868130065567505,0.11503710411535725,0.0,0.0,0.20122662139170727,0.17813175410239684
156,0,ABAB,20261106,157,0.13471832242081158,0.13334395694114806,0.13216495069132023,0.033968037099115785,0.09858698417529184,0.07927141638740026,0.012800000947123816,0.0,0.0,0.0,0.017027418938031873,0.08005798684381678,0.0,0.0,0.1322435095713389,0.03383270544866342,0.09851886523610674,0.0,0.0,0.1716607595274973,0.17072654211417645
157,0,ABAB,20261106,158,0.15272760928264695,0.150994092977226,0.1492995012083524,0.04323579552235898,0.13092233975212691,0.08042074401926262,0.012494750553337153,0.0,0.0,0.0,0.016657582636309693,0.08157789834520775,0.0,0.0,0.14921438029188416,0.04313591588829932,0.1307147935494944,0.0,0.0,0.2234925227794057,0.20703619283282473
158,0,ABAB,20261106,159,0.12229750792176367,0.10711891136118441,0.10633852385418407,0.030894223371531183,0.08499901561412095,0.07256802455895738,0.012951392683482998,0.0,0.0,0.0,0.017135629217632148,0.07340719864948533,0.0,0.0,0.10658571076961869,0.03102263463717743,0.08517454084654319,0.0,0.0,0.20134907938711197,0.19069894099529522
159,0,ABAB,20261106,160,0.11984027762536521,0.1294293050644939,0.12795333989124758,0.042535549357629716,0.08860624985152289,0.08686840088065954,0.013438307126819902,0.0,0.0,0.0,0.018189688773048655,0.08783707616086682,0.0,0.0,0.12801398762805516,0.04254857856793769,0.08847907601133159,0.0,0.0,0.18746755304771162,0.19681551977745904
160,0,ABAB,20261106,161,0.15864707825985971,0.1355138529002945,0.13422474437658682,0.0348435680817744,0.09029410099288807,0.07208843134821853,0.013065975727165457,0.0,0.0,0.0,0.017115932431069573,0.07406812832892744,0.0,0.0,0.13392912616207533,0.03474297929347711,0.09034427852832802,0.0,0.0,0.2561429313161992,0.24516182557870067
161,0,ABAB,20261106,162,0.13918642004654416,0.1275556754550805,0.1258787012259747,0.040782641127456054,0.0907680678680343,0.07463048381973822,0.012890029976286084,0.0,0.0,0.0,0.01671956541560612,0.0755944378003384,0.0,0.0,0.12572525169342483,0.04070206753310216,0.09067001045082129,0.0,0.0,0.2405996821712986,0.21238370083243094
162,0,ABAB,20261106,163,0.15571624668355738,0.13029430935552508,0.1294477247495009,0.029327607589439215,0.10520220118491203,0.0927401276369448,0.012917369499959608,0.0,0.0,0.0,0.01720229141687242,0.09415569538291955,0.0,0.0,0.12945676687478466,0.029337214374360633,0.10513250258944302,0.0,0.0,0.257943381090302,0.24237091912616457
163,0,ABAB,20261106,164,0.1400745827104651,0.1206982594420025,0.11947798447081714,0.05001052556741721,0.09345375195804828,0.062336489998780824,0.011921163068589645,0.0,0.0,0.0,0.015290064093249716,0.06395719516635368,0.0,0.0,0.11996475727548248,0.05021873443703912,0.09394871060021578,0.0,0.0,0.28555720811058494,0.29173166011770924
164,0,ABAB,20261106,165,0.16005606870882208,0.1557533054437798,0.15434326168806947,0.05284419048478243,0.11170676663160088,0.08648791204598744,0.012604482088157551,0.0,0.0,0.0,0.017049944061253767,0.08713989584746765,0.0,0.0,0.1548128434549143,0.05287121789053938,0.1119711617087132,0.0,0.0,0.24567343024779842,0.23940195450286397
165,0,ABAB,20261106,166,0.12942694184603412,0.12770432661084058,0.1267887680107454,0.04557025972402411,0.13595391977221183,0.07099816604579774,0.013013189299307618,0.0,0.0,0.0,0.01765656175630994,0.07229222463882623,0.0,0.0,0.1269247459755865,0.045668532510314545,0.13608125064517818,0.0,0.0,0.239230159104314,0.19249683663504077
166,0,ABAB,20261106,167,0.19068986030062118,0.15845816154386844,0.15745079013831054,0.04584245485306942,0.09567152841383673,0.10978865569675773,0.013036439924503545,0.0,0.0,0.0,0.01752893080143931,0.11151172880787516,0.0,0.0,0.15732973053086544,0.045893260690834894,0.09555116558588998,0.0,0.0,0.23070544871036647,0.2033656183974668
167,0,ABAB,20261106,168,0.14693832648318228,0.13476509353403415,0.1332548603269583,0.05996461736596783,0.12775905582001817,0.07472791366192214,0.012755751353189721,0.0,0.0,0.0,0.017212269611400877,0.0758275246820565,0.0,0.0,0.13372304860344267,0.05983532756430388,0.1280541640432374,0.0,0.0,0.21968221996357604,0.17410045744252017
168,0,ABAB,20261106,169,0.1540921505759097,0.1096632406957397,0.10882987109061824,0.03869388561230852,0.08656454927270858,0.07115393002446599,0.012773836054397436,0.0,0.0,0.0,0.017094519988986364,0.07201955327158888,0.0,0.0,0.10881949053446284,0.038718226923818294,0.08647156460874009,0.0,0.0,0.22870597043275612,0.18705179331155422
169,0,ABAB,20261106,170,0.15404242899712692,0.12944588771939983,0.12680335209617435,0.03842352631654363,0.0877761908439057,0.09211117591191824,0.012409242653601951,0.0,0.0,0.0,0.01620671108644548,0.0944966466472437,0.0,0.0,0.1266332970921634,0.03836488997060838,0.08756121261419267,0.0,0.0,0.25399693404819335,0.23162051540377865
170,0,ABAB,20261106,171,0.14402546258352128,0.137480924425886,0.13654524873469834,0.03732056092518283,0.11406400595634747,0.08492980388734835,0.012865567386639123,0.0,0.0,0.0,0.017399314416191303,0.0860354762894623,0.0,0.0,0.13697711344640096,0.037337982627173784,0.11446372604839443,0.0,0.0,0.2415086480606532,0.21112242622617275
171,0,ABAB,20261106,172,0.1557608238486884,0.14713856892647675,0.14588184022459688,0.054440362918748916,0.11564377351117054,0.0779234162197287,0.012601957412859993,0.0,0.0,0.0,0.016454273174974825,0.07934575941596742,0.0,0.0,0.14590078119367228,0.05444953180139849,0.1158536288143143,0.0,0.0,0.23337884378610943,0.24178070608057833
172,0,ABAB,20261106,173,0.12012079658985592,0.09967715279501545,0.09859902358851969,0.04846103545317603,0.07975753259561971,0.0767573635797417,0.012916830131144986,0.0,0.0,0.0,0.017563179471698418,0.07816670229054223,0.0,0.0,0.0987804807193497,0.04850699826349754,0.07984610033344255,0.0,0.0,0.22463358798454663,0.22985287404298474
173,0,ABAB,20261106,174,0.13007101186342876,0.14125317023063477,0.1399739344614186,0.04202928124986836,0.12689546028469076,0.06914092941707552,0.012822269783033344,0.0,0.0,0.0,0.016933316500635433,0.06984456838893842,0.0,0.0,0.13991469586294264,0.04199796295651001,0.12691494594302877,0.0,0.0,0.22820127395690917,0.23147703155321261
174,0,ABAB,20261106,175,0.154729526734395,0.14582346398014426,0.1443546244778243,0.03277880728870138,0.10576689188177579,0.06900349695589851,0.01305878812070892,0.0,0.0,0.0,0.017819227290124917,0.07086473273540816,0.0,0.0,0.144499475397801,0.03249295092463213,0.10596022259457809,0.0,0.0,0.2520137908955286,0.23596802974021822
175,0,ABAB,20261106,176,0.1598305902460252,0.12388282860034251,0.12286053640266328,0.05251402513381591,0.10659900884514129,0.07659333601953403,0.01222102168956482,0.0,0.0,0.0,0.0160633477334805,0.07761895715841012,0.0,0.0,0.12311503085122695,0.05252051753830334,0.10671657141165249,0.0,0.0,0.19329060091235173,0.2033102706597848
176,0,ABAB,20261106,177,0.1281666834172066,0.10230380148100734,0.10122825780624199,0.03717694685489362,0.08788433649612142,0.06315058794931964,0.012566809730093277,0.0,0.0,0.0,0.016313087277094778,0.06439211687217664,0.0,0.0,0.10118625833133,0.037208496715842455,0.0877216855638503,0.0,0.0,0.24064358297106822,0.1867707931017347
177,0,ABAB,20261106,178,0.13830912938128428,0.10973816029236688,0.10867029761499752,0.04644050949378454,0.09516307837631303,0.07383432315664523,0.011957325065605257,0.0,0.0,0.0,0.01524859992950983,0.07473966422981262,0.0,0.0,0.10896667845416573,0.04649030923712388,0.09571838114221344,0.0,0.0,0.31013278781405507,0.24410481416094268
178,0,ABAB,20261106,179,0.17837763825281952,0.13775641727441504,0.13603131068403135,0.044394141388566045,0.11045311522083848,0.0823023183546408,0.01300881569518707,0.0,0.0,0.0,0.01664082327593234,0.08614488378660554,0.0,0.0,0.13601085833163004,0.04436313721346428,0.11036436689553583,0.0,0.0,0.24837312292398142,0.22998880247788317
179,0,ABAB,20261106,180,0.1479324225060057,0.13566644759356397,0.13466710707422963,0.0511476976115121,0.10020856889753438,0.09517464986018073,0.012710568164265064,0.0,0.0,0.0,0.016783555272980717,0.0960575012742779,0.0,0.0,0.13452195378922963,0.05121589342392821,0.10013588085386016,0.0,0.0,0.1994112047590303,0.16237638155070264
180,0,ABAB,20261106,181,0.16494692473791803,0.14909664759363447,0.14735709348594037,0.0526552683277173,0.11943264554777289,0.07796797059945436,0.013411754122338658,0.0,0.0,0.0,0.01784353471956655,0.07900033723446631,0.0,0.0,0.14754956291248084,0.0527580597978874,0.1196613932990662,0.0,0.0,0.23949410431354898,0.16871655010700895
181,0,ABAB,20261106,182,0.13645701958969245,0.14523303243137461,0.14302644660680108,0.05094549834370782,0.12165346673685815,0.08085076662636484,0.013011893825967262,0.0,0.0,0.0,0.017651960228248328,0.08221186317471985,0.0,0.0,0.1428779879212708,0.050801860124016454,0.12145424841806855,0.0,0.0,0.23524599506743402,0.20794662188898907
182,0,ABAB,20261106,183,0.14111291554944616,0.12089189233608881,0.1198173891399618,0.039336896976716704,0.09226854731368105,0.09365673526420867,0.01288640990971289,0.0,0.0,0.0,0.017008791049630528,0.09542009249134467,0.0,0.0,0.11972718981107602,0.03943853005393991,0.09206397001333862,0.0,0.0,0.22770465616283056,0.24565141729759574
183,0,ABAB,20261106,184,0.13426719532546774,0.09780000548736745,0.0965482573777729,0.05456598703124852,0.09132248322615791,0.07430962976043395,0.011774447228388659,0.0,0.0,0.0,0.014875934114250153,0.07628215272519856,0.0,0.0,0.09622695476018935,0.05447821960023598,0.0909798867981707,0.0,0.0,0.2421524779506074,0.2400002966160834
184,0,ABAB,20261106,185,0.1429615979194934,0.14466239889960905,0.14238204598048268,0.03538516756144237,0.10185972981815865,0.08522062724234272,0.013176155586606356,0.0,0.0,0.0,0.017763687021627197,0.08673705023265056,0.0,0.0,0.1427225190914315,0.03550563793000551,0.10224026507091975,0.0,0.0,0.2580044161190496,0.2550220177564416
185,0,ABAB,20261106,186,0.14950295845051975,0.1376726740537486,0.13590674204294126,0.05241972789561976,0.1059715291158107,0.0780333755392384,0.011997796155188012,0.0,0.0,0.0,0.015617731721112853,0.07977308152027238,0.0,0.0,0.13663440686042685,0.05257740953775074,0.10656919368010642,0.0,0.0,0.18431158345561094,0.16958841541478634
186,0,ABAB,20261106,187,0.11126667445799786,0.07801422165308215,0.07744387493546229,0.035439416822370715,0.08749286831503401,0.0715315148310896,0.0129136006051011,0.0,0.0,0.0,0.016577768521109485,0.07277884960490728,0.0,0.0,0.07738676130751719,0.035585354252429986,0.08746946741308784,0.0,0.0,0.21745467633741491,0.19654123078585448
187,0,ABAB,20261106,188,0.13310388420283745,0.11569195739020387,0.114354123687561,0.045028413979245355,0.09442519598204423,0.08782546782286445,0.012455843124085488,0.0,0.0,0.0,0.01620755460919445,0.08955668163762624,0.0,0.0,0.1142358769227342,0.04529616218551235,0.09445373292409945,0.0,0.0,0.19840539531575038,0.20552072905572527
188,0,ABAB,20261106,189,0.13186991465960107,0.12864546539453997,0.1277256006507686,0.028903050436149505,0.08763470613951835,0.0813941600817138,0.012505323523993132,0.0,0.0,0.0,0.01636901711587538,0.08182714407082202,0.0,0.0,0.12788582247836774,0.028907258410115707,0.08777319162861463,0.0,0.0,0.24226371158792812,0.19487097955285648
189,0,ABAB,20261106,190,0.16132866620555258,0.12576666511943393,0.12435618167823366,0.03319080244023929,0.09220244067477427,0.07972883386768753,0.012571889343164003,0.0,0.0,0.0,0.016627148925530234,0.08281298739268768,0.0,0.0,0.12452851617718896,0.03334930751202456,0.09215635427890027,0.0,0.0,0.2625657076353965,0.24382095567631762
190,0,ABAB,20261106,191,0.1770730915771504,0.1351523204330703,0.13357983915665833,0.0406925316560558,0.12749409951342236,0.08520142226121562,0.01265845963804186,0.0,0.0,0.0,0.016719598741119623,0.08858511867193182,0.0,0.0,0.1332623491808185,0.04076640844944055,0.12737241698608387,0.0,0.0,0.19640953304906922,0.23367849323017076
191,0,ABAB,20261106,128,0.13711217256032754,0.1324090168202424,0.13115287322162367,0.04210228717346074,0.10579509255812714,0.07209466370831304,0.012718126170341543,0.0,0.0,0.0,0.01673740944001183,0.07346058138599863,0.0,0.0,0.13140586924048636,0.04204176771959057,0.10617160450752586,0.0,0.0,0.29287400026545907,0.2550940409498389
192,1,BABA,20261106,193,0.1332588063325612,0.1292410074264832,0.12814656897325463,0.053855000596589125,0.09596537721729381,0.07406650317866256,0.01429252023984069,0.0,0.0,0.0,0.019450732020802587,0.07538112768601861,0.0,0.0,0.1284937780501355,0.05390128888539221,0.09630685472512866,0.0,0.0,0.28687648939467797,0.2984581268448228
193,1,BABA,20261106,194,0.18755129243282656,0.16070219668204686,0.1590591529292595,0.053987282133124655,0.09729292060191666,0.10914713359555217,0.014846119308249306,0.0,0.0,0.0,0.02049832825269166,0.11148092275961734,0.0,0.0,0.1590990685979611,0.054073453966532486,0.09758417184319275,0.0,0.0,0.28162326092714957,0.28810422870864394
194,1,BABA,20261106,195,0.1347319133414017,0.13232839583318823,0.13080070235000396,0.041420839342910916,0.10259687152894127,0.09079185625803149,0.014628950154446204,0.0,0.0,0.0,0.020221937091813417,0.09334740597703887,0.0,0.0,0.13101589494069119,0.041380791102338145,0.10276712068528356,0.0,0.0,0.3152491180881152,0.29868978349554426
195,1,BABA,20261106,196,0.1557625829280121,0.16158210600561926,0.15891821950763788,0.04297793118133477,0.12594426813487858,0.08084576757464032,0.014665634877239807,0.0,0.0,0.0,0.019402730159781254,0.08175871211922728,0.0,0.0,0.15903690285313915,0.043076808343747185,0.1257739902432957,0.0,0.0,0.18868287416976576,0.20978860323061932
196,1,BABA,20261106,197,0.14723797449380338,0.13532836786865216,0.13361216932199915,0.033161905765414106,0.09593456791951516,0.10318982337765503,0.014753944697378825,0.0,0.0,0.0,0.020015740677176333,0.10437624253071148,0.0,0.0,0.13388944889053095,0.03324879085671587,0.09616582409191742,0.0,0.0,0.2191658915461816,0.21196965990473834
197,1,BABA,20261106,198,0.15662399099433486,0.15180987830424103,0.15042531693526776,0.05356118807356814,0.11427990528785605,0.06462903090573704,0.014612231587123388,0.0,0.0,0.0,0.019540628575324827,0.06592136742001356,0.0,0.0,0.15034823610139814,0.05357089249834937,0.11423114882326599,0.0,0.0,0.16039847345943098,0.14501598470569238
198,1,BABA,20261106,199,0.1583376838046605,0.13378714623010407,0.13301346352539284,0.05290835445769166,0.11790530630462315,0.09970697014279653,0.015004714086700462,0.0,0.0,0.0,0.020577004453233776,0.10159218631167473,0.0,0.0,0.13295081307572623,0.05280947200591255,0.1177835999751622,0.0,0.0,0.2589924667524083,0.2236709116977727
199,1,BABA,20261106,200,0.12408875638999205,0.10900821177954466,0.1080476214384307,0.05632107121870979,0.0937405853764808,0.08133703063746792,0.014341711548623348,0.0,0.0,0.0,0.019543967413894508,0.0831837441117679,0.0,0.0,0.10827630425909049,0.056318372607902525,0.09416085242767619,0.0,0.0,0.2749018768696787,0.24445516449292298
200,1,BABA,20261106,201,0.13691652583545377,0.1441299790785701,0.14306342709876593,0.061207511416085256,0.11967985483455262,0.08476531448095116,0.015206693626917567,0.0,0.0,0.0,0.020494634751839907,0.08727440512636628,0.0,0.0,0.14338696510144608,0.06126758051112308,0.12006481219139431,0.0,0.0,0.3011197886561423,0.23694861650765972
201,1,BABA,20261106,202,0.16591125664137557,0.16562180619596087,0.1635303878050414,0.053183722345577715,0.13366384852187785,0.06825415695845027,0.013507778523379131,0.0,0.0,0.0,0.017915383999753662,0.06974806503671711,0.0,0.0,0.1636226003764646,0.053110851464211385,0.13362771948839391,0.0,0.0,0.2217536179824031,0.15426700117119457
202,1,BABA,20261106,203,0.1361671677005168,0.12368906750834534,0.12282339932989005,0.050584476938001215,0.09970367918457228,0.06861846047830521,0.014174698782749191,0.0,0.0,0.0,0.018634669668908584,0.06902008065692927,0.0,0.0,0.12274383471941418,0.05051537529611674,0.09969701930392874,0.0,0.0,0.15829579362688256,0.1431328363422858
203,1,BABA,20261106,204,0.14865310835821752,0.12034567088696395,0.11920718448955933,0.03578455461048959,0.07677446443142875,0.09281335515926743,0.013959066686232762,0.0,0.0,0.0,0.018068460791891172,0.09409963020329233,0.0,0.0,0.11899513687027914,0.035810865159197396,0.07668401494575987,0.0,0.0,0.20049371699822885,0.16364215866996373
204,1,BABA,20261106,205,0.14863100388587272,0.12028087376845897,0.11880643853192305,0.03718130138927902,0.09098415609395066,0.07790847088647629,0.014542972784221033,0.0,0.0,0.0,0.018597968982430782,0.07947700783994276,0.0,0.0,0.11877072770890697,0.037117354666288474,0.09092564101808337,0.0,0.0,0.22590080727682554,0.20858894510480688
205,1,BABA,20261106,206,0.1577684156322898,0.14317856252830305,0.14169748440273922,0.03723503718224796,0.09453402676143524,0.08968867786475092,0.014585666427243692,0.0,0.0,0.0,0.019874541607589398,0.09043804388342441,0.0,0.0,0.14170026648475184,0.03725461131368251,0.09475796347375391,0.0,0.0,0.1551168914909007,0.1492013103461684
206,1,BABA,20261106,207,0.17784675858268978,0.16782510767099382,0.16633798206262887,0.03945739536293734,0.13201969124482102,0.10785522373809911,0.014246943698390198,0.0,0.0,0.0,0.0192380752403316,0.10999305879135321,0.0,0.0,0.1662972924706976,0.03954679133549997,0.13208028703716815,0.0,0.0,0.15274609195473382,0.1251975517121244
207,1,BABA,20261106,208,0.14968451971311106,0.1596268586203205,0.15768279663683082,0.045588026633016386,0.10614160114041646,0.09077607987815824,0.014174091336301204,0.0,0.0,0.0,0.019457870204392574,0.09201849469465911,0.0,0.0,0.15790301422129704,0.045725964445323654,0.1061017459617607,0.0,0.0,0.22321207907383958,0.24161201083118156
208,1,BABA,20261106,209,0.14948084588188326,0.1303274147900145,0.12915368220413687,0.046163455100731526,0.0923329990833333,0.091164790376141,0.014451999123148365,0.0,0.0,0.0,0.019821013517426937,0.09200204317764857,0.0,0.0,0.12917952143072503,0.04613360325670632,0.09248895442305322,0.0,0.0,0.24026081450774464,0.17152598733105973
209,1,BABA,20261106,210,0.11751423772218055,0.09789798547166928,0.0969283237711442,0.03912491024826289,0.07734848273766705,0.06934682485675023,0.014155675734339955,0.0,0.0,0.0,0.018610005595425937,0.07134842735185891,0.0,0.0,0.09712710256851433,0.039173880161069756,0.07753537937371302,0.0,0.0,0.2531909113860238,0.19839009347487954
210,1,BABA,20261106,211,0.12602047125176646,0.13147579299784592,0.12985773456764396,0.04538692552948681,0.1275230278713212,0.05358577776797718,0.01415214569830809,0.0,0.0,0.0,0.019733047778838653,0.05574948071970587,0.0,0.0,0.1300781595451403,0.04554116927521627,0.12786645584574513,0.0,0.0,0.26382312556223897,0.22639883625383597
211,1,BABA,20261106,212,0.12349844704217686,0.12828229577108682,0.12678093023834924,0.06154678841929484,0.11131500800586346,0.06107341204208792,0.014730370463390763,0.0,0.0,0.0,0.019352156910035823,0.061608071915837344,0.0,0.0,0.1271575540044998,0.06162323574740805,0.11137957605449193,0.0,0.0,0.24589932542255796,0.22490038459491227
212,1,BABA,20261106,213,0.19961476846313206,0.18442305018227825,0.18250462517263152,0.041291194633128026,0.12479822062755208,0.11467424098459962,0.014269695762065335,0.0,0.0,0.0,0.01966219632930486,0.11711189806681724,0.0,0.0,0.1830275994615747,0.041276872311950645,0.12488117944110858,0.0,0.0,0.2746774463650071,0.23607204269912074
213,1,BABA,20261106,214,0.18605141377551843,0.16992573256407206,0.16843763735218314,0.03469596318979743,0.14160544906799674,0.08173019999631699,0.014184850772435854,0.0,0.0,0.0,0.019084730044954045,0.08318038196945948,0.0,0.0,0.16817974748393252,0.03458974579672808,0.14157164379436157,0.0,0.0,0.24542619590685869,0.19179179393112772
214,1,BABA,20261106,215,0.1486631500368521,0.13284353179520023,0.13203516083608874,0.0507685867119886,0.10040387275785811,0.11694888346836539,0.014561264218610707,0.0,0.0,0.0,0.020097686742266297,0.11760246311565384,0.0,0.0,0.13210605331977518,0.050593142258851316,0.10071956584935206,0.0,0.0,0.18140789391989337,0.17547036356912665
215,1,BABA,20261106,216,0.1734492820044667,0.12509965992835928,0.12391860966421987,0.039541407228523125,0.13063798547902672,0.08990976224279508,0.014136106168769372,0.0,0.0,0.0,0.018902697505025955,0.09230013064010985,0.0,0.0,0.12401007445528738,0.03971685866000193,0.13091492005961558,0.0,0.0,0.22047586051790927,0.202214549829141
216,1,BABA,20261106,217,0.06679385654346078,0.08104745633612198,0.0804630167076654,0.05493521895238563,0.09119509459107893,0.04123883405141635,0.013621622446051166,0.0,0.0,0.0,0.017918749985063386,0.04240107969221504,0.0,0.0,0.08030309467793227,0.05476788639492009,0.09107018572194618,0.0,0.0,0.18652459328679843,0.17950619019654152
217,1,BABA,20261106,218,0.13238250321872921,0.11036620952364687,0.10886100797844421,0.0442262055170995,0.09170967796682333,0.0699077413112264,0.015048234810326576,0.0,0.0,0.0,0.019874669124063032,0.0702896604084433,0.0,0.0,0.10940056902974603,0.04445430670110086,0.09211752222810204,0.0,0.0,0.211337232215055,0.18795905941716318
218,1,BABA,20261106,219,0.12893055342506674,0.11339740397148447,0.11222484560490899,0.043141475260877214,0.10764285498688134,0.07910390203314834,0.014808657476937992,0.0,0.0,0.0,0.019854850113371972,0.08023981092991649,0.0,0.0,0.1122530295924636,0.04335670589771936,0.1077545064468112,0.0,0.0,0.2010725052101888,0.1814595114111137
219,1,BABA,20261106,220,0.15853889762802592,0.15179886802270354,0.14999541689770804,0.04630479724527026,0.1169582919581679,0.09410006921255334,0.015438939710639702,0.0,0.0,0.0,0.021183218173163862,0.0952114648997686,0.0,0.0,0.1502024900387316,0.0463148107580954,0.11710521172026365,0.0,0.0,0.2557387184471983,0.21761722646238063
220,1,BABA,20261106,221,0.15284962213771852,0.10752440312193248,0.10572449821220287,0.03250610124602451,0.08597406982214814,0.08043429045605031,0.013576140431232054,0.0,0.0,0.0,0.017772228555863728,0.08236813291490656,0.0,0.0,0.1056199904708507,0.032225514393453586,0.08559458409590388,0.0,0.0,0.19724466490903048,0.19342394187602596
221,1,BABA,20261106,222,0.16632050304859922,0.16473931756744165,0.16125249433522246,0.03808442890185936,0.13427458377919912,0.07578680282906805,0.014237107354246685,0.0,0.0,0.0,0.018955474379763203,0.07716693963592532,0.0,0.0,0.16148169452182676,0.03827239473309205,0.1345661067345049,0.0,0.0,0.2636756763398866,0.18807351409757742
222,1,BABA,20261106,223,0.14619772914930432,0.1247348640741247,0.12343709526816293,0.03843718818426902,0.10277830740458742,0.08841392215290429,0.014183818203066377,0.0,0.0,0.0,0.019341102241819452,0.09085209987062016,0.0,0.0,0.12308051960965535,0.03850487090734914,0.10262356098047556,0.0,0.0,0.29331523637276663,0.2509291511582147
223,1,BABA,20261106,224,0.16337290396561122,0.18069321749336656,0.17869135233711933,0.06063766597731591,0.13586461068868888,0.1111659389118193,0.013941732822355673,0.0,0.0,0.0,0.018737120880019126,0.11308469240742224,0.0,0.0,0.17900074542690816,0.06096920134789692,0.13600103241758277,0.0,0.0,0.2631600817968507,0.20674846037453584
224,1,BABA,20261106,225,0.15278383699354595,0.14242201954515166,0.14113156947776984,0.04599061389468411,0.11082003312613269,0.06219908451540714,0.01414991429063976,0.0,0.0,0.0,0.019471200320899877,0.06413646852440587,0.0,0.0,0.14125180002946502,0.04615432323644306,0.11091666739972345,0.0,0.0,0.2516011823736858,0.20942701081761905
225,1,BABA,20261106,226,0.11646273010271685,0.11381510630465513,0.1128542842422326,0.05576421059596857,0.0876217094977531,0.08515302291579314,0.01410151701998007,0.0,0.0,0.0,0.018993025011109117,0.08583258872990154,0.0,0.0,0.11321813888773381,0.05589756004951933,0.08784933787424826,0.0,0.0,0.27857731716629447,0.2324218689761203
226,1,BABA,20261106,227,0.18588655325025402,0.19220289335375207,0.19005674064130898,0.08012831525683901,0.14607327381985238,0.09209693165288933,0.014200340685375661,0.0,0.0,0.0,0.020004952262646813,0.09437816514467047,0.0,0.0,0.19000596769142958,0.08017140676239749,0.14615056172606747,0.0,0.0,0.26013424688860776,0.2337494968469762
227,1,BABA,20261106,228,0.13114339759202384,0.11879446656266267,0.11760588569089261,0.04699176223690905,0.10293508000900484,0.07965944293554768,0.013767454362558017,0.0,0.0,0.0,0.018472881526540832,0.08123136648959227,0.0,0.0,0.11805524176209214,0.04708901397076422,0.10323118069604072,0.0,0.0,0.2219223782366618,0.201602233936156
228,1,BABA,20261106,229,0.1310107567870765,0.14036713582839422,0.13926527966657584,0.054276946780486425,0.13657723055667903,0.06707099027693371,0.013701844774792346,0.0,0.0,0.0,0.018335153755051462,0.06856033720727184,0.0,0.0,0.13918436116138755,0.05403942249103522,0.13654418935193194,0.0,0.0,0.27701655481520837,0.26779525679254806
229,1,BABA,20261106,230,0.13053331999548906,0.11767062088225949,0.11672008432055693,0.03319866565684477,0.10526688854945858,0.0842322250303333,0.0143636156048775,0.0,0.0,0.0,0.018684198797217635,0.0858181874209774,0.0,0.0,0.11717627860917981,0.03324185070629005,0.10542851043810866,0.0,0.0,0.211493722061815,0.16200189894020853
230,1,BABA,20261106,231,0.10244344787540138,0.09731606244186188,0.09637280500436475,0.05776702343167906,0.09159989130203999,0.07003873549333167,0.014829796229151884,0.0,0.0,0.0,0.020414303190675904,0.07150636758781487,0.0,0.0,0.09640283025797185,0.057817351226661616,0.09170040744764671,0.0,0.0,0.20780272342266196,0.19913783639537352
231,1,BABA,20261106,232,0.1244812668434756,0.10009940467719033,0.09867399094017983,0.04103523296597132,0.09254102699643547,0.07574718831691098,0.014379349428759116,0.0,0.0,0.0,0.019571868375049522,0.07795303825192615,0.0,0.0,0.09840520744802807,0.04097264608854451,0.0924883775414941,0.0,0.0,0.30257609873974,0.2777611630116321
232,1,BABA,20261106,233,0.1396964315057677,0.1315048274112275,0.1305636210237408,0.05353814944414758,0.09858030902909268,0.085266033496182,0.013736586664948043,0.0,0.0,0.0,0.01829850322009938,0.08684735510758766,0.0,0.0,0.13059571642180667,0.05336175305464429,0.0985838261237737,0.0,0.0,0.23776862735606613,0.2267982577235641
233,1,BABA,20261106,234,0.13456170269772932,0.11776170380916538,0.1166840140303241,0.034719213715565675,0.09090989154980228,0.07242746280507441,0.014711134666194961,0.0,0.0,0.0,0.020046266367287655,0.07393677475102972,0.0,0.0,0.11676808032840034,0.03472071906998392,0.09087793182314655,0.0,0.0,0.31069287014483277,0.25243607569765014
234,1,BABA,20261106,235,0.1728282984498128,0.17621103053007534,0.17363592710862893,0.0366241258340328,0.13176877507512696,0.08342908697940825,0.01457027286169629,0.0,0.0,0.0,0.020437206744915823,0.0872628949126885,0.0,0.0,0.1740157820689366,0.036875188336442107,0.1320870504999046,0.0,0.0,0.3142638931213266,0.2577368135585161
235,1,BABA,20261106,236,0.14123407886816358,0.1569994329939432,0.15459583546715036,0.049363006474702556,0.13458585033162163,0.06971191509092897,0.014189595580713013,0.0,0.0,0.0,0.01943241255728614,0.07110360986967788,0.0,0.0,0.15467311275860485,0.049289391707055465,0.1346450802540272,0.0,0.0,0.2895217420747925,0.26298714955499214
236,1,BABA,20261106,237,0.18149670804702275,0.15014235850300556,0.14848487947685737,0.06085845680193928,0.13039670813485754,0.07302906546249904,0.014424581472237966,0.0,0.0,0.0,0.020248980964540766,0.07433628126374203,0.0,0.0,0.14854075436895342,0.06094805324015814,0.13052316971764646,0.0,0.0,0.27646604987881357,0.23203604089411822
237,1,BABA,20261106,238,0.10721516166548481,0.13276883131736775,0.1299401081814406,0.0532207432598133,0.12295097645390192,0.06680228582574677,0.014415905306298687,0.0,0.0,0.0,0.01946381353099375,0.06889281740478473,0.0,0.0,0.13017465617441787,0.053295006333917004,0.12327422612783928,0.0,0.0,0.19837390528508989,0.16720921953060702
238,1,BABA,20261106,239,0.17755210001401056,0.14852162624578277,0.14727673246698922,0.04680570772977283,0.10587052292286965,0.09159270775278816,0.014599379444855237,0.0,0.0,0.0,0.01989666871186113,0.09239951898997024,0.0,0.0,0.14752304128647822,0.046940807497551626,0.10604660879893725,0.0,0.0,0.1555728957974931,0.1485653576232957
239,1,BABA,20261106,240,0.167518457034446,0.1533952680709663,0.15176086598811286,0.04690864765586026,0.11308127648754544,0.0640185367477329,0.01409813707292816,0.0,0.0,0.0,0.018962739243521053,0.06497206556498394,0.0,0.0,0.1516911475150347,0.04695890158005308,0.1129692227828325,0.0,0.0,0.2524408967890315,0.22803482092224348
240,1,BABA,20261106,241,0.1955504537990743,0.1649985826836391,0.16327573297767017,0.04440352330795578,0.09000385987146085,0.1270672907696876,0.01486760394782679,0.0,0.0,0.0,0.020851444847274275,0.1297909493918265,0.0,0.0,0.16357154484942585,0.04437742358827671,0.0898102684147225,0.0,0.0,0.2842183100251681,0.22350412356008492
241,1,BABA,20261106,242,0.13994798820937554,0.14165724526794213,0.14066401011357368,0.03583192355534605,0.10403100699506086,0.08274620322758153,0.014123706678787276,0.0,0.0,0.0,0.018856391374913597,0.08334679948591399,0.0,0.0,0.14069783369457123,0.0357419645534698,0.10421380504494365,0.0,0.0,0.25454041201837646,0.20021206527068902
242,1,BABA,20261106,243,0.16822484327117748,0.1384176024008029,0.13686073416781463,0.045083723351868145,0.09748790684889973,0.08232856121032682,0.013532915515788703,0.0,0.0,0.0,0.017902075478076266,0.08344621965940834,0.0,0.0,0.13719891101744325,0.045179372883776533,0.09802168727305091,0.0,0.0,0.259763884121243,0.20006623154050515
243,1,BABA,20261106,244,0.15811303431883117,0.1616398086055217,0.15958190518872237,0.06266153241439827,0.14196374392970978,0.07625051103249017,0.014791952925574586,0.0,0.0,0.0,0.02019940666466825,0.07743747311047305,0.0,0.0,0.15963568057228536,0.06259556634024671,0.14188954154574068,0.0,0.0,0.24962202191307675,0.2414221227242311
244,1,BABA,20261106,245,0.1425873434719791,0.15242603294661394,0.15081639622388832,0.03245963547811089,0.10608994912197249,0.10852857177194766,0.014676939834025163,0.0,0.0,0.0,0.019574845944897768,0.10974357921484851,0.0,0.0,0.15085400238843144,0.03247977152609269,0.10638143459875053,0.0,0.0,0.15004366211123707,0.17247659873546145
245,1,BABA,20261106,246,0.14263081391076152,0.13802876780735407,0.13700144149581814,0.04385317063096787,0.09680595366306052,0.08107201613265382,0.014318619916190734,0.0,0.0,0.0,0.019102888850587862,0.08161940609860592,0.0,0.0,0.1374026738388416,0.04392864894165614,0.09718908385642017,0.0,0.0,0.23982673215734798,0.1818369610696121
246,1,BABA,20261106,247,0.1307171113912792,0.11081739322800913,0.10994092408100749,0.048448192138692926,0.08859452893405755,0.06236723332167176,0.0157474607940339,0.0,0.0,0.0,0.021467044368362588,0.06305268437160587,0.0,0.0,0.11009801962807632,0.04859005648684387,0.08873748167250693,0.0,0.0,0.23933354175544777,0.2398955005153004
247,1,BABA,20261106,248,0.15778114728248302,0.1497369713186737,0.14727793921082108,0.05614977930785206,0.1152764648683525,0.09473559177869859,0.014283891764785788,0.0,0.0,0.0,0.019351648666195664,0.09840626363175561,0.0,0.0,0.14759966440311953,0.05620264623861837,0.1156076055021563,0.0,0.0,0.28882318568141574,0.22945963299039235
248,1,BABA,20261106,249,0.14435105399968398,0.1297123260880506,0.1287471509110097,0.0348334818162831,0.10402204424821322,0.07547394043936201,0.014880700490110485,0.0,0.0,0.0,0.02042063259756401,0.07591464348051094,0.0,0.0,0.12852000244045336,0.03490062615713156,0.1038050125455727,0.0,0.0,0.29583609851818493,0.24504064490715316
249,1,BABA,20261106,250,0.14021960994330987,0.10396123650373901,0.10251979586802307,0.03987268258060047,0.08612140055743267,0.07980904315699829,0.014902945198197773,0.0,0.0,0.0,0.0201470651075109,0.0813505856335008,0.0,0.0,0.10232455174236837,0.03974795452391917,0.08632426779026978,0.0,0.0,0.30742846045094663,0.27797426023091354
250,1,BABA,20261106,251,0.14766823664258,0.14052188000523314,0.13831342062894275,0.04039379885954541,0.10095151243320917,0.07867854248806647,0.013978111982594733,0.0,0.0,0.0,0.018709523053290877,0.0799342794053969,0.0,0.0,0.13813266979685154,0.040406181948872896,0.10086168376825214,0.0,0.0,0.2279497531800637,0.19671060697279927
251,1,BABA,20261106,252,0.14679984107866026,0.15613231348189555,0.15401585294529785,0.0399058677381358,0.14580763737973326,0.08309892954360047,0.014275369376384146,0.0,0.0,0.0,0.01940424654994321,0.08453387509256072,0.0,0.0,0.15415419347661477,0.03994950645907261,0.1459556497575637,0.0,0.0,0.21640784143089645,0.2135482904142849
252,1,BABA,20261106,253,0.15409811257059225,0.11581201336204924,0.11501925794870013,0.05091226998783376,0.0827355477274866,0.06731586045514414,0.01449175155020392,0.0,0.0,0.0,0.01954098206328596,0.06827126759318064,0.0,0.0,0.1153749651472968,0.05108270445337673,0.08289460693065692,0.0,0.0,0.30663579519273976,0.2561149163605749
253,1,BABA,20261106,254,0.15474479776562847,0.14494317072264484,0.1432320847940143,0.03418546640615854,0.11242753965655367,0.07735192852292117,0.014122492607484792,0.0,0.0,0.0,0.01912831614684089,0.07994694836940898,0.0,0.0,0.14365313132467042,0.03450300026278989,0.11291015257693729,0.0,0.0,0.345748323767469,0.32014056349157927
254,1,BABA,20261106,255,0.17094351298538263,0.14698745668741398,0.14450977408273136,0.06815194122513826,0.13754618745864403,0.07283616151687823,0.01425128073631482,0.0,0.0,0.0,0.018978709711280746,0.07551613948570299,0.0,0.0,0.14437955719409626,0.06844797977811477,0.1375891376391492,0.0,0.0,0.29550416586532235,0.2311776788339757
255,1,BABA,20261106,192,0.1308405850450414,0.11573911968837561,0.11495470115854263,0.03558419286324303,0.12185104870922188,0.07128769113534449,0.014851298351979035,0.0,0.0,0.0,0.01973551945231596,0.07314891591316736,0.0,0.0,0.11481487892454599,0.03553463232849347,0.12193744711211668,0.0,0.0,0.2291411811042717,0.2294197114220417
128,0,ABAB,20261107,129,0.1359259541222833,0.15504706730781176,0.15374673278252043,0.0445861792680942,0.12398521722631382,0.08390206528963245,0.011891946411493447,0.0,0.0,0.0,0.01624178202816347,0.08511995691439292,0.0,0.0,0.15389232162689792,0.04472690963668917,0.12416807757862386,0.0,0.0,0.16333681167802347,0.15190907304603965
129,0,ABAB,20261107,130,0.14294362839838146,0.13836461232397868,0.1369724491970948,0.0450068243269475,0.10074212538681615,0.09803801127081888,0.012171513804797588,0.0,0.0,0.0,0.016336173658365604,0.09902554172188768,0.0,0.0,0.13701460273843266,0.045056269459727794,0.10065444517923235,0.0,0.0,0.2659429226907417,0.22486164350403817
130,0,ABAB,20261107,131,0.11371758119928554,0.09591393961177712,0.0951969452433779,0.029872539072548936,0.09894879625235241,0.07326579706556118,0.012231417293080513,0.0,0.0,0.0,0.01656742220966866,0.07495605969889324,0.0,0.0,0.09569942811219342,0.029972844293727992,0.09942290770598415,0.0,0.0,0.32891589807447463,0.2687172068072266
131,0,ABAB,20261107,132,0.1293089068512746,0.13790063984421397,0.13661399982776584,0.04533010583871724,0.10596674512288648,0.0824754106805003,0.01229892764503467,0.0,0.0,0.0,0.016527236488524832,0.08467657657722258,0.0,0.0,0.13678224490477084,0.04534589045525761,0.10626688087227124,0.0,0.0,0.2470220822492874,0.19959442004076203
132,0,ABAB,20261107,133,0.1735898746691945,0.1795497440456436,0.17788006290791536,0.03775945167170507,0.1257014833087923,0.10662089669989122,0.012832597255440212,0.0,0.0,0.0,0.017983139449131935,0.1080691703518082,0.0,0.0,0.17832564245896992,0.037837725859570216,0.12619918736938868,0.0,0.0,0.2831011403663856,0.2354852178893595
133,0,ABAB,20261107,134,0.1497501060899929,0.12769371025135257,0.1265584374408596,0.056886599615859804,0.10083249121588195,0.06804872837170142,0.013097276879930574,0.0,0.0,0.0,0.017470192033889758,0.06996197497855364,0.0,0.0,0.12700619883055736,0.05701634474434077,0.10109652750343745,0.0,0.0,0.3415785764307195,0.30141824202408823
134,0,ABAB,20261107,135,0.14656122956379058,0.1296200684759632,0.1265569164093069,0.03190293423789503,0.08441373550775069,0.08636712310937097,0.012386708036754845,0.0,0.0,0.0,0.016639525609277617,0.08951931056125315,0.0,0.0,0.12690894058323862,0.03190724359464215,0.08443718137066687,0.0,0.0,0.31368392363301917,0.33583787238365054
135,0,ABAB,20261107,136,0.1856062089550141,0.19520578621935727,0.19218929057231543,0.0374145672566238,0.12679842966250027,0.10630666260112452,0.012680211676079108,0.0,0.0,0.0,0.017840679085673408,0.10935966583844801,0.0,0.0,0.19222467282499536,0.037286308995264035,0.1265716537374124,0.0,0.0,0.2012248257808725,0.17424986540018061
136,0,ABAB,20261107,137,0.12672523519451798,0.14040039558021108,0.13872911287342077,0.033451245571369054,0.12238996176235782,0.07391938459867528,0.012570864888646295,0.0,0.0,0.0,0.016900733634868867,0.07519520727693732,0.0,0.0,0.13783632907562413,0.033357892315950155,0.12147908374811582,0.0,0.0,0.2623687584632908,0.24416585434216906
137,0,ABAB,20261107,138,0.1344024602453567,0.11153665199917634,0.11033789467377987,0.05278718008346665,0.0984672171253572,0.07421367610487273,0.012502174454340506,0.0,0.0,0.0,0.016958978843078554,0.0758128999132521,0.0,0.0,0.110364622134712,0.052785112006076995,0.09882926036960103,0.0,0.0,0.22203306546443577,0.2007545711749923
138,0,ABAB,20261107,139,0.15656728465062603,0.16004614990878496,0.15878652787379757,0.05519504570890878,0.12568979764401253,0.09323472186793016,0.012451090767714322,0.0,0.0,0.0,0.016920494645719018,0.0947387036227473,0.0,0.0,0.1587346798818612,0.05522354437412397,0.12559941079504128,0.0,0.0,0.26329195195292265,0.24528869877619403
139,0,ABAB,20261107,140,0.12167849684168866,0.12276325094473649,0.12165360863546505,0.03798499126617282,0.10888569193162152,0.08500663854444976,0.01257842274434798,0.0,0.0,0.0,0.016854632001606897,0.08672021941201097,0.0,0.0,0.12199951592849963,0.03794274598997585,0.10904336020544227,0.0,0.0,0.19575667404306096,0.21928306192460809
140,0,ABAB,20261107,141,0.1531723348613562,0.14300036821911297,0.1415820942034832,0.03463176677898081,0.0871371696332039,0.08143756270971478,0.012471010022668287,0.0,0.0,0.0,0.016164690353326225,0.08336182159559616,0.0,0.0,0.1416824613569444,0.034756530421849764,0.08726059310841269,0.0,0.0,0.23740320586201485,0.21652036228984087
141,0,ABAB,20261107,142,0.130233907872819,0.1326097829881192,0.13126378617326523,0.04236633619004168,0.10903355717480219,0.079455225666008,0.012874862434173504,0.0,0.0,0.0,0.017866789185461633,0.08073890946595924,0.0,0.0,0.13182015256828644,0.04256467677204632,0.10946854671233826,0.0,0.0,0.2171380509203189,0.18904845120052166
142,0,ABAB,20261107,143,0.1271327628843501,0.09870423319195225,0.0979493272598959,0.04037885548843393,0.08975791815745654,0.1022809514179397,0.013026959007062711,0.0,0.0,0.0,0.01764012337289548,0.1025065362265075,0.0,0.0,0.09797783979051879,0.040350975565349875,0.08959339204854343,0.0,0.0,0.20829985156321237,0.23588700089436085
143,0,ABAB,20261107,144,0.15692299943716717,0.16059806680557234,0.1587479918002267,0.05785908836327807,0.11335574516970108,0.08925800196233383,0.011957088130264451,0.0,0.0,0.0,0.015820539066029617,0.09032779722942345,0.0,0.0,0.15885857498620987,0.05780808342440003,0.11335011261046724,0.0,0.0,0.2186314969383848,0.18957428829470738
144,0,ABAB,20261107,145,0.15550207867444316,0.1505578283067933,0.14934949046981602,0.04305551352060805,0.09471925816608148,0.10486330345073205,0.012860571118804058,0.0,0.0,0.0,0.017925520363551495,0.10566164513183529,0.0,0.0,0.14950878457418193,0.04294071494666968,0.09471055613314756,0.0,0.0,0.22519210748665922,0.23213037766651484
145,0,ABAB,20261107,146,0.11715142145815348,0.11942980897817411,0.11753947886584942,0.043056409280560315,0.10408635199254128,0.07975905345345158,0.012265693486373786,0.0,0.0,0.0,0.01667346971548341,0.0832732311740716,0.0,0.0,0.11817128117439783,0.043273625994464285,0.10451539087660541,0.0,0.0,0.27058607285505343,0.24995219204168045
146,0,ABAB,20261107,147,0.16433682589271015,0.1442145799480464,0.1421976444850556,0.04608035470200239,0.12259709752580132,0.09340390051496038,0.012238251341275878,0.0,0.0,0.0,0.016446882193995326,0.09608851429117542,0.0,0.0,0.14214099247276468,0.04608819981176853,0.12257396176960537,0.0,0.0,0.2785251338756399,0.25697048235444303
147,0,ABAB,20261107,148,0.14718292070872457,0.16941060264708177,0.16635152441529885,0.0390673071893349,0.1134200234527043,0.10532262516442575,0.012281803113637376,0.0,0.0,0.0,0.016183385594319463,0.1080527264546373,0.0,0.0,0.16716723479417137,0.038997895843526476,0.11335344544014032,0.0,0.0,0.1991507885641435,0.20145195960683093
148,0,ABAB,20261107,149,0.14231135253885047,0.13651608531956225,0.13551940106333302,0.05007443471256143,0.08384828532697738,0.10295461229535498,0.01262607112534471,0.0,0.0,0.0,0.017134466870752055,0.10473714671425768,0.0,0.0,0.1354723733868516,0.04997057182491011,0.08359481475058578,0.0,0.0,0.18800507206899722,0.18160643091258927
149,0,ABAB,20261107,150,0.1346254893910231,0.1483937647372015,0.14690820594497972,0.061742646690048475,0.1346217819069569,0.09100561064103824,0.012700385469790897,0.0,0.0,0.0,0.017794181014244098,0.09363693553922389,0.0,0.0,0.1469332344710445,0.061809415118105386,0.13462643191533066,0.0,0.0,0.20304369214298532,0.21012489063436274
150,0,ABAB,20261107,151,0.16683433786339363,0.17903597464994014,0.1765461651691927,0.06100872479503574,0.1378094323251841,0.08202175273694019,0.011990279198567166,0.0,0.0,0.0,0.016508427695274767,0.0866672041189692,0.0,0.0,0.17668415626620973,0.06111706293635802,0.1380379292123685,0.0,0.0,0.2939912321709872,0.26296106908176325
151,0,ABAB,20261107,152,0.12205483546276046,0.10499661436450843,0.1040850128044403,0.04250045964143963,0.09400205087789101,0.08341830378347302,0.012466232478403385,0.0,0.0,0.0,0.01641663636220917,0.08413441456911694,0.0,0.0,0.1041525304873153,0.04246579803647439,0.09379208065878727,0.0,0.0,0.19379091337782206,0.1937004438701139
152,0,ABAB,20261107,153,0.11609740069912061,0.10071618522142725,0.09952905918493096,0.05997023496151296,0.10066731860669406,0.09031047779690939,0.012399348815758526,0.0,0.0,0.0,0.016876299222652134,0.09269830016102858,0.0,0.0,0.0995377451579318,0.060240261303465596,0.1012886958987431,0.0,0.0,0.29031653217935527,0.2856356091108573
153,0,ABAB,20261107,154,0.18234801645308796,0.16188889787478739,0.15984577437907424,0.03829902065678646,0.1260628918224137,0.10193634765759343,0.012042172093921754,0.0,0.0,0.0,0.016117745496913007,0.10374122601500368,0.0,0.0,0.16028427123803524,0.03828760593161603,0.1261490422517665,0.0,0.0,0.2851271639809376,0.2048333875369245
154,0,ABAB,20261107,155,0.14039231051870185,0.14379720158232426,0.14241428143492216,0.05677466338420137,0.11192599699039102,0.09118840218203544,0.01276871548975782,0.0,0.0,0.0,0.017693457886330505,0.09198265428226225,0.0,0.0,0.14278318489111225,0.05729805342915447,0.11214490645408635,0.0,0.0,0.21236577849350488,0.21693774426510667
155,0,ABAB,20261107,156,0.10982416727644463,0.11339838218864698,0.11199821673201987,0.05555201131248032,0.0738147237545457,0.07655994361955448,0.012666130391359057,0.0,0.0,0.0,0.01712669583351778,0.07795711212354758,0.0,0.0,0.11208493285195231,0.055723428253859744,0.07393708900929762,0.0,0.0,0.24385081568124298,0.2097417576972967
156,0,ABAB,20261107,157,0.1663497363961557,0.1649487737155705,0.16383743483094185,0.0448389214857145,0.1530349441573723,0.09532303701019902,0.012356192519398247,0.0,0.0,0.0,0.016875762264547282,0.09770949973425301,0.0,0.0,0.1639806204001275,0.04496633949528326,0.15336196898692528,0.0,0.0,0.2961627260514627,0.24623998822158502
157,0,ABAB,20261107,158,0.15138734794755815,0.12218640473339058,0.12079823668719503,0.03699164446971586,0.11602287189030132,0.09372276586063828,0.012481646696433693,0.0,0.0,0.0,0.016805631850213765,0.09608193900772785,0.0,0.0,0.12025271543854876,0.03686729517115769,0.11580750366715516,0.0,0.0,0.2876037830669956,0.23121878404037613
158,0,ABAB,20261107,159,0.16005663772613926,0.1474199151667547,0.14455401398000117,0.041740285397538976,0.10990282121228544,0.07102323227389193,0.012803395640113907,0.0,0.0,0.0,0.017639190650871307,0.0721823922732322,0.0,0.0,0.1453826688073416,0.04184049942250414,0.11068597421632552,0.0,0.0,0.3568376682733275,0.3202260566194313
159,0,ABAB,20261107,160,0.1441323949838752,0.14720153419429535,0.14554893542340488,0.050220109383509674,0.11114277778790704,0.0784879740876839,0.013444953503317862,0.0,0.0,0.0,0.01964035008489918,0.08068439923566033,0.0,0.0,0.14583190826839748,0.05007771992745771,0.11135930385190435,0.0,0.0,0.31279549086915337,0.2862510430017467
160,0,ABAB,20261107,161,0.12891256714119181,0.11919719340948119,0.11762044081462517,0.04032389647656598,0.08171391861969547,0.07294229375518356,0.012283968046445408,0.0,0.0,0.0,0.0164373152284281,0.0753474119942235,0.0,0.0,0.11758770855675008,0.04027225451882111,0.08140360718529163,0.0,0.0,0.2957049649706591,0.27800658067093315
161,0,ABAB,20261107,162,0.15967493260188498,0.1481263100626474,0.14713602311757892,0.05986048038596878,0.10738487955617872,0.0653401125640471,0.012727738043574367,0.0,0.0,0.0,0.017094584712327353,0.0664212206645102,0.0,0.0,0.14685927019767184,0.059851210099659206,0.10723038094816927,0.0,0.0,0.305181341983645,0.2910296105266861
162,0,ABAB,20261107,163,0.190919258385276,0.19520082107121495,0.19146515080994425,0.04670387328521403,0.11835842802708518,0.11780774078929275,0.012455353778168551,0.0,0.0,0.0,0.016842953252599865,0.12047961702577924,0.0,0.0,0.19153287603269525,0.046683598964027566,0.11829568877376938,0.0,0.0,0.2655511288129968,0.24766348876706784
163,0,ABAB,20261107,164,0.12650080221703774,0.14945667746000382,0.14789616363643543,0.06683608374451631,0.14007656145265987,0.07321344456542277,0.012686133118485222,0.0,0.0,0.0,0.017083101814582106,0.07429725856682304,0.0,0.0,0.1477515475529747,0.06688179720378738,0.1399139108570216,0.0,0.0,0.2068542054211122,0.1884631414408273
164,0,ABAB,20261107,165,0.13777417471413822,0.16946103659724487,0.1668344589066981,0.04897537865974595,0.11476113802960891,0.10631223764714054,0.012475772313420605,0.0,0.0,0.0,0.017396232770607277,0.10973853664417631,0.0,0.0,0.16736273163297474,0.049148162723898804,0.1151428314683554,0.0,0.0,0.32954950541082945,0.2942050672467464
165,0,ABAB,20261107,166,0.1668006374651289,0.19282851859380643,0.189567439961774,0.04789978287964168,0.16927303200727678,0.07416718481935236,0.012411618883793862,0.0,0.0,0.0,0.016501549326295932,0.0769005704217212,0.0,0.0,0.18988375792935558,0.04796885602297465,0.16963747089166728,0.0,0.0,0.2836456483924761,0.24600599766476375
166,0,ABAB,20261107,167,0.17376158530777702,0.1677862424049041,0.1662129446507646,0.049657033637481404,0.12867106044952673,0.10960652744493715,0.012262070170105149,0.0,0.0,0.0,0.017348507535674882,0.11302159124592354,0.0,0.0,0.1659878958006553,0.04966621585943941,0.1286336746532225,0.0,0.0,0.2881050560589398,0.2653203185726068
167,0,ABAB,20261107,168,0.12346148369709443,0.12326296015209787,0.12086929394900796,0.042605244501707995,0.10377971016401938,0.08188942560710485,0.012031549659547575,0.0,0.0,0.0,0.015676319613259146,0.08573594224101957,0.0,0.0,0.12156280306852915,0.042959978501217876,0.10439649906258085,0.0,0.0,0.3562708439853558,0.30663761760051117
168,0,ABAB,20261107,169,0.15715970304202143,0.15722587454178977,0.1557606702874885,0.057957150060043885,0.10978769863570392,0.08389722143310765,0.01201321570685526,0.0,0.0,0.0,0.016547754390348855,0.08540771647204455,0.0,0.0,0.15607250260607686,0.0580265217227466,0.10995624786125502,0.0,0.0,0.27639162373826914,0.23207579739180192
169,0,ABAB,20261107,170,0.16882139620138154,0.16445157236968214,0.1625590860828461,0.04168526881107773,0.09518630842333647,0.10009093194965131,0.012191452891860105,0.0,0.0,0.0,0.01671940591321681,0.10200242052052753,0.0,0.0,0.16310984778948948,0.041784382692357416,0.0957229680179708,0.0,0.0,0.3031305699130842,0.2933074595160444
170,0,ABAB,20261107,171,0.16521554423610185,0.18108173280265147,0.17812831990668154,0.07069338540162949,0.1266218489657101,0.0911137614177403,0.012520174574369818,0.0,0.0,0.0,0.017124233381679836,0.09341618168481972,0.0,0.0,0.17839997226428086,0.07093979392231632,0.1269581496103259,0.0,0.0,0.27949566662874303,0.2787288194563109
171,0,ABAB,20261107,172,0.1636766463317569,0.16324379009085352,0.1611984669122806,0.06378946768119594,0.13856830238846932,0.08395565457045892,0.0125058403733868,0.0,0.0,0.0,0.017400760525812384,0.08699112349242175,0.0,0.0,0.16103126606663098,0.06370475135746552,0.1386093766030241,0.0,0.0,0.28336629556549214,0.2892117339128559
172,0,ABAB,20261107,173,0.14030602483988638,0.13900626565810048,0.13814231196167964,0.05485475798834799,0.12120363840963197,0.08456376843779352,0.012399513535507434,0.0,0.0,0.0,0.016768803562613135,0.08565947612195911,0.0,0.0,0.13841201181400753,0.05490014159986125,0.12138724684662873,0.0,0.0,0.2832189266911975,0.29556094160818347
173,0,ABAB,20261107,174,0.17488834145051113,0.1367994284836072,0.13548068459814236,0.03292686591532115,0.10178338368772868,0.08579788330020703,0.012974544040710464,0.0,0.0,0.0,0.01762236575627064,0.08841917697718774,0.0,0.0,0.13560030753230193,0.03294091441395235,0.10182117193466503,0.0,0.0,0.21594004139249895,0.21646433184535868
174,0,ABAB,20261107,175,0.12616218914459756,0.10816395806144094,0.1075885692883308,0.036066496193080465,0.07801941414341554,0.08641417321443999,0.013397837265022677,0.0,0.0,0.0,0.01814088065293557,0.0876840582051016,0.0,0.0,0.10758496646670182,0.03636913550565022,0.07823315691397116,0.0,0.0,0.22147442835627404,0.22717729983360252
175,0,ABAB,20261107,176,0.13193894880810209,0.14254304904377713,0.13908615492103957,0.05324965221397444,0.10198269401001903,0.06960245121299655,0.012040184409662584,0.0,0.0,0.0,0.0167381288227933,0.07126824723435084,0.0,0.0,0.1392620827529612,0.053459838022429824,0.10229092311399395,0.0,0.0,0.24126100842243725,0.21677786455744694
176,0,ABAB,20261107,177,0.1633665451572176,0.1382077001505989,0.1370374958802641,0.045119777822453126,0.10305686576054773,0.10009876234904817,0.011913982421537893,0.0,0.0,0.0,0.015554005949813456,0.10203584042578671,0.0,0.0,0.1372877726475591,0.04502807144616617,0.10303624505863222,0.0,0.0,0.1812641122668604,0.19554062179766232
177,0,ABAB,20261107,178,0.09861364262958602,0.10358328410921215,0.10183997245622081,0.049092550239707856,0.10192251411360063,0.06715814563384097,0.012488843452372403,0.0,0.0,0.0,0.016318182698835098,0.06791105603185603,0.0,0.0,0.10196375989594582,0.049165677125155724,0.10201890918527654,0.0,0.0,0.2119438804309457,0.18283408155337355
178,0,ABAB,20261107,179,0.14382433181451132,0.1633027394410245,0.16172553804613565,0.02996443092455239,0.12073861513740691,0.07325350981428103,0.012674827591261548,0.0,0.0,0.0,0.016849627211846123,0.07454342537758252,0.0,0.0,0.16135534609147462,0.029956061632758945,0.12040899069410207,0.0,0.0,0.2535700273591184,0.23444327125633865
179,0,ABAB,20261107,180,0.151002962718218,0.11964797825132896,0.11847192846373716,0.0489085162938877,0.08870725225658431,0.08305358872598015,0.012552384971012565,0.0,0.0,0.0,0.017418077216475262,0.08489159000237974,0.0,0.0,0.11835993733870868,0.0489457502617361,0.08854373650316345,0.0,0.0,0.1931371135835435,0.218127794549722
180,0,ABAB,20261107,181,0.1762363999159781,0.14891255727833913,0.14683242249524725,0.0467013043110005,0.09394270164788966,0.10504639172728758,0.01292910291963469,0.0,0.0,0.0,0.017938248891556437,0.10624422810717839,0.0,0.0,0.1472094572664214,0.04678008151139665,0.09441105956120459,0.0,0.0,0.2891270438877705,0.2730663285748919
181,0,ABAB,20261107,182,0.16278719960767538,0.14322662981751658,0.14177151183875858,0.03467215292237508,0.09966745194724407,0.08218333392866901,0.012230143038617905,0.0,0.0,0.0,0.016967445487202013,0.08533555939413973,0.0,0.0,0.1419592362093334,0.03471527575409777,0.0995375400806074,0.0,0.0,0.22932018112013852,0.22955790599871298
182,0,ABAB,20261107,183,0.15267740942738942,0.14961949198650795,0.1481438791665023,0.0415498148017623,0.12227532242656702,0.08518678611812734,0.012985890856336056,0.0,0.0,0.0,0.017495555940138383,0.0865432487455673,0.0,0.0,0.14838717264614285,0.041560953478874306,0.12269959388767485,0.0,0.0,0.18941985354875318,0.19912549123508613
183,0,ABAB,20261107,184,0.14163313023910326,0.13554612871630067,0.13220871885848956,0.03530187708526908,0.11378874703170605,0.07989535608795562,0.012405502331699233,0.0,0.0,0.0,0.016092881509773036,0.08110692061002944,0.0,0.0,0.13310684926659364,0.03527682582629846,0.11406543970300134,0.0,0.0,0.2242664782990938,0.23834785618931115
184,0,ABAB,20261107,185,0.18975407945024048,0.19740509317306532,0.1950061978167967,0.04972393480715633,0.15098283299845686,0.10419803530633322,0.012750964219596112,0.0,0.0,0.0,0.017972074059454224,0.10825993875455117,0.0,0.0,0.19561262581954564,0.05005656309304395,0.15164818051292556,0.0,0.0,0.3376567276066686,0.31522679016284133
185,0,ABAB,20261107,186,0.16614161216513085,0.13944317616797586,0.13686025565716417,0.042987419932628036,0.11122679448879702,0.07699230451991726,0.011711322918959207,0.0,0.0,0.0,0.015775535446789536,0.07932435038416405,0.0,0.0,0.13720475225513074,0.04346053913610872,0.11154528283961399,0.0,0.0,0.3156893548154033,0.29183005427112313
186,0,ABAB,20261107,187,0.12054971279734325,0.12625138757477397,0.12481769862404243,0.04504728994822663,0.10167102845239932,0.07449414567178285,0.012383723485280225,0.0,0.0,0.0,0.01653128441948343,0.07623175465213343,0.0,0.0,0.12468349563820887,0.045052639472426714,0.10145682535614078,0.0,0.0,0.36257833698678515,0.31743784130324054
187,0,ABAB,20261107,188,0.16564892481441976,0.15125954387630902,0.14970020578765966,0.04138383862801295,0.11068208064340339,0.08587449682096697,0.012428499057999075,0.0,0.0,0.0,0.017248427805217115,0.08935893610077043,0.0,0.0,0.15015631135453367,0.04160902303262375,0.11111475395627785,0.0,0.0,0.26015321952640075,0.23291999306065275
188,0,ABAB,20261107,189,0.17358765242815943,0.1560039478492175,0.15420588235746038,0.038272549460999256,0.10050254388825397,0.08140165258514133,0.012581238226312269,0.0,0.0,0.0,0.0172346946274487,0.0839036905437599,0.0,0.0,0.154735311871694,0.03833996328068681,0.10055140480747551,0.0,0.0,0.23033010379389243,0.23652124208685937
189,0,ABAB,20261107,190,0.1520882908857473,0.14348029233486634,0.14208054159968103,0.03379597455925555,0.0946911561702646,0.09749560608428007,0.012425461267433605,0.0,0.0,0.0,0.0165431499318503,0.09856195980706858,0.0,0.0,0.14248751918822555,0.03385749175373536,0.09492280857644385,0.0,0.0,0.19287052781204642,0.1792564744121703
190,0,ABAB,20261107,191,0.16488475949916054,0.15640109430273724,0.15389643233543096,0.03225014693846395,0.10740389999386857,0.08571797009354,0.012255953557632334,0.0,0.0,0.0,0.016390777327293975,0.08726077978403105,0.0,0.0,0.15448061513250907,0.03225017193222963,0.10769191715585208,0.0,0.0,0.2738337287596637,0.26933299971279767
191,0,ABAB,20261107,128,0.12198169595476346,0.11567011907716462,0.11446017811640037,0.04842894197467674,0.10328302101810714,0.058998482870440135,0.012304370523782098,0.0,0.0,0.0,0.016078251318735783,0.05964744613639072,0.0,0.0,0.11454889179322612,0.04847384899077535,0.10362728977124679,0.0,0.0,0.21579542074810262,0.20297388150023157
192,1,BABA,20261107,193,0.13749652755251718,0.11993338987697649,0.11898890527654263,0.05155218299514615,0.09546023587916326,0.09555801475819711,0.012267601598364052,0.0,0.0,0.0,0.01704378014252427,0.09816958025291793,0.0,0.0,0.1189248054796655,0.05161258781771087,0.09550549109611875,0.0,0.0,0.2861800466810205,0.24334228331886504
193,1,BABA,20261107,194,0.17021444494419183,0.13813824259981985,0.13630995962379697,0.050659466296674095,0.10240604796619875,0.10984975297938207,0.011734138743110316,0.0,0.0,0.0,0.01652057641942817,0.11206125515859594,0.0,0.0,0.13627315389429803,0.0507675175375948,0.10247989697902726,0.0,0.0,0.19248531727510693,0.1951954588552785
194,1,BABA,20261107,195,0.15455973411199053,0.13726793499856357,0.13595630505363515,0.04186746380185609,0.1041791544845272,0.07927359639704809,0.012114474257473255,0.0,0.0,0.0,0.016861669975853467,0.08100508313536071,0.0,0.0,0.13645667721270632,0.04216082033168158,0.10486732715620055,0.0,0.0,0.284941290836263,0.3240786493701749
195,1,BABA,20261107,196,0.13251499094698002,0.13723507823514217,0.13596960889537618,0.043657433168373554,0.0999161492384666,0.07908286306615485,0.011756791544478423,0.0,0.0,0.0,0.015799480915098016,0.0810949446545915,0.0,0.0,0.13639362243046627,0.04369458409911228,0.10033097201115458,0.0,0.0,0.25896105287975196,0.22150468786391184
196,1,BABA,20261107,197,0.1447583477058431,0.16172434515723214,0.1603001967347544,0.04454615097836909,0.11346490021904655,0.08941640915523409,0.011828028032351248,0.0,0.0,0.0,0.016454948756280906,0.090361381960389,0.0,0.0,0.16057912355979168,0.04446569204272512,0.11348682578328405,0.0,0.0,0.19008015991528254,0.18398283685024452
197,1,BABA,20261107,198,0.17216640827692226,0.12706196500776842,0.12600632023427907,0.04532838983083239,0.0959181338727127,0.07532515407414778,0.011132330800797575,0.0,0.0,0.0,0.014931855600086495,0.07853593838613272,0.0,0.0,0.12675667881581357,0.0454981228477933,0.09638334664246354,0.0,0.0,0.1919446587150401,0.17043207093852564
198,1,BABA,20261107,199,0.13149130233840564,0.10984764232831813,0.10777381252876184,0.056750432340326014,0.08521663758150495,0.08240083934284798,0.01090339691339565,0.0,0.0,0.0,0.014441882198343296,0.08412036493831238,0.0,0.0,0.10814591348844817,0.0566895451788262,0.08570978616841769,0.0,0.0,0.23687102789299852,0.2328357342744979
199,1,BABA,20261107,200,0.15454321070839988,0.14722846025010083,0.14540702351946602,0.059145138018315,0.11627086618576005,0.0925226855201317,0.012070134186806655,0.0,0.0,0.0,0.016860013337165358,0.09503098542340462,0.0,0.0,0.14572506445521413,0.059028223401020485,0.1163910270533414,0.0,0.0,0.21429302644063097,0.22593170226692913
200,1,BABA,20261107,201,0.14270538435621538,0.131585978646674,0.1300003657601405,0.04240773921685018,0.10045794967162297,0.07161320247843975,0.011775567802666441,0.0,0.0,0.0,0.015859513780758405,0.07312571612015009,0.0,0.0,0.12994139311480168,0.04245533011264782,0.10055466517343772,0.0,0.0,0.2569060564731873,0.24065263866200856
201,1,BABA,20261107,202,0.09414327492855361,0.08791768781455654,0.08752224031136989,0.0619985475805818,0.09226308179630627,0.07985124114887676,0.01203477553817366,0.0,0.0,0.0,0.01662055891964773,0.08083072393630426,0.0,0.0,0.08756944999800255,0.06200231606639571,0.09244619024417185,0.0,0.0,0.23847363080527031,0.2069128559790914
202,1,BABA,20261107,203,0.15029016054106115,0.12911718495090496,0.12781065424795887,0.06015589668743892,0.08008503656247574,0.08882766742733075,0.011910060644423544,0.0,0.0,0.0,0.016585886546566033,0.08992678338574897,0.0,0.0,0.12753440134773683,0.060310293482941396,0.08029218352112262,0.0,0.0,0.2810763415964098,0.26185732157679203
203,1,BABA,20261107,204,0.1480958696728142,0.16093910175681067,0.15850229547435574,0.048153860438389824,0.1241395881748102,0.08727772125525761,0.01232998227885747,0.0,0.0,0.0,0.01764040873242059,0.0894554229312966,0.0,0.0,0.15851679097181717,0.048203855119516706,0.12420488222819871,0.0,0.0,0.22935104752566574,0.23454371814285538
204,1,BABA,20261107,205,0.16384149223893404,0.16902196557583263,0.16658765987623925,0.03452167743261421,0.14014632474949754,0.07727439433619473,0.011275835036182567,0.0,0.0,0.0,0.015410956630119162,0.07980563229828981,0.0,0.0,0.16729173553374868,0.034785589382100454,0.1407502768672589,0.0,0.0,0.26633517217172414,0.21393614923319118
205,1,BABA,20261107,206,0.10328350995482695,0.12533080773072006,0.12406446538236997,0.0434805845857627,0.11521231776073872,0.08951597279010433,0.011508431275711767,0.0,0.0,0.0,0.015462617464584338,0.09060831844817929,0.0,0.0,0.12386205501737048,0.04348101014048897,0.11523992319848499,0.0,0.0,0.19572967124070717,0.1780065251412159
206,1,BABA,20261107,207,0.18595045994755752,0.17311524367278036,0.17093343858101878,0.04579474664157882,0.10696402256609645,0.09842087221260745,0.011768054593566278,0.0,0.0,0.0,0.016233560206988566,0.10118087786208203,0.0,0.0,0.17106333303087498,0.04588511489602978,0.10705584373472966,0.0,0.0,0.19969658055315972,0.17515979193440137
207,1,BABA,20261107,208,0.14025369606856072,0.17907633755957156,0.1768575905963317,0.03999368027371074,0.14879979195142892,0.07833454992251333,0.011244826407445101,0.0,0.0,0.0,0.015771494414035258,0.07970150960789157,0.0,0.0,0.17681702284282216,0.040077097163902196,0.14918193201143656,0.0,0.0,0.23619562401809704,0.21587053690824456
208,1,BABA,20261107,209,0.16824746139817578,0.1604557234590023,0.15863573641956893,0.04023192775092439,0.1003000976624855,0.07950538205035737,0.011275123851591642,0.0,0.0,0.0,0.015554957357102698,0.08194329137244345,0.0,0.0,0.15936776195628644,0.04029802050225134,0.10077591605962125,0.0,0.0,0.2794073181604882,0.2687708491640034
209,1,BABA,20261107,210,0.14318842564894899,0.14852883774073447,0.1473300916088912,0.03547904608911716,0.12918722124580378,0.08562829103872344,0.01089398794401798,0.0,0.0,0.0,0.014939573710110609,0.08699969100154134,0.0,0.0,0.14747380195797352,0.03564685804068793,0.12930771290397164,0.0,0.0,0.2148244285742041,0.20409086788288971
210,1,BABA,20261107,211,0.15560523515185137,0.14742373558006538,0.14332931343949426,0.03141974872811834,0.13078841800319957,0.08160418257353769,0.011380184527825347,0.0,0.0,0.0,0.014710632559833195,0.08221243614246622,0.0,0.0,0.14390558755755226,0.03150378267816926,0.1312576806768718,0.0,0.0,0.24675441588911912,0.23182898747987699
211,1,BABA,20261107,212,0.11431763408284787,0.11951834437175356,0.11703935492601411,0.031686865861624884,0.1112252040345216,0.06459750314677172,0.011503414764982279,0.0,0.0,0.0,0.015234893956886784,0.06514386031971388,0.0,0.0,0.1175254448180074,0.031707993461970944,0.11167577690670288,0.0,0.0,0.20367396281964625,0.22562549091103695
212,1,BABA,20261107,213,0.19228698470566574,0.1790585275954925,0.17624551844045344,0.04081554019952303,0.11804327586061156,0.0884189569404261,0.011280912908994118,0.0,0.0,0.0,0.015135927795144537,0.09122314380995648,0.0,0.0,0.17647067123474874,0.04095481854223352,0.11837498562049954,0.0,0.0,0.3148071950199682,0.3284743199775207
213,1,BABA,20261107,214,0.12702205769407693,0.1063440685343084,0.10552830868389869,0.0406931909047252,0.10133623514150336,0.07970937048014519,0.011502537911956748,0.0,0.0,0.0,0.015906952997631167,0.08054075164914008,0.0,0.0,0.10559937472680413,0.040471127931636826,0.10160748690227789,0.0,0.0,0.2101228348148584,0.20406332817128786
214,1,BABA,20261107,215,0.2263574174795837,0.18789971363517374,0.18606787651033885,0.05080446020035858,0.14665408184131973,0.10584352455756839,0.011182815842990933,0.0,0.0,0.0,0.015517088972371283,0.10794120221233613,0.0,0.0,0.1859971469839396,0.05099694059595928,0.14647910863812194,0.0,0.0,0.271346763851984,0.2642180748519043
215,1,BABA,20261107,216,0.17605608232702658,0.142447332024464,0.13998210476137393,0.042870198164710396,0.09836782967665565,0.09669649087798851,0.011853124188877812,0.0,0.0,0.0,0.01648052048696124,0.0997636605087555,0.0,0.0,0.14049490405401957,0.04300769771540404,0.09894493979765473,0.0,0.0,0.3458395000924195,0.3055175365720862
216,1,BABA,20261107,217,0.11194085062834146,0.11180661244412482,0.11043887763671546,0.04708169948304705,0.08375746279392302,0.06844906837308139,0.011476238688462372,0.0,0.0,0.0,0.01506190747314886,0.06993160663985723,0.0,0.0,0.11057651628193474,0.04700387001201829,0.0839062086899602,0.0,0.0,0.3778862179884656,0.32155301913520123
217,1,BABA,20261107,218,0.18824917316722203,0.1610465629828586,0.15855999623665623,0.04748664816468792,0.113056045138565,0.1063623578187724,0.011724386124822446,0.0,0.0,0.0,0.016254911613045146,0.11185311906331086,0.0,0.0,0.15993041562724947,0.04754364051266231,0.11386476252887688,0.0,0.0,0.279114864111645,0.274826784967301
218,1,BABA,20261107,219,0.16568011052116685,0.1571520909733326,0.1546619709718317,0.041049746238698136,0.10704356457966162,0.0900423024122801,0.012010208738133795,0.0,0.0,0.0,0.01625562217103849,0.09148955205918431,0.0,0.0,0.1550655784637048,0.041251339847318186,0.10752296460493702,0.0,0.0,0.24076415372028018,0.23448845806922988
219,1,BABA,20261107,220,0.1449076595911439,0.12647380942869693,0.12488013310134248,0.04091602029701701,0.12230296305768197,0.0821672973379957,0.011068445540207502,0.0,0.0,0.0,0.014943115549450249,0.0836673402271005,0.0,0.0,0.12485069673607417,0.04092348971180086,0.12268430234001151,0.0,0.0,0.22038801764585383,0.19296780775643177
220,1,BABA,20261107,221,0.12344089325282755,0.1225593296559523,0.12150372791695645,0.03736185977566693,0.09068422027453424,0.07348775514624017,0.011465101268646631,0.0,0.0,0.0,0.015216193475603084,0.07490311378007729,0.0,0.0,0.12148796307037345,0.03746120363374447,0.09061216802292461,0.0,0.0,0.276042234199783,0.24206030379052304
221,1,BABA,20261107,222,0.1225548127821277,0.12314080254773221,0.12123852855967361,0.04771850542527601,0.10514653451208258,0.0941646329137253,0.011285311092341736,0.0,0.0,0.0,0.015074911680072335,0.09661850035051613,0.0,0.0,0.1219279280185921,0.04773399396688378,0.1056681166054122,0.0,0.0,0.21357183639501234,0.22115205019193745
222,1,BABA,20261107,223,0.14821582110118314,0.16466494400318876,0.16285908859685228,0.04786495782626087,0.14059499653162674,0.07558228643405612,0.011560127287834844,0.0,0.0,0.0,0.01577356276699399,0.07639338556608051,0.0,0.0,0.16302801718519738,0.0478874651633178,0.14070005309458775,0.0,0.0,0.253474343214839,0.243670700790321
223,1,BABA,20261107,224,0.15189639014624617,0.1502788011602454,0.1488288037706473,0.048428565375108056,0.11801616176566225,0.09985433008584454,0.011590183795586932,0.0,0.0,0.0,0.016133726841111914,0.10237603791575658,0.0,0.0,0.14870578298838866,0.04834227587728753,0.1178197207173844,0.0,0.0,0.29948780382773316,0.279847165121633
224,1,BABA,20261107,225,0.1347378713814553,0.12978649658303135,0.12837811413161226,0.04301653787285646,0.10525744583617172,0.07646140900185779,0.01132963088394156,0.0,0.0,0.0,0.015392919885549973,0.07851962985426948,0.0,0.0,0.1287374279556921,0.043170887798189735,0.10562433322354255,0.0,0.0,0.23726936532097934,0.2382909379943073
225,1,BABA,20261107,226,0.12455601565485648,0.10834062770702589,0.10726333926802922,0.031037100646054798,0.08671490780822325,0.07624811288569479,0.011735381110585395,0.0,0.0,0.0,0.015407305334191958,0.07722340663377893,0.0,0.0,0.10822385449137518,0.03132355233068065,0.08793083764165255,0.0,0.0,0.24396349229048198,0.21230319276335585
226,1,BABA,20261107,227,0.15575280833749414,0.13826959878492054,0.13686126297067774,0.05049005252210934,0.08203162391682375,0.08870008055952666,0.011096980994964848,0.0,0.0,0.0,0.014805714986539688,0.08988307762414124,0.0,0.0,0.13709594391423197,0.05038495579656009,0.08211216530737789,0.0,0.0,0.2373679396220343,0.2260277545493961
227,1,BABA,20261107,228,0.10727663420385518,0.12371278156626493,0.12220006655970886,0.030355155255990984,0.12228449848488052,0.07287419176870148,0.012178037772772843,0.0,0.0,0.0,0.016648549435409384,0.07383264057999078,0.0,0.0,0.12270336356082542,0.030478461938757292,0.12279174116601355,0.0,0.0,0.23537988576329785,0.22701211129853513
228,1,BABA,20261107,229,0.1113059314927913,0.11778285049096435,0.11666580021360588,0.04164201709795707,0.08248380206145056,0.0762113306130768,0.011871831466151086,0.0,0.0,0.0,0.016496404033519586,0.07777360435852357,0.0,0.0,0.11639659297523178,0.04161942627341692,0.08259059567622248,0.0,0.0,0.2584989910216603,0.2776792401126943
229,1,BABA,20261107,230,0.15259790489732425,0.12631535480781197,0.12480211941604125,0.02506526932068157,0.08018476311205221,0.07029648600523479,0.012278935062566821,0.0,0.0,0.0,0.016947850372403667,0.07090777952176343,0.0,0.0,0.12517878552916753,0.025022864602288378,0.08026642248404353,0.0,0.0,0.2720595166498994,0.25980085663164887
230,1,BABA,20261107,231,0.15664167002747656,0.14508248205618965,0.14346118337123626,0.0634758264103614,0.1101336813784452,0.07559739913654473,0.012017039715810014,0.0,0.0,0.0,0.01639394318676138,0.07705972647418932,0.0,0.0,0.14349157097539278,0.06352172312128258,0.11010968447970838,0.0,0.0,0.3168908652071766,0.3177535733787986
231,1,BABA,20261107,232,0.12053034595218005,0.12621296778779345,0.12517679990155375,0.060195160875845054,0.11079480135815746,0.07235044324679464,0.011980802223853546,0.0,0.0,0.0,0.016583763536319174,0.07372034787797745,0.0,0.0,0.12507940492934308,0.06014775269383964,0.11069862242903648,0.0,0.0,0.21161112460191192,0.20964526688820104
232,1,BABA,20261107,233,0.16192382825101453,0.12960363144102957,0.1284677408506752,0.04482164689580166,0.10529052821693351,0.08760966034151904,0.012271926070304853,0.0,0.0,0.0,0.017038618538833178,0.08751661927787042,0.0,0.0,0.12881259353093483,0.04468796006741765,0.1055730248383952,0.0,0.0,0.21696415981559852,0.19840103524914743
233,1,BABA,20261107,234,0.10278069616505503,0.13093792944480778,0.1293219967355635,0.029061399359432645,0.11409961062636144,0.0724362828946721,0.011775423009824358,0.0,0.0,0.0,0.015748424701900923,0.07346610507040291,0.0,0.0,0.1294264955159219,0.029138559738243135,0.1141435045281631,0.0,0.0,0.21949948583120482,0.1777020115647218
234,1,BABA,20261107,235,0.1350195151545804,0.15797289780076176,0.15649831576421996,0.03362405068102569,0.13893087129433646,0.08663456884425431,0.01160153403251303,0.0,0.0,0.0,0.01598266428819818,0.08732513114555389,0.0,0.0,0.15687114345920655,0.03375771867998509,0.1392005517001362,0.0,0.0,0.2656239322746954,0.2350832185474186
235,1,BABA,20261107,236,0.13401416213172898,0.13344138617595078,0.13182714133328097,0.050371487179502496,0.1066576493797281,0.08146228202195933,0.010646162331738701,0.0,0.0,0.0,0.014074918708255226,0.08310871792164816,0.0,0.0,0.13288886739112596,0.0506722461685938,0.10735121762142436,0.0,0.0,0.23547867180378323,0.24763865197633705
236,1,BABA,20261107,237,0.15057234999619018,0.17729372595578471,0.174943802644045,0.05905729680847435,0.15568943165335178,0.06293433426357557,0.011596030349009185,0.0,0.0,0.0,0.016060804263492958,0.06401129789741368,0.0,0.0,0.1754352390614317,0.059117392564369035,0.15599724743187154,0.0,0.0,0.21109386705460814,0.22747948123073827
237,1,BABA,20261107,238,0.12199489994093933,0.13971733779119275,0.13762776357582196,0.05069138458587464,0.11347672062071588,0.06688610648408595,0.01164220890971581,0.0,0.0,0.0,0.01564973579150078,0.06784135958658127,0.0,0.0,0.13725036371449184,0.050803913755789624,0.11332047457883314,0.0,0.0,0.2627002744885968,0.23396634467745359
238,1,BABA,20261107,239,0.14711199300294323,0.11579481602295304,0.11439148527964335,0.02196916010617409,0.07852418816296308,0.0800808170076307,0.012297916743988188,0.0,0.0,0.0,0.016815806280107,0.08236823267973876,0.0,0.0,0.11425217788579903,0.022019586629484618,0.07860975078000956,0.0,0.0,0.18227721540084768,0.2044450804427097
239,1,BABA,20261107,240,0.1549050317394423,0.12093351811626459,0.11979576786237156,0.032184186096114814,0.10496583354253013,0.0735723036854121,0.012040567171226006,0.0,0.0,0.0,0.01678660104316111,0.07487971159022674,0.0,0.0,0.11902187854557769,0.032118112015789145,0.10465554247674531,0.0,0.0,0.23270907538715996,0.20281562457991684
240,1,BABA,20261107,241,0.16765949137527297,0.1512448760040456,0.14965107165174454,0.04542138854369872,0.10463273264929825,0.09709184231810107,0.01130548585293265,0.0,0.0,0.0,0.015506628633317662,0.09832309371043155,0.0,0.0,0.1496917216498672,0.0451679087151029,0.10462433933073931,0.0,0.0,0.263732989441411,0.20238443983532658
241,1,BABA,20261107,242,0.14296302769162672,0.1489614163614629,0.14778092841538493,0.04145765201935599,0.10737028525409731,0.0805066108153894,0.011693660055504217,0.0,0.0,0.0,0.01557039146633183,0.08155952316510534,0.0,0.0,0.14813010262067222,0.04144585174521429,0.1073277283280903,0.0,0.0,0.22684366967542746,0.19547982757394208
242,1,BABA,20261107,243,0.15009697226857588,0.12232984743274315,0.12139614062411416,0.048676475651942434,0.08218803880534079,0.09643411980146027,0.01256908960007256,0.0,0.0,0.0,0.017535640168831072,0.0977576196972326,0.0,0.0,0.12123123037766395,0.04855159688331436,0.08208639083164333,0.0,0.0,0.2205364317431241,0.23076543255310755
243,1,BABA,20261107,244,0.1727055997964594,0.16147267079762376,0.15997377535886384,0.04645311789265533,0.10364921110375848,0.0986852818908329,0.011859626478999621,0.0,0.0,0.0,0.016125513429328338,0.10036559352395556,0.0,0.0,0.1602520934113498,0.04664136264520992,0.10383295669701847,0.0,0.0,0.2995657005730902,0.269790704573067
244,1,BABA,20261107,245,0.1591618148495418,0.1285073903823487,0.12715042759850384,0.04489919048998545,0.1067993772318172,0.09223956385707043,0.011788447954642213,0.0,0.0,0.0,0.016353686279206216,0.09410692992958122,0.0,0.0,0.12738911387792676,0.04501235440141689,0.10683672400454172,0.0,0.0,0.22746794745629353,0.2331450320380305
245,1,BABA,20261107,246,0.14362162090494918,0.12999719506004656,0.12851159231985568,0.03696030789661018,0.09718514764030368,0.08382387476933718,0.011521843184596675,0.0,0.0,0.0,0.015151641743865527,0.08575991802727646,0.0,0.0,0.12859100912643207,0.03700804165562369,0.09734085852889984,0.0,0.0,0.2706338158719788,0.24499416255177892
246,1,BABA,20261107,247,0.1275088975697369,0.13313904955684194,0.1313538277840945,0.054354988393237116,0.11918620800658196,0.08285063148965324,0.011794453521317161,0.0,0.0,0.0,0.01547146890585284,0.08463447162381936,0.0,0.0,0.1309430014324437,0.05418392626514347,0.11853057108281387,0.0,0.0,0.19690136699594818,0.18577998590335448
247,1,BABA,20261107,248,0.14840282756033746,0.14026313949425087,0.13905474180679742,0.03461438326367118,0.09677681366142028,0.09173312483423172,0.011804917769821044,0.0,0.0,0.0,0.016293305612017635,0.09289171864781195,0.0,0.0,0.13905917850854438,0.03464994926152293,0.0969371187126628,0.0,0.0,0.22730750323941196,0.2155271094019174
248,1,BABA,20261107,249,0.15439506578492898,0.15226992124939343,0.15090618323911215,0.050041432284056754,0.11024813006150495,0.08487261192396958,0.011542658260343236,0.0,0.0,0.0,0.0161830005152856,0.08633163884967665,0.0,0.0,0.150954094798995,0.04999678352616071,0.11043197734697316,0.0,0.0,0.33307623516648793,0.30153311945971417
249,1,BABA,20261107,250,0.14699537402443216,0.14704856892258883,0.14609706756751278,0.06243247096806347,0.12333527872950883,0.09454299583845024,0.011307674856880058,0.0,0.0,0.0,0.01576334257404439,0.09551564268034622,0.0,0.0,0.14634512906597924,0.06228597059547119,0.12368508516126825,0.0,0.0,0.3279517284541211,0.29997742444699255
250,1,BABA,20261107,251,0.18310102564976308,0.1948801891197292,0.19199376408849506,0.03468537937179339,0.16099843479285306,0.0929567095650083,0.0104550087303229,0.0,0.0,0.0,0.014174639685268876,0.0946002182609426,0.0,0.0,0.1923491521023512,0.03464971046268326,0.16107126122745805,0.0,0.0,0.3717613368732243,0.32144738771289444
251,1,BABA,20261107,252,0.10680054512024623,0.09433079919291934,0.09368134851388397,0.04631366949339135,0.08753682566775328,0.07664407003886135,0.011930090649794582,0.0,0.0,0.0,0.016323695019380483,0.07892320379921774,0.0,0.0,0.09376232554261868,0.046516178634486025,0.08764524449515715,0.0,0.0,0.27267204464725864,0.23081218099338496
252,1,BABA,20261107,253,0.12234226727865948,0.12351606029734108,0.12200157089771707,0.04928542651089336,0.0632320871343281,0.10880518602726895,0.012010284670384995,0.0,0.0,0.0,0.01650776962554783,0.10919654771610655,0.0,0.0,0.12181722881067514,0.04916999861358331,0.06315051123708301,0.0,0.0,0.1757767491211603,0.13927221576123297
253,1,BABA,20261107,254,0.13339452300943602,0.13846975555760213,0.13591500089273448,0.03296268685889633,0.11662773983795202,0.07925229811163988,0.011542388680895682,0.0,0.0,0.0,0.015351760159389796,0.08010618217928786,0.0,0.0,0.13599422969488978,0.03305274732789428,0.11673958481103353,0.0,0.0,0.2621120721310345,0.23709436904913905
254,1,BABA,20261107,255,0.15406259330571628,0.16790857476397997,0.1649798962226994,0.047174436699083146,0.14612922365910394,0.06673806374101601,0.011597190736141223,0.0,0.0,0.0,0.016092665115694047,0.0696467291014917,0.0,0.0,0.16535212342947253,0.0473294492029292,0.146384017967711,0.0,0.0,0.30576196405416245,0.30023370588620685
255,1,BABA,20261107,192,0.16985599207404348,0.13271862341787877,0.13147611631341827,0.024974927678874045,0.11275380526457485,0.0597041908473614,0.011019701597827584,0.0,0.0,0.0,0.014369073423062975,0.060788544973039454,0.0,0.0,0.1319932061092722,0.02496225992852896,0.11316631230060759,0.0,0.0,0.19911140705955196,0.19146131479333278
128,0,ABAB,20261108,129,0.11536428933118802,0.10863253885068651,0.10760476464051401,0.04113686433910208,0.08502494004690668,0.07351974804112171,0.01110556798869898,0.0,0.0,0.0,0.014755040596319569,0.07613992532664612,0.0,0.0,0.10760667380883292,0.04112170693971908,0.0848176895730806,0.0,0.0,0.24573845641211017,0.24157372357654458
129,0,ABAB,20261108,130,0.15319725688101035,0.14449403914855727,0.1431544454768497,0.03758959079444508,0.09669266810127214,0.08289548542209932,0.01157040541832875,0.0,0.0,0.0,0.01484558735115225,0.08389056297030426,0.0,0.0,0.14329233803365313,0.03750309521212309,0.09668234758271588,0.0,0.0,0.27962475078200066,0.263508279848213
130,0,ABAB,20261108,131,0.15939711279539076,0.17565434182611323,0.17389703370694695,0.04080895850672746,0.14406052761759877,0.06777204746864304,0.011187190794873765,0.0,0.0,0.0,0.014637800352617393,0.07055919754777999,0.0,0.0,0.17405162410054736,0.04089899648057015,0.14418189430961878,0.0,0.0,0.263289632486984,0.23631317040892016
131,0,ABAB,20261108,132,0.1878605514822433,0.16068459485459388,0.15897249584979442,0.04639088999362336,0.1150818797173983,0.09036015863422991,0.011490169601805246,0.0,0.0,0.0,0.015188530234546175,0.09215013034625807,0.0,0.0,0.15892961144918633,0.04638752649301221,0.11535717185519365,0.0,0.0,0.233275001403784,0.23373869688703505
132,0,ABAB,20261108,133,0.20312868910224657,0.16878697564033965,0.1659300683152508,0.043258164776343457,0.10085845701637952,0.10880832730883506,0.011592573984367215,0.0,0.0,0.0,0.015376106942132907,0.11117043888832796,0.0,0.0,0.16586812723151306,0.0433233397162672,0.10088467053136935,0.0,0.0,0.22703571060381939,0.2027185729581061
133,0,ABAB,20261108,134,0.15093954040860094,0.1457577489338535,0.14365467566452844,0.045643343974484954,0.12010012711562867,0.07094929336553313,0.011533756013206387,0.0,0.0,0.0,0.01504468540479103,0.07416637695094459,0.0,0.0,0.14412352047396906,0.04572190102998677,0.12040980424913361,0.0,0.0,0.30183764179889516,0.28526504395329855
134,0,ABAB,20261108,135,0.145704427534535,0.11604742198030986,0.11532351546710001,0.030775710694388975,0.09294640889436001,0.08231251856076902,0.011281024507054436,0.0,0.0,0.0,0.01458109220491607,0.08405212373664402,0.0,0.0,0.1153126805655996,0.030855213230206752,0.09298867368410833,0.0,0.0,0.22593457817068813,0.25212252132521545
135,0,ABAB,20261108,136,0.1573095739900559,0.13562044596804165,0.13473487410604962,0.03789302944294746,0.07207953031207084,0.09248305856629482,0.012149170376577308,0.0,0.0,0.0,0.01597297341603036,0.0929054577449947,0.0,0.0,0.13489375369756618,0.038093553550729374,0.0722038966890071,0.0,0.0,0.2212377760771881,0.21572822898682442
136,0,ABAB,20261108,137,0.13242802045457203,0.14139456228509686,0.1384096193281959,0.03656529375173039,0.12689140721759418,0.043080587927004525,0.011385151883635614,0.0,0.0,0.0,0.014861052587768023,0.04384229010119673,0.0,0.0,0.13846094598126604,0.03664753301315331,0.12694693899214127,0.0,0.0,0.2320623818904619,0.21908426709813414
137,0,ABAB,20261108,138,0.18172042469875085,0.1635464128230645,0.16096355542826335,0.03315897548361535,0.1330434905986963,0.07702348252794888,0.011648950620056798,0.0,0.0,0.0,0.014776591107789758,0.07798259304160142,0.0,0.0,0.16051168397630566,0.03305550844377471,0.13265454963109585,0.0,0.0,0.26692171746752635,0.23587611564975017
138,0,ABAB,20261108,139,0.16632945216312972,0.1409740799499095,0.13878541433996794,0.050533659378994164,0.09722126446492879,0.08627238126777302,0.011212372551766383,0.0,0.0,0.0,0.014696472014744449,0.09024891598303017,0.0,0.0,0.13922826827042903,0.05056934452467874,0.09742138554725883,0.0,0.0,0.2899993173836341,0.2824869382240084
139,0,ABAB,20261108,140,0.15639069171593403,0.13706087239176729,0.13583826062235804,0.047091212070210615,0.10881607125438551,0.07897297478224535,0.011655312866929723,0.0,0.0,0.0,0.014763365313961677,0.07986600376911275,0.0,0.0,0.1353369122161327,0.0469835136603557,0.10844093240026115,0.0,0.0,0.15388440613273222,0.14414228705574825
140,0,ABAB,20261108,141,0.10426955363657835,0.10893865867051031,0.1080930665627089,0.051436040837951606,0.06179237258513335,0.07763212556603032,0.012261532654717166,0.0,0.0,0.0,0.016324162740268162,0.07820409420779081,0.0,0.0,0.10800946301815079,0.0515665832897487,0.06183098586495892,0.0,0.0,0.2144169147653279,0.1971468795092464
141,0,ABAB,20261108,142,0.14954299856321268,0.12214166948534448,0.12091749790836918,0.05489168413144134,0.10601775371956353,0.08195394283328522,0.011831849705664012,0.0,0.0,0.0,0.015218736724035432,0.08316181810726166,0.0,0.0,0.12040841389940239,0.05483030656759604,0.10546774963734568,0.0,0.0,0.24224654706557286,0.2106607247541614
142,0,ABAB,20261108,143,0.17618671139684988,0.1354859955778347,0.13434234828725874,0.04161752645703845,0.09207065590189728,0.09584426834508024,0.011485908949174718,0.0,0.0,0.0,0.014674885342626749,0.09764651018222527,0.0,0.0,0.1345647580285925,0.04162989471829919,0.09214805865809984,0.0,0.0,0.2604439933154333,0.18992633203433937
143,0,ABAB,20261108,144,0.15367562687784064,0.12345968040116792,0.12263555468498895,0.050799698291899606,0.08430221927520988,0.08844675727026445,0.010775810822069814,0.0,0.0,0.0,0.013403450241268279,0.08907568260243649,0.0,0.0,0.12248806025291191,0.050791127124600204,0.0843311200489991,0.0,0.0,0.2204717509277084,0.19051636201056896
144,0,ABAB,20261108,145,0.21512874229632703,0.1586315962806926,0.15695101166457232,0.03940582937757904,0.11677894981562856,0.10907567683193035,0.012193094146321425,0.0,0.0,0.0,0.01562938946353642,0.1111449025283877,0.0,0.0,0.1571420821440226,0.03939044491941358,0.11670878920817503,0.0,0.0,0.2570011108796443,0.2474271041668992
145,0,ABAB,20261108,146,0.13289049416899198,0.12750377239710814,0.12587101677404236,0.05328788603522713,0.10752132472235502,0.07017985855665546,0.011824013276419845,0.0,0.0,0.0,0.015178481071236892,0.07135508162400292,0.0,0.0,0.12648978488601134,0.05332570069249982,0.10826081983893207,0.0,0.0,0.25162076548320456,0.18523652877736208
146,0,ABAB,20261108,147,0.16262044007261672,0.1570760262639975,0.15511421332124617,0.03577518964684311,0.11250660942667481,0.086372326536684,0.01191195657071596,0.0,0.0,0.0,0.015325233526695377,0.08812632498637585,0.0,0.0,0.1554672882024069,0.03599281553510488,0.11280360292408882,0.0,0.0,0.2309199217807271,0.2054275065056638
147,0,ABAB,20261108,148,0.14338499374049854,0.1325986239775231,0.13060148361363277,0.038050502494006495,0.10121863691791794,0.09460172915410166,0.011803253399122603,0.0,0.0,0.0,0.016009377725385344,0.0958623192733393,0.0,0.0,0.130956520228573,0.038251411309395904,0.10168519101800881,0.0,0.0,0.1771982421344735,0.18171472159225965
148,0,ABAB,20261108,149,0.11849069163656492,0.11045858898750169,0.10830957659766785,0.038979631946045555,0.09486290066942657,0.07352327863666562,0.011348937878014024,0.0,0.0,0.0,0.014866238277399375,0.07431648822914308,0.0,0.0,0.10862876705395906,0.0392161927399695,0.09484845241898462,0.0,0.0,0.2347194239011347,0.19724441371767695
149,0,ABAB,20261108,150,0.1574885214801022,0.18746521112010633,0.18476801653814606,0.07444084643076725,0.15808563942622322,0.0729921532482773,0.011443638530863269,0.0,0.0,0.0,0.015419240411360084,0.07588158170488395,0.0,0.0,0.1849664663928558,0.07464640650115914,0.1583303321347048,0.0,0.0,0.2553438541791027,0.23302369465118894
150,0,ABAB,20261108,151,0.14844218425579003,0.12195710820497188,0.12100966670221554,0.048604185106602034,0.09615582378902755,0.09613755671730743,0.012190167872474088,0.0,0.0,0.0,0.016143799424372385,0.0977802837507568,0.0,0.0,0.12106323095017398,0.04864411750334231,0.0961642836989243,0.0,0.0,0.2195239443444791,0.19332262163781658
151,0,ABAB,20261108,152,0.14878992838552837,0.1198694190899672,0.11861213725895399,0.056580481507634985,0.08071397599833414,0.09211984213537588,0.012237039668804565,0.0,0.0,0.0,0.016001034435251568,0.09232691817576053,0.0,0.0,0.11837033402292872,0.05657454973571742,0.08071385137958542,0.0,0.0,0.17575483877495335,0.1977376943981233
152,0,ABAB,20261108,153,0.19001595623124898,0.19741676938124736,0.19470038783773697,0.04990284607876134,0.14481456350044147,0.10211933020815599,0.010851088787170745,0.0,0.0,0.0,0.014344471520121669,0.10315404731786465,0.0,0.0,0.19380288846672966,0.04999149556571346,0.14472145180033077,0.0,0.0,0.3015789281670553,0.29966075948797927
153,0,ABAB,20261108,154,0.15261916163842115,0.16069242118117857,0.15878857073414937,0.02886397523463817,0.09364294617118257,0.09241376153101333,0.012080035564373646,0.0,0.0,0.0,0.01580109783696643,0.09434801395028622,0.0,0.0,0.1594709356088432,0.02902025172489602,0.09379743933408075,0.0,0.0,0.2762122085703275,0.25501901462432447
154,0,ABAB,20261108,155,0.1646994768167751,0.12089315684043618,0.11983883746627332,0.06235085300087979,0.09920978121093005,0.09202118028245397,0.011404876185104747,0.0,0.0,0.0,0.014776553104933825,0.09365609674237882,0.0,0.0,0.11976433622907556,0.06229358727600777,0.09922503590997778,0.0,0.0,0.28138326828861776,0.2505768228609121
155,0,ABAB,20261108,156,0.15936004088998348,0.13320840634513045,0.13185655172457497,0.036045671066181596,0.10337383229041427,0.0895025038042943,0.011105970431150395,0.0,0.0,0.0,0.01426798154874469,0.09135055492002397,0.0,0.0,0.1315223732235694,0.03606209716450859,0.10319479429479764,0.0,0.0,0.2160173099565814,0.24289958246012347
156,0,ABAB,20261108,157,0.15182638780806917,0.11311875210724855,0.11224600468942525,0.04644113450582158,0.06732149010877105,0.11120569461810904,0.0109636660127249,0.0,0.0,0.0,0.01431334761921915,0.11240921182218676,0.0,0.0,0.11221732622727494,0.04664092063616844,0.06751014115613016,0.0,0.0,0.24793682451382837,0.2290118326506833
157,0,ABAB,20261108,158,0.14890651575301223,0.1360901453270226,0.13482055133120813,0.027465047135062506,0.11771980200491029,0.10032514451616754,0.01112873651381918,0.0,0.0,0.0,0.014664894832052713,0.10359042149175528,0.0,0.0,0.1347752669895308,0.02742398465395308,0.11767612368302652,0.0,0.0,0.2516766673795808,0.2280968776102724
158,0,ABAB,20261108,159,0.13438199019255567,0.10860041160865992,0.10802834749914172,0.03740804382068091,0.09292477530134446,0.07009889659835901,0.011244030428042237,0.0,0.0,0.0,0.014135234216650028,0.07091609025498048,0.0,0.0,0.10827834003194103,0.037441706989535174,0.09296653263964182,0.0,0.0,0.2691591256772819,0.2356168774496965
159,0,ABAB,20261108,160,0.1246133757473033,0.1270681853479396,0.12505432581331064,0.0461791640404463,0.10765432577544053,0.08548323657132817,0.010822267417317708,0.0,0.0,0.0,0.014422169735210833,0.08706594756967302,0.0,0.0,0.12524324964522615,0.046172187852582716,0.10781643093752823,0.0,0.0,0.2713023479414678,0.25324255709255866
160,0,ABAB,20261108,161,0.17316921978060026,0.16273922777680766,0.16071204490502167,0.04450272394466261,0.15398177278293326,0.07483430692844856,0.01150407472035241,0.0,0.0,0.0,0.015603163287259707,0.07713679055108384,0.0,0.0,0.15999617423140852,0.04438085082473744,0.1534013789661375,0.0,0.0,0.2752916714636804,0.2241827230245923
161,0,ABAB,20261108,162,0.10698306765217706,0.09046865574485799,0.08970083879800704,0.051659075892136946,0.07244349347371427,0.055532790948967854,0.011674416676618147,0.0,0.0,0.0,0.015126694943258507,0.056494906083233536,0.0,0.0,0.09008956167693767,0.052020020889759294,0.07282715422024459,0.0,0.0,0.32720569040907777,0.2770646905146852
162,0,ABAB,20261108,163,0.14778871858476486,0.14403067550562948,0.1425838476070212,0.03951481935764681,0.11864637632579013,0.08186121403997998,0.010544409791260468,0.0,0.0,0.0,0.013828785953332458,0.08384542466706706,0.0,0.0,0.14263897689847815,0.03956801041984139,0.1186785052882857,0.0,0.0,0.30960340896650945,0.2686046210229476
163,0,ABAB,20261108,164,0.12450376308510892,0.10586424199505122,0.10460547357024373,0.05718443431125585,0.1096745305337107,0.05168264704702591,0.010820484461168775,0.0,0.0,0.0,0.013836016719326586,0.05291014885621275,0.0,0.0,0.10441392837245893,0.05739587371021378,0.10959259979953481,0.0,0.0,0.21319317194934975,0.21110498430550853
164,0,ABAB,20261108,165,0.16139268296838002,0.1379173188253313,0.13665708052423456,0.048895806574423675,0.11197028525515895,0.07983905886967704,0.011885071901235254,0.0,0.0,0.0,0.015593634198828343,0.08086276665070188,0.0,0.0,0.13658297041667858,0.04908615995281441,0.1121294794429116,0.0,0.0,0.25918084872099123,0.2351284237675649
165,0,ABAB,20261108,166,0.16530087298275778,0.16553093665747778,0.16350896313086896,0.04499258397960758,0.1491053664780272,0.06129342971033894,0.011152706261592425,0.0,0.0,0.0,0.014810936857935079,0.06286354336721428,0.0,0.0,0.16418971934020887,0.04510120309869775,0.1497440676840796,0.0,0.0,0.29302885133475054,0.27911330150944563
166,0,ABAB,20261108,167,0.17539274057923296,0.15051340328776358,0.14947173267216526,0.03848591874904483,0.10949703267172828,0.10227775318042807,0.011746261154036798,0.0,0.0,0.0,0.015618802129392572,0.10345353070371256,0.0,0.0,0.1499691414485615,0.03865413986074388,0.10991039184168695,0.0,0.0,0.2427843567596366,0.24771147892487713
167,0,ABAB,20261108,168,0.17790556689736203,0.15909284318401776,0.1574588176313919,0.038800550841896,0.13900415073034575,0.09231511698208131,0.011250754630207317,0.0,0.0,0.0,0.014775885605408273,0.09367160899452875,0.0,0.0,0.15711250044606717,0.03903143235602783,0.1388152738071626,0.0,0.0,0.23032753849068938,0.2188985685377624
168,0,ABAB,20261108,169,0.14502636537654975,0.16356793974166536,0.16210024050510588,0.062087010906593035,0.10778900457167512,0.09502243415924125,0.010857038137159932,0.0,0.0,0.0,0.013571322243517984,0.09635090028361927,0.0,0.0,0.1619829714209321,0.0623069054534688,0.10765252085312219,0.0,0.0,0.2720417111699963,0.25224909224967446
169,0,ABAB,20261108,170,0.1365093747902099,0.12723092170650557,0.12616831423725283,0.04451164696520589,0.09391350728202306,0.09420422366762761,0.011339733189980427,0.0,0.0,0.0,0.014718900898637104,0.09529595677563747,0.0,0.0,0.12601202938971215,0.044518931294397206,0.09389184550508611,0.0,0.0,0.23801251187524639,0.19398812511420843
170,0,ABAB,20261108,171,0.1646604485555837,0.14867817836649538,0.14715892999021776,0.0630500587044655,0.10674945787574705,0.08947051635950386,0.01159715530778352,0.0,0.0,0.0,0.015432815136760765,0.0898234491390889,0.0,0.0,0.1477874372714848,0.0633582494247651,0.10709361704020068,0.0,0.0,0.2748637187660062,0.2478478557039985
171,0,ABAB,20261108,172,0.16290022476425622,0.13057261522175956,0.12955615512703197,0.045942933605502494,0.10357955581535354,0.07639278275282525,0.01127286343822104,0.0,0.0,0.0,0.015084305165489403,0.07736794316655819,0.0,0.0,0.12978597486642734,0.04597570773568944,0.10396678603826455,0.0,0.0,0.2452231950377427,0.2002172737755454
172,0,ABAB,20261108,173,0.14937571496201368,0.14427845213746388,0.1434490181337729,0.07535432737102596,0.12755987739493707,0.10231346044579707,0.011421254616841374,0.0,0.0,0.0,0.014767651817454095,0.10400459189760337,0.0,0.0,0.14364499632397607,0.07544070002388654,0.1276817202677734,0.0,0.0,0.27593267527871185,0.23630217535037962
173,0,ABAB,20261108,174,0.13337726288236168,0.09895321349104919,0.09846066807989443,0.034292017951512585,0.10116105354987352,0.09760142775239922,0.011525159086622303,0.0,0.0,0.0,0.015084106154235742,0.09953317833280238,0.0,0.0,0.09874158123173961,0.03440404038388749,0.1015424516880759,0.0,0.0,0.2622649012714366,0.24108503898981873
174,0,ABAB,20261108,175,0.1440446235354698,0.13469310237572957,0.13348538209620517,0.035904095007862194,0.1134404371953922,0.08158356151285186,0.011756823270243785,0.0,0.0,0.0,0.0154636669817109,0.08267546595556076,0.0,0.0,0.13401400290363386,0.03627314072807168,0.11390490548055682,0.0,0.0,0.1745515247782091,0.15114776006921826
175,0,ABAB,20261108,176,0.14594859889625944,0.12062917055021384,0.11983082166372683,0.043772902471359974,0.0950790493631628,0.0788389846788071,0.011938896291343629,0.0,0.0,0.0,0.015763973583796012,0.07932926868180834,0.0,0.0,0.1197631361776786,0.04399890879087138,0.09513945040799407,0.0,0.0,0.17291366325468724,0.19959324926307392
176,0,ABAB,20261108,177,0.15107195939398713,0.1509088163124292,0.14950590977224323,0.04579710594994974,0.11282240736042377,0.08169788845528224,0.010908805139790777,0.0,0.0,0.0,0.013652877907191026,0.08222802591897674,0.0,0.0,0.14941302029550332,0.04572399902850642,0.11292874345733407,0.0,0.0,0.2521511156240049,0.17261792721611205
177,0,ABAB,20261108,178,0.14023734663484952,0.11108616928963423,0.10962107795860784,0.054363709485661105,0.09027830294346997,0.05764129592956028,0.011755121534109427,0.0,0.0,0.0,0.015080355685866081,0.059232982066144524,0.0,0.0,0.10978349088742621,0.05435840205838716,0.09042886902036554,0.0,0.0,0.3011664394115009,0.21963963873337763
178,0,ABAB,20261108,179,0.1641327026834661,0.1256979002708522,0.12432009088378537,0.0449525649751878,0.07845825900304895,0.07517762456772348,0.012025262860458661,0.0,0.0,0.0,0.01571840333992548,0.07675940183613146,0.0,0.0,0.12404716076683335,0.04498008920907829,0.07814514195976718,0.0,0.0,0.2044310075344379,0.22449199105699433
179,0,ABAB,20261108,180,0.16564542768563975,0.15721366988284613,0.15544928282986684,0.06161644742484105,0.09289095227169182,0.10727450708478979,0.011359670946759284,0.0,0.0,0.0,0.014940979393660268,0.108725908952968,0.0,0.0,0.1553107294715015,0.06154286816828367,0.09292453708276928,0.0,0.0,0.22220944078022972,0.18527690403506483
180,0,ABAB,20261108,181,0.16931527278858735,0.16399106733178107,0.16177113466650433,0.03903056632116482,0.1296642763166383,0.0972235915856892,0.011709782942271804,0.0,0.0,0.0,0.014999418901839043,0.09896433519862985,0.0,0.0,0.16197409391102974,0.03891907800653334,0.1296739374762378,0.0,0.0,0.19870674797681892,0.16785139105070795
181,0,ABAB,20261108,182,0.17783895613893602,0.1614195347434958,0.1600787666261548,0.04942565121946085,0.12312198231006277,0.0962046843010713,0.01168417770141542,0.0,0.0,0.0,0.01587754310529167,0.09729725235853395,0.0,0.0,0.16022631482319133,0.04951951935653305,0.1231453459461281,0.0,0.0,0.1640494845108946,0.1591177027398307
182,0,ABAB,20261108,183,0.14305787097059092,0.11250527884025636,0.1118226969176332,0.054361723493816835,0.07895775343221073,0.07827036338181342,0.012526650296046236,0.0,0.0,0.0,0.01686919049068721,0.07906587810197196,0.0,0.0,0.11157518986199906,0.05400677511166798,0.0788258331082351,0.0,0.0,0.2570140359989297,0.21112248462059
183,0,ABAB,20261108,184,0.14317008549384225,0.13597439882395712,0.13395561136468953,0.041049560123535125,0.10641767230460072,0.09190517298635476,0.011113607200625054,0.0,0.0,0.0,0.014742910537805737,0.09644947490239268,0.0,0.0,0.13416567466041837,0.04109309002241258,0.10669582353925777,0.0,0.0,0.3513745203655149,0.2751178412181924
184,0,ABAB,20261108,185,0.16055817957588528,0.1357821757060839,0.13419984533780652,0.029403411342662777,0.10735647083022268,0.07902822527915422,0.010836902175603408,0.0,0.0,0.0,0.01368926741856169,0.08055650482608746,0.0,0.0,0.13441488936442825,0.029462811152027164,0.10761127708816197,0.0,0.0,0.21902838666285146,0.183530980605227
185,0,ABAB,20261108,186,0.16102448019912635,0.1618650616234858,0.16029673555932647,0.03661835556744414,0.1271255198475481,0.08935932005821932,0.011285371374969015,0.0,0.0,0.0,0.01492847047543357,0.09134833565087677,0.0,0.0,0.16050670288328972,0.03665464837778537,0.12726425144853604,0.0,0.0,0.2473348145622894,0.2316280247061978
186,0,ABAB,20261108,187,0.14588239407447653,0.15529235087257176,0.15291397028390377,0.05690677224894739,0.12332236917776174,0.09390535079164819,0.011790392303720655,0.0,0.0,0.0,0.015335661731441751,0.09608064927742722,0.0,0.0,0.1525688629763537,0.05678250714985989,0.12310284415007419,0.0,0.0,0.30999532642585254,0.2591305297924081
187,0,ABAB,20261108,188,0.1695500000850915,0.154279473905567,0.15304542263922233,0.04477748174380564,0.12379811752521648,0.08781803658632753,0.011987862247295068,0.0,0.0,0.0,0.015583519664594774,0.08883414720770065,0.0,0.0,0.15317066884725208,0.04483125784329445,0.12387752015481908,0.0,0.0,0.24804264787266947,0.22613497165996715
188,0,ABAB,20261108,189,0.1419490698866816,0.13415309604166642,0.13236090117240942,0.032270459200411744,0.09333962202961964,0.0767068899352896,0.011196192593675254,0.0,0.0,0.0,0.015186517488171113,0.07699451120324825,0.0,0.0,0.13228056492629023,0.03226816584347417,0.09344948897962448,0.0,0.0,0.2830189241352753,0.26201693778267887
189,0,ABAB,20261108,190,0.12926615843462838,0.14361804827111396,0.1422667028460799,0.047899585188557046,0.12564453219411095,0.07848397355046309,0.011270140422329737,0.0,0.0,0.0,0.014094015026377686,0.08081351382989482,0.0,0.0,0.1424966434805189,0.0480414519250027,0.12589862700183346,0.0,0.0,0.2712480686990515,0.2613769691374037
190,0,ABAB,20261108,191,0.13196987998559437,0.11588013964853322,0.11530334121704343,0.041902286168708947,0.09745671759572662,0.08303242424621286,0.011816454651602528,0.0,0.0,0.0,0.015529142879036626,0.08358024361416201,0.0,0.0,0.11508993314474146,0.04194332428303643,0.09729206237446113,0.0,0.0,0.2221373314174545,0.2258031168240902
191,0,ABAB,20261108,128,0.15554814606847447,0.13436491260838287,0.13242293134282576,0.04769673423269807,0.11689291777704516,0.05432126274217958,0.011637557217103292,0.0,0.0,0.0,0.01570648688993192,0.05584916316700912,0.0,0.0,0.13238473206337473,0.0474984011387171,0.11695936207787018,0.0,0.0,0.3248344469810347,0.3096381204563561
192,1,BABA,20261108,193,0.1602451176654294,0.14564102496879666,0.1442211909758548,0.053987607025216544,0.111951726523961,0.08311628788660246,0.011198402011349983,0.0,0.0,0.0,0.014613023896138918,0.08452629264130737,0.0,0.0,0.14429227080585058,0.05411123762404254,0.11204475208610648,0.0,0.0,0.26590239595221854,0.2422216305493371
193,1,BABA,20261108,194,0.19957217840942784,0.1959173259929605,0.19384851710851486,0.04912125067031501,0.12732141796275787,0.12206737195042293,0.010289162553652904,0.0,0.0,0.0,0.013425479058221921,0.12325010463578555,0.0,0.0,0.19406132182689334,0.0493186126730583,0.12762822276212546,0.0,0.0,0.27957445635517536,0.22714915684642836
194,1,BABA,20261108,195,0.14699516566164003,0.13379536438325357,0.13225663074003421,0.06902614145359337,0.10330460033369776,0.07659155986104885,0.011296288215178056,0.0,0.0,0.0,0.014876539819513734,0.07798549138779153,0.0,0.0,0.13251417341655464,0.06904056083317346,0.10321626519373422,0.0,0.0,0.2645296930606649,0.21917338611743145
195,1,BABA,20261108,196,0.1527807204488059,0.11069756677794286,0.10885034616815052,0.035323787132920496,0.10770317136139945,0.061995970292231604,0.010604025680037306,0.0,0.0,0.0,0.013604594057575593,0.0632135416500261,0.0,0.0,0.10849182020935484,0.03552589835663128,0.10769900957461437,0.0,0.0,0.18361054675328814,0.17397085344472193
196,1,BABA,20261108,197,0.1330436014995152,0.12430772475085776,0.12344584655704884,0.04349531846495106,0.0870122769661294,0.08837365686799009,0.010596676651665318,0.0,0.0,0.0,0.013640085104840745,0.0891785021506583,0.0,0.0,0.12339830866041163,0.043489170160970064,0.08688544721326301,0.0,0.0,0.2755471675894442,0.24230271369745787
197,1,BABA,20261108,198,0.19648522134429397,0.17655956152653468,0.174358363597507,0.034208712948949595,0.11467367268616664,0.09366816628884728,0.010894960370212654,0.0,0.0,0.0,0.014730267831953513,0.09574954519357184,0.0,0.0,0.17441338298588488,0.03406345722064295,0.11445487868335633,0.0,0.0,0.21109329444045166,0.18236151493534908
198,1,BABA,20261108,199,0.1545278612794744,0.14253302704791815,0.14151698920820216,0.05173191532554395,0.11614321672471996,0.09195036430830048,0.011489426869175048,0.0,0.0,0.0,0.015667810258682073,0.09283325233133392,0.0,0.0,0.1414022470313061,0.051835411791483585,0.11611812654606148,0.0,0.0,0.23518499921839234,0.18707452249958997
199,1,BABA,20261108,200,0.14065407056417023,0.1289941447673084,0.12749834676778968,0.04138264741522262,0.06925252502107551,0.0881348406096419,0.010431260669713697,0.0,0.0,0.0,0.013521760527948797,0.09000622490814802,0.0,0.0,0.127271590167074,0.0413862477689484,0.06916021731909495,0.0,0.0,0.27881095856964494,0.2538446098155415
200,1,BABA,20261108,201,0.16177225195640246,0.1440127269158274,0.14156429255431538,0.03999409928773066,0.10263910417644585,0.09249387271885734,0.010962799653950575,0.0,0.0,0.0,0.014357649886094632,0.09365897516634082,0.0,0.0,0.14163365769083058,0.04002705433557782,0.1025936482551263,0.0,0.0,0.17784362089555217,0.16336748756071295
201,1,BABA,20261108,202,0.16096593995876085,0.13229760298655624,0.13017114014075448,0.05165414884465291,0.11324895945226725,0.09264750091411586,0.01168621799700186,0.0,0.0,0.0,0.015611328324623485,0.09467122807893685,0.0,0.0,0.13046957061608172,0.051754751939964934,0.11351119322986586,0.0,0.0,0.299119963216711,0.2201468973431014
202,1,BABA,20261108,203,0.13897069685705826,0.15014503757834133,0.14788481002519255,0.07471432949264266,0.09777134277609029,0.07704365080050786,0.011071763566816738,0.0,0.0,0.0,0.014598382482865265,0.0776713800103736,0.0,0.0,0.1479049764810228,0.0746708880202655,0.09761416250183332,0.0,0.0,0.2277831992268667,0.2529235042565721
203,1,BABA,20261108,204,0.14800125675251977,0.11880549291961849,0.11789075036699014,0.05380940618774926,0.06809256184796851,0.08925083458842788,0.010374160415007178,0.0,0.0,0.0,0.013393951711139758,0.09155831106845425,0.0,0.0,0.11817526751928385,0.05392537922171776,0.06831077913850649,0.0,0.0,0.2610588423869991,0.23005996774539886
204,1,BABA,20261108,205,0.11484764606969802,0.11846947127149188,0.11769023514250775,0.038459850283692906,0.07484037541703915,0.07300900555740958,0.011324862412777529,0.0,0.0,0.0,0.014905502414589603,0.0736421114950244,0.0,0.0,0.11795829997927167,0.03860572862940269,0.0749552824792986,0.0,0.0,0.20007680172096562,0.2286521193935033
205,1,BABA,20261108,206,0.18764588656267672,0.1492699965663918,0.14781945536464727,0.04886773686487012,0.10209594478002529,0.07450417397882785,0.010865195283080668,0.0,0.0,0.0,0.014469835455663467,0.07519364399528038,0.0,0.0,0.1483186851337374,0.04882208424133934,0.10235894455703935,0.0,0.0,0.2001770132563367,0.22293761811972937
206,1,BABA,20261108,207,0.1736278734459788,0.15278682069645164,0.15091765013657849,0.06359335932681663,0.13695388553836027,0.10117702854239984,0.010886013209578502,0.0,0.0,0.0,0.014389163244664207,0.10295239981794195,0.0,0.0,0.15056222191450264,0.06343278984854,0.1367406585452544,0.0,0.0,0.22257792128471726,0.2064750210478073
207,1,BABA,20261108,208,0.13940283089592956,0.12376824266348203,0.1223147915697692,0.03470619227901112,0.11572809000874239,0.07955451272535963,0.010280407742646889,0.0,0.0,0.0,0.013200977920432072,0.08160364594956089,0.0,0.0,0.1220971125321821,0.034664008991570155,0.1156134650160119,0.0,0.0,0.26491185056374733,0.24931433784528273
208,1,BABA,20261108,209,0.18051631414601402,0.1865896610835758,0.18308966199261822,0.06938643202710325,0.16526891268422156,0.08460280412638611,0.011403470218257182,0.0,0.0,0.0,0.015455693413962236,0.0901240103055071,0.0,0.0,0.1838180783515376,0.06982275647662486,0.1659998851603377,0.0,0.0,0.27545072950615646,0.24801974898800128
209,1,BABA,20261108,210,0.14652368342184205,0.12027338971861688,0.11857905963594045,0.040119447628472533,0.10041707869199519,0.08458248497796508,0.010751890833209399,0.0,0.0,0.0,0.01387253578724787,0.08695546910046274,0.0,0.0,0.1184692494901851,0.04001879220772749,0.10020420822475717,0.0,0.0,0.2117340786060362,0.1747628994982118
210,1,BABA,20261108,211,0.15974252310265977,0.15987952522046667,0.15876322300449544,0.04066695648112415,0.12765315584678916,0.0719346889323339,0.01082288793748209,0.0,0.0,0.0,0.014656566852655407,0.07332435454778025,0.0,0.0,0.1583983887029801,0.04069160730735823,0.12730490086475574,0.0,0.0,0.1983103744501092,0.17442867364103004
211,1,BABA,20261108,212,0.09851316680789159,0.11348128611391077,0.11184875545258033,0.053532066333429176,0.1039598866779467,0.06681128238849968,0.010866403980278045,0.0,0.0,0.0,0.013996784682422065,0.06742026784229017,0.0,0.0,0.11179955315155274,0.05353558335738183,0.1039427031930354,0.0,0.0,0.1702823929435634,0.2005570005528642
212,1,BABA,20261108,213,0.1532639163128906,0.1635321713323156,0.1617191441008764,0.040049145363153946,0.15312755002078096,0.1021271735858474,0.010841206918879406,0.0,0.0,0.0,0.014695889586412469,0.10443375947435536,0.0,0.0,0.16153628839429998,0.040060659887972104,0.15312843877534038,0.0,0.0,0.22097444001006716,0.2148885819509024
213,1,BABA,20261108,214,0.12787856406187428,0.14302694150709477,0.14196092245250144,0.03664863406153019,0.1281649315042131,0.07026709201535644,0.01068804904486175,0.0,0.0,0.0,0.013662120230013982,0.07192387601792578,0.0,0.0,0.14217748574823327,0.03688096926537912,0.1284293147910922,0.0,0.0,0.2264033852115259,0.16911482517659215
214,1,BABA,20261108,215,0.17749954587728226,0.15553606751519944,0.1541312703872036,0.0501329414490892,0.14144460758030103,0.1104958212516504,0.010154172160736313,0.0,0.0,0.0,0.013637877550644611,0.11188772498810332,0.0,0.0,0.15412303375089487,0.05024111322018503,0.14150366743163625,0.0,0.0,0.2113241366529849,0.1960515668381617
215,1,BABA,20261108,216,0.14839020964791297,0.09913264876440211,0.0982182237878756,0.04089941283780714,0.08338369718039293,0.09364479295013278,0.01189185533013082,0.0,0.0,0.0,0.016306973315209427,0.09500680387185047,0.0,0.0,0.09811500814412802,0.04101563595377067,0.08337214107318668,0.0,0.0,0.23656417106333566,0.18533616487378896
216,1,BABA,20261108,217,0.1398656460957835,0.13574699872192889,0.1339964426665482,0.0522499952213752,0.12027904899605378,0.0703995777134607,0.01087781848718,0.0,0.0,0.0,0.013732950232355228,0.07164203917307314,0.0,0.0,0.13409373392654286,0.052244052473659285,0.12019219916413529,0.0,0.0,0.17331628515303082,0.16933356822435433
217,1,BABA,20261108,218,0.11769598984607219,0.11839243433133567,0.11741106055298406,0.0488136582645899,0.08940288403702049,0.07393202595442891,0.012064119344523741,0.0,0.0,0.0,0.016571514701302886,0.07509122668146474,0.0,0.0,0.1175705280440808,0.048881913320610725,0.08973303267610355,0.0,0.0,0.22866322288384136,0.15072212553351247
218,1,BABA,20261108,219,0.17224976529071023,0.14849543051190675,0.14693552500568044,0.031185827515593106,0.08126373635693408,0.12045108003224413,0.010208843354758523,0.0,0.0,0.0,0.013128513617378474,0.12105624700029582,0.0,0.0,0.14701380571825784,0.03131931492658673,0.08127392838229083,0.0,0.0,0.2953399172244067,0.21492692729385413
219,1,BABA,20261108,220,0.1471810060417341,0.1290648574053724,0.12785255647845334,0.048238280799510744,0.10645666988671616,0.0762511643049199,0.010738182601790913,0.0,0.0,0.0,0.014588737319204622,0.07825237367194199,0.0,0.0,0.12820263724484032,0.04849162001074516,0.10693135529250192,0.0,0.0,0.25444334046882017,0.21289601953487247
220,1,BABA,20261108,221,0.13685764652979254,0.1212679980002061,0.11992376626674972,0.033433696077967555,0.09006592512877658,0.09621127163458161,0.01081223355950068,0.0,0.0,0.0,0.01386200138605867,0.09692527934227943,0.0,0.0,0.11971885014744998,0.03336408437081182,0.08973060742883159,0.0,0.0,0.2172920298470549,0.15464457511963445
221,1,BABA,20261108,222,0.19681535017016966,0.16671536704694376,0.16405934240900377,0.04192619737137117,0.12888565237407382,0.08700603060384195,0.010290235636336995,0.0,0.0,0.0,0.013093592673059776,0.08839451036119167,0.0,0.0,0.16409959277382502,0.04198356779825831,0.12862519617460233,0.0,0.0,0.20658775432116516,0.18860290968760418
222,1,BABA,20261108,223,0.1429737826862206,0.12177249417038186,0.12060474254094558,0.03745440802862923,0.09680175820248098,0.07410987985570464,0.011061998755795253,0.0,0.0,0.0,0.01429453641303294,0.0748584537771501,0.0,0.0,0.12122279023242188,0.037444327509646075,0.09739019742687985,0.0,0.0,0.19707202620186826,0.16608020175584443
223,1,BABA,20261108,224,0.1606218791578319,0.147079391205274,0.1459695490010417,0.03283563087346481,0.11023280159567457,0.09074076093817386,0.010143237912399997,0.0,0.0,0.0,0.013089312191629062,0.09174933945184166,0.0,0.0,0.1462122037107395,0.032893568305231886,0.11048831037502177,0.0,0.0,0.2667243118616719,0.25409830316682064
224,1,BABA,20261108,225,0.15451180934589762,0.12914114182780403,0.12807132440713564,0.03561778830040927,0.09792605909093573,0.06361189069463073,0.010557021871807057,0.0,0.0,0.0,0.014104590771575914,0.06502584078889326,0.0,0.0,0.12805758200572367,0.03565421845256415,0.09799392627252201,0.0,0.0,0.2469509625058017,0.22937401404491212
225,1,BABA,20261108,226,0.1447678237609618,0.143143890198357,0.1420083571899761,0.03331463960810894,0.09420927172355384,0.08182703725312555,0.01048549746516209,0.0,0.0,0.0,0.01453089314609229,0.08387846520114962,0.0,0.0,0.14225274229618187,0.03342544764264198,0.09454021020250267,0.0,0.0,0.29649672826170026,0.2595921935873523
226,1,BABA,20261108,227,0.1416078225325399,0.130159826077363,0.1283145571920953,0.04504248842042647,0.10752136324205185,0.09131096610702763,0.010663762208588879,0.0,0.0,0.0,0.013645073290724332,0.0933499117145592,0.0,0.0,0.12809859099954346,0.04494017482840667,0.10735632011027714,0.0,0.0,0.2483722808634051,0.24361657035224593
227,1,BABA,20261108,228,0.15620708701133723,0.14620330534093556,0.14399580158871106,0.0336564901810406,0.10592759467725274,0.08644858662338042,0.010719228629047199,0.0,0.0,0.0,0.01362449616637675,0.08704766077423128,0.0,0.0,0.14425505576765132,0.03368049242932366,0.10601703482292622,0.0,0.0,0.23005551638159216,0.21366390570731444
228,1,BABA,20261108,229,0.14479255253827347,0.1307480152041539,0.12903512605674117,0.061512716106217134,0.11292669794367219,0.07843648391964894,0.010247794866525363,0.0,0.0,0.0,0.013098574328223311,0.08006491100752541,0.0,0.0,0.12873421014597047,0.061491904808042994,0.11276998090582888,0.0,0.0,0.23659862792729608,0.23928016604994584
229,1,BABA,20261108,230,0.14709129564280532,0.128061487284561,0.126996026570776,0.036554451554352614,0.10728834096863173,0.06727654651454361,0.01074946646790074,0.0,0.0,0.0,0.014459459812944789,0.06871751882178893,0.0,0.0,0.12747509236364596,0.036613221766600125,0.10772690126622232,0.0,0.0,0.2392686204667602,0.18418973382532802
230,1,BABA,20261108,231,0.130449900174677,0.10875730585690523,0.10761241472456567,0.04089268693705029,0.10512900663367274,0.062029162457241126,0.010392928471864548,0.0,0.0,0.0,0.012713314826040094,0.06325506326292728,0.0,0.0,0.10741838521512478,0.04092054903927114,0.10502618791370825,0.0,0.0,0.18336153427944335,0.1807681987047533
231,1,BABA,20261108,232,0.12614894994122414,0.13678055517931198,0.13575594626442244,0.04882579619472364,0.11504201315353785,0.04973173136256036,0.011031454896152487,0.0,0.0,0.0,0.01455705396161593,0.05045476287950733,0.0,0.0,0.13604791199395186,0.048862872547078655,0.11522908188092028,0.0,0.0,0.2812447332255775,0.25043370184285074
232,1,BABA,20261108,233,0.13967261240397183,0.15189479420032756,0.15065337710658236,0.047592744796270334,0.09472091355977814,0.09541075692614935,0.010978814547783804,0.0,0.0,0.0,0.014739368851332495,0.09619153230468845,0.0,0.0,0.15065174534898973,0.04764619999566101,0.09474543562057022,0.0,0.0,0.21924440940225348,0.20269238817011934
233,1,BABA,20261108,234,0.1451460518545812,0.1306436858197094,0.12975711362946393,0.031670726947996546,0.12596041266099073,0.08779735112561313,0.01072129453508566,0.0,0.0,0.0,0.013835379252644317,0.08848048963226715,0.0,0.0,0.12944114632776205,0.031675921798711704,0.1259686299876624,0.0,0.0,0.23958996654914774,0.1963087502643774
234,1,BABA,20261108,235,0.12350621394494828,0.1249165728822847,0.12312346572129376,0.04156484370933945,0.09491470628734068,0.07528574897674913,0.010215023730728037,0.0,0.0,0.0,0.012871076077258962,0.07661383230162991,0.0,0.0,0.12322679097426324,0.04162610059531943,0.09490730286513244,0.0,0.0,0.21215094384673414,0.18728125180873145
235,1,BABA,20261108,236,0.12618506306937197,0.10087761193053371,0.10013275655682603,0.055041859334484425,0.07034402490766796,0.082454099841781,0.010988329040753296,0.0,0.0,0.0,0.014068969733214498,0.08282315697892836,0.0,0.0,0.10021078451513628,0.05510021469485143,0.07047286436689536,0.0,0.0,0.17037921122694324,0.1945727555686316
236,1,BABA,20261108,237,0.11266067730831894,0.1000529570216187,0.09887116472154171,0.055006696718522034,0.0882646267632368,0.0725938057780727,0.01091689493213563,0.0,0.0,0.0,0.014209953611078657,0.07428570597490884,0.0,0.0,0.09899355448915408,0.05513478801395909,0.08843481238048699,0.0,0.0,0.31133658162276756,0.29147103541774105
237,1,BABA,20261108,238,0.1585538666590525,0.1622436004110713,0.1594231104883933,0.034683374870473675,0.12053074334265693,0.08166181578530061,0.011475398544670213,0.0,0.0,0.0,0.015380212704843974,0.08330287644714768,0.0,0.0,0.15922898155223317,0.034759965997015745,0.12055551917317323,0.0,0.0,0.23625387094270278,0.23298272130190353
238,1,BABA,20261108,239,0.14515241280406155,0.13646959519392698,0.13528887745953921,0.025626212559701402,0.09844022674504292,0.09055214000887293,0.01111882321246777,0.0,0.0,0.0,0.01454023716868797,0.09092424073096739,0.0,0.0,0.13583250250740214,0.025642529077664088,0.09851489086678855,0.0,0.0,0.16523209284870816,0.1741113437033577
239,1,BABA,20261108,240,0.1965596975707591,0.17092255296127115,0.16886631490138057,0.03654354918455203,0.14964616069218378,0.08511208896328018,0.01094431920187128,0.0,0.0,0.0,0.014460220613598928,0.08666171449205308,0.0,0.0,0.16831062399270472,0.03639846082618999,0.14885171618908175,0.0,0.0,0.17313404689134126,0.14640581963785781
240,1,BABA,20261108,241,0.1855228884632435,0.14260595387872588,0.1408263410747847,0.0481348149516646,0.09538277896547293,0.11897335456041096,0.010750817518026083,0.0,0.0,0.0,0.013832622872428405,0.12092837481615111,0.0,0.0,0.1410996169276725,0.04827276838442765,0.09554827678866058,0.0,0.0,0.22352218410130878,0.21598852068226668
241,1,BABA,20261108,242,0.14241628554441885,0.10989655215462782,0.1089065013429785,0.03483598918303303,0.09398558601952225,0.07161301552443361,0.010726912206385636,0.0,0.0,0.0,0.013985875285457383,0.07264544907071416,0.0,0.0,0.10846909954451583,0.03482303544554727,0.09374354606839871,0.0,0.0,0.23874664032943593,0.22736841001180286
242,1,BABA,20261108,243,0.12454865152896752,0.14164977453970407,0.1398111445821423,0.0407006640948994,0.10313520274448831,0.07477408894679954,0.010256951238404158,0.0,0.0,0.0,0.01293185290126164,0.0766004293779068,0.0,0.0,0.14036195765686263,0.04084491130668538,0.10356862288966842,0.0,0.0,0.2573364091049703,0.2414020930471113
243,1,BABA,20261108,244,0.1301528195256441,0.11159440242077993,0.11052590018864579,0.04420674284822048,0.1124520296804076,0.06099073160990757,0.010751239194236312,0.0,0.0,0.0,0.013980497691495473,0.06221703405766619,0.0,0.0,0.11072520070131722,0.04424672910843694,0.11279926158087684,0.0,0.0,0.2017601231290391,0.2039568050419779
244,1,BABA,20261108,245,0.17301422606770012,0.21099122137812798,0.20809977461769988,0.057279893620136815,0.19167260588041696,0.0811043787970836,0.011535903690223911,0.0,0.0,0.0,0.016302767804238772,0.08401630797088407,0.0,0.0,0.2081553193704795,0.05718003926816183,0.19184850136933798,0.0,0.0,0.29367650416799157,0.26587699133654175
245,1,BABA,20261108,246,0.17021867755746983,0.1418772877371652,0.14038404906361598,0.03511707353267889,0.11006446269041424,0.08624660626930979,0.011703969830476403,0.0,0.0,0.0,0.015920388411852615,0.08696742447143882,0.0,0.0,0.140645296130657,0.03503805838105605,0.11007109272038251,0.0,0.0,0.2730375172510964,0.2617282153579059
246,1,BABA,20261108,247,0.14076395620789725,0.11788221482880559,0.1163388708553281,0.05055875198640783,0.07422478088187749,0.0861531578031483,0.010652172534758322,0.0,0.0,0.0,0.013886420230564923,0.08718234315101099,0.0,0.0,0.11695803815609261,0.05071551663253539,0.07447875688096255,0.0,0.0,0.25530548053346036,0.26291016900898073
247,1,BABA,20261108,248,0.13371825617029287,0.11413488029395118,0.1131327709689486,0.04365234892455306,0.09548969252756276,0.08662900173280157,0.010292352788588543,0.0,0.0,0.0,0.013666907558165601,0.08785840522362902,0.0,0.0,0.11333313296595582,0.0437977117708104,0.09545047090257637,0.0,0.0,0.2617441081611093,0.2182360967314481
248,1,BABA,20261108,249,0.14270186382159789,0.14591979432177896,0.14296882316323956,0.043124790135353204,0.13276570085753128,0.06723211324151715,0.011083193728707322,0.0,0.0,0.0,0.014890761365095354,0.06830072473470024,0.0,0.0,0.14305168262376258,0.04309783521432926,0.13280976294332264,0.0,0.0,0.26757452827035794,0.2716424284681232
249,1,BABA,20261108,250,0.1431486585096145,0.14427856205026185,0.14307081999014906,0.05379514159135626,0.11521086126303808,0.07137508692707814,0.010970289626653284,0.0,0.0,0.0,0.013849504465460738,0.0721924858615018,0.0,0.0,0.1430436422197427,0.053668111070313634,0.11516471411024619,0.0,0.0,0.24033024243053672,0.16939195232975804
250,1,BABA,20261108,251,0.1757541691366833,0.1426093443146619,0.14126207176252528,0.0530866163977956,0.09484091247206894,0.07739786472108155,0.010930750683088778,0.0,0.0,0.0,0.014240092910027922,0.07845641999036308,0.0,0.0,0.1412071902363711,0.053107254303420406,0.09484356889648321,0.0,0.0,0.238509973855125,0.22755159467316954
251,1,BABA,20261108,252,0.10105976772809852,0.11091096721034566,0.10932399229843,0.06383338284666436,0.09163040331897833,0.0762380135554269,0.011148392508798092,0.0,0.0,0.0,0.01457831274293097,0.07799588828427256,0.0,0.0,0.10976493285742858,0.0642526074864206,0.09211312243222974,0.0,0.0,0.15549936167655593,0.14560749810481574
252,1,BABA,20261108,253,0.13324642577736065,0.10070469016823719,0.09997764504534826,0.056496185745928885,0.07449931894881644,0.0849331455717832,0.010464423732019048,0.0,0.0,0.0,0.013364482123062611,0.0854407045529033,0.0,0.0,0.09990157023987244,0.05650888609591977,0.07442444453737056,0.0,0.0,0.24462336182461744,0.23595411495888588
253,1,BABA,20261108,254,0.12057828419369358,0.08018214229031127,0.07933857957668601,0.03744057235533845,0.06969450655497839,0.07985230875768015,0.011479077556892099,0.0,0.0,0.0,0.015229243659257033,0.08158317775128061,0.0,0.0,0.0793590875669009,0.03762524135251216,0.06994157609738184,0.0,0.0,0.2976588057783453,0.23477286839743322
254,1,BABA,20261108,255,0.14252557965669604,0.1095120423676992,0.10840970110890516,0.04182586908695032,0.08714066450508928,0.07237031487380916,0.01083568601743328,0.0,0.0,0.0,0.014213199523367935,0.07309844219705249,0.0,0.0,0.10841094994351584,0.041902153614416376,0.0875262728755722,0.0,0.0,0.3076705505899768,0.26462409719442254
255,1,BABA,20261108,192,0.15598102386459783,0.1485511790729477,0.146811741470521,0.03706247368133888,0.13769447315369507,0.0616464789260574,0.01016411576778154,0.0,0.0,0.0,0.013188977328316212,0.06357248803301413,0.0,0.0,0.14648006827921792,0.03688142602064163,0.13747997578665488,0.0,0.0,0.259734112594096,0.22458951780586303
128,0,ABAB,20261109,129,0.15002080754682195,0.13819982703297845,0.13669511741044416,0.043811386887038124,0.10915774098268248,0.0757972002024328,0.010462554158720406,0.0,0.0,0.0,0.014427127990178512,0.07729164082601575,0.0,0.0,0.13708426894812215,0.04397559426586794,0.10934889225321744,0.0,0.0,0.23662440845275393,0.21321851029624972
129,0,ABAB,20261109,130,0.1700464987704287,0.1706947834723239,0.16668408430546958,0.05658531697358294,0.1283139436356178,0.0931857377596961,0.010340330664206863,0.0,0.0,0.0,0.013938071254923313,0.09675963977334165,0.0,0.0,0.16674411717389034,0.05643541915302178,0.1281655574761948,0.0,0.0,0.30403500449208926,0.24553088398997117
130,0,ABAB,20261109,131,0.13305491722108306,0.14071888521926276,0.1395609493962589,0.04157935976525197,0.1139820279636853,0.06518185413357613,0.010306303836598956,0.0,0.0,0.0,0.014085533636920248,0.06604096270183354,0.0,0.0,0.13968918693375337,0.04154259718865215,0.11407684843909893,0.0,0.0,0.28252165688905795,0.24312045117347647
131,0,ABAB,20261109,132,0.16876996659078314,0.17730461210265588,0.17486548519261724,0.053895319602647464,0.13823936790145575,0.08683347699169415,0.011437316339481694,0.0,0.0,0.0,0.016217834794849704,0.08906340014523945,0.0,0.0,0.17523186205268,0.05383620115239124,0.1386864018296765,0.0,0.0,0.19651095800099477,0.16936345590639407
132,0,ABAB,20261109,133,0.16842922425458845,0.12725698944338037,0.12627968018147065,0.0473758964233532,0.0979131571090619,0.09387237653019008,0.011536432544853656,0.0,0.0,0.0,0.016241128163425333,0.09528005308395439,0.0,0.0,0.12610043207518484,0.04727846231211704,0.09801955011654255,0.0,0.0,0.21386386265595383,0.19762162980145223
133,0,ABAB,20261109,134,0.10513910261023818,0.1251875535474162,0.12384018432278325,0.031137674328918792,0.09366322903382653,0.09150403161506873,0.010538354728578319,0.0,0.0,0.0,0.014437402003209773,0.09295436253135324,0.0,0.0,0.1241854045576269,0.031440736704385776,0.09388328656990366,0.0,0.0,0.3115695944168715,0.31962949163314214
134,0,ABAB,20261109,135,0.1840960976065932,0.1371990790140943,0.1352096015774874,0.028299006916061086,0.08652898137163746,0.08302073213355919,0.010765937255368077,0.0,0.0,0.0,0.014907676541368138,0.08561324817157002,0.0,0.0,0.1349262396917226,0.02827344993993974,0.08628081934226162,0.0,0.0,0.292705702478058,0.2891926268517701
135,0,ABAB,20261109,136,0.13032220624438243,0.11303019339195261,0.11165936613643396,0.05034573362445369,0.08588918800365515,0.08246438595735872,0.011055807827401393,0.0,0.0,0.0,0.015057992683792685,0.08469802312312864,0.0,0.0,0.11168381065273889,0.050345125486072645,0.08587485646472627,0.0,0.0,0.23233675114767519,0.21236200771577682
136,0,ABAB,20261109,137,0.13134171436672815,0.13393724432153453,0.13313471072129832,0.03126080325130582,0.1068114719086534,0.07361982089851002,0.011311176061036647,0.0,0.0,0.0,0.01555264226419139,0.07407988887939056,0.0,0.0,0.13361439743539302,0.03129987925964087,0.1074633698684232,0.0,0.0,0.2522973942164327,0.2131674091709458
137,0,ABAB,20261109,138,0.19185291506883836,0.14708601190555945,0.1455947777725598,0.03292750785198081,0.12066406009259384,0.075775156448052,0.011165901456128386,0.0,0.0,0.0,0.015757712615863624,0.07730964576093573,0.0,0.0,0.14553539240801622,0.0329636258022708,0.12076231287263685,0.0,0.0,0.2169833793050867,0.18183572786327648
138,0,ABAB,20261109,139,0.12400978710400913,0.10866980486755178,0.10751114733326327,0.05076229826170392,0.10204859747994334,0.07627396939651562,0.011212900782223954,0.0,0.0,0.0,0.015516827409547514,0.07780840804480686,0.0,0.0,0.10757363470569561,0.05090127971579564,0.1019878794374673,0.0,0.0,0.18331729760305565,0.1641285943318538
139,0,ABAB,20261109,140,0.10629666617565889,0.12253254601607787,0.12145367996874934,0.0479973354105884,0.10077051638315539,0.08872778095400267,0.010998522253034985,0.0,0.0,0.0,0.014926339446147852,0.08958885562518215,0.0,0.0,0.12166194316318904,0.04794341218973374,0.10090972971555842,0.0,0.0,0.2786861805558624,0.21488984423535698
140,0,ABAB,20261109,141,0.16230000510440767,0.15493340817479354,0.15364849129403757,0.034852166366346304,0.1199618545628147,0.08192406729426216,0.010610515947773829,0.0,0.0,0.0,0.014788089458856325,0.08441791732001984,0.0,0.0,0.15395310760497738,0.03500421000866737,0.12002624604522112,0.0,0.0,0.2913242709556711,0.21858108776673033
141,0,ABAB,20261109,142,0.14442696148952783,0.147317872067112,0.14629532524399222,0.05099115644503146,0.09880391782469808,0.07198212074926617,0.01070334456010679,0.0,0.0,0.0,0.014455349473530813,0.07265873313489223,0.0,0.0,0.1466782267711405,0.05103063397535827,0.099042082050309,0.0,0.0,0.2229925999408166,0.1622528256493108
142,0,ABAB,20261109,143,0.14490045822134762,0.15260731293381774,0.15092930857265952,0.03237873728311798,0.11823885796556666,0.08174826519441941,0.011056615616842017,0.0,0.0,0.0,0.014917323783501558,0.08295703143656358,0.0,0.0,0.15116997561782924,0.03244993660346832,0.11843903639704317,0.0,0.0,0.2062054762223619,0.18089034032301213
143,0,ABAB,20261109,144,0.14458876211042107,0.16145631158281915,0.15959492117840096,0.0750600295069805,0.1154310358632381,0.09547612306676503,0.011392937056539945,0.0,0.0,0.0,0.015362939506541669,0.09635951441410184,0.0,0.0,0.16032775984056188,0.0756340493845234,0.11571713465879045,0.0,0.0,0.21800573557902722,0.20388498496052027
144,0,ABAB,20261109,145,0.14232980668261636,0.1338678112532338,0.1327695571528628,0.03943567718742687,0.08912100258530019,0.09529303184903498,0.010918433659017169,0.0,0.0,0.0,0.014676973141909336,0.09619191308613156,0.0,0.0,0.133100593356409,0.03966830421704306,0.08952933863146163,0.0,0.0,0.2519363764392421,0.2551213052417419
145,0,ABAB,20261109,146,0.10663591601180636,0.09028196597061706,0.08940374043787333,0.036389231145425735,0.08238058990298923,0.073909944319241,0.010424716383793376,0.0,0.0,0.0,0.014000650445264867,0.07518192535949528,0.0,0.0,0.08940797712729111,0.0362269578409833,0.08218688782663577,0.0,0.0,0.26085238538553684,0.2461251265011143
146,0,ABAB,20261109,147,0.13361205215997818,0.12706837368365057,0.12608218420776063,0.04265048077208881,0.11021194672879636,0.07834384992901916,0.01099991864890861,0.0,0.0,0.0,0.015345029801819765,0.07998276595025464,0.0,0.0,0.12585294491091828,0.04262174915222996,0.1101603845572127,0.0,0.0,0.21066367470026745,0.19973818568497675
147,0,ABAB,20261109,148,0.171620788706337,0.14810867944349812,0.14633421559600285,0.04448045420763208,0.10629816774796796,0.08663256181377141,0.011082381106375412,0.0,0.0,0.0,0.014911506713220673,0.08724322532940045,0.0,0.0,0.14653456140528537,0.04439300164559363,0.1061976278760207,0.0,0.0,0.2449203661374694,0.2234400704467553
148,0,ABAB,20261109,149,0.14678530211995988,0.14458233077880128,0.14328198508882276,0.042803914650243254,0.11343330765391085,0.10178721434359682,0.010315653785485534,0.0,0.0,0.0,0.014418639184021762,0.10391651256921562,0.0,0.0,0.14322353165009988,0.04288794873060116,0.11345041156924769,0.0,0.0,0.22916562382513722,0.1847660018493019
149,0,ABAB,20261109,150,0.1663220568111863,0.13420415707120786,0.13301890095040853,0.05491236518704083,0.12005233054687417,0.0751926154506476,0.010960373200029874,0.0,0.0,0.0,0.01523290432667811,0.07715865197461336,0.0,0.0,0.13310051452932456,0.05516122243225582,0.12005604056407185,0.0,0.0,0.2589099702054583,0.21731785656021235
150,0,ABAB,20261109,151,0.13662385588762951,0.12380322117088213,0.1230662513052171,0.06658706182806859,0.1067191701371895,0.08889566414728974,0.010916317107415857,0.0,0.0,0.0,0.014661655912380486,0.09019921475368937,0.0,0.0,0.12307055675280924,0.06658434432962297,0.10679554862034403,0.0,0.0,0.23133361365089983,0.1924623297865323
151,0,ABAB,20261109,152,0.16357974236228212,0.1525053061596102,0.15071254625898206,0.0428386035586473,0.11852329918711872,0.0848910723788851,0.011182343486346724,0.0,0.0,0.0,0.015721495413144423,0.08661360834093294,0.0,0.0,0.15083665831620827,0.042889450420155274,0.1187140168317363,0.0,0.0,0.2722099907015668,0.21352145677099216
152,0,ABAB,20261109,153,0.15732990031070138,0.1708788847260261,0.16741650540682165,0.056002636521115035,0.11692937352295434,0.11851231483395927,0.011162921959228024,0.0,0.0,0.0,0.016259127522437817,0.12251442285484457,0.0,0.0,0.16779457785036514,0.05605815170208314,0.11704032422121217,0.0,0.0,0.23163710096342724,0.16232524055142497
153,0,ABAB,20261109,154,0.13646473819159927,0.12610459191017762,0.12492742900275075,0.03094381576086285,0.10579647821872341,0.08140376432821375,0.011306065561205895,0.0,0.0,0.0,0.015313660827659134,0.08249591962634538,0.0,0.0,0.12502021683285777,0.031088573656441097,0.10592915008803436,0.0,0.0,0.2754613988937515,0.21794217776559544
154,0,ABAB,20261109,155,0.17569515389669982,0.15404011365597048,0.15246711780782876,0.06905751569292802,0.11934668214672103,0.096149733135461,0.010792748896497182,0.0,0.0,0.0,0.014967661442311543,0.09774418693229646,0.0,0.0,0.15220279077897322,0.06889525207305532,0.1190941374318281,0.0,0.0,0.2981230674421249,0.28685138792593917
155,0,ABAB,20261109,156,0.16408944038969975,0.15886249603087385,0.15716992344252698,0.0325153379101244,0.11991775185818064,0.06827321425277351,0.011029849701445693,0.0,0.0,0.0,0.015354416163818288,0.06993993828311361,0.0,0.0,0.15785110972113986,0.03253952022621274,0.12058914264830783,0.0,0.0,0.28920484125425266,0.2892729301389615
156,0,ABAB,20261109,157,0.18778744859530985,0.1555886994762655,0.15411189172829146,0.029840186750381064,0.10731892286206118,0.12165027588913574,0.010408379400542938,0.0,0.0,0.0,0.013806359695273796,0.12292114699220494,0.0,0.0,0.15407672379362441,0.029803071666763766,0.10728939326384467,0.0,0.0,0.20578113124012798,0.1927171637664874
157,0,ABAB,20261109,158,0.15541101796290538,0.1280218084695873,0.12732110719866702,0.0379641672027584,0.11954633061163701,0.09088856366762083,0.010899660773429473,0.0,0.0,0.0,0.015150532308708664,0.09374996518786421,0.0,0.0,0.12754320838251396,0.03799887776622672,0.1196946168388753,0.0,0.0,0.2842742857976318,0.26988025591910764
158,0,ABAB,20261109,159,0.15643180415840024,0.14692544621822534,0.14577225251265488,0.03983398673771646,0.11529794352720923,0.0817540438649096,0.010433554201753136,0.0,0.0,0.0,0.01449544441332862,0.08271448537438232,0.0,0.0,0.14548655596249427,0.03971294658070393,0.11515017819576222,0.0,0.0,0.1793298720121264,0.1782106699858038
159,0,ABAB,20261109,160,0.15677169228799603,0.12002544346280461,0.11852705337062612,0.03981544131200627,0.10364267715430266,0.08843351229605219,0.01130173972141712,0.0,0.0,0.0,0.01535192360621053,0.09094656487442795,0.0,0.0,0.11872615185448449,0.03990472655909522,0.10390729176624365,0.0,0.0,0.2468987293950399,0.23122797457326286
160,0,ABAB,20261109,161,0.1855203289483818,0.15858548773316894,0.15690432983274152,0.04431999276767878,0.1040551072770567,0.10267183145996524,0.011354857797575713,0.0,0.0,0.0,0.015805449931803005,0.10389108576058162,0.0,0.0,0.15671219807829134,0.04421282800375881,0.10407157358130652,0.0,0.0,0.19893374559459553,0.18071268050423156
161,0,ABAB,20261109,162,0.12477803529541212,0.09890602875499722,0.09821870164766705,0.04349656430072374,0.07828173372019252,0.06664106222783385,0.010562399338194145,0.0,0.0,0.0,0.014477225746138673,0.06755892498945916,0.0,0.0,0.09843583176927667,0.04379835611116909,0.0785024967702774,0.0,0.0,0.2324440472441661,0.2171666475218685
162,0,ABAB,20261109,163,0.1722023011420035,0.1699793556044011,0.16851642594318653,0.03794662064774638,0.12988679467619504,0.08532805722224572,0.010673559830343782,0.0,0.0,0.0,0.014718164053689075,0.08712323768506151,0.0,0.0,0.1685932116545683,0.03802700483023251,0.12980019468697349,0.0,0.0,0.2534432862151026,0.24716877189785058
163,0,ABAB,20261109,164,0.12460755486797417,0.14073689851973,0.1391693473883978,0.04784681746223279,0.10768963660257835,0.07324242439081904,0.0106369423314805,0.0,0.0,0.0,0.014311433878737907,0.07448112361684665,0.0,0.0,0.13927064085925425,0.04788299734498374,0.10775225524554316,0.0,0.0,0.27931696819827617,0.27037417357135074
164,0,ABAB,20261109,165,0.15377027817430053,0.14642713704111832,0.14455757368499778,0.05973252299007077,0.11209410354813713,0.07284564943522552,0.011277260350200767,0.0,0.0,0.0,0.015027851166358816,0.07505882825382458,0.0,0.0,0.14465253823551288,0.05988942994087947,0.1121345934038878,0.0,0.0,0.24159172850122695,0.22658844667251501
165,0,ABAB,20261109,166,0.1536855266951723,0.1437723701265334,0.14280966340677292,0.04655991557224567,0.12834234805023864,0.0598520391257265,0.010883509370830111,0.0,0.0,0.0,0.014961971022908688,0.0610394471561026,0.0,0.0,0.14244353219986938,0.0465129889567987,0.12812541692851476,0.0,0.0,0.26697208997653904,0.2598390695892659
166,0,ABAB,20261109,167,0.15513181143077612,0.14324875446396618,0.1422460579908168,0.05409708945320755,0.10730411605337724,0.10558334411502848,0.010439534383915691,0.0,0.0,0.0,0.014600951465227021,0.10747956413913731,0.0,0.0,0.1420244068831433,0.054122087855952766,0.10734338641254802,0.0,0.0,0.2941080991702654,0.300066332927066
167,0,ABAB,20261109,168,0.16659730792251637,0.1377141419392886,0.1366010498236276,0.045676842401553314,0.09514229478010319,0.09430726856676097,0.011524285270666795,0.0,0.0,0.0,0.01576974106648478,0.09645708580485882,0.0,0.0,0.1369561812662688,0.04584163213168604,0.09522437325638074,0.0,0.0,0.2716014262788569,0.2522144268033114
168,0,ABAB,20261109,169,0.14256728145892583,0.13395169131416595,0.13295902572581114,0.037005190407974564,0.09813516194401059,0.08814215261915356,0.01009355988895607,0.0,0.0,0.0,0.013032712698080633,0.08825424230298837,0.0,0.0,0.13284399994064672,0.03690676303888571,0.09814695063993177,0.0,0.0,0.24596397988245602,0.20921549601914732
169,0,ABAB,20261109,170,0.12834782422314597,0.12031987822882888,0.11932596918345222,0.050941092311164594,0.10910372673379098,0.08057417965480743,0.011118849561877817,0.0,0.0,0.0,0.015184295144140708,0.08174749243359582,0.0,0.0,0.11908215832380034,0.050890786583464395,0.10887317373221513,0.0,0.0,0.23916212824480382,0.19688054517589418
170,0,ABAB,20261109,171,0.11468101911179114,0.1385529296000593,0.13749453594211725,0.050201660949749496,0.12771863329688565,0.06774353417741294,0.010583358684288342,0.0,0.0,0.0,0.013916882786891339,0.06865151398587141,0.0,0.0,0.13741983359835316,0.050146516839153006,0.12784625350934983,0.0,0.0,0.2673887343572144,0.25511999307472577
171,0,ABAB,20261109,172,0.17216171108471634,0.16982799742003227,0.16841641255217105,0.04943227121632631,0.16317747662625257,0.08562129105918735,0.011018828574365416,0.0,0.0,0.0,0.015430594629932704,0.08715900255622736,0.0,0.0,0.16837660224510936,0.04931969034942262,0.1630516948240186,0.0,0.0,0.2584369833365168,0.2430735357046543
172,0,ABAB,20261109,173,0.1360139579958546,0.10857778341593927,0.10780997802963478,0.06262288587882,0.09815014295138516,0.08523342499657308,0.010695316021830105,0.0,0.0,0.0,0.014514691651877045,0.08598581057459703,0.0,0.0,0.10784854639871361,0.06281298229070649,0.09831996363391657,0.0,0.0,0.2235567611649468,0.20649172859942197
173,0,ABAB,20261109,174,0.1417511094473966,0.1449627096035319,0.1434021536456224,0.04260079744584112,0.10203536701876563,0.09351083689787328,0.011455152791711635,0.0,0.0,0.0,0.015665512946118287,0.09452974435629244,0.0,0.0,0.14310840387510101,0.04255585035144278,0.10218362852789627,0.0,0.0,0.2442949665402541,0.24270500419885693
174,0,ABAB,20261109,175,0.14910372323259888,0.13757865131220165,0.136469156120758,0.03591757232761898,0.1153199660249766,0.07739558394719775,0.010391262036668911,0.0,0.0,0.0,0.013919926882706447,0.07830605703379229,0.0,0.0,0.13648571601969278,0.0359158136932876,0.11550322275182902,0.0,0.0,0.26623105506891664,0.21619302772223947
175,0,ABAB,20261109,176,0.19145332349651709,0.13916186519532084,0.13775574232307505,0.05178491351070826,0.11839524213702247,0.08028367767226073,0.010575077984534926,0.0,0.0,0.0,0.014764013960590607,0.08329078219607458,0.0,0.0,0.13773027983035988,0.051812567690668984,0.11845263075528716,0.0,0.0,0.2110717836229456,0.19260103032965115
176,0,ABAB,20261109,177,0.14780767345773738,0.14451310964359584,0.14328112497819212,0.05790368971938521,0.11284866465117702,0.07974490558295838,0.010652822872452011,0.0,0.0,0.0,0.014655262898788254,0.08163714890863986,0.0,0.0,0.14364346622018903,0.0581252762378444,0.11319647872460382,0.0,0.0,0.19549973482601843,0.14946672058394142
177,0,ABAB,20261109,178,0.13812587116321562,0.14018312955809598,0.13831562873543238,0.03961901469627763,0.11605918613001968,0.08441334190417903,0.010975994373934535,0.0,0.0,0.0,0.015898784721591168,0.08712586068890929,0.0,0.0,0.13817205066118207,0.03961740797577799,0.11597024900637881,0.0,0.0,0.277173455883146,0.22725919202383496
178,0,ABAB,20261109,179,0.14026868343056792,0.11145409632496439,0.11062384695334795,0.04494643278080278,0.08803340713002335,0.08372591821459169,0.01137881938616427,0.0,0.0,0.0,0.01533833103513953,0.08518992640219299,0.0,0.0,0.11076818286505308,0.04513305261949272,0.0883758371598811,0.0,0.0,0.21437603981365977,0.15873965038279125
179,0,ABAB,20261109,180,0.14809609265439325,0.13432604839602866,0.13339713674009598,0.04478795662956011,0.0977109335039452,0.10114738173902363,0.01033237070033755,0.0,0.0,0.0,0.013878269797113197,0.10221182527175023,0.0,0.0,0.1332337011136969,0.04468752203295307,0.09758544759076747,0.0,0.0,0.24178512461622056,0.2461137383611816
180,0,ABAB,20261109,181,0.1842034443705147,0.1737754879355968,0.17169595900661852,0.042146974325898576,0.14885412107871515,0.07369410757143569,0.01049613803179009,0.0,0.0,0.0,0.014772905345344216,0.07620550056602031,0.0,0.0,0.17157511671810277,0.04212760070758978,0.1484336186769951,0.0,0.0,0.29438794414411107,0.26233810481207165
181,0,ABAB,20261109,182,0.16636919777069606,0.15575786243480202,0.15429944591401623,0.044706021326515924,0.11119449599450672,0.08675953749814012,0.010603134120883656,0.0,0.0,0.0,0.014659523744611937,0.08854244487256609,0.0,0.0,0.1543621760343235,0.04465231112870338,0.11126778150361888,0.0,0.0,0.2668991081296245,0.24195421564315314
182,0,ABAB,20261109,183,0.1495955048237974,0.11327090865934868,0.1126453511253795,0.048177231011407265,0.12361434060030407,0.08240206798077879,0.01099530507854823,0.0,0.0,0.0,0.015610843864235837,0.08394153789814002,0.0,0.0,0.1126072149424329,0.04811870900412349,0.12336718436101193,0.0,0.0,0.226740003145209,0.20513925732285967
183,0,ABAB,20261109,184,0.13549023731143686,0.1197105726220287,0.11874900427216704,0.0415138922752971,0.09795556500427467,0.06259816230319493,0.010387234259008034,0.0,0.0,0.0,0.01357572623388637,0.0638608590077535,0.0,0.0,0.11838414961242123,0.0413927352610118,0.0976515418128162,0.0,0.0,0.29958834589782607,0.295523878334806
184,0,ABAB,20261109,185,0.1595028106891152,0.1532888233451524,0.1515508655772732,0.03813897680685896,0.11244768487854097,0.06926690178318905,0.010805463991438011,0.0,0.0,0.0,0.014934028608391775,0.07098250694507457,0.0,0.0,0.15194538011992398,0.038370549903713434,0.11272672603686174,0.0,0.0,0.3214898561734274,0.2962338356338402
185,0,ABAB,20261109,186,0.17078302506268705,0.1789082544424942,0.17660648901501844,0.04973300329067515,0.12874588029454753,0.08009864155784173,0.010652683716767744,0.0,0.0,0.0,0.014682405719171683,0.08230545416609975,0.0,0.0,0.17681452615541302,0.04977040533656582,0.1288964774574867,0.0,0.0,0.2795623290112979,0.2550849773398906
186,0,ABAB,20261109,187,0.11855136955278037,0.1239568708466951,0.12281133551961206,0.044757112246108566,0.11940694742001069,0.06833084508733457,0.011051962534692756,0.0,0.0,0.0,0.015102433654494315,0.0698098089997476,0.0,0.0,0.12312176855414068,0.04498848206337397,0.1196917145703884,0.0,0.0,0.24766564056217855,0.21362243825291397
187,0,ABAB,20261109,188,0.13904425861633393,0.12411242706220808,0.12278652764813001,0.038926148006045366,0.11446480046308156,0.0813883877426111,0.011053621029554853,0.0,0.0,0.0,0.015167892060120166,0.08365628492092433,0.0,0.0,0.12290788323614985,0.039037053141155645,0.11471528387891554,0.0,0.0,0.23070610707765185,0.1948545578416524
188,0,ABAB,20261109,189,0.14942377511430313,0.10776907531966967,0.10701551285144051,0.03606474393903368,0.06691465524590927,0.06831521174358719,0.01062556637879187,0.0,0.0,0.0,0.014210028453377706,0.06902526802338253,0.0,0.0,0.1068908992781092,0.036047978693014106,0.06672925675614472,0.0,0.0,0.2284618787040706,0.2016949326709502
189,0,ABAB,20261109,190,0.1723600137055816,0.1582313817867618,0.15672270805932645,0.03239051090346635,0.1116582011863663,0.07782983982536373,0.011678539826918504,0.0,0.0,0.0,0.01614999695483583,0.07944705427699796,0.0,0.0,0.15640267640264038,0.032375126369203366,0.11141813216278795,0.0,0.0,0.2657059262471703,0.22197586365412397
190,0,ABAB,20261109,191,0.11518879819434873,0.1191146557683537,0.11819308203289777,0.05027998083589635,0.0891337900217295,0.09175781728582463,0.011718423721304569,0.0,0.0,0.0,0.016193694911016198,0.09203894645258981,0.0,0.0,0.11839224674125919,0.05058381242381252,0.08938782132991685,0.0,0.0,0.28876457066395894,0.2495895184737156
191,0,ABAB,20261109,128,0.12081650300237984,0.11905085984886542,0.11753283431764958,0.04115921336867671,0.09229347892988245,0.07258326624718461,0.010280161273548256,0.0,0.0,0.0,0.013411984907731529,0.07467724942804327,0.0,0.0,0.11737985479174173,0.04130201391192004,0.09215457275192068,0.0,0.0,0.32554526028855657,0.2509352091873669
192,1,BABA,20261109,193,0.12573150232775668,0.11613266234214356,0.11540856802788436,0.04387942954694478,0.08779657923470195,0.06620356043947848,0.01077129199954817,0.0,0.0,0.0,0.015209351830754557,0.06676356953052037,0.0,0.0,0.11521308883540346,0.043856557869637706,0.08768001446965085,0.0,0.0,0.26539200058391554,0.20447336301198837
193,1,BABA,20261109,194,0.15033512594944448,0.14630468533906776,0.14484734075153158,0.04556344111398995,0.11887487708230175,0.08705791793297918,0.01016348327298052,0.0,0.0,0.0,0.014081922057487022,0.08823779327591554,0.0,0.0,0.144738142394905,0.04544964501018602,0.11848290865034214,0.0,0.0,0.26246324019881717,0.21864384490650396
194,1,BABA,20261109,195,0.16471843168305816,0.15139939143911527,0.14969392441541926,0.03571846651926121,0.10167525982322766,0.09782353617967228,0.010491017559519039,0.0,0.0,0.0,0.014741911665976597,0.1007084865201247,0.0,0.0,0.15018491465829364,0.03594154252133615,0.10181091548058589,0.0,0.0,0.3131556557558604,0.21726905510190875
195,1,BABA,20261109,196,0.1068186927334401,0.11776281664068632,0.11647309316177297,0.048241846654492354,0.11819876762841573,0.07299565559879982,0.010118296844383673,0.0,0.0,0.0,0.014191989211483362,0.07530107853839928,0.0,0.0,0.1167037086938646,0.0482440100624714,0.11825839371481663,0.0,0.0,0.31457332673075106,0.21997647777848164
196,1,BABA,20261109,197,0.1748777624455865,0.16675031269609378,0.1650611415294413,0.06549212890746574,0.13207077969749717,0.09864943760822113,0.010391401473765242,0.0,0.0,0.0,0.014269880295789069,0.10019388880944595,0.0,0.0,0.1653026747869555,0.06538814773413906,0.1320501637982535,0.0,0.0,0.2525271638366344,0.19138768351177157
197,1,BABA,20261109,198,0.1582718503132419,0.13953978507119388,0.13857320929732375,0.04469134407689922,0.09645211399107402,0.08603247031162656,0.010043463579168741,0.0,0.0,0.0,0.013895018782025845,0.0870056670345596,0.0,0.0,0.13875213453137838,0.044834859443751235,0.0967096085914756,0.0,0.0,0.18402574471858352,0.15091004969202493
198,1,BABA,20261109,199,0.18798024623017628,0.1474670633462139,0.14567125308053208,0.03661584194364311,0.1154338125666355,0.09590266114493853,0.01028310176818172,0.0,0.0,0.0,0.014757696428350925,0.09998582512681213,0.0,0.0,0.1460714241354288,0.03666626246340445,0.11562609389323547,0.0,0.0,0.2535289195374612,0.18391986923949916
199,1,BABA,20261109,200,0.13416656254994244,0.12755139132010077,0.12376501199214636,0.031369513158252066,0.10381628363122801,0.07307225748037187,0.010382428620804943,0.0,0.0,0.0,0.015067797887768235,0.07480954247849717,0.0,0.0,0.12355070442221207,0.03144128099011422,0.103764498560279,0.0,0.0,0.30767137763059615,0.21261478056781344
200,1,BABA,20261109,201,0.15041326795337645,0.1517171975688729,0.1504195917885284,0.04346434995471124,0.12104383561293827,0.0779431713204512,0.010354421029867791,0.0,0.0,0.0,0.01474310267107672,0.07938131296051633,0.0,0.0,0.15025461894048617,0.04342246465265235,0.12082488984687252,0.0,0.0,0.2968713199196289,0.23018164347333622
201,1,BABA,20261109,202,0.16293927500561523,0.17267050621056326,0.16960611839123144,0.04488667120263094,0.11423942174548353,0.07699933912226728,0.010887937840872339,0.0,0.0,0.0,0.015794555722425656,0.07895730979586567,0.0,0.0,0.17006588061848782,0.044911773996495326,0.11445126012032619,0.0,0.0,0.24702355114705998,0.24595778353204614
202,1,BABA,20261109,203,0.1360388531872458,0.1036204795929898,0.10285860364204513,0.061334409275330765,0.09544017324216136,0.07108424413984804,0.010424180050486056,0.0,0.0,0.0,0.014699950481698407,0.07191311443687734,0.0,0.0,0.10270385834036308,0.06116158756553904,0.09527833721984544,0.0,0.0,0.34440485351978256,0.3110865348355491
203,1,BABA,20261109,204,0.1535244836121775,0.14890166566660273,0.14708383184444168,0.04845734283787041,0.08291048471203191,0.0913612618990866,0.00952852083693216,0.0,0.0,0.0,0.012780616752363163,0.09373872769291922,0.0,0.0,0.1472120220806587,0.04849389308310993,0.08289540717644998,0.0,0.0,0.2755766227968451,0.259197240199637
204,1,BABA,20261109,205,0.1552893089718954,0.1439220026641103,0.1426030953963859,0.047687374895878376,0.116538135323066,0.07769370364965253,0.010298141292374847,0.0,0.0,0.0,0.014495462486977743,0.07946799511943642,0.0,0.0,0.14253781991947986,0.04775038013895554,0.11678788824062719,0.0,0.0,0.23780589235274055,0.19869691635411918
205,1,BABA,20261109,206,0.15753565526461374,0.13863681171121225,0.13714980263413146,0.04702463819121234,0.10102075880291465,0.08205816816551198,0.009394358773546274,0.0,0.0,0.0,0.013228286760256922,0.0833674840944391,0.0,0.0,0.137488061491743,0.046885729350162386,0.10126874341524351,0.0,0.0,0.17157626788286678,0.1427964411444799
206,1,BABA,20261109,207,0.18308267519791402,0.19386740080638254,0.19143753321731838,0.06031714472325713,0.14216358671069212,0.12014743632000321,0.00970822841561525,0.0,0.0,0.0,0.013701012119983135,0.12206115209242964,0.0,0.0,0.19176972280562227,0.06015409587247066,0.1422880204997932,0.0,0.0,0.20185929706606337,0.1339593645658268
207,1,BABA,20261109,208,0.16731944555360428,0.14313390054382577,0.14173526863332137,0.04107500544148758,0.11861456224522858,0.09124964225479294,0.010340455416656373,0.0,0.0,0.0,0.014171015036285015,0.09273966253273548,0.0,0.0,0.14187367578455617,0.04103171002477892,0.11850817332006294,0.0,0.0,0.21120236296063952,0.20659264724074744
208,1,BABA,20261109,209,0.1834669505961599,0.19098874114866096,0.1873342560739469,0.054560031984055915,0.15762933369254087,0.08027091154240482,0.009793268774785032,0.0,0.0,0.0,0.014135856405959811,0.08419999422969275,0.0,0.0,0.18740723368185686,0.0547566199799085,0.15793965288723208,0.0,0.0,0.3122353503695956,0.2728837808532806
209,1,BABA,20261109,210,0.1612272434659091,0.12069018865989091,0.11935095196937515,0.05657978213889542,0.0924016048356145,0.08981499013661029,0.0105771020772258,0.0,0.0,0.0,0.014993724231710224,0.09090832176947536,0.0,0.0,0.1195547525367672,0.056563832582044414,0.09238317799099138,0.0,0.0,0.26298408916409177,0.24809603204454342
210,1,BABA,20261109,211,0.14458256500418953,0.12463839863609674,0.12345527984517603,0.044470156795880296,0.11305820091860826,0.06687750114214158,0.009744478814199741,0.0,0.0,0.0,0.013547476282868216,0.0690622744582284,0.0,0.0,0.12337479301033301,0.04475987399301246,0.11304759982141172,0.0,0.0,0.25252645466287993,0.2284236844665543
211,1,BABA,20261109,212,0.15237970660782799,0.13602496079656323,0.134660728319979,0.047570448850629644,0.11719437196875065,0.07676130040010817,0.009942700766167642,0.0,0.0,0.0,0.013587883721290925,0.07747801417021562,0.0,0.0,0.13463600154493702,0.047596874326451134,0.11712118281970546,0.0,0.0,0.24827537962458263,0.23871554598097325
212,1,BABA,20261109,213,0.17094600744595428,0.17962394363483622,0.17767120234093634,0.04029613169014125,0.146518230426893,0.08298570693554275,0.009508945911940014,0.0,0.0,0.0,0.013458672710736464,0.08624755579330394,0.0,0.0,0.1779178582696507,0.040311221740488665,0.14677381849476542,0.0,0.0,0.2275684906600123,0.19681443287266623
213,1,BABA,20261109,214,0.14465402552547682,0.12283960625642906,0.12180016707388176,0.046531446668466425,0.09533417476739867,0.09144611152079703,0.010117901248751985,0.0,0.0,0.0,0.0140354138707206,0.09213970305782715,0.0,0.0,0.1222689238230293,0.046579812202853614,0.09594660920350466,0.0,0.0,0.2657487878379634,0.2361814324679958
214,1,BABA,20261109,215,0.1861988551979698,0.18658709579122215,0.18431830078886655,0.06215735923919608,0.14951908964776994,0.09540216986835058,0.00992929489146214,0.0,0.0,0.0,0.014523148536749636,0.097198494143446,0.0,0.0,0.18454495266646262,0.06208676254358405,0.14969279704287744,0.0,0.0,0.23877395049601086,0.2460187120043191
215,1,BABA,20261109,216,0.13656525304063633,0.14807997671063164,0.14678249986884442,0.04568466756878301,0.11848607865406768,0.09926424671508156,0.00999370419962837,0.0,0.0,0.0,0.014395272228253876,0.10051243546432878,0.0,0.0,0.14708715292239088,0.04572140927080299,0.11873210259708489,0.0,0.0,0.2932754866658892,0.2768837313675979
216,1,BABA,20261109,217,0.17082351831170742,0.18697799901160578,0.18496128871962916,0.06456255307814698,0.15155266353920133,0.0545395888871901,0.01015175734840813,0.0,0.0,0.0,0.0147110457452166,0.056420189125037656,0.0,0.0,0.18514673627245326,0.06463374928792624,0.15163714391942906,0.0,0.0,0.3163978117406023,0.3122521161924475
217,1,BABA,20261109,218,0.2174408608939033,0.17424771088957236,0.17179831529113473,0.04517953040168707,0.1263967444859202,0.07692742434596855,0.0098344393345949,0.0,0.0,0.0,0.013881617813381377,0.07958341714370921,0.0,0.0,0.17180200514883195,0.04518560572237432,0.12642564911357404,0.0,0.0,0.2851126412910092,0.24919988484384334
218,1,BABA,20261109,219,0.15456299204897886,0.1096041306514836,0.1081418480274803,0.04233382174636096,0.09351308888395565,0.08468804530808198,0.010366252266345745,0.0,0.0,0.0,0.014835555833770641,0.08679490806604981,0.0,0.0,0.10864676985789655,0.04244597636882236,0.09359866508759114,0.0,0.0,0.2234344312060116,0.18553100004281942
219,1,BABA,20261109,220,0.16871029759327463,0.16556528997122452,0.1639397701983632,0.05165588914321145,0.10588937943858655,0.08187591256998741,0.01014195631721602,0.0,0.0,0.0,0.014272630153263355,0.08399209599555806,0.0,0.0,0.16378705754655562,0.05160782746269887,0.10584755821830799,0.0,0.0,0.20910731101299046,0.1804864346974314
220,1,BABA,20261109,221,0.16498361403290732,0.15108431738524658,0.148624778264123,0.05726954583089454,0.10834407615147809,0.09331574935568977,0.010360007083955682,0.0,0.0,0.0,0.01444700283209486,0.09624702333050933,0.0,0.0,0.1489312942176571,0.05760827411164137,0.10850988808700439,0.0,0.0,0.2422315419410899,0.21961637025521633
221,1,BABA,20261109,222,0.16073238877930854,0.13861235784868312,0.13761056328830792,0.03269346692342088,0.08973236923309777,0.10242215846072673,0.010346889068588582,0.0,0.0,0.0,0.014977918319258572,0.10264460151006703,0.0,0.0,0.13777837817991243,0.03272860753911982,0.08974938831913735,0.0,0.0,0.24307239092450528,0.2220259664999762
222,1,BABA,20261109,223,0.15769501719863085,0.1577133022001833,0.15578859152780583,0.03311495022176543,0.1385184443267075,0.06419148068178317,0.009391659652860863,0.0,0.0,0.0,0.012885274498444366,0.06582133507541606,0.0,0.0,0.15599905878939044,0.03301894853049299,0.13866566594655882,0.0,0.0,0.25903430354770157,0.21691845166123883
223,1,BABA,20261109,224,0.18448503341532793,0.1920798832826754,0.1903121025766479,0.0382385572186275,0.13229892052559922,0.10627041386024698,0.009725478309552575,0.0,0.0,0.0,0.014278671099418301,0.10989324252456117,0.0,0.0,0.1903742189178238,0.03813469718243844,0.13226390760912302,0.0,0.0,0.26486023695487804,0.21788350351375582
224,1,BABA,20261109,225,0.15302293807245396,0.13647720588026452,0.13523252236006575,0.04338920709794996,0.12154968534848665,0.07026742533055938,0.010524155276843835,0.0,0.0,0.0,0.014937070413760503,0.07169340224792765,0.0,0.0,0.13545863474191974,0.043493361516876446,0.12175154695464972,0.0,0.0,0.18951097184314053,0.15456143798390243
225,1,BABA,20261109,226,0.11817388748307434,0.11815728752515751,0.11734671467360391,0.03709420663012764,0.0984282631440173,0.067088756292468,0.010512697147024824,0.0,0.0,0.0,0.014828742432019471,0.06794707981907198,0.0,0.0,0.11733832985741313,0.037098913920547455,0.0984372297511888,0.0,0.0,0.26062553114271636,0.20723343498606547
226,1,BABA,20261109,227,0.1434029800332615,0.12820434465226516,0.1271702421743532,0.042720029224829446,0.10543306923230863,0.06933312030416015,0.010171273780694861,0.0,0.0,0.0,0.014718775909305435,0.07029940209415936,0.0,0.0,0.12736769921570346,0.04275466767713523,0.10564249808480315,0.0,0.0,0.22582281252611175,0.17996116876742674
227,1,BABA,20261109,228,0.12185347305646453,0.12104380700661041,0.12002324453679068,0.04442065625985722,0.09248288936535679,0.06596361196287752,0.010444955766146728,0.0,0.0,0.0,0.01444398120198466,0.06747840575473746,0.0,0.0,0.12013962607673913,0.04443498261444354,0.09246141507352182,0.0,0.0,0.2748151062181394,0.24731532830237593
228,1,BABA,20261109,229,0.16071864577458408,0.16659384842880542,0.16482504229120398,0.0634053554856004,0.11944995037583703,0.08042033481270643,0.009688583289315123,0.0,0.0,0.0,0.01347102756353991,0.08125428525397421,0.0,0.0,0.1651597680686037,0.06373313313056152,0.11966935500611196,0.0,0.0,0.3563023003141597,0.31416438273066605
229,1,BABA,20261109,230,0.16545657682110929,0.13375292171780315,0.13191208581063146,0.04054405844465274,0.11346771095090628,0.09032079665520666,0.010154134358584588,0.0,0.0,0.0,0.0142478640679332,0.09270418351989274,0.0,0.0,0.1317414820006591,0.040453268129846044,0.11333514865256832,0.0,0.0,0.19930360647794973,0.18948524991129653
230,1,BABA,20261109,231,0.1279805674144241,0.09016689922293537,0.08965703267840229,0.05654733339121834,0.07906050948828557,0.07047627817415919,0.009597791322850512,0.0,0.0,0.0,0.012742327394903899,0.07127042309398138,0.0,0.0,0.08975085144154425,0.05667317922017171,0.07931972772564713,0.0,0.0,0.20005979204019625,0.17753473537560274
231,1,BABA,20261109,232,0.1427843089471982,0.15552075588391467,0.1528795676603837,0.06385766802679342,0.12768485611244873,0.0706879347893133,0.009801727394471361,0.0,0.0,0.0,0.01348507903522303,0.07310469387656136,0.0,0.0,0.15344820280732197,0.0641659018820989,0.12820472824440393,0.0,0.0,0.28008344734255003,0.22890395655695572
232,1,BABA,20261109,233,0.1392778606867755,0.14547752660367977,0.14389555351846442,0.04418366629019544,0.11922136490344526,0.07231858019228511,0.010758560231467854,0.0,0.0,0.0,0.015391936345971476,0.07338974588722719,0.0,0.0,0.14400165157930053,0.04426113911738942,0.1191977892090462,0.0,0.0,0.2979453225488175,0.2638953149854054
233,1,BABA,20261109,234,0.16604728683668935,0.1572039164805565,0.15571343213044322,0.027489966309917853,0.12398672004969688,0.09018681304577549,0.010825688806446203,0.0,0.0,0.0,0.015441535008415495,0.09138406082200219,0.0,0.0,0.15571167399186994,0.027379112374721584,0.12387165278281528,0.0,0.0,0.33800409652049507,0.26291444499700417
234,1,BABA,20261109,235,0.17721110600790538,0.14557121721046884,0.1439679402202917,0.0528422833295436,0.12838910486570743,0.0810156154759567,0.010330941337191731,0.0,0.0,0.0,0.014330826795667887,0.08283966227250482,0.0,0.0,0.1437647827282366,0.05279546470761059,0.12857207830911677,0.0,0.0,0.21486899235487147,0.17436733343286379
235,1,BABA,20261109,236,0.13052369950448556,0.12769912947034967,0.12568875684126612,0.05687569515467915,0.09564480463469874,0.08799851443649724,0.010176658811460761,0.0,0.0,0.0,0.014379713764380216,0.0888804594181269,0.0,0.0,0.12553089918133503,0.056988113754298776,0.09576417329720809,0.0,0.0,0.25988712882878373,0.2424893799077307
236,1,BABA,20261109,237,0.14952730659946079,0.1401347640492596,0.13860941634015886,0.05247675356968201,0.09952523895699904,0.07967104933878251,0.010536113789266882,0.0,0.0,0.0,0.015070684084280339,0.08072973420227572,0.0,0.0,0.1387004871823122,0.052533765564451614,0.09956431568524643,0.0,0.0,0.3233846880388472,0.3159760901692073
237,1,BABA,20261109,238,0.13496162971188788,0.1176788018608525,0.11581987770116711,0.044447565952926094,0.11808196017431126,0.08099669198052771,0.010120372854124695,0.0,0.0,0.0,0.014004572654902046,0.08220854041064578,0.0,0.0,0.11594005542871438,0.04464148078528698,0.11836821263503583,0.0,0.0,0.2679558591172762,0.26824443063957565
238,1,BABA,20261109,239,0.16331272804950905,0.14426882698138632,0.1431373968015113,0.029436730211229008,0.10237116305423358,0.0813586755799944,0.01098983878287298,0.0,0.0,0.0,0.01572306918673966,0.08208432338367934,0.0,0.0,0.14315111945892037,0.029422772983923408,0.1024521377090505,0.0,0.0,0.19488277354559483,0.158190521806269
239,1,BABA,20261109,240,0.14195199717312038,0.12141787928586076,0.12066724066958834,0.03804300317659925,0.09512626052188651,0.0756071778724713,0.010257928999171134,0.0,0.0,0.0,0.014402495812014776,0.07710685334230143,0.0,0.0,0.12056611981468694,0.03797027145436005,0.09493960748060874,0.0,0.0,0.2971160391026725,0.2891857970395917
240,1,BABA,20261109,241,0.18919203030612036,0.1618079240705401,0.15970554914790316,0.043885434033633285,0.11456935252352227,0.11161303611909848,0.009596283473195294,0.0,0.0,0.0,0.013889291272904431,0.11348432797414781,0.0,0.0,0.16008531381724986,0.04429922331858554,0.11514593598360279,0.0,0.0,0.2923771955152917,0.2861651421143598
241,1,BABA,20261109,242,0.14971086967551095,0.15992738818093383,0.1580758242997672,0.049524419231779186,0.1400550456231626,0.07414915494940298,0.009357610911112303,0.0,0.0,0.0,0.01375793220352823,0.07569095122994124,0.0,0.0,0.1585109266631354,0.04979874936109468,0.1407416108385345,0.0,0.0,0.30263105185008704,0.28455986726202265
242,1,BABA,20261109,243,0.12476937751343227,0.12093849984208574,0.11918820429376688,0.04234516703903383,0.09033730001394391,0.07224422773034246,0.010040118452176517,0.0,0.0,0.0,0.014566784052572015,0.07380881753776916,0.0,0.0,0.11908885550646656,0.04233129077106417,0.09023828976794844,0.0,0.0,0.22241861603797974,0.19017346217704723
243,1,BABA,20261109,244,0.13081705058868387,0.10956530435886036,0.10801201354539064,0.049089899931359024,0.091760746625505,0.07159664381427308,0.01036635544374833,0.0,0.0,0.0,0.014449080796854653,0.07370095613175742,0.0,0.0,0.10800179530318607,0.04907397205013128,0.09179466420644712,0.0,0.0,0.2768743053632428,0.25498345626467583
244,1,BABA,20261109,245,0.1935352194025402,0.16708891617800295,0.16547696520427466,0.047591904119477085,0.11227665945802827,0.1033384556300684,0.010510927420068834,0.0,0.0,0.0,0.015632848713553027,0.10454248028025702,0.0,0.0,0.16550624247571932,0.0476662058943693,0.11222902234435336,0.0,0.0,0.1879052080913898,0.17775392471115983
245,1,BABA,20261109,246,0.1563426902479855,0.1587535657807043,0.157631347562612,0.04303974318911256,0.13571836649480443,0.06705270249926623,0.00962788429849648,0.0,0.0,0.0,0.013621982531048328,0.06861525994237551,0.0,0.0,0.15744049946116406,0.04300259679284852,0.13546712112590062,0.0,0.0,0.24749491412674487,0.21280709325929084
246,1,BABA,20261109,247,0.1478446781531998,0.11422504334364593,0.11305255254599847,0.032126350550722146,0.07785519184669634,0.097048963172868,0.010722716880201088,0.0,0.0,0.0,0.015225420819684492,0.09926071299987549,0.0,0.0,0.11302077455939541,0.03213781117004227,0.07788572875841916,0.0,0.0,0.27574887898625483,0.22992452608606975
247,1,BABA,20261109,248,0.1550421967964624,0.13925228893248948,0.13787495443410427,0.04691796956631492,0.12078772649881038,0.08409516707936153,0.010396462494860741,0.0,0.0,0.0,0.014798211152592803,0.08611989969480521,0.0,0.0,0.13800030115958953,0.046804942280039556,0.120870576735221,0.0,0.0,0.24172175892264225,0.22252431910548962
248,1,BABA,20261109,249,0.13897439635540898,0.1322901955588034,0.13119330802125026,0.04545802663071186,0.11130291292597443,0.0755422613378536,0.010792812322288861,0.0,0.0,0.0,0.01540706399534538,0.0782064661514175,0.0,0.0,0.13087336743194314,0.04558050705127479,0.1110103247956835,0.0,0.0,0.3252668983595328,0.2903927660330317
249,1,BABA,20261109,250,0.18218055230257715,0.18033719929913186,0.17804168126507067,0.04871857241893791,0.12030332725408575,0.10102284403290139,0.0097966519366992,0.0,0.0,0.0,0.01339171999347783,0.10287110767775923,0.0,0.0,0.17787489153223238,0.04876796110860354,0.12042195487160222,0.0,0.0,0.25768523732764537,0.23543288522461125
250,1,BABA,20261109,251,0.12092299663422251,0.11181699447490032,0.11108775583094972,0.04843212022198696,0.08809998751706434,0.08457129742928073,0.010837046756111423,0.0,0.0,0.0,0.015578955274459613,0.08500915568409267,0.0,0.0,0.11115300628534679,0.048565248715620034,0.0881806746994744,0.0,0.0,0.2832471217863173,0.2700238833015954
251,1,BABA,20261109,252,0.1220018912062613,0.11305962236833593,0.11204314890608595,0.057306456036770724,0.06703074104292157,0.09098014759522045,0.010332834025389948,0.0,0.0,0.0,0.01450025805565724,0.09203947252887139,0.0,0.0,0.11206288466013546,0.05741139539712523,0.0670179027073223,0.0,0.0,0.31096287187729865,0.27847779243405457
252,1,BABA,20261109,253,0.18435850118072644,0.1656333136410534,0.16395550389835867,0.056775465806785115,0.11670214966309679,0.0922618234506067,0.009882411552834156,0.0,0.0,0.0,0.013985577667842189,0.09443627963525243,0.0,0.0,0.1641078372851638,0.056940736056369554,0.11673559073235078,0.0,0.0,0.2784490738803838,0.26756760640235616
253,1,BABA,20261109,254,0.16387732075942504,0.17299178079961097,0.17105558848407787,0.04070242990792136,0.12029748626026238,0.1028230788345629,0.010671005568571486,0.0,0.0,0.0,0.015190080770101729,0.10405338227761109,0.0,0.0,0.1713103419372783,0.0408760595259713,0.12050207461898366,0.0,0.0,0.3479497942905617,0.30946757814689374
254,1,BABA,20261109,255,0.17729979171060756,0.16258135102795734,0.1589483785737906,0.04854520226937337,0.14375787222461903,0.0825532243426867,0.009787296483736897,0.0,0.0,0.0,0.014044959051190218,0.0854658020482149,0.0,0.0,0.1593169802056504,0.0486758557306086,0.14431499198156483,0.0,0.0,0.3431760243467952,0.28624544400346125
255,1,BABA,20261109,192,0.12280581109132839,0.1292583622674414,0.12766813982954178,0.037421345719788814,0.11338277746662483,0.07013947357637762,0.01068021019496499,0.0,0.0,0.0,0.015318637304690151,0.07092792785589555,0.0,0.0,0.12754090678539737,0.03749872639875223,0.11331451805225161,0.0,0.0,0.22194026772682196,0.18455675300803315
128,0,ABAB,20261110,129,0.1269815737945521,0.13121117209555655,0.1300728013036202,0.049063875893682656,0.12591515902294728,0.07322111822577822,0.011608764477199492,0.0,0.0,0.0,0.01578696707756746,0.07585934242896768,0.0,0.0,0.13046926819313334,0.049106859415449504,0.12614439468074382,0.0,0.0,0.238413762313756,0.21107405258140607
129,0,ABAB,20261110,130,0.12531085851275797,0.11219810138875701,0.11041261133050571,0.04949301643127943,0.10261818486174265,0.07986369592674443,0.011570328044826992,0.0,0.0,0.0,0.015594644612509248,0.08094041877585967,0.0,0.0,0.11039975233762109,0.049451393085746795,0.10274680187833654,0.0,0.0,0.22607866391377912,0.19521876698677953
130,0,ABAB,20261110,131,0.1526315030725947,0.13544757729366919,0.13321673689352648,0.03580983734022401,0.10730574339109308,0.08185465968832377,0.012106980649183622,0.0,0.0,0.0,0.016518138291299733,0.0834272541659652,0.0,0.0,0.1335237524028523,0.03603173519797358,0.10758157907665869,0.0,0.0,0.3100310156014111,0.2606914403931335
131,0,ABAB,20261110,132,0.18565866377323104,0.15273689512541497,0.1512635393316233,0.044941484502952565,0.11169084007517635,0.08499601840922869,0.011967373950766559,0.0,0.0,0.0,0.016030476540996694,0.08598031380828638,0.0,0.0,0.15126658075500996,0.04505740725803638,0.11161286279664402,0.0,0.0,0.27369724305481435,0.24818625529709867
132,0,ABAB,20261110,133,0.17021934988285298,0.12245961062653005,0.12180221227685965,0.04276587083320036,0.09728338575702414,0.10533050496402686,0.012223971426864334,0.0,0.0,0.0,0.01687931132569053,0.1083572406691472,0.0,0.0,0.12209511122684846,0.042724449442984286,0.09765541760697267,0.0,0.0,0.20928886020437584,0.21291656526640987
133,0,ABAB,20261110,134,0.15879543217974845,0.14466490383925787,0.14326917193978878,0.034210495537090116,0.11239513872871656,0.08338956995070967,0.012290743704878449,0.0,0.0,0.0,0.016826360099493214,0.08518586293236247,0.0,0.0,0.14340799251983338,0.03443176990142044,0.1122579319907108,0.0,0.0,0.24411035742397094,0.21593255106273557
134,0,ABAB,20261110,135,0.15022496146676897,0.11849309408835822,0.11749809340003643,0.03388939688572602,0.0816136533001348,0.08481288009358795,0.01194921688769994,0.0,0.0,0.0,0.01601992213764269,0.08628215372739792,0.0,0.0,0.11754305089748811,0.03393297906260815,0.0816048510862525,0.0,0.0,0.19511912165649054,0.17592439688358094
135,0,ABAB,20261110,136,0.1321591059497686,0.12318153639630121,0.12133311575713074,0.050124577334534307,0.09576294760596146,0.07733288400272038,0.012774351132842813,0.0,0.0,0.0,0.01731291812640626,0.07878864496235051,0.0,0.0,0.12161150173498408,0.05035127695710605,0.09607966397050079,0.0,0.0,0.2884265786965831,0.2375319819772633
136,0,ABAB,20261110,137,0.14940479315035024,0.1435663214911191,0.14234294005326426,0.04314274743145487,0.1233044449981441,0.07140436624104803,0.011700994121784526,0.0,0.0,0.0,0.015614861666008275,0.07285233973028805,0.0,0.0,0.14230197473964162,0.04313658295557722,0.12321606881694205,0.0,0.0,0.27652749525218273,0.20472351078796236
137,0,ABAB,20261110,138,0.14896606903887497,0.11846624310511815,0.11725788497756327,0.03477741584914577,0.08728408699117944,0.0941913216993126,0.012435620449086967,0.0,0.0,0.0,0.01704878063267928,0.09556707695419375,0.0,0.0,0.11720153090652817,0.03467955537505668,0.08733191070036,0.0,0.0,0.20547462962106428,0.18812779829562476
138,0,ABAB,20261110,139,0.17843206245232762,0.15682523708648885,0.15525253086315965,0.043899026287170004,0.10024934266250797,0.09021523412174964,0.011287028360820624,0.0,0.0,0.0,0.015011775942340298,0.09189938813402264,0.0,0.0,0.15553473775408877,0.04401377636785736,0.10046654450237381,0.0,0.0,0.2661406414380054,0.21777386975559104
139,0,ABAB,20261110,140,0.13630894393719553,0.12630208284148656,0.1256335812874568,0.041474957353973205,0.10847838193840131,0.07191779784754494,0.01262965691859905,0.0,0.0,0.0,0.01719361422023073,0.07298252708154279,0.0,0.0,0.12548799264895963,0.041429557855719445,0.10843091598034829,0.0,0.0,0.25141515431428935,0.1926999058220179
140,0,ABAB,20261110,141,0.10746108187755421,0.11539414044169266,0.1142275619842784,0.04928510454668497,0.09408750577521648,0.07149440332203573,0.011759831941250977,0.0,0.0,0.0,0.01556134780908168,0.07241438454424032,0.0,0.0,0.11396448807435258,0.04933262514654092,0.09387234481854202,0.0,0.0,0.23900164894304654,0.18405270960028797
141,0,ABAB,20261110,142,0.14917403797826304,0.12106179333592665,0.11991605516447801,0.032707615790535445,0.08412332038888175,0.08807337072941816,0.0117388033379098,0.0,0.0,0.0,0.015372939972925381,0.09002289382144275,0.0,0.0,0.11976818342281598,0.03267964761782321,0.08378261236950718,0.0,0.0,0.21512541843252547,0.2181846809362903
142,0,ABAB,20261110,143,0.17462298571793078,0.14536907588283668,0.14418333113462467,0.045791346245362255,0.11209457119200815,0.08800504138762646,0.01242127495561868,0.0,0.0,0.0,0.01720747199604495,0.08976080814956802,0.0,0.0,0.14457385216415822,0.045749753512150076,0.11231638979098404,0.0,0.0,0.3066080790092019,0.2878904660818264
143,0,ABAB,20261110,144,0.1376591895942922,0.1262558553615872,0.12437335151490476,0.05490542077128284,0.11824350322100884,0.08101377143020783,0.010895686281961484,0.0,0.0,0.0,0.014193641287664881,0.08308765685309773,0.0,0.0,0.12395870951566416,0.05496643762962891,0.11797136620525726,0.0,0.0,0.22844431834108156,0.2673974996496336
144,0,ABAB,20261110,145,0.1659346212395488,0.17013882382592777,0.1682208302815719,0.04782923426575619,0.10438899196714664,0.11241350811962018,0.011727339833955687,0.0,0.0,0.0,0.015858454824280898,0.11436988814416894,0.0,0.0,0.16808520239112765,0.0477013254206133,0.10432218978210543,0.0,0.0,0.20399139474130862,0.21559893514799466
145,0,ABAB,20261110,146,0.12070860716528431,0.11127294976437696,0.11045347074938736,0.037687599034056316,0.10473378447426866,0.062739952056846,0.012387110693240787,0.0,0.0,0.0,0.016765302765967813,0.06285432386127185,0.0,0.0,0.11066652565649995,0.037829035293890284,0.10488840360314727,0.0,0.0,0.2839718805460161,0.26496483866056947
146,0,ABAB,20261110,147,0.10380900216131607,0.097875948379949,0.09668954412791464,0.041238022005984254,0.0848185611560051,0.08289548586242924,0.012491523712776351,0.0,0.0,0.0,0.0165533570317144,0.08443089799665375,0.0,0.0,0.09654694766733574,0.04122076455498327,0.08469365887900285,0.0,0.0,0.18175009865167607,0.20657192515504091
147,0,ABAB,20261110,148,0.15129758239610852,0.11956854440887235,0.11769732138133977,0.051376105596890535,0.12047924988970708,0.08735219518908105,0.011708755674534159,0.0,0.0,0.0,0.015585965416643364,0.08826689912011351,0.0,0.0,0.11791529200194133,0.051448707319881985,0.12076436991237739,0.0,0.0,0.17869270491461223,0.1921804852187184
148,0,ABAB,20261110,149,0.13874208744176825,0.12833640714111966,0.1268977977874468,0.048060121072083455,0.07443721513391494,0.09945371167330645,0.011561191872595982,0.0,0.0,0.0,0.015477009582424758,0.1012260700745519,0.0,0.0,0.1269166211046876,0.04803145311067558,0.07443115161619253,0.0,0.0,0.30429694435417093,0.2599488292440472
149,0,ABAB,20261110,150,0.18857803184492772,0.16354212878754001,0.1613665964701157,0.04680404534674347,0.14258500485238765,0.09078777951292694,0.011500605446891448,0.0,0.0,0.0,0.016365575653097375,0.09264584738518206,0.0,0.0,0.1616739557341892,0.04706224123523217,0.1429707347049186,0.0,0.0,0.26452809209556066,0.2501218499903899
150,0,ABAB,20261110,151,0.10819600757476416,0.10030968742856053,0.0996039537416525,0.05674266238293805,0.09318366673173156,0.08170813923560176,0.012046988645974442,0.0,0.0,0.0,0.016004718463561468,0.08298833668656205,0.0,0.0,0.09968197565738454,0.05679622710482226,0.09326719500573712,0.0,0.0,0.1923689785743303,0.21237385877570356
151,0,ABAB,20261110,152,0.15985729158402595,0.14758154766826767,0.14547146613643594,0.036983380621858075,0.11525340134054918,0.09500610221210995,0.011958671319178363,0.0,0.0,0.0,0.016534021199414488,0.09612487636972002,0.0,0.0,0.1454473199203184,0.036967553935016585,0.11525194690404607,0.0,0.0,0.25648983806441633,0.2393630503837609
152,0,ABAB,20261110,153,0.12866238996781815,0.11407123609644251,0.11286980514205576,0.038121112443877905,0.07192241343756477,0.10548389159027137,0.011737192596292466,0.0,0.0,0.0,0.015355492059785333,0.1080153777321306,0.0,0.0,0.11300348660104476,0.038093542150775046,0.07201889685320595,0.0,0.0,0.2865492368549668,0.2589509786747962
153,0,ABAB,20261110,154,0.1925478525988938,0.147811234420357,0.14524708465638178,0.026082991938051355,0.10075622124627404,0.09851431774222605,0.01169782339279439,0.0,0.0,0.0,0.015453535864885801,0.10065529250419533,0.0,0.0,0.14578536321681676,0.026122537872911755,0.10090616991095565,0.0,0.0,0.19980012668413946,0.1794310197297058
154,0,ABAB,20261110,155,0.1925121385168415,0.1790101418965057,0.17662612461240845,0.043226737192118427,0.15230930865431078,0.08509810983740668,0.011155064611604572,0.0,0.0,0.0,0.015896507597111177,0.08709650981705688,0.0,0.0,0.17650653895877375,0.04334812732073681,0.15255039655487407,0.0,0.0,0.21157366992455823,0.21983577631001683
155,0,ABAB,20261110,156,0.15570823418196844,0.13908729748587575,0.13746612761470242,0.04320445369682759,0.12003699788791036,0.08034207331056445,0.011345610416792674,0.0,0.0,0.0,0.01518893240519517,0.08117899242567113,0.0,0.0,0.1377826720039242,0.04340825043463199,0.12054323717967497,0.0,0.0,0.260978374950939,0.22230990936595468
156,0,ABAB,20261110,157,0.21097607685444222,0.19152545508287275,0.18931150823600595,0.029675255846147903,0.128557405361455,0.11942961964836427,0.011311751140317522,0.0,0.0,0.0,0.015260621019918336,0.12126132799497344,0.0,0.0,0.18941422038131928,0.02974981106543626,0.12875966339175565,0.0,0.0,0.20820832937914416,0.2157524259929634
157,0,ABAB,20261110,158,0.1351314981690138,0.1018817485888689,0.1011457574032202,0.03487370368337909,0.09819970432489955,0.08419027457953715,0.011737617030095734,0.0,0.0,0.0,0.015010077512989821,0.08525120587668807,0.0,0.0,0.10096329231089543,0.03483498472827528,0.09804404789391188,0.0,0.0,0.2904212342587033,0.2519118297302894
158,0,ABAB,20261110,159,0.12331664283038572,0.12154492656181977,0.12055836481365043,0.022744852578696614,0.10006431315785583,0.07626914545783638,0.012811794402631579,0.0,0.0,0.0,0.017852629016597548,0.07888182059516048,0.0,0.0,0.1207382838709748,0.022707138379729864,0.10010750287268198,0.0,0.0,0.20041748676311674,0.22501864170762165
159,0,ABAB,20261110,160,0.12980423163644025,0.11107251151750971,0.10996677820575317,0.03949081887250503,0.09667051385248789,0.08931669660423877,0.012693262482912214,0.0,0.0,0.0,0.01778252629571798,0.09087877727702592,0.0,0.0,0.10985138205787823,0.03971582090513965,0.09663320629423783,0.0,0.0,0.23193530254790273,0.24926297122293894
160,0,ABAB,20261110,161,0.15519141444225074,0.13498804513793713,0.13387569730584511,0.03291320680830129,0.09229624928538306,0.09235692670222793,0.011914029130619614,0.0,0.0,0.0,0.015884591485817983,0.09383184159104563,0.0,0.0,0.13370043038863394,0.03304167336173913,0.09219508017157609,0.0,0.0,0.2023601687086653,0.21901416363446144
161,0,ABAB,20261110,162,0.12242200167786929,0.09947752429876165,0.09869051949279128,0.04232298084981085,0.08829992950105003,0.06285071856808452,0.01225395890520876,0.0,0.0,0.0,0.016135326296532273,0.06373930196253436,0.0,0.0,0.09894236745083647,0.0423530672627985,0.0886079789760272,0.0,0.0,0.28147093346581503,0.2508416649954659
162,0,ABAB,20261110,163,0.17339768088913274,0.14085844970238642,0.1395017798280871,0.03370120244028946,0.0835428914714091,0.10709839010263994,0.011885464966664523,0.0,0.0,0.0,0.015944888362243146,0.10689421492356263,0.0,0.0,0.13965929469374094,0.033762780399890384,0.08353832795308662,0.0,0.0,0.2208660573476332,0.19198042630561496
163,0,ABAB,20261110,164,0.1300181995143247,0.11427740071980817,0.11287986657810226,0.04631709628079783,0.10782353966979481,0.056055082989089296,0.011791228005131018,0.0,0.0,0.0,0.015870431065202376,0.05774625342721579,0.0,0.0,0.11288288682897774,0.04643806217601009,0.1078907888165237,0.0,0.0,0.22542048777422571,0.2263298412788554
164,0,ABAB,20261110,165,0.15673566816486295,0.14804838670358833,0.14620174210268239,0.051627093838908,0.1287646177030671,0.07838249826079122,0.012086539889164524,0.0,0.0,0.0,0.016155985939419176,0.07937407803397849,0.0,0.0,0.1468518214465875,0.05197379483317729,0.12952633379175477,0.0,0.0,0.28836295709753607,0.2404577476409528
165,0,ABAB,20261110,166,0.1285010254888512,0.1138439261128571,0.11296563698978208,0.05245648717821059,0.13263657016368785,0.06812594754261624,0.011653696060047467,0.0,0.0,0.0,0.015398503569649375,0.06986326766277387,0.0,0.0,0.11366452201993492,0.0526668955241435,0.13343122871113514,0.0,0.0,0.21806706374831647,0.21585745087203123
166,0,ABAB,20261110,167,0.1642041262746744,0.15326159216569374,0.15098312563150024,0.045392811149944916,0.11737644454941448,0.10680470508613978,0.011688076927926382,0.0,0.0,0.0,0.015751026847096648,0.10899499968495178,0.0,0.0,0.15127261267872724,0.04555968919606199,0.11772196569997659,0.0,0.0,0.23359857095620876,0.2525688464200885
167,0,ABAB,20261110,168,0.14246835287163784,0.1278922656881435,0.12649011070720734,0.046244015918362344,0.0728889404761908,0.08084415913699836,0.011671670649350712,0.0,0.0,0.0,0.015348610779551517,0.08279960313136711,0.0,0.0,0.1263936303334511,0.04628948341709653,0.07286775633847264,0.0,0.0,0.260679078905336,0.2344154670500999
168,0,ABAB,20261110,169,0.14336113919357488,0.14052225564029172,0.13939151203047398,0.057362258536124096,0.11448973085624085,0.054452615590824226,0.01260412462442938,0.0,0.0,0.0,0.016960121828857658,0.054786947606872534,0.0,0.0,0.13939807820223482,0.05730965133798737,0.11464485432931663,0.0,0.0,0.22187178607913532,0.2249073979323408
169,0,ABAB,20261110,170,0.11977656857860308,0.11644508693105086,0.1155828255038423,0.04064063919205425,0.08821852961375659,0.08011891815760587,0.011989928979727164,0.0,0.0,0.0,0.01599140354887558,0.08050736801772375,0.0,0.0,0.11539000625349989,0.04065206031856438,0.08820161922303095,0.0,0.0,0.2685735397964978,0.25026263479238553
170,0,ABAB,20261110,171,0.17853339060753826,0.15025893644605742,0.14821256126377003,0.03874793017823828,0.10902884667303903,0.08996879007180907,0.011947334727296236,0.0,0.0,0.0,0.015691660921404168,0.0913602776226601,0.0,0.0,0.14816326342901542,0.038767334590085994,0.10913716522652137,0.0,0.0,0.3092651541646233,0.25381362012069647
171,0,ABAB,20261110,172,0.14540495664424768,0.13718867756364259,0.13562849660454726,0.04546797215214798,0.1120571206829834,0.06430164520198786,0.010928337393895588,0.0,0.0,0.0,0.014075052453886213,0.06516607487843565,0.0,0.0,0.13609086399635786,0.04559218871481803,0.1126644857415014,0.0,0.0,0.23617953767017527,0.1918160609504444
172,0,ABAB,20261110,173,0.16093013570659076,0.16173463097369603,0.16049936397049083,0.05054695382391111,0.10829692293201493,0.08934702625988128,0.011912405147011272,0.0,0.0,0.0,0.016468204913568932,0.09053689660562916,0.0,0.0,0.160523028465103,0.0506959536655787,0.10849929222263954,0.0,0.0,0.3161878572981887,0.2746746275725694
173,0,ABAB,20261110,174,0.17316956200260294,0.1675802788159444,0.16581037720640643,0.03423649021914254,0.1480839853914065,0.08579765650565799,0.011519696057692801,0.0,0.0,0.0,0.015610070584927594,0.0880768860644644,0.0,0.0,0.16567144955220048,0.03419366493865665,0.14798006095927835,0.0,0.0,0.30950300070347425,0.2688968212353974
174,0,ABAB,20261110,175,0.14910369620558245,0.10588959127164457,0.10491714765775245,0.026849075872888678,0.08114868082593951,0.07349339316519236,0.011815749250029746,0.0,0.0,0.0,0.0160347763080019,0.0753737348588884,0.0,0.0,0.10505558000883272,0.026778414467980145,0.08153516578851912,0.0,0.0,0.23774605873775023,0.21270125240504487
175,0,ABAB,20261110,176,0.10971686185903037,0.11154357348853108,0.11009532005511746,0.042743537266726514,0.0816311597971356,0.07759982411202028,0.012167445594631024,0.0,0.0,0.0,0.01627862970286436,0.07928788625616918,0.0,0.0,0.11045112783919124,0.042828299932745645,0.08177239260619544,0.0,0.0,0.24389660133374524,0.17841557494688645
176,0,ABAB,20261110,177,0.14590292373814578,0.12854944522764902,0.12637025481858422,0.03839383474787015,0.09169960089636006,0.08712728924736779,0.011899251159719074,0.0,0.0,0.0,0.015632922871131834,0.09120459401496953,0.0,0.0,0.12630362926531502,0.03844126030652358,0.0917497102054919,0.0,0.0,0.2513165074502968,0.16805506263138723
177,0,ABAB,20261110,178,0.13531008642414483,0.11270863409345022,0.11190333063433482,0.03381281311716611,0.11346625462083208,0.07458207393435448,0.011784942356424855,0.0,0.0,0.0,0.015785488810452285,0.07617706267913855,0.0,0.0,0.11213619877273093,0.03386928748084605,0.11389966402864274,0.0,0.0,0.17380084084039507,0.16409926809691136
178,0,ABAB,20261110,179,0.14313134299195127,0.11539071728038272,0.11298731914516096,0.04361958872586455,0.08438352964546943,0.08474396349740151,0.011957715709659719,0.0,0.0,0.0,0.01530992733656503,0.08672657858945591,0.0,0.0,0.11314419426723459,0.04377948115451371,0.08461153914436427,0.0,0.0,0.2500908176344076,0.2455508967880967
179,0,ABAB,20261110,180,0.16096627702659796,0.12051559016380275,0.11917253043035782,0.03602205128309938,0.08927532100887023,0.08091719734341483,0.011712582368124894,0.0,0.0,0.0,0.015115896694048463,0.0823596110509264,0.0,0.0,0.11898049797783519,0.03595767130160887,0.08917511035405386,0.0,0.0,0.1999795471334883,0.18291139565335857
180,0,ABAB,20261110,181,0.18592704501593815,0.14475454276766447,0.14372011753636416,0.03919992620466393,0.08928453661879363,0.0964442774036076,0.01246194745496061,0.0,0.0,0.0,0.017066281461790827,0.09789980264003513,0.0,0.0,0.14391583144705966,0.039214796836856775,0.08933315126530676,0.0,0.0,0.19533178283514013,0.19635076959997042
181,0,ABAB,20261110,182,0.1577331420477266,0.1528083809943115,0.1513244528763269,0.03492925601253923,0.11992770107430954,0.09057595645727992,0.011224035484701658,0.0,0.0,0.0,0.015306730382729965,0.09265581062552389,0.0,0.0,0.15110982790583433,0.03514155162088021,0.11972225913560139,0.0,0.0,0.22058780253655466,0.1838344329478915
182,0,ABAB,20261110,183,0.16603190371340043,0.14872817592603838,0.14776367722347683,0.04582305332794088,0.1206070161447757,0.09804532117040443,0.012260079929097764,0.0,0.0,0.0,0.01627481100447013,0.0987912115194788,0.0,0.0,0.14782904484190454,0.04581425849763747,0.12070578254365139,0.0,0.0,0.21650662432474677,0.2028430949426521
183,0,ABAB,20261110,184,0.12233411119194915,0.09822699361803353,0.09772295529782585,0.029507242317873154,0.07816996522668683,0.08029583678702337,0.011806570989157248,0.0,0.0,0.0,0.01523220413226783,0.0824440655797521,0.0,0.0,0.09782356861259225,0.029479590890933865,0.0781567665115947,0.0,0.0,0.2523490219066918,0.22661532421639355
184,0,ABAB,20261110,185,0.17311487139912363,0.16597405713390456,0.1638441944241915,0.036259084360978994,0.09613043115510367,0.10302228489215261,0.012242810053578412,0.0,0.0,0.0,0.0171534803324742,0.10467150832533996,0.0,0.0,0.16397844175166085,0.03648156293750682,0.09657408811171483,0.0,0.0,0.24996902908812685,0.21935662724148958
185,0,ABAB,20261110,186,0.15682154988823946,0.15152830523387448,0.1498048263519069,0.048629859013316644,0.12628504241484215,0.06382303743268948,0.011781702908155734,0.0,0.0,0.0,0.015768882266607116,0.06476919165742501,0.0,0.0,0.15010154451723978,0.048999512324055215,0.12662097784970164,0.0,0.0,0.20836113615953372,0.17231829297539414
186,0,ABAB,20261110,187,0.1460284737411698,0.1275672471773798,0.12679305622670115,0.03449325185719918,0.1033315957720306,0.07563916611630524,0.011928506230445661,0.0,0.0,0.0,0.015704707596591018,0.07613950285823964,0.0,0.0,0.12686353303662806,0.03460713079333126,0.10363987623722032,0.0,0.0,0.21376339154966215,0.15544943091224048
187,0,ABAB,20261110,188,0.12058851665488472,0.11638532351930142,0.11511756881442728,0.04106327936183323,0.08348553689853595,0.08744689864574856,0.011915102130710696,0.0,0.0,0.0,0.015927305557185824,0.08777134326216865,0.0,0.0,0.11504552949008846,0.04100880809640779,0.0833938975710365,0.0,0.0,0.19684326650568335,0.1880489835742275
188,0,ABAB,20261110,189,0.14061983609876205,0.11096966957934187,0.10954742636141923,0.03477434076420935,0.0905496835363017,0.07400948747741147,0.01209368808925154,0.0,0.0,0.0,0.016116834769064833,0.07569229437218637,0.0,0.0,0.10985107263439059,0.035061174008934055,0.09072583199078302,0.0,0.0,0.2452026581055186,0.21876535656683155
189,0,ABAB,20261110,190,0.19019770854917825,0.16144621251573943,0.15909633167523415,0.023529900172591815,0.10465640827066353,0.09992506335963218,0.012377946584136544,0.0,0.0,0.0,0.01652533171262813,0.10105399612066278,0.0,0.0,0.1590022583373871,0.023693247295132995,0.10454947035245755,0.0,0.0,0.2811783885321358,0.24396062332393997
190,0,ABAB,20261110,191,0.1636613350092327,0.1397318053292483,0.13818107279203562,0.045029258608961835,0.0850535964651166,0.09692301316503463,0.012843637952620751,0.0,0.0,0.0,0.017502728861646128,0.0986458807286581,0.0,0.0,0.1379072311849759,0.04494539063124621,0.08494764389835681,0.0,0.0,0.24477465569383883,0.22115304879863987
191,0,ABAB,20261110,128,0.12099273962157706,0.10351151057971135,0.10272745360905493,0.03595933874846741,0.07339452708587767,0.08415106783739394,0.012021435199902331,0.0,0.0,0.0,0.015650883945183255,0.08605593290936137,0.0,0.0,0.10261930656176281,0.035927622935133095,0.0731764343487401,0.0,0.0,0.2515899411746447,0.20933367117393975
192,1,BABA,20261110,193,0.152668154689832,0.13586393337823982,0.13396298778792465,0.04134486317342757,0.08411470374500565,0.09232631742409075,0.012139449505377056,0.0,0.0,0.0,0.016025652942200416,0.09385937150600647,0.0,0.0,0.13429862911466253,0.04155663260102031,0.0845864036669679,0.0,0.0,0.20037821292940533,0.16790546644014767
193,1,BABA,20261110,194,0.18529932803825513,0.16493401710911595,0.16316104457176833,0.0491449994168694,0.1267821962485409,0.10992603228548888,0.011026984112042075,0.0,0.0,0.0,0.014715104919959823,0.11175204403372939,0.0,0.0,0.16285847468024725,0.04910403623256485,0.12670397814721882,0.0,0.0,0.26397082774704644,0.26562514492601347
194,1,BABA,20261110,195,0.152148295065515,0.1281350349998541,0.12625384841853923,0.036811241247221495,0.08107088240611621,0.09026938341341048,0.01261929015698076,0.0,0.0,0.0,0.016415531134261946,0.09170338895081111,0.0,0.0,0.12682665663193732,0.03694439729463796,0.0813661738508515,0.0,0.0,0.2677402408745456,0.26810601420912045
195,1,BABA,20261110,196,0.14599647967982998,0.10834689167474765,0.10741009812247417,0.03969109767662187,0.08508269068940919,0.06797455738501743,0.012131436094881227,0.0,0.0,0.0,0.015734484093877354,0.06821881376840172,0.0,0.0,0.10755615328115048,0.03976398417047524,0.08536651051915084,0.0,0.0,0.23916652317996842,0.21632797557088737
196,1,BABA,20261110,197,0.18119638540388353,0.16683604673044916,0.1647697376945305,0.041837344141060974,0.12067988384371058,0.08835965959932418,0.011419081764912532,0.0,0.0,0.0,0.014703309084582393,0.0888162674776573,0.0,0.0,0.16493667314217916,0.0419346314626442,0.12078971175062551,0.0,0.0,0.2385609713889661,0.19908185800143416
197,1,BABA,20261110,198,0.20677043295905945,0.17498121165409578,0.17320842864366273,0.03858278034498203,0.11059155933023343,0.08362427578362529,0.011995461179689202,0.0,0.0,0.0,0.015960338423435663,0.08549923908007405,0.0,0.0,0.1735212389087213,0.0386226766082819,0.11125890176673968,0.0,0.0,0.2776422431929688,0.22096358935784313
198,1,BABA,20261110,199,0.191970193371781,0.15213417758713038,0.15106090776490094,0.05588967004016374,0.10452400957989597,0.07147172995589605,0.012778544503520372,0.0,0.0,0.0,0.017299411290257204,0.0725435016627646,0.0,0.0,0.1517658187284066,0.05642124167066245,0.10520492447340142,0.0,0.0,0.2921764672877031,0.22692950893249206
199,1,BABA,20261110,200,0.12899266214362323,0.12024403522457582,0.11913271572024726,0.04383979814723231,0.09233955901288397,0.08643426363200955,0.011365351686971581,0.0,0.0,0.0,0.014981114262903066,0.08762282557631464,0.0,0.0,0.11975635441170326,0.04396328786957137,0.09274953824620435,0.0,0.0,0.168326602925687,0.15255200669459698
200,1,BABA,20261110,201,0.12317012675783746,0.10148647567203142,0.10097319313540223,0.04395513268971942,0.08774514721394379,0.06047693202067182,0.011954787659892758,0.0,0.0,0.0,0.01565703857200427,0.06110496454948816,0.0,0.0,0.10100666919665997,0.04397558622545262,0.08768075919421348,0.0,0.0,0.26194461950860326,0.24049051090233056
201,1,BABA,20261110,202,0.1373658184792163,0.12960266426563954,0.1285244915320263,0.04509077398250591,0.10787668395646235,0.08696230057741564,0.01226804889984666,0.0,0.0,0.0,0.016170153258596234,0.08916620530782449,0.0,0.0,0.12845544910340254,0.0451945917723248,0.10792917449596169,0.0,0.0,0.28957941450398533,0.23914507193198595
202,1,BABA,20261110,203,0.13829111915391706,0.11763430856359472,0.11647733763142071,0.06729342376343692,0.09405094899844149,0.08745734956745256,0.01170270438427463,0.0,0.0,0.0,0.015136734476187286,0.08855940543777685,0.0,0.0,0.11681503593650008,0.06763737619349375,0.094127184914362,0.0,0.0,0.21831267347806843,0.21164891689000495
203,1,BABA,20261110,204,0.1319555922372587,0.10428984807570557,0.10329937855965525,0.051095863450235604,0.11234180596991805,0.08446932201818338,0.0115946550601999,0.0,0.0,0.0,0.01514813243147764,0.0873100298269901,0.0,0.0,0.10361438527649297,0.051304498754120915,0.11262283052874014,0.0,0.0,0.2662319316359309,0.22403833088656167
204,1,BABA,20261110,205,0.13727978612511613,0.11589719799131125,0.1146068443784193,0.04130298338123441,0.09797133234829945,0.07194303436098023,0.011812277482364842,0.0,0.0,0.0,0.015717366754747157,0.07318370518427236,0.0,0.0,0.11485086765113427,0.04143075894079665,0.09813072859576544,0.0,0.0,0.2338610977755431,0.21865865847465757
205,1,BABA,20261110,206,0.1457459808225228,0.11759056924497256,0.11640598566844401,0.04940838417949483,0.0817949423339664,0.0968686220772999,0.011782001766486373,0.0,0.0,0.0,0.01531641257386938,0.09842882833035284,0.0,0.0,0.11629399807219748,0.04935391094224628,0.08154764902716478,0.0,0.0,0.21896370591408892,0.19520679648187675
206,1,BABA,20261110,207,0.18541620403116887,0.14412022908125838,0.1429257594576059,0.040994567922518856,0.10384725610912095,0.10701803661205762,0.01175612818291839,0.0,0.0,0.0,0.015489051518776732,0.10865137428004105,0.0,0.0,0.14281506503266714,0.04110380314942931,0.1036846777481511,0.0,0.0,0.20243787494127388,0.21689983836177978
207,1,BABA,20261110,208,0.16392374534097348,0.13880352995553963,0.13745762521537325,0.04360165118220146,0.1135809555760172,0.08780587529832423,0.011608584393040732,0.0,0.0,0.0,0.015328583787430442,0.09067447694674975,0.0,0.0,0.13767598871096992,0.04342635259013654,0.11355106430873253,0.0,0.0,0.24540375489651184,0.21795293935456433
208,1,BABA,20261110,209,0.17292223428334919,0.18032125186475031,0.1780497793201469,0.05409047699445226,0.13788451226629556,0.08406404433860716,0.012155579526791156,0.0,0.0,0.0,0.016187182291570266,0.08619382862279294,0.0,0.0,0.1788200377502181,0.05443939964279525,0.13855893092599264,0.0,0.0,0.2968224458322444,0.23570372266312833
209,1,BABA,20261110,210,0.13825618739362275,0.1288697042905993,0.12797193043439406,0.04548616164262071,0.11680246337616859,0.09847757942367033,0.012201233904181806,0.0,0.0,0.0,0.016086824287813925,0.09957578266978846,0.0,0.0,0.12776894025430063,0.045425767674756624,0.11655499581788464,0.0,0.0,0.22279972675955026,0.23138629599973795
210,1,BABA,20261110,211,0.13306747877016364,0.15101038979888173,0.14955908254005157,0.03910016522720842,0.1250910544044593,0.06703551576378497,0.012484805077948573,0.0,0.0,0.0,0.01680592593227159,0.067866308779009,0.0,0.0,0.1498071494874382,0.03909182115676769,0.1252409701718648,0.0,0.0,0.2864136607871138,0.2023826261355835
211,1,BABA,20261110,212,0.132939155886331,0.10664078493401445,0.10574018673681818,0.039130297708696436,0.11154374546016575,0.0678877987489675,0.011731566481217407,0.0,0.0,0.0,0.015032460064358207,0.068493439501303,0.0,0.0,0.10577128580393619,0.03929158800133259,0.11166280020452019,0.0,0.0,0.2588960703668599,0.22857056185650065
212,1,BABA,20261110,213,0.1790195655878296,0.17343442991297603,0.17096591886076315,0.04099343870037593,0.14641475810709761,0.09489804023578871,0.011432966375732326,0.0,0.0,0.0,0.015337599970888113,0.09795108911290155,0.0,0.0,0.17109637026055544,0.04100859047475613,0.14649119675966588,0.0,0.0,0.2701539085983539,0.27494930783141597
213,1,BABA,20261110,214,0.17098583727684333,0.14328440995864944,0.1414384175119819,0.031058500685140267,0.10614091315193973,0.07880973259189013,0.011566672936926824,0.0,0.0,0.0,0.014997672122228821,0.07950514344391169,0.0,0.0,0.141703298664743,0.031021743588339284,0.10630325902709217,0.0,0.0,0.26183415565015616,0.25782459861795987
214,1,BABA,20261110,215,0.17801467808080615,0.18201358698842834,0.1802109236192016,0.04731602011268151,0.15153980603261866,0.0822895453194925,0.011743028066901882,0.0,0.0,0.0,0.015785100145381023,0.08382501559217147,0.0,0.0,0.18054515543355185,0.0471175511425445,0.15186147531640515,0.0,0.0,0.2861740025432065,0.24687161068344035
215,1,BABA,20261110,216,0.1372246674746157,0.14549529225307203,0.144359819815928,0.046286725266196975,0.11372733786524918,0.09775358908841375,0.012595734984665189,0.0,0.0,0.0,0.017228284740702985,0.09948597720450622,0.0,0.0,0.14410868559946693,0.046314624588413615,0.11370013061551106,0.0,0.0,0.24208689343372444,0.2256626506112791
216,1,BABA,20261110,217,0.1398040438548178,0.12426878699018477,0.12278562354446688,0.05681326390130743,0.09462936802258548,0.06692668474074946,0.011817599892018022,0.0,0.0,0.0,0.015328950333029532,0.06784186905671238,0.0,0.0,0.12307732985742119,0.0567837191294118,0.09492820971096914,0.0,0.0,0.2679516307888085,0.22526770429135892
217,1,BABA,20261110,218,0.14155327847909535,0.09665055751575645,0.09555504504886372,0.03540280311975132,0.07114173518157393,0.08608761643838583,0.012285711387841035,0.0,0.0,0.0,0.016703522989923482,0.08745088778881585,0.0,0.0,0.09579611501015671,0.03551609275315419,0.0714088821880939,0.0,0.0,0.2690329448358284,0.1819531754978883
218,1,BABA,20261110,219,0.1346310886320275,0.11527886356704083,0.11456434915838641,0.04754112062299379,0.08806573003085771,0.07656622364595714,0.011632324971974396,0.0,0.0,0.0,0.015269765406740169,0.0777036440045668,0.0,0.0,0.11451167000434422,0.047583219589833796,0.08787676909616958,0.0,0.0,0.25447356679818306,0.2269301828302208
219,1,BABA,20261110,220,0.12866231336757636,0.1321367668208914,0.13116014992140884,0.044043719815917294,0.10974888843186917,0.08053687142892256,0.011728437386764688,0.0,0.0,0.0,0.01538269662431671,0.08146613466229936,0.0,0.0,0.13115729927015884,0.043949219211764944,0.10969022004631802,0.0,0.0,0.23778725562691166,0.22331125266609042
220,1,BABA,20261110,221,0.1701211066072523,0.15857238923897857,0.15711518630906007,0.03401358331734994,0.10718959293549213,0.09494696391422285,0.012249864059593185,0.0,0.0,0.0,0.016463615941818357,0.09670221846394778,0.0,0.0,0.15736589045335206,0.033898864559382,0.10701655328352885,0.0,0.0,0.23869831369320507,0.21689126193118252
221,1,BABA,20261110,222,0.13758906360662687,0.08642999423592657,0.08552975319246557,0.03182541579923731,0.07236946038912699,0.0799223123525058,0.011690757754941583,0.0,0.0,0.0,0.01521673382143384,0.08036176620879869,0.0,0.0,0.08554523343374897,0.03181593241338821,0.07222855537744245,0.0,0.0,0.2158860109451227,0.21782285576279312
222,1,BABA,20261110,223,0.14039242080208025,0.11738178011536939,0.11656174018091568,0.031162345754186298,0.08903705145827061,0.06978145835583047,0.012571269571831238,0.0,0.0,0.0,0.01676825544400068,0.07097837432384409,0.0,0.0,0.11652302025418089,0.031163549794350022,0.08911626936507654,0.0,0.0,0.2247418376946338,0.25001039538358805
223,1,BABA,20261110,224,0.21823794008252576,0.18824531607170975,0.1861867182664269,0.031866933500189765,0.1297404688859263,0.11011926227647165,0.011392904017697844,0.0,0.0,0.0,0.015000841035289588,0.11077492443241291,0.0,0.0,0.18599805730868973,0.03201104696738246,0.12988635992891884,0.0,0.0,0.22155736585394628,0.2094188651905761
224,1,BABA,20261110,225,0.11817929239044447,0.11647642999683665,0.11548401976778468,0.030808981121017938,0.10488860798212268,0.05301420603030847,0.012005135358542012,0.0,0.0,0.0,0.015774203985909594,0.054071355330450606,0.0,0.0,0.11534596276365955,0.030732033720451864,0.10475898506284217,0.0,0.0,0.22441148135770989,0.20600557746531867
225,1,BABA,20261110,226,0.15476799925159918,0.1482105461245976,0.14597779870966313,0.042594360923148396,0.09722010561010061,0.08768632721618536,0.012557452970999758,0.0,0.0,0.0,0.016428051419410818,0.08889981100982661,0.0,0.0,0.14595739187180698,0.04255456728149297,0.09710001880558423,0.0,0.0,0.2888927566553066,0.2738220446113991
226,1,BABA,20261110,227,0.19693610425530275,0.16029276175717855,0.15896479118234721,0.05785781981858663,0.10732344858253848,0.10994894980663225,0.011099335668727579,0.0,0.0,0.0,0.014343924720686253,0.11136942143385348,0.0,0.0,0.15874747072668285,0.05763421053831223,0.1067340530376255,0.0,0.0,0.23611697007598423,0.21736164595213786
227,1,BABA,20261110,228,0.16519326802398482,0.15704040166867161,0.15546099458449306,0.039922699367746714,0.1099776434560962,0.09411282579261465,0.011611349275788063,0.0,0.0,0.0,0.015507608524164045,0.09507007651691834,0.0,0.0,0.15553428342629333,0.03999186717057209,0.11007408637683735,0.0,0.0,0.2898214123227343,0.2086152154420165
228,1,BABA,20261110,229,0.12626058772495782,0.11018397745161974,0.10934580624831175,0.04141838534618905,0.08332814225790647,0.071039774182808,0.011597587284937315,0.0,0.0,0.0,0.014987708305281974,0.07182660380687035,0.0,0.0,0.10918202766695256,0.04161461399533364,0.08337957588036549,0.0,0.0,0.2545153138948596,0.18265483595823848
229,1,BABA,20261110,230,0.15002315213027512,0.12289367514992586,0.12200751464192966,0.03411209913039804,0.10368673592786765,0.0749373147786277,0.01153846782168189,0.0,0.0,0.0,0.015146352760689458,0.07699678794665965,0.0,0.0,0.12211879622682044,0.034136516576727755,0.10389097339950931,0.0,0.0,0.19826941373972073,0.16498306856381692
230,1,BABA,20261110,231,0.12784254477191706,0.12266911304716595,0.12187453127535383,0.04142126663145606,0.09926230907900564,0.06331494121833435,0.01243517400886895,0.0,0.0,0.0,0.01696080335131315,0.06378993632228691,0.0,0.0,0.12227343028413726,0.04134640208674359,0.09938199851079783,0.0,0.0,0.20417203345048737,0.1596113484765534
231,1,BABA,20261110,232,0.14690220441318344,0.1019559345296689,0.10094039696494014,0.05347112217215021,0.08452628865661539,0.06828333552264428,0.011554261495113587,0.0,0.0,0.0,0.014918440274513561,0.06959611154558895,0.0,0.0,0.10079498145221182,0.05361496789416951,0.08417448473212037,0.0,0.0,0.2692596984534733,0.18640961744809242
232,1,BABA,20261110,233,0.16223262526620455,0.14126172906322904,0.13970896408754058,0.05189402932975235,0.09448745100957566,0.09294735045621572,0.011418954884327853,0.0,0.0,0.0,0.014664503897719871,0.09470023751628535,0.0,0.0,0.13977854593482067,0.05193205910089024,0.09462304787388853,0.0,0.0,0.27351007238037806,0.20914628004568014
233,1,BABA,20261110,234,0.14125268880817032,0.09810897225764341,0.09736451406072677,0.022907058949394314,0.09256231142354523,0.09723058973533195,0.011706158683020254,0.0,0.0,0.0,0.015190175451321475,0.09989300496817385,0.0,0.0,0.09695712932189515,0.02291154421448287,0.09234823372492075,0.0,0.0,0.21801184615008348,0.22670877151847438
234,1,BABA,20261110,235,0.16349950813805367,0.14860893958584367,0.1473187016842603,0.037817468898975,0.11534788819527766,0.0789690636219633,0.012159517172179925,0.0,0.0,0.0,0.016348338117006825,0.07945202797544268,0.0,0.0,0.14746251438795777,0.03796068185271863,0.11551782094566644,0.0,0.0,0.16107950404233218,0.22433420722290195
235,1,BABA,20261110,236,0.14610087822125567,0.12200538001348737,0.12051633493841415,0.05108811760676837,0.10694306396572824,0.071895715965943,0.011645447810709322,0.0,0.0,0.0,0.01566963942494322,0.07410348814735251,0.0,0.0,0.12087694174417944,0.05117541289508774,0.10722331363801141,0.0,0.0,0.24859834420848098,0.25702473242843893
236,1,BABA,20261110,237,0.13986104425491008,0.12681863958161554,0.1255713308420314,0.04490215467215804,0.10355740683585282,0.07583784961252744,0.012058043693747987,0.0,0.0,0.0,0.0157617341011834,0.07705117915753121,0.0,0.0,0.1257263433738212,0.04499645309341575,0.10355468968526087,0.0,0.0,0.26478897058335255,0.26163246740004575
237,1,BABA,20261110,238,0.12776925045710047,0.09782132512405937,0.09698876357991007,0.03108713784331665,0.09379787526892323,0.061580215199180555,0.011941573537173858,0.0,0.0,0.0,0.015748669800539537,0.06303883145928411,0.0,0.0,0.09759704705667487,0.031135616057878044,0.09434516092697108,0.0,0.0,0.27956543726220157,0.28665730696127634
238,1,BABA,20261110,239,0.13814359249691066,0.12849692106277605,0.1259777952241084,0.02785013783242585,0.12404525001989485,0.08241536590655221,0.011520189896720922,0.0,0.0,0.0,0.014589824269459784,0.08431917807900878,0.0,0.0,0.12605883932282264,0.027885793440422718,0.12398787126597055,0.0,0.0,0.22816205724439914,0.21258093486297505
239,1,BABA,20261110,240,0.12884368116267875,0.11292614059108168,0.1118428332361581,0.030778089703465343,0.08865913386653188,0.06784527697119776,0.011914186210562094,0.0,0.0,0.0,0.015264411642735249,0.06816939914336453,0.0,0.0,0.11176954352710226,0.030744247159625204,0.08851219228508365,0.0,0.0,0.19836977842080056,0.19903125176202738
240,1,BABA,20261110,241,0.18433040325997377,0.15568611372344443,0.15435945277287283,0.047857153329508906,0.10366888420932616,0.09613934299614163,0.011764117528258991,0.0,0.0,0.0,0.015147941922430961,0.09698189854388066,0.0,0.0,0.15429957238092248,0.04802013395922623,0.10370918424194886,0.0,0.0,0.24133441470959702,0.22156587179727696
241,1,BABA,20261110,242,0.13792775528873966,0.14716143108729537,0.14568376380099765,0.036713531839952705,0.10974804083978902,0.07717668311637696,0.011584020876848502,0.0,0.0,0.0,0.015058074720227117,0.0783759541352597,0.0,0.0,0.14611688936155315,0.036780519784966624,0.10994677210406067,0.0,0.0,0.22547351616033942,0.2452184927309201
242,1,BABA,20261110,243,0.1560657369490135,0.1493043474192543,0.14816254421304312,0.05333347438923005,0.09557995131088375,0.09520990935860534,0.011748079945897062,0.0,0.0,0.0,0.015655550508172626,0.09652692770143222,0.0,0.0,0.14821512542247545,0.05322906172781987,0.09554622861423273,0.0,0.0,0.22002023831583625,0.24688221548104194
243,1,BABA,20261110,244,0.13548107274660867,0.12606591011903195,0.12402899516254874,0.04341071968270631,0.09239774089377191,0.09042889970944842,0.011656978369785468,0.0,0.0,0.0,0.014431974075879811,0.09115635376051169,0.0,0.0,0.12410888290103213,0.04365906489417311,0.09243829507159815,0.0,0.0,0.2765777787794014,0.24323584725192032
244,1,BABA,20261110,245,0.14054639908203392,0.15137279512787225,0.14982988115571236,0.03871538689276312,0.12603035126569223,0.10117651188858072,0.011665716698193631,0.0,0.0,0.0,0.015436124190429319,0.10368829719487077,0.0,0.0,0.14991927970395547,0.03866896340924638,0.12592880415826466,0.0,0.0,0.2664245200482532,0.22093951126208233
245,1,BABA,20261110,246,0.16174842716013257,0.16082471535029977,0.15896566010758428,0.037887783786807586,0.12130692269966556,0.08358133732890655,0.01182910153513997,0.0,0.0,0.0,0.015696007999500248,0.08557330169617808,0.0,0.0,0.15913622022676505,0.037812968443362974,0.12131726929979775,0.0,0.0,0.23760454895973476,0.23414835522894528
246,1,BABA,20261110,247,0.14192829747764854,0.13319937568879534,0.13172221989468472,0.05409148689370666,0.07356588192780715,0.0847511326609812,0.01215006041054755,0.0,0.0,0.0,0.01609661656172355,0.08574809187380879,0.0,0.0,0.13166711250001478,0.054069618461782494,0.0736090304321373,0.0,0.0,0.22532290783545933,0.2034830666257193
247,1,BABA,20261110,248,0.14962705559131345,0.15287486745604048,0.15164146685046678,0.04004175952724066,0.0986551913389589,0.09283791088593116,0.011748770245474962,0.0,0.0,0.0,0.015258007169941615,0.09414660490770031,0.0,0.0,0.1517485909909385,0.0400352693824974,0.09880862208745796,0.0,0.0,0.1675708877587888,0.1532838205433744
248,1,BABA,20261110,249,0.15877779353786375,0.15334880674958454,0.15175224009438962,0.04524650572178758,0.10261126423795598,0.0925101468036845,0.011509690387672605,0.0,0.0,0.0,0.01526485698617483,0.09401851676360676,0.0,0.0,0.15181148768476027,0.04548936672510616,0.10281459629277258,0.0,0.0,0.25109535906772334,0.258592379430903
249,1,BABA,20261110,250,0.14355310849204023,0.11591260742724485,0.11480799663602265,0.05349660605147423,0.07838947612341413,0.0770502360794476,0.012218191708923241,0.0,0.0,0.0,0.01634588262199136,0.07857195688047239,0.0,0.0,0.11506241063291067,0.053595825112491946,0.07857276882073744,0.0,0.0,0.2326880023929897,0.21427298167378886
250,1,BABA,20261110,251,0.138401359578634,0.13681410233901953,0.13589131324818954,0.04643692554551154,0.10363970395999643,0.10021682898774628,0.011538147534806267,0.0,0.0,0.0,0.015230645940884904,0.10130381573053211,0.0,0.0,0.13595198119989257,0.046428375234529966,0.10370647871810587,0.0,0.0,0.18703380661831917,0.1764045173452516
251,1,BABA,20261110,252,0.15764297377441816,0.1310483473013059,0.12987698288912536,0.05220360847898575,0.09653028730413588,0.06884274565199029,0.012330838235756291,0.0,0.0,0.0,0.01643380618622764,0.06953312020543562,0.0,0.0,0.12988610522603777,0.052268913436617284,0.0966218277334295,0.0,0.0,0.27752593603470777,0.24235265191205774
252,1,BABA,20261110,253,0.13655605814864713,0.13028436657083967,0.12915714712389478,0.05830387443538755,0.10569482634626694,0.08724391898328256,0.011631843463866287,0.0,0.0,0.0,0.015500259288059553,0.0900713343047379,0.0,0.0,0.12925108707497998,0.05847457006961035,0.10589322890816337,0.0,0.0,0.2228788247802196,0.20484936625974065
253,1,BABA,20261110,254,0.15403931594587342,0.11268421821889107,0.11205224907075102,0.03733801740868785,0.0694386360568749,0.09711167243539605,0.012817585938200232,0.0,0.0,0.0,0.017372101814812798,0.09768499098580542,0.0,0.0,0.11175941813281315,0.037264920019932354,0.06954941310494515,0.0,0.0,0.2383086526281999,0.21824035090696328
254,1,BABA,20261110,255,0.15808191240422795,0.1560627231159167,0.15443556571943803,0.032624201587476406,0.11655761326123225,0.07590399064814798,0.011507598280568227,0.0,0.0,0.0,0.014726585096574984,0.07701076339197858,0.0,0.0,0.15536333037740396,0.03262728087356308,0.1175379015640428,0.0,0.0,0.23784709078796895,0.23881650208488775
255,1,BABA,20261110,192,0.1275966413817526,0.11257397864269646,0.1116741909876191,0.03799067993340725,0.08242286065664851,0.05796658820633591,0.011676982297931054,0.0,0.0,0.0,0.015248227663394504,0.058287275320308696,0.0,0.0,0.11143779593229663,0.03787345650897912,0.0821755551156129,0.0,0.0,0.20592991021148613,0.2254558443970507
128,0,ABAB,20261111,129,0.1543778380436535,0.12666935814938338,0.1245787587794385,0.03339331296182466,0.09660146980562083,0.06565138398747136,0.009815093687706802,0.0,0.0,0.0,0.013667209778797849,0.0675047359526384,0.0,0.0,0.12531552738381696,0.03342018183026667,0.09712722109328194,0.0,0.0,0.22712576696130007,0.17916359192699496
129,0,ABAB,20261111,130,0.12283034378998552,0.11784162755045462,0.11647460998064112,0.04088514813816498,0.0873554896414197,0.09206370824634565,0.010200027120549888,0.0,0.0,0.0,0.013818253755566093,0.09341688736678205,0.0,0.0,0.11659812048738087,0.04071381405945067,0.08738362779998556,0.0,0.0,0.25305420907758686,0.21647834077185443
130,0,ABAB,20261111,131,0.1186628716290735,0.10896203746604341,0.1081137162899854,0.031350707673797974,0.10860099574283812,0.0779237432803956,0.010562249437280137,0.0,0.0,0.0,0.014227687091959608,0.07839474311602308,0.0,0.0,0.10818575700986653,0.03138210570459674,0.10868282894565297,0.0,0.0,0.19355623539908018,0.13716503876779634
131,0,ABAB,20261111,132,0.1759821402771024,0.1221941738622384,0.1211561104486011,0.0552390449636264,0.0811657647941296,0.09285510541627015,0.01045550072681952,0.0,0.0,0.0,0.013945701034502338,0.09446032846861459,0.0,0.0,0.12118243534054093,0.055477115014736705,0.08120892003415879,0.0,0.0,0.21507920936924665,0.18250059393984255
132,0,ABAB,20261111,133,0.1441403848774674,0.11558609852642743,0.11459550295713104,0.0534913006897989,0.0824460249236812,0.09638834721022806,0.010326172658066467,0.0,0.0,0.0,0.013682463836957046,0.09747490570494194,0.0,0.0,0.11453933464250791,0.053534020728153296,0.08249103895708848,0.0,0.0,0.24192660866316543,0.2623120004738613
133,0,ABAB,20261111,134,0.1322678843148106,0.13327097656137113,0.13162943390191617,0.044126006094734806,0.10595001580555656,0.0713882083405839,0.01035406869308885,0.0,0.0,0.0,0.014024878096524545,0.07452862141876608,0.0,0.0,0.13166235982620403,0.04420671438098889,0.10604477816727988,0.0,0.0,0.20386471567705125,0.19400331203472296
134,0,ABAB,20261111,135,0.1381870444677793,0.10771692042405066,0.10683463860268079,0.030390231992420604,0.08627617972593624,0.07501944339501364,0.010366400990345031,0.0,0.0,0.0,0.013908837138421752,0.07550820421497798,0.0,0.0,0.10682678610185321,0.030238021355423497,0.08612137350986532,0.0,0.0,0.23077373247912947,0.15744946341664934
135,0,ABAB,20261111,136,0.16036731632436574,0.14671275968882005,0.1450475218091455,0.050896247394332794,0.11461125163790632,0.10284892615984714,0.010746080521797595,0.0,0.0,0.0,0.014502656045334872,0.10537227950819622,0.0,0.0,0.14501908930925353,0.05110919899001567,0.11478462211785827,0.0,0.0,0.3103487391652732,0.29288197406032046
136,0,ABAB,20261111,137,0.1174656434241151,0.1118669687347176,0.11012548019772296,0.043332848647476024,0.10063824730730456,0.06833540411106395,0.0100613270507051,0.0,0.0,0.0,0.013852385292371351,0.07248020478798761,0.0,0.0,0.1109544014411355,0.04356124983444396,0.10118026483836598,0.0,0.0,0.17805796144023714,0.16556032467564422
137,0,ABAB,20261111,138,0.17819770990303097,0.17248160502344256,0.17058739270291942,0.05147976342123796,0.13256820025567556,0.08464797471037423,0.00999145243075365,0.0,0.0,0.0,0.01353408290991834,0.08535694523659745,0.0,0.0,0.1704565486823645,0.05178214586590892,0.13280187360455387,0.0,0.0,0.22099520085470167,0.15742329661244475
138,0,ABAB,20261111,139,0.17143563048267035,0.16991671660951327,0.16805172558055442,0.039105882775057034,0.11866867815918025,0.09695485475910474,0.01002539560870071,0.0,0.0,0.0,0.013738063843604544,0.0989774953781755,0.0,0.0,0.16810181943732155,0.039125169134008216,0.11893633898918313,0.0,0.0,0.2768561617496497,0.23048635660992034
139,0,ABAB,20261111,140,0.1416764927638488,0.11959086282655161,0.11738223512612289,0.04842097479014597,0.08329220780832228,0.09744908417283649,0.010319215296418438,0.0,0.0,0.0,0.0141302612871651,0.10048425159372583,0.0,0.0,0.11764529412292249,0.04866769400693158,0.08378745472143435,0.0,0.0,0.204617423692894,0.18829063388336828
140,0,ABAB,20261111,141,0.1334580793506072,0.12370030138907649,0.12278636153885727,0.04070335254448391,0.09597635347432111,0.09007617493704474,0.010778723519773407,0.0,0.0,0.0,0.014835335121259906,0.09183328416819472,0.0,0.0,0.12251987108783317,0.04050249810688877,0.09575523306727302,0.0,0.0,0.17154985189099992,0.19121191673287707
141,0,ABAB,20261111,142,0.14890411706085313,0.12855862219915085,0.12775131095537298,0.04189157064775354,0.09589815795349785,0.08686441380018031,0.010433657717810213,0.0,0.0,0.0,0.014125046312741066,0.08750407067935555,0.0,0.0,0.12785629757587538,0.04192443749361966,0.09614105130034155,0.0,0.0,0.20686033710057797,0.1973950925217767
142,0,ABAB,20261111,143,0.13719125521802641,0.13597168286153083,0.1348044808965882,0.04442207639727952,0.09496649892589466,0.09659363387610707,0.010253985333184395,0.0,0.0,0.0,0.013908741918517108,0.09746145660951047,0.0,0.0,0.13493181861178238,0.044448790049558685,0.09504672169129945,0.0,0.0,0.25678361371095876,0.23777796091255712
143,0,ABAB,20261111,144,0.145992261147185,0.13827314742261898,0.136770930397202,0.06728963365533315,0.1065222717319687,0.0871124885438086,0.01057324440428346,0.0,0.0,0.0,0.01460534001028558,0.08826917699527888,0.0,0.0,0.13658601783532073,0.06710096533718247,0.10643649994043171,0.0,0.0,0.20368581316444512,0.18883147671637704
144,0,ABAB,20261111,145,0.16418918398078605,0.12874164329464682,0.12768055504037878,0.053705464709495415,0.1047309185494208,0.09787091573844713,0.010267514682394412,0.0,0.0,0.0,0.014183809326851001,0.10009776239394531,0.0,0.0,0.1276314029090159,0.05372320409348098,0.10458541541225376,0.0,0.0,0.22473674565870758,0.1908250855113955
145,0,ABAB,20261111,146,0.1292946049704428,0.12487100556966457,0.12372623469519047,0.055544281863540164,0.09806950081479181,0.06350852547070501,0.010778053480191889,0.0,0.0,0.0,0.014798922523686071,0.06366038849207778,0.0,0.0,0.1239208521574546,0.055523442349198905,0.09813418674860044,0.0,0.0,0.2030105980023433,0.19179805349050613
146,0,ABAB,20261111,147,0.1423074031347463,0.13293792107988667,0.13092231482831265,0.040135354150360916,0.13525713817182047,0.08889859831907422,0.009897310940552568,0.0,0.0,0.0,0.013205048816070706,0.09091753085117553,0.0,0.0,0.13093747208636136,0.04023184096204525,0.13520238585289449,0.0,0.0,0.24783097056958384,0.22730453833011038
147,0,ABAB,20261111,148,0.12486544702761349,0.13879540239826774,0.13753782807618134,0.0464563774657408,0.11992093850176809,0.0907510079651583,0.00998630424334216,0.0,0.0,0.0,0.013659848327976214,0.09274921468419124,0.0,0.0,0.13789212669387824,0.04665777873489915,0.12034064911795546,0.0,0.0,0.24097254890819855,0.18900088141402888
148,0,ABAB,20261111,149,0.13638368424200814,0.12874309183839142,0.12690711743983696,0.04735536974329049,0.07977398806416602,0.08899994202247297,0.009972466919856688,0.0,0.0,0.0,0.013392329906701627,0.0904604956343173,0.0,0.0,0.12716011925142512,0.0472587876685974,0.07992184849718934,0.0,0.0,0.21545460310653053,0.17188270288513804
149,0,ABAB,20261111,150,0.17028573204841996,0.15432471150086893,0.15241384207877565,0.04667104170480337,0.1271675910988614,0.08393571531788808,0.010716624342212017,0.0,0.0,0.0,0.014653646412286522,0.08451196454813621,0.0,0.0,0.15186164245044972,0.046364850658117206,0.12681605383983963,0.0,0.0,0.17754567041392016,0.15334190152417793
150,0,ABAB,20261111,151,0.16326554731086465,0.16481552641874528,0.16317549424984837,0.05958557620502959,0.14196053489623028,0.0682701784195781,0.009905576425629605,0.0,0.0,0.0,0.013490268314554106,0.06968419823635286,0.0,0.0,0.16326346205928755,0.059690183508453905,0.14211155298781167,0.0,0.0,0.26020847939797753,0.21449069213868086
151,0,ABAB,20261111,152,0.1410082946374142,0.12212863365386392,0.12125226654177086,0.04358047748689542,0.08867031375159257,0.09616574420774604,0.010285212501370317,0.0,0.0,0.0,0.014108234092321616,0.09722907751365008,0.0,0.0,0.12161663293147827,0.043759667350374225,0.08898295002539511,0.0,0.0,0.1776277563259085,0.1641575433579941
152,0,ABAB,20261111,153,0.14952968532820712,0.1381616049338923,0.13725374844050697,0.05339440164079094,0.12361389313687772,0.09124130561234928,0.010684945515636503,0.0,0.0,0.0,0.014914644702146953,0.09187693942508646,0.0,0.0,0.1370834563142432,0.05343062266537378,0.12337779113853295,0.0,0.0,0.20336566702776157,0.19344970838738396
153,0,ABAB,20261111,154,0.14362846813342856,0.1351512022517505,0.13387038103648888,0.047328795128472455,0.105260406286014,0.08411019401135819,0.010482879869919184,0.0,0.0,0.0,0.014106222435783971,0.08526913420776519,0.0,0.0,0.13412226895881446,0.047259536274484475,0.10541198776575222,0.0,0.0,0.1844559114101879,0.21842634191365107
154,0,ABAB,20261111,155,0.17963049222705502,0.16730520437619661,0.16510979439344076,0.05653743560829143,0.133492626812494,0.09499443598339612,0.009659917377144148,0.0,0.0,0.0,0.013005074932809151,0.09716083553958994,0.0,0.0,0.16562261574519002,0.05667141030183696,0.13398792441135368,0.0,0.0,0.18698406538436552,0.17618733324002792
155,0,ABAB,20261111,156,0.13688244451195425,0.12168828921308847,0.12035155069552489,0.04208436423184671,0.10466971217864836,0.06579764430287532,0.010053205980237706,0.0,0.0,0.0,0.013851156807774236,0.06711832958155607,0.0,0.0,0.1203768597763718,0.04198501748220538,0.10466364629296732,0.0,0.0,0.24203499774656773,0.26607263719944907
156,0,ABAB,20261111,157,0.1883431056680643,0.13767047989766001,0.13587228074897856,0.047844316868368084,0.07603419464116988,0.12505744040780062,0.010144201012319238,0.0,0.0,0.0,0.014210981911435236,0.12735575967528193,0.0,0.0,0.13587021008116196,0.047834939923289715,0.0759048174927841,0.0,0.0,0.222311518793389,0.19959547164261027
157,0,ABAB,20261111,158,0.20824655701008146,0.15464531826108882,0.15287460225924365,0.03775171945717056,0.08971773567333641,0.1009185995272367,0.010440961302815282,0.0,0.0,0.0,0.014706724477913432,0.10261209595483031,0.0,0.0,0.15284466380613387,0.03772430142290552,0.08959663000160376,0.0,0.0,0.24855832337770215,0.21127361217781038
158,0,ABAB,20261111,159,0.10642967190567283,0.10298865697002003,0.10190164165254158,0.042306117320596845,0.07236451532145363,0.0654917278088289,0.010377194444272056,0.0,0.0,0.0,0.014124121382076023,0.06698310259138046,0.0,0.0,0.10212413057670594,0.04230567949998577,0.07252196755105622,0.0,0.0,0.26689901949836636,0.21610143280455454
159,0,ABAB,20261111,160,0.14329345962157028,0.12396720384465348,0.12200789616811761,0.04748445331173218,0.09917401169909533,0.0946564357813856,0.009749154487684276,0.0,0.0,0.0,0.013107172026963996,0.09654689797312517,0.0,0.0,0.1222601579518532,0.04768166594999214,0.09939491215019075,0.0,0.0,0.316082491184982,0.29574374341536913
160,0,ABAB,20261111,161,0.1981968470801427,0.22210649136031277,0.217922574736101,0.05451226230308277,0.15763002897849807,0.100010038977244,0.010280583308805102,0.0,0.0,0.0,0.014466761998529084,0.10568804061956547,0.0,0.0,0.21782255200033276,0.05472565518939029,0.15742617944068246,0.0,0.0,0.30177288072826586,0.29705499205592845
161,0,ABAB,20261111,162,0.1530093502110416,0.12824995905972822,0.12684275298582465,0.046488049216356846,0.08034793696241609,0.07465067270965724,0.010149835038679667,0.0,0.0,0.0,0.013108328950106583,0.07556365882376745,0.0,0.0,0.12676987847425195,0.04654280386661722,0.08004908753040581,0.0,0.0,0.2717508473463987,0.24856110357924605
162,0,ABAB,20261111,163,0.15661313089527706,0.12164168572961492,0.12047443932148409,0.03910850398675995,0.0932001332971254,0.10518630074828812,0.01102392117208881,0.0,0.0,0.0,0.015412380502982145,0.10671292774205213,0.0,0.0,0.12072341224638901,0.0391903879529351,0.09336431904826051,0.0,0.0,0.2716218879158333,0.20325736019030616
163,0,ABAB,20261111,164,0.12875412106967274,0.14535061358710674,0.14337922640483364,0.03646689355558321,0.12822588541875224,0.0550309666254781,0.01012509010746667,0.0,0.0,0.0,0.014027530385759076,0.056724502282557654,0.0,0.0,0.1435832866717041,0.03652606933396914,0.12859142197680073,0.0,0.0,0.22114256394963977,0.21545793101720895
164,0,ABAB,20261111,165,0.15724226809299965,0.16050130599309942,0.15874991327493176,0.0667078998096827,0.12847368072243473,0.08586378031753018,0.01022469219641185,0.0,0.0,0.0,0.014114318333224981,0.08819996675748831,0.0,0.0,0.15851139226611505,0.06675466923689062,0.12831382375503866,0.0,0.0,0.17585855635397996,0.21118810463372284
165,0,ABAB,20261111,166,0.132597570675737,0.11642559843178299,0.11535623908953689,0.05927557128354557,0.1071351960520236,0.05990894923231518,0.010937107896968647,0.0,0.0,0.0,0.015214082938553607,0.060755895100062345,0.0,0.0,0.11514114687094797,0.05926999300846359,0.1070561909120819,0.0,0.0,0.2235458175398699,0.24553682307019853
166,0,ABAB,20261111,167,0.15635232108279365,0.1368721442505907,0.13594339723962576,0.03687993399533288,0.11809632707231957,0.08875063185430714,0.010100821701521538,0.0,0.0,0.0,0.013433579373735936,0.09018910267392381,0.0,0.0,0.1358122220405483,0.036889151411449654,0.11806438455112452,0.0,0.0,0.24003890311116896,0.2132776286242243
167,0,ABAB,20261111,168,0.16250161697812374,0.13217977308033646,0.13047362801096982,0.05062008482232589,0.1101326056092946,0.09986868698294783,0.009848806003036843,0.0,0.0,0.0,0.01306610730558903,0.10222495773700696,0.0,0.0,0.13038957803947768,0.05073773256474047,0.11015723303304302,0.0,0.0,0.2569482872892261,0.2697801156626841
168,0,ABAB,20261111,169,0.15862630501770952,0.15553487420335557,0.15206027220241491,0.05883850287593616,0.1430800872366852,0.07883159348312427,0.010491492609249321,0.0,0.0,0.0,0.01462252072774839,0.08068855738822314,0.0,0.0,0.15189317785026651,0.0588366404432134,0.1428813243934008,0.0,0.0,0.26791046267018903,0.22033309367572854
169,0,ABAB,20261111,170,0.13505100791614413,0.12641547298938358,0.12528047868766762,0.0515498139799679,0.11049954833041985,0.08604759983074503,0.01065999960760748,0.0,0.0,0.0,0.014511101330716746,0.08775310803973846,0.0,0.0,0.1252133879971714,0.05151747694727863,0.11049614222477405,0.0,0.0,0.2421169877958752,0.13665396436273414
170,0,ABAB,20261111,171,0.13155381995610868,0.13802240491702122,0.1349737947440799,0.05528554049730141,0.1149292349067728,0.07057229877350804,0.01082262878265604,0.0,0.0,0.0,0.014899518791859696,0.07154899655459261,0.0,0.0,0.13559203339638837,0.055173737153338315,0.11514788621921365,0.0,0.0,0.1851064014740635,0.18623556476215347
171,0,ABAB,20261111,172,0.1984591310713238,0.18734413152807244,0.18528367903544887,0.06944773587549591,0.1539377588122774,0.08451210876012454,0.009576403288758587,0.0,0.0,0.0,0.01308921789428409,0.08644304796146694,0.0,0.0,0.1859424819261642,0.06974277178347246,0.15486005439421088,0.0,0.0,0.2510294633064636,0.2253647417896144
172,0,ABAB,20261111,173,0.16895016128437557,0.1798269082302773,0.17803648330882368,0.05901554279877202,0.14755576287092445,0.09340732490332819,0.010122346451102054,0.0,0.0,0.0,0.013858444393686994,0.09674444730849839,0.0,0.0,0.1782383324879904,0.059062674794953265,0.14762129481019243,0.0,0.0,0.2717031563983288,0.23327049860521745
173,0,ABAB,20261111,174,0.16972271074268486,0.11873716007711617,0.11718388391757424,0.035930843102002695,0.07831698463383546,0.10633355622796392,0.009934009540654834,0.0,0.0,0.0,0.012869839521283632,0.10735660107140807,0.0,0.0,0.11741524770420747,0.03584270821494622,0.0784779030384052,0.0,0.0,0.18456523441851044,0.18924204695556351
174,0,ABAB,20261111,175,0.1720213041052144,0.13932443245048556,0.13829079330468194,0.04017171074828807,0.09652312581190106,0.09258780400514557,0.01055295933871695,0.0,0.0,0.0,0.014449124676945806,0.0937379175133206,0.0,0.0,0.13826035462581512,0.040212461392252596,0.09656022483868978,0.0,0.0,0.2611527021583962,0.24668298506796177
175,0,ABAB,20261111,176,0.12844645078979353,0.12918714248001703,0.12813277965082936,0.0448472881541594,0.09865152878009291,0.07261530502783463,0.01077458309808286,0.0,0.0,0.0,0.014538423318859853,0.07339517048720733,0.0,0.0,0.12820102860128674,0.04478805485209242,0.09855101683990575,0.0,0.0,0.3004982460933689,0.24484661363984994
176,0,ABAB,20261111,177,0.1468745424945425,0.13050363612425123,0.1285646047829826,0.048103249648914506,0.11521156379385886,0.08208265577638095,0.01069469629445944,0.0,0.0,0.0,0.0148748506934916,0.08494636043159075,0.0,0.0,0.1286138993025925,0.048185407319321485,0.11531323203059397,0.0,0.0,0.33226056037968776,0.32708006605276946
177,0,ABAB,20261111,178,0.158017107627997,0.15312897799916173,0.1515493425408696,0.03829220275360078,0.11167947904854822,0.09300056380403246,0.009684820268126131,0.0,0.0,0.0,0.01319005233577185,0.09603529941881056,0.0,0.0,0.1518252016587635,0.03826830062952359,0.1118027893703735,0.0,0.0,0.30148841648351316,0.26701190456570995
178,0,ABAB,20261111,179,0.132945940895686,0.1369466957460961,0.1359106055637823,0.053081132631484555,0.11833729311013308,0.08153179218932506,0.009743548838113758,0.0,0.0,0.0,0.012919291193087141,0.08269302937259293,0.0,0.0,0.13607362838470413,0.05307874414366857,0.11843080767161057,0.0,0.0,0.27454257496933065,0.21815934564937253
179,0,ABAB,20261111,180,0.13340699828928185,0.10621179073460854,0.10515758865095545,0.044900227913531744,0.06627963362886323,0.09779444518215981,0.010362862556120924,0.0,0.0,0.0,0.014097660082123794,0.09882664239376274,0.0,0.0,0.104853791313727,0.04475156595904104,0.06608304037734633,0.0,0.0,0.1602428140640294,0.1589200044600861
180,0,ABAB,20261111,181,0.15117476678622405,0.15134506910291526,0.1498532896941285,0.04072238322045622,0.1432166987633221,0.07564218357505928,0.010449686640399743,0.0,0.0,0.0,0.014000964876560442,0.07635427859640166,0.0,0.0,0.1496898433850196,0.04072720109676504,0.1431880267516294,0.0,0.0,0.17326946791207762,0.19536553481636798
181,0,ABAB,20261111,182,0.16107808575436847,0.09590460115789988,0.09487797545977769,0.04782362210995016,0.09693799684424834,0.08626083163562867,0.01006302430318849,0.0,0.0,0.0,0.01324613178067111,0.08781023372239992,0.0,0.0,0.09492029763483957,0.04781286821310649,0.09705325927797864,0.0,0.0,0.1728645410726829,0.17243946996145415
182,0,ABAB,20261111,183,0.16444576042711864,0.16118785648023054,0.15921713296347076,0.05008031967801563,0.1070227391370303,0.1066682723289443,0.010762751697598176,0.0,0.0,0.0,0.014809557113943243,0.1087598053791556,0.0,0.0,0.15928934819259213,0.05009966387738295,0.10723285987968273,0.0,0.0,0.23813145276048672,0.1920212997889711
183,0,ABAB,20261111,184,0.15329600140191013,0.11232557787647876,0.11166925386363619,0.04523411941822095,0.09766347633807293,0.09101996201019293,0.010597215263073926,0.0,0.0,0.0,0.014685256589780997,0.09269976519575307,0.0,0.0,0.11178919065099825,0.04533716934846463,0.09786182359402217,0.0,0.0,0.283677857626719,0.2169953665281715
184,0,ABAB,20261111,185,0.16417425605617214,0.14548252201387285,0.14404111854929902,0.05512579477238576,0.1065705408146027,0.07592241349403392,0.01064374776910198,0.0,0.0,0.0,0.014599173288782383,0.07755934562324623,0.0,0.0,0.1439619883046537,0.05513671038312996,0.10651090434276701,0.0,0.0,0.20834363415451773,0.21795622520793365
185,0,ABAB,20261111,186,0.1388635747528227,0.13214557809699523,0.13095098153649629,0.028406946280085298,0.11286177874201797,0.0722810048674761,0.010236221871692248,0.0,0.0,0.0,0.01382995064088587,0.07325785507831874,0.0,0.0,0.1312783649761021,0.028499314237357864,0.11318888614832032,0.0,0.0,0.1794660007083004,0.19292193618776984
186,0,ABAB,20261111,187,0.1448763426755471,0.1585749193664717,0.1573303784743595,0.05393105942654537,0.11663483614898863,0.08284789084631057,0.010590404668822273,0.0,0.0,0.0,0.014558878975584706,0.08412748192757323,0.0,0.0,0.1575749214401645,0.05404145972634126,0.1168331156878664,0.0,0.0,0.2755497396249639,0.23496917753805874
187,0,ABAB,20261111,188,0.1730552851327089,0.13169063704820433,0.13014838685820954,0.049596827313399816,0.07659488813420941,0.09719489395977468,0.009976347524128524,0.0,0.0,0.0,0.013221640219499042,0.0994799982817569,0.0,0.0,0.12995698863722394,0.04966726723978893,0.07647068880722291,0.0,0.0,0.27786076363458745,0.23783134110050602
188,0,ABAB,20261111,189,0.13334546267816352,0.12109428498564169,0.11936341639349227,0.03604545544309245,0.08085503007023764,0.06473423071164465,0.009761711431068873,0.0,0.0,0.0,0.013035540540747332,0.06609722654686312,0.0,0.0,0.11901912880167427,0.035976511219057615,0.08076799924897367,0.0,0.0,0.28018173301220595,0.24116536441289965
189,0,ABAB,20261111,190,0.15168333232154152,0.13260466913052613,0.13056514154329102,0.034866274021758834,0.09011642364316233,0.06652729452139952,0.010529009917675573,0.0,0.0,0.0,0.014478764100193017,0.06848231246552372,0.0,0.0,0.1301736082084337,0.03476827893878618,0.08966889297026617,0.0,0.0,0.2949972908331917,0.27207500172520527
190,0,ABAB,20261111,191,0.13363388025159373,0.12473678907338806,0.12343328096139242,0.03996889718272433,0.10280056675662175,0.07837504557934316,0.010976370387799896,0.0,0.0,0.0,0.015019548286394893,0.08051062272707395,0.0,0.0,0.12391836646423877,0.039931357844373204,0.10306498340455467,0.0,0.0,0.28802981821519985,0.2904444903791709
191,0,ABAB,20261111,128,0.11771541061533833,0.14215062661216396,0.14020623414685765,0.038071830001997,0.10790048640874322,0.06748993406902239,0.010596916375157495,0.0,0.0,0.0,0.014537855776056654,0.07002381112412401,0.0,0.0,0.1401125068871859,0.037899194532847846,0.1078432156954178,0.0,0.0,0.32899272668880397,0.2900665900237013
192,1,BABA,20261111,193,0.1462206201885449,0.1326160978070038,0.13166086926237724,0.0636934256247438,0.07669424168714399,0.0873680158838324,0.012284722781799292,0.0,0.0,0.0,0.017268248679761386,0.08839025329547148,0.0,0.0,0.13182935373627527,0.06399148355450904,0.07689634331400372,0.0,0.0,0.2485216260304094,0.2169513885316636
193,1,BABA,20261111,194,0.14748161342467545,0.15638397329650447,0.15476653887480019,0.0403676836521529,0.0988778202755763,0.10403467723525393,0.011570637117669499,0.0,0.0,0.0,0.015415804642688394,0.10550426994201835,0.0,0.0,0.1542578211365082,0.040474094018099614,0.09846333012016148,0.0,0.0,0.21579308996439514,0.2199110131824811
194,1,BABA,20261111,195,0.15351753030950221,0.13886185979143853,0.13745824324031902,0.03565118857865221,0.10375634997658839,0.08766268195145525,0.012436278669684716,0.0,0.0,0.0,0.017435999749055145,0.08961610607783761,0.0,0.0,0.13781273959494383,0.035725288402994736,0.10427556246443455,0.0,0.0,0.32499628535072805,0.25711439881809106
195,1,BABA,20261111,196,0.15489674176442317,0.1526755588058301,0.1508315961424026,0.05668818993601342,0.12085300041709704,0.07499921432873308,0.011909390251578555,0.0,0.0,0.0,0.016583992804886708,0.07616714459317946,0.0,0.0,0.15169171009842733,0.05690822260968269,0.12162140975907197,0.0,0.0,0.2090458281765368,0.21113453271382612
196,1,BABA,20261111,197,0.14621463374188665,0.15407346237076236,0.15274563612698341,0.046921053305806315,0.13105952869349216,0.09992337828982563,0.01152467981995645,0.0,0.0,0.0,0.016416136768755446,0.101136616933428,0.0,0.0,0.15324386831311673,0.04711394160879295,0.13164614569327246,0.0,0.0,0.22971597004663635,0.1997142321989949
197,1,BABA,20261111,198,0.1443765664570124,0.1288930172400033,0.12772596542945655,0.0441965599881226,0.09253020887789347,0.08344593933098715,0.011437742108341873,0.0,0.0,0.0,0.01583507015273522,0.08619166754058272,0.0,0.0,0.12814364734268247,0.04445692232576625,0.09278144603929692,0.0,0.0,0.24074714588344365,0.24924548439783276
198,1,BABA,20261111,199,0.15501589244888223,0.15207059211347085,0.15031466938937685,0.04536098119729989,0.11421609112620242,0.08690864761925468,0.011196112922417468,0.0,0.0,0.0,0.015202536281799931,0.08914508473987273,0.0,0.0,0.15058671982119679,0.04543468099622883,0.11453658905226258,0.0,0.0,0.24061121536565155,0.22011971101377886
199,1,BABA,20261111,200,0.1484198840940311,0.16100716588757674,0.1598548370919313,0.03518921451181926,0.1256723990288061,0.0824865072041379,0.011297542331971886,0.0,0.0,0.0,0.015550849162311397,0.08374639227169531,0.0,0.0,0.15997610038339544,0.03508557481993442,0.12576881915978425,0.0,0.0,0.24240649515303136,0.2209436371406607
200,1,BABA,20261111,201,0.1727064543132723,0.14826555377041048,0.1466714947277448,0.041247633497480785,0.09040217767805178,0.0907727518930853,0.011600906775831785,0.0,0.0,0.0,0.016271302482771966,0.09198352327725416,0.0,0.0,0.14659651578816155,0.041338805250481316,0.0905875894955962,0.0,0.0,0.27727242458586315,0.24653999018154688
201,1,BABA,20261111,202,0.11426211810399196,0.11218090721796967,0.11112891544045046,0.04366372122424114,0.11875615408474119,0.07800947454404575,0.011375319453478366,0.0,0.0,0.0,0.01558507188446244,0.0804276139006186,0.0,0.0,0.11102852360222472,0.043759199058429815,0.11873541885261338,0.0,0.0,0.2960775800557529,0.27562630370516983
202,1,BABA,20261111,203,0.1362025064229455,0.10934747008273162,0.10803941501644836,0.05657999832152481,0.09431301179006082,0.07712022616938237,0.010784701405119014,0.0,0.0,0.0,0.014233420128149888,0.07859551648919623,0.0,0.0,0.10816881640187326,0.05660388365441554,0.09443757462865954,0.0,0.0,0.2831204392287419,0.2408211253295656
203,1,BABA,20261111,204,0.15759640182047924,0.12142590589292256,0.12035695757843053,0.04018613989007298,0.10584140705616216,0.07328690013878146,0.011732647984386047,0.0,0.0,0.0,0.0165811534271674,0.07435717440445587,0.0,0.0,0.12068386986142096,0.04011100451094507,0.10620399455591338,0.0,0.0,0.23468460630175814,0.23520874122365892
204,1,BABA,20261111,205,0.1147500733313326,0.09318006924617465,0.09183597945148368,0.032727473504666274,0.08322016872184922,0.06264673083966213,0.010830338104441704,0.0,0.0,0.0,0.013832391335650835,0.06551808216655358,0.0,0.0,0.09233334669795155,0.03298125328538566,0.08374431379019191,0.0,0.0,0.2416619739099552,0.24658754836484761
205,1,BABA,20261111,206,0.12771560691394357,0.12842118265879668,0.12742362602238977,0.04674404029872053,0.12185086803987862,0.09545343209987221,0.011420890892525388,0.0,0.0,0.0,0.016074877760036937,0.09796176949487026,0.0,0.0,0.12725916908147536,0.0465879713813459,0.12173516137557452,0.0,0.0,0.26586403071759573,0.21002276076497323
206,1,BABA,20261111,207,0.17458437206574332,0.1534480266554942,0.15151417421417793,0.05582064382953772,0.12992462934276997,0.0864780100014276,0.011762357171092794,0.0,0.0,0.0,0.016099082159575607,0.08863799362098158,0.0,0.0,0.15153975956884172,0.05568747009184916,0.13000654467161274,0.0,0.0,0.20965526165156653,0.20995507976182473
207,1,BABA,20261111,208,0.14713173725425835,0.1334548668251721,0.13177400655464797,0.049152291610506944,0.11468382518611234,0.07608238294747646,0.012167940793840079,0.0,0.0,0.0,0.017261314682549152,0.07712054549193292,0.0,0.0,0.13194516908627804,0.04905930255902943,0.11459936400390093,0.0,0.0,0.16816613606058278,0.20331985533074323
208,1,BABA,20261111,209,0.13695652670772945,0.11980255996644089,0.11852382216081855,0.04972391735581878,0.11472115277788895,0.07109516839874483,0.01161939355032295,0.0,0.0,0.0,0.015990606057185996,0.07323045025300644,0.0,0.0,0.11885364136231218,0.05001858335360802,0.11512052727446935,0.0,0.0,0.20036093331162066,0.20952310869892846
209,1,BABA,20261111,210,0.15519359605051503,0.12532396315156746,0.1241450740811736,0.05649495980869663,0.08969640086558771,0.08261502691231519,0.011729296765976501,0.0,0.0,0.0,0.015916812875511204,0.08381032318308633,0.0,0.0,0.12451418389074624,0.0566436538082875,0.08994129312544583,0.0,0.0,0.1868429659711934,0.15753308436429206
210,1,BABA,20261111,211,0.19245441628105578,0.16500758793764386,0.16242213423506754,0.03841862217173523,0.12759637291415463,0.07579024222790541,0.01216305821439069,0.0,0.0,0.0,0.017705633041846598,0.07599741884713654,0.0,0.0,0.16271361222785766,0.038437031399415,0.12784647758669512,0.0,0.0,0.2736001569315858,0.21157363316182648
211,1,BABA,20261111,212,0.16024760389135978,0.13046991217343346,0.1287648602343696,0.05078829324428679,0.11421331673182061,0.07122417110890839,0.011915709159786987,0.0,0.0,0.0,0.016485812156896443,0.07255573283103184,0.0,0.0,0.1286504109729866,0.050425274543904094,0.11394956949650811,0.0,0.0,0.24843507894004307,0.23062073016114773
212,1,BABA,20261111,213,0.12981314412267062,0.12472101204834452,0.12370081368129805,0.04744250992930778,0.14232830652009176,0.08454021271521621,0.010993109433298004,0.0,0.0,0.0,0.015529742331487115,0.08670308270849757,0.0,0.0,0.12396022096899208,0.04750420170174568,0.14277844565517459,0.0,0.0,0.20438710807783814,0.15706839187454075
213,1,BABA,20261111,214,0.1592631215747703,0.14396735413475853,0.14307991133398607,0.037394296905511354,0.12750753440288265,0.0790060960717224,0.011831138463944521,0.0,0.0,0.0,0.016078877843307478,0.08014665591698653,0.0,0.0,0.14314539811741006,0.03736600937479525,0.12780378131721676,0.0,0.0,0.1801002377301812,0.15242503631121618
214,1,BABA,20261111,215,0.1812041490657331,0.15428746975821434,0.15329366788609547,0.05138735968198089,0.11231534746682098,0.10581968071125115,0.01197814246211944,0.0,0.0,0.0,0.017031252180083382,0.10646354806511388,0.0,0.0,0.15373339442401424,0.05165042392869571,0.11291500683493093,0.0,0.0,0.21927097178727145,0.19057627429160662
215,1,BABA,20261111,216,0.11116794730992612,0.11570782377669367,0.11478937329675197,0.056440875800114754,0.09173262538890212,0.08464288112558628,0.011881928183789778,0.0,0.0,0.0,0.01646940594934533,0.0853949737727899,0.0,0.0,0.11460502072433051,0.0559789395705887,0.09152241888763755,0.0,0.0,0.18162887496589442,0.1775813826376862
216,1,BABA,20261111,217,0.09427191368677314,0.07954554916997682,0.07865661448017425,0.041823193611260905,0.06422496940030713,0.07464663078538744,0.011216939036575087,0.0,0.0,0.0,0.01524940387470897,0.07655688958250795,0.0,0.0,0.07874810244995448,0.041941685257264945,0.06420876010655714,0.0,0.0,0.20761375695566858,0.217908193696739
217,1,BABA,20261111,218,0.1678405046575022,0.153880846172782,0.15224068597342752,0.0503905598197291,0.10802217873129985,0.08763977000227809,0.011338605368303747,0.0,0.0,0.0,0.015886693200733833,0.08928585771290094,0.0,0.0,0.15237373621373465,0.050423795038020414,0.10811889314345965,0.0,0.0,0.22847577026730606,0.21019048041722732
218,1,BABA,20261111,219,0.20170410768346048,0.1853333779157967,0.1829573775478957,0.0378356003537574,0.13865885793707525,0.1151724322472686,0.012170928723040488,0.0,0.0,0.0,0.01664884879786998,0.11726189565915665,0.0,0.0,0.18340810211199457,0.037942309446191744,0.13892314137894957,0.0,0.0,0.1589015662888385,0.191758499013193
219,1,BABA,20261111,220,0.1674786162407772,0.13083581479828746,0.12950069403312928,0.044771533749455354,0.07679414382320968,0.10219714297324149,0.010757477508054355,0.0,0.0,0.0,0.014183204894174373,0.10419439869284004,0.0,0.0,0.1299087120086851,0.04488151633851992,0.07712319353469985,0.0,0.0,0.29364597090761463,0.264857012479053
220,1,BABA,20261111,221,0.12955742202942316,0.14002925473150238,0.13885016880892143,0.04437278147407046,0.11763629978271739,0.07540506729747196,0.011558029653705667,0.0,0.0,0.0,0.01645633938517456,0.077068982467868,0.0,0.0,0.13884144477388183,0.044422984615391764,0.11775120723278058,0.0,0.0,0.21866564833364788,0.1862912717353029
221,1,BABA,20261111,222,0.13216123877470598,0.1285358148687395,0.1271303139959089,0.044067195214526934,0.10426916658219662,0.10534786335756048,0.012184341864384763,0.0,0.0,0.0,0.017099587353579592,0.10644389474317506,0.0,0.0,0.12745739516777327,0.04411136976908657,0.10453510270453412,0.0,0.0,0.262070630260795,0.2371711274414617
222,1,BABA,20261111,223,0.2016500612642197,0.2028284253757698,0.19959239862593128,0.05003134870502186,0.14555507577228036,0.09265647433600041,0.011586672742445589,0.0,0.0,0.0,0.015984935775946053,0.09562481055353445,0.0,0.0,0.19985762354015882,0.05031218199771313,0.145869395194136,0.0,0.0,0.23217108582394558,0.18592479908781673
223,1,BABA,20261111,224,0.1381654253220428,0.1313156039998964,0.1292690029652905,0.05357418262511121,0.11725594901058618,0.07066412043169781,0.011543724449701191,0.0,0.0,0.0,0.015650866277181527,0.07197394422693447,0.0,0.0,0.12969303466922943,0.05387603055178585,0.11769162429027076,0.0,0.0,0.2466141340065332,0.21509228895523527
224,1,BABA,20261111,225,0.13847902388963415,0.12029310074039226,0.11782347691012003,0.04475259644379315,0.1250125565607762,0.07781797841168894,0.01082850871230693,0.0,0.0,0.0,0.01448499207876257,0.08061034743024383,0.0,0.0,0.11802472530183321,0.04487884955449998,0.12520810128309173,0.0,0.0,0.27830116292922696,0.2626032524250033
225,1,BABA,20261111,226,0.14426283767359172,0.11947301290355562,0.11847961735808292,0.05314955761352789,0.08061865483572422,0.07586209755280361,0.01207571872127995,0.0,0.0,0.0,0.016692775038335328,0.0768991870538822,0.0,0.0,0.11866683111384196,0.0530686832712661,0.08072949804496854,0.0,0.0,0.2478708560089598,0.22687540931851893
226,1,BABA,20261111,227,0.153857113840689,0.14113071244033593,0.13987587285467765,0.06366001686786456,0.11066242768899472,0.06624886725182215,0.011517330444049277,0.0,0.0,0.0,0.015915094185373596,0.06715066245974513,0.0,0.0,0.13989940390488792,0.06372832539830145,0.11071367734990865,0.0,0.0,0.2235971231949679,0.20840766855531687
227,1,BABA,20261111,228,0.15920877031235722,0.12682564316223702,0.125050970063721,0.04851362623802126,0.10034841264719485,0.07261940129998852,0.011321606363524939,0.0,0.0,0.0,0.015222057401611542,0.07418020995561601,0.0,0.0,0.12464090661170148,0.04855697144044153,0.10006093776513404,0.0,0.0,0.23139131347148587,0.21572771829819357
228,1,BABA,20261111,229,0.14183317520869312,0.1445176398589843,0.14332558658977987,0.05819083968121619,0.13148735310523954,0.073626592980058,0.011869522112558206,0.0,0.0,0.0,0.016431394491141636,0.07484311218454749,0.0,0.0,0.14355436367177246,0.0583351875522664,0.13193821169351985,0.0,0.0,0.2841398278225268,0.2258085186222768
229,1,BABA,20261111,230,0.18222030573155013,0.16460948612717177,0.1623670976809173,0.04487044451083051,0.12752410090575703,0.08172017103751364,0.011621305239301003,0.0,0.0,0.0,0.015510038671032645,0.08371665438113314,0.0,0.0,0.16264925454006077,0.04493510207052277,0.12810420580678622,0.0,0.0,0.2209226736544598,0.1971418693151616
230,1,BABA,20261111,231,0.15319051965914351,0.14129308720963416,0.14015883597545353,0.05610473291552918,0.12168365481428445,0.06522910666649147,0.011677879130104207,0.0,0.0,0.0,0.0165350869595841,0.06602516366146889,0.0,0.0,0.13990983597901488,0.056078604770713344,0.12154150943514128,0.0,0.0,0.3028614732718862,0.2993075343187967
231,1,BABA,20261111,232,0.12034432937325079,0.1464786569899991,0.14433987986020158,0.051156573841428965,0.12276680448887757,0.0534485637786427,0.01100677422766313,0.0,0.0,0.0,0.015249884387397728,0.05557383819651716,0.0,0.0,0.14430155613670878,0.05116210910932289,0.12264021572926018,0.0,0.0,0.2660532771228034,0.2716144300124456
232,1,BABA,20261111,233,0.1679305778626963,0.13152305574498166,0.12972047234174244,0.04926400475540037,0.10380989821048492,0.08062248557200741,0.011129312205200767,0.0,0.0,0.0,0.015433345326077335,0.08205773871421063,0.0,0.0,0.13014647698385776,0.04926577049762844,0.10413318946071151,0.0,0.0,0.2062584939042316,0.18713313672123302
233,1,BABA,20261111,234,0.18184944675033016,0.14017942921405288,0.13917585212634725,0.02222732906543556,0.09843935039943935,0.08808454289317832,0.01145349359183944,0.0,0.0,0.0,0.015881109545808896,0.0884019291013133,0.0,0.0,0.13939007701563605,0.02228047008795639,0.09858001107974147,0.0,0.0,0.2271478587191827,0.23027847092803094
234,1,BABA,20261111,235,0.15801832503880966,0.14987092052464715,0.1481932744016518,0.04048897023836959,0.1320108087308749,0.08604429497458616,0.011186008495986936,0.0,0.0,0.0,0.015912417896476124,0.08806887215068264,0.0,0.0,0.147977647547417,0.040471644181485834,0.13208335909952307,0.0,0.0,0.2095681926807681,0.19528004152322367
235,1,BABA,20261111,236,0.11506057379133203,0.1060289574984658,0.10540285495198425,0.04179851834821381,0.09098608561650377,0.08837764302429871,0.011525378716386567,0.0,0.0,0.0,0.01589946638616218,0.08952939623222919,0.0,0.0,0.10581546525461753,0.042126624353606194,0.09111030429895625,0.0,0.0,0.21526543096418888,0.22111619199105545
236,1,BABA,20261111,237,0.11836564973838981,0.1322639910175325,0.13042695713923627,0.0565858653954881,0.11618678030785928,0.0813093195977713,0.011144997670391305,0.0,0.0,0.0,0.01560337173838519,0.08364004987607594,0.0,0.0,0.13079083401146688,0.0569929396354234,0.11652705078606805,0.0,0.0,0.32578271672154685,0.2964946696167075
237,1,BABA,20261111,238,0.1487765684671774,0.13739797467577106,0.13598595122579837,0.04587803848404151,0.1017489470114078,0.07122409490565723,0.011194600631021614,0.0,0.0,0.0,0.015235359459443949,0.07258447064753049,0.0,0.0,0.13649391008232928,0.04615017641063099,0.10195070721908797,0.0,0.0,0.2704105281897431,0.21787144374341816
238,1,BABA,20261111,239,0.15416869584433263,0.15017084891358812,0.14866054786341262,0.03153714655929794,0.10282234703501504,0.09648887091818743,0.010942105407281348,0.0,0.0,0.0,0.014752411032987356,0.09859549141239388,0.0,0.0,0.14853785221027307,0.031609607854593186,0.10276579349009261,0.0,0.0,0.22540338266687243,0.2095882294722219
239,1,BABA,20261111,240,0.17750370496685014,0.163033050680325,0.1613245449739297,0.041560838360757996,0.13940379100630657,0.0660159891385314,0.010773361999825874,0.0,0.0,0.0,0.01456869795723585,0.06754581289746525,0.0,0.0,0.16155241358549877,0.041854685823926575,0.139613214206986,0.0,0.0,0.27074256795753965,0.20576495122218036
240,1,BABA,20261111,241,0.15627161816538496,0.13815979997979078,0.13686854832523895,0.04089584174260668,0.12119673107824,0.07210406789817568,0.011477442018611351,0.0,0.0,0.0,0.01560221103053698,0.07347695936279977,0.0,0.0,0.13676276049786257,0.04085991825385326,0.12114246359443114,0.0,0.0,0.2826122929109045,0.21218300740924304
241,1,BABA,20261111,242,0.16842259852287134,0.13862830435764675,0.13664520404947816,0.04200600325888371,0.1105138689682189,0.0877204909353763,0.011706294702807778,0.0,0.0,0.0,0.016333390024076157,0.08832040416286407,0.0,0.0,0.1363389813611677,0.04219406987816462,0.11060625723468608,0.0,0.0,0.2214722957531671,0.19343869706125627
242,1,BABA,20261111,243,0.13774860044252346,0.11396365405939171,0.11246598311974858,0.04346646953400607,0.08965677127377711,0.08267933659314847,0.011272533989129538,0.0,0.0,0.0,0.015564847129240037,0.08547984214939593,0.0,0.0,0.11219334803889952,0.04336365132751014,0.08947400420807333,0.0,0.0,0.3475827798683551,0.27603637109948564
243,1,BABA,20261111,244,0.12315544402687927,0.11809451567410117,0.11641844917919328,0.044604942243767674,0.0745396806370383,0.08249623146241156,0.01070470487435614,0.0,0.0,0.0,0.014652164311797299,0.08413925956474005,0.0,0.0,0.11650548144403387,0.04477967558563445,0.07448367977996694,0.0,0.0,0.29405044720870355,0.23983286256415065
244,1,BABA,20261111,245,0.16143748908517713,0.12340896824454896,0.12227177043847767,0.035914089214769906,0.10875786211914104,0.08669272918224953,0.01191984205047989,0.0,0.0,0.0,0.016341363293835752,0.08819726791801324,0.0,0.0,0.1226059175686134,0.035893689765913527,0.10901904773809337,0.0,0.0,0.20555966260406014,0.22131601889458663
245,1,BABA,20261111,246,0.17124614018071896,0.1422906658353172,0.14099736769882143,0.038106611868539815,0.1090621922616345,0.07365895927890073,0.011075178533448233,0.0,0.0,0.0,0.015276499362377382,0.07602100192649672,0.0,0.0,0.14093813661453047,0.0382301621758482,0.10914813174774227,0.0,0.0,0.2382808283694846,0.22363336593443592
246,1,BABA,20261111,247,0.16132492903902293,0.16343775124160417,0.16202492644735705,0.047940458360007036,0.10714360924078742,0.09664872899758155,0.01143868614884586,0.0,0.0,0.0,0.01575298922223553,0.09863535482040584,0.0,0.0,0.16233442977967644,0.047689597715289224,0.1072948237411708,0.0,0.0,0.24243405015289568,0.2340718007682474
247,1,BABA,20261111,248,0.149931472631032,0.14283716780601774,0.14167837817396972,0.034974351224316504,0.11483129910401621,0.0641613055485956,0.011685446960867483,0.0,0.0,0.0,0.01587000870409217,0.06512369072097618,0.0,0.0,0.14181287445646884,0.035098569536839194,0.1148669473684106,0.0,0.0,0.21309725019255382,0.18122657684318116
248,1,BABA,20261111,249,0.18724705784924567,0.20956742439261983,0.20702493500692395,0.03701967345012759,0.16962534649675054,0.09093423498400977,0.011123736755627809,0.0,0.0,0.0,0.014938706041786709,0.09243217742570256,0.0,0.0,0.20747199816143133,0.037206941480677276,0.16981957855915644,0.0,0.0,0.28782638558030077,0.3128557415084392
249,1,BABA,20261111,250,0.1851525310515684,0.18918091580975913,0.18613286044295344,0.05395184546528557,0.13234190438567908,0.10748184494722128,0.01214449382600319,0.0,0.0,0.0,0.017612015506646556,0.1097962513671918,0.0,0.0,0.18729257064224938,0.05430633731707673,0.13314145229472762,0.0,0.0,0.1916936809496812,0.203918719798599
250,1,BABA,20261111,251,0.14831074149408197,0.10640290365637166,0.10577818647402881,0.05275708056089294,0.08572122010827636,0.07804993847694978,0.011573987171408309,0.0,0.0,0.0,0.016030803699582343,0.0788205319895828,0.0,0.0,0.10571819631166864,0.05281041608980115,0.08573915230601906,0.0,0.0,0.1859966684608358,0.1887801668009238
251,1,BABA,20261111,252,0.12863641959587258,0.10739434311213543,0.10629847147186852,0.041361561013780884,0.0804229212001306,0.07109504867496755,0.012140202932277583,0.0,0.0,0.0,0.016911869118555013,0.07272411222807286,0.0,0.0,0.10653711541350036,0.0413993283025159,0.08051501399956974,0.0,0.0,0.19558824513203685,0.21803519976922836
252,1,BABA,20261111,253,0.10619102667548284,0.1224651874473636,0.12124733223317191,0.05283595038244563,0.10830909804796852,0.07098925439779294,0.0117064159709622,0.0,0.0,0.0,0.016104085340430885,0.0720077707056862,0.0,0.0,0.12123287211218065,0.053036190724109825,0.10843295446461923,0.0,0.0,0.24420522014979568,0.23380219105711833
253,1,BABA,20261111,254,0.14178008695794955,0.11022723022039095,0.10961256218042043,0.04299015651844294,0.07552661219164884,0.09011695940060852,0.011939851954687702,0.0,0.0,0.0,0.01626772453148568,0.0903576003167655,0.0,0.0,0.10966156147299169,0.043118721542423556,0.07580173158402466,0.0,0.0,0.263994561246288,0.22920708746012225
254,1,BABA,20261111,255,0.12022659598104657,0.11618147684312863,0.11477218011282066,0.04571816728442915,0.10622037879529235,0.06563569097441757,0.01178612284443521,0.0,0.0,0.0,0.01594905038136956,0.06673224400669743,0.0,0.0,0.11470582557257093,0.04573070887189115,0.1060828834890973,0.0,0.0,0.22346350130277456,0.16710796282435947
255,1,BABA,20261111,192,0.15495017008187098,0.15704248261760972,0.15538092149529278,0.04435674381999709,0.12496019738184622,0.0743728762049136,0.012194013275084594,0.0,0.0,0.0,0.01720347071092387,0.0747052430262771,0.0,0.0,0.15517454457008228,0.0442553372181172,0.12470438436327592,0.0,0.0,0.22649796465493638,0.17448696519250773
128,0,ABAB,20261112,129,0.12056632560007899,0.1128469323387886,0.11203056705454499,0.04389183854099224,0.09075723172560746,0.07333797422484019,0.014366429384810158,0.0,0.0,0.0,0.0192769189404357,0.07357679519613836,0.0,0.0,0.11235441985481637,0.043916205297176485,0.09102942117453712,0.0,0.0,0.21505943722710164,0.20613427990644234
129,0,ABAB,20261112,130,0.13829910567305256,0.11996902879286418,0.11821178644305079,0.04271245033358202,0.07834564457384043,0.07428675506399508,0.014158689058638454,0.0,0.0,0.0,0.018266642653992256,0.0760117659575607,0.0,0.0,0.11828522381436064,0.042774984378227215,0.0784206103079605,0.0,0.0,0.22298417332162682,0.2061926298168031
130,0,ABAB,20261112,131,0.1549223256465444,0.15310789429832908,0.15194823277887765,0.036677783303287685,0.11849197317600219,0.0816927919807887,0.014285523106596197,0.0,0.0,0.0,0.01943114648310129,0.08239444713216787,0.0,0.0,0.15194771035075003,0.03670693055980805,0.11844921395337753,0.0,0.0,0.22985251518984326,0.2411214997697277
131,0,ABAB,20261112,132,0.17452223260173705,0.16444080937239983,0.16300677335952182,0.04694707353085785,0.10649465459450132,0.0999525243335699,0.014295152647277968,0.0,0.0,0.0,0.0196899336530123,0.10162957846355213,0.0,0.0,0.1634493305399037,0.04719903452380311,0.1067686391118953,0.0,0.0,0.28530994040347196,0.266936158800522
132,0,ABAB,20261112,133,0.17285599843319513,0.15529371649122128,0.15358695145502704,0.05133458728257727,0.11156321895512393,0.10661284760185773,0.014374894223891262,0.0,0.0,0.0,0.01965157927973935,0.10814819499445834,0.0,0.0,0.1541274936127792,0.05156431123489864,0.11204049313686112,0.0,0.0,0.30959349678825326,0.2442502040762197
133,0,ABAB,20261112,134,0.14310707757334235,0.12882724334735618,0.12763077244842383,0.047316171561968774,0.10008420141073379,0.06440333273918676,0.013198413948229131,0.0,0.0,0.0,0.01700008233904591,0.06660045563509565,0.0,0.0,0.12781335048707243,0.04748061854732029,0.10023170378603274,0.0,0.0,0.3570115843826474,0.2957752811593567
134,0,ABAB,20261112,135,0.144732814045672,0.12892950170354325,0.12730627413419046,0.039051280794610024,0.1098566817390782,0.0788952296394717,0.013681143246079396,0.0,0.0,0.0,0.018274318114193677,0.08169058599097365,0.0,0.0,0.12764935681797301,0.03925705942578292,0.11018361064005787,0.0,0.0,0.2829191706010649,0.2352805637992665
135,0,ABAB,20261112,136,0.1487954421425347,0.15517540291918697,0.15327851365604467,0.040140132392686094,0.08937194474244392,0.09837409721899293,0.014367027174598826,0.0,0.0,0.0,0.019525331019838107,0.09928145331940161,0.0,0.0,0.15292660145005554,0.03996511330429698,0.08912835769876247,0.0,0.0,0.16745086721179883,0.17178148105101462
136,0,ABAB,20261112,137,0.13656309134854533,0.1365019769792217,0.13499221542739023,0.032701481352504926,0.11721850052684421,0.08468327306844471,0.01486269867071969,0.0,0.0,0.0,0.019643447267631134,0.08451992539115473,0.0,0.0,0.13497205497868364,0.032791035268778856,0.11712170818457936,0.0,0.0,0.16540846089536107,0.1867868841115795
137,0,ABAB,20261112,138,0.13955329916840992,0.14806033632804927,0.14632678088157605,0.052572840947719544,0.12628888365393312,0.08790198558513487,0.014789582649105917,0.0,0.0,0.0,0.019991706919179675,0.08979061573416935,0.0,0.0,0.14586165173654816,0.05249082819391387,0.12613726290454316,0.0,0.0,0.13025063100091036,0.13297321568130005
138,0,ABAB,20261112,139,0.1299599363712913,0.1289414111613648,0.12720198339208197,0.06209891919249344,0.11485342284740511,0.09239415027570652,0.013902794850446196,0.0,0.0,0.0,0.01835810118506777,0.09392721579014283,0.0,0.0,0.126898375053416,0.062008466724445634,0.11471656935316034,0.0,0.0,0.2859864393771804,0.28830070323476975
139,0,ABAB,20261112,140,0.16872566740543268,0.15839900401679338,0.15615971767796724,0.03244060239379469,0.1138506119444734,0.08879176238969891,0.014263168683819273,0.0,0.0,0.0,0.019569705952163032,0.09063397290115048,0.0,0.0,0.15581577708677757,0.032433207111344835,0.11346589644756859,0.0,0.0,0.37036243863993623,0.3596918917903805
140,0,ABAB,20261112,141,0.15392685896224365,0.1604678503442531,0.1575574250793503,0.04512322671991194,0.0978905531146319,0.09942110311151142,0.013443878708917197,0.0,0.0,0.0,0.017489128762047935,0.10191814088848607,0.0,0.0,0.15744343542890207,0.04520675820170557,0.09781421496305319,0.0,0.0,0.27847392967193535,0.2732525053365908
141,0,ABAB,20261112,142,0.12251021656292993,0.1027479761737897,0.10133058192390249,0.03862275394577579,0.08394986951622735,0.06468039918398633,0.013728240653588998,0.0,0.0,0.0,0.018187395091932654,0.06516107961531913,0.0,0.0,0.10120038672503202,0.038509855825147515,0.08388005955269671,0.0,0.0,0.20958242399708849,0.2699329577450904
142,0,ABAB,20261112,143,0.17002656594080415,0.15260848409932112,0.15055275952232808,0.03225418229379757,0.11924633771494743,0.09786874824957162,0.014176581168553063,0.0,0.0,0.0,0.019464283536665135,0.10019382161307948,0.0,0.0,0.15075575531332192,0.03235074230868376,0.11908467309383872,0.0,0.0,0.28104834343079277,0.30166618326108086
143,0,ABAB,20261112,144,0.14392519444295623,0.13552839416509793,0.13331162899610002,0.05095811052856354,0.10182694923632887,0.07539779093018653,0.01436245654283061,0.0,0.0,0.0,0.019559616013916377,0.07765108641869146,0.0,0.0,0.1330733748280072,0.05093873219678773,0.10164666202821117,0.0,0.0,0.28284880961475745,0.23934032972626404
144,0,ABAB,20261112,145,0.16068516238541736,0.15065595718087924,0.1490657459818388,0.04515939541994656,0.10709839332574281,0.1071305918550874,0.014361196991351643,0.0,0.0,0.0,0.019869726961171046,0.10894640539116114,0.0,0.0,0.1490835967070528,0.045053102036875466,0.10706918159820217,0.0,0.0,0.24200242830953855,0.18736831138594864
145,0,ABAB,20261112,146,0.12072474212862228,0.12586574645988372,0.12438372047790604,0.05283469605647293,0.1140229017171197,0.06083082463773985,0.014464691873193365,0.0,0.0,0.0,0.019267488742197986,0.06236222663781062,0.0,0.0,0.12425381152572215,0.052775287489944527,0.1138390947670519,0.0,0.0,0.28020854813937146,0.2309449110076222
146,0,ABAB,20261112,147,0.11711221720258194,0.09662231608743545,0.09504524868331815,0.04828566901135616,0.08405748383921006,0.07105246965590661,0.014086299394769793,0.0,0.0,0.0,0.017626092646403097,0.0725109173769841,0.0,0.0,0.09515971805095755,0.04816728367089946,0.08403032245239264,0.0,0.0,0.20793490904030393,0.19406798167487446
147,0,ABAB,20261112,148,0.13539765347210714,0.15181126196424258,0.15000369952693196,0.04124839639306154,0.1273531677734483,0.0855862970079682,0.014364793963202073,0.0,0.0,0.0,0.019380087889219858,0.08614474477802674,0.0,0.0,0.1501193567313852,0.041268264136926844,0.12754829851926408,0.0,0.0,0.19335456032928286,0.19209389676166624
148,0,ABAB,20261112,149,0.16233023399769408,0.16962255597539808,0.16749271272434157,0.0576147630025332,0.10970066501967833,0.09710713269606287,0.014322854089271411,0.0,0.0,0.0,0.01970942147184166,0.09872575733104628,0.0,0.0,0.16752427656076324,0.057583497546537535,0.10984244411549951,0.0,0.0,0.24835325685472603,0.25336901908435605
149,0,ABAB,20261112,150,0.1673326512887175,0.14884303322269113,0.14613428143846044,0.03818150773506096,0.11919179975626637,0.0781499644425784,0.014150840071752465,0.0,0.0,0.0,0.019518482427433113,0.08094158747062366,0.0,0.0,0.14608534207359192,0.0382240829987601,0.11920076237428402,0.0,0.0,0.2952654266324556,0.3221936190110154
150,0,ABAB,20261112,151,0.13867448509406877,0.13570690069082272,0.13405863424485,0.06323464058014576,0.13005266572683213,0.055313585757996865,0.013524758968199022,0.0,0.0,0.0,0.018245736819268117,0.05655233285085555,0.0,0.0,0.13368834041623592,0.06309309043606579,0.1297189525970802,0.0,0.0,0.34077834901151655,0.3472188596617905
151,0,ABAB,20261112,152,0.18525786561935137,0.1551026609707208,0.15354534077663873,0.03375246854744252,0.10230199223120279,0.09031202355702346,0.014635891312430363,0.0,0.0,0.0,0.019717467717799714,0.09120178293391097,0.0,0.0,0.1535589334809967,0.03389131088192031,0.10250236558652794,0.0,0.0,0.25700824788198534,0.23101633790630502
152,0,ABAB,20261112,153,0.17617603173680538,0.15149100801438803,0.1496875792570801,0.04080666554059553,0.09764513875783659,0.09016466295215052,0.014131723546733166,0.0,0.0,0.0,0.01941401564970382,0.09180463350835578,0.0,0.0,0.1499329507433582,0.04091049119310293,0.09780526834646519,0.0,0.0,0.27217250275470634,0.2811305980003494
153,0,ABAB,20261112,154,0.1607489056743312,0.1403373158706525,0.13664896276548164,0.03318462003413578,0.09619031819208503,0.07786675246691661,0.014737276250538157,0.0,0.0,0.0,0.019299039151502384,0.07988131181775406,0.0,0.0,0.13652237071412882,0.03318854524628652,0.09613237385704376,0.0,0.0,0.2404117042156937,0.23272963518712228
154,0,ABAB,20261112,155,0.13867144602285097,0.14998972114688142,0.1486485200448235,0.041322508794941294,0.11310096550167673,0.08395114218535082,0.013572025839420663,0.0,0.0,0.0,0.018027577292193314,0.08581066560338985,0.0,0.0,0.14887444454706195,0.04145034101311088,0.11341620954800452,0.0,0.0,0.2474971050341736,0.2488447927085907
155,0,ABAB,20261112,156,0.13214738182960614,0.11670072839313413,0.11474661726762751,0.04527001560271211,0.0919715750685643,0.07144379091219147,0.01424149711798413,0.0,0.0,0.0,0.01936681252043197,0.07418237505236176,0.0,0.0,0.11503708287373905,0.0454950244323575,0.09216970917106992,0.0,0.0,0.21098971311956188,0.23660905942750524
156,0,ABAB,20261112,157,0.13920823416725825,0.10507528768359319,0.1040039339140319,0.029512847886359515,0.07030649195269324,0.08930816955671421,0.013894810576170176,0.0,0.0,0.0,0.018700647287213747,0.09154498026327473,0.0,0.0,0.10418365591884604,0.029530266732112568,0.07042846058985074,0.0,0.0,0.2420603446794894,0.21332056063959495
157,0,ABAB,20261112,158,0.134497143178109,0.13415978500090356,0.1322058367440383,0.040837315978489774,0.10215267487101551,0.08135795169236135,0.013692047031102375,0.0,0.0,0.0,0.017958080960778125,0.08284703361325876,0.0,0.0,0.13203887035138284,0.04091069737610443,0.1022139610185486,0.0,0.0,0.296386447969328,0.276252627240905
158,0,ABAB,20261112,159,0.1583172304211688,0.1490821551162266,0.14651786628322938,0.030271342256957563,0.12046681057155254,0.0783866480074188,0.014007261110992089,0.0,0.0,0.0,0.019022879437539168,0.08070009186716702,0.0,0.0,0.14660512328086364,0.030183887080907565,0.12031272223054564,0.0,0.0,0.25893183149105414,0.2596822790442935
159,0,ABAB,20261112,160,0.16557395421493376,0.14953849123687918,0.14763463789547016,0.05245308443669745,0.10411217612632002,0.08642811325514926,0.014357684846710447,0.0,0.0,0.0,0.019785636817672196,0.08833841042550554,0.0,0.0,0.14800762169975126,0.05257097239091835,0.10461238487659771,0.0,0.0,0.21727679580202805,0.2153885526718435
160,0,ABAB,20261112,161,0.14364944665062085,0.10638104828690743,0.10561048944527648,0.039760236254887935,0.09468649706559386,0.08864795212187772,0.01462866660881445,0.0,0.0,0.0,0.019856899759084178,0.08981987482349209,0.0,0.0,0.10575802475057923,0.03985263399819199,0.09460306594258475,0.0,0.0,0.25758332997854166,0.23326807581596287
161,0,ABAB,20261112,162,0.13212513889696248,0.11782875481513236,0.11670835134683266,0.038521571384087495,0.10295506867010554,0.06393407994113458,0.01464939449373825,0.0,0.0,0.0,0.02035908980688261,0.06394880980748825,0.0,0.0,0.11644211239558315,0.03842884266792109,0.10284884737037459,0.0,0.0,0.2647688126842707,0.21370459473848125
162,0,ABAB,20261112,163,0.17210465365968017,0.1594854305210979,0.15731296287571678,0.04207724489339268,0.111390353671618,0.10501238525359413,0.01412652325452082,0.0,0.0,0.0,0.01908679076912198,0.1075221441170642,0.0,0.0,0.15740719746076298,0.0420980685326567,0.11154423451649403,0.0,0.0,0.20699255904720448,0.21390657315677647
163,0,ABAB,20261112,164,0.11603579464148789,0.10754082660759309,0.1062840999495648,0.0560169776705952,0.08689526671385764,0.058943828236481276,0.014430851068208588,0.0,0.0,0.0,0.019437755023267892,0.06134280420564537,0.0,0.0,0.10626006955935934,0.055909241915528665,0.08689624867727248,0.0,0.0,0.18849767657470445,0.17615885031841932
164,0,ABAB,20261112,165,0.1518513227256489,0.11709389677726097,0.11620353473769651,0.06158949862559434,0.08067853563845885,0.08930500414783289,0.014589768132689038,0.0,0.0,0.0,0.019134414307130844,0.09035316943358608,0.0,0.0,0.11602669851552333,0.06181586285528069,0.08078455592278957,0.0,0.0,0.33229771011057485,0.3066230566101353
165,0,ABAB,20261112,166,0.14500680013574058,0.12910070002839763,0.1273145192206415,0.04143800583733702,0.1212894037401063,0.07963560818652905,0.014207259958909339,0.0,0.0,0.0,0.01956985232833375,0.08093355711652349,0.0,0.0,0.12819305642327766,0.04174436227807799,0.12210741244344828,0.0,0.0,0.25897810833373797,0.22920529392673067
166,0,ABAB,20261112,167,0.16713085722706408,0.12857659984069858,0.12736220294722878,0.039154164459002355,0.08374231811615543,0.09449810051216312,0.013890422958495966,0.0,0.0,0.0,0.019062627611804536,0.0955779012104022,0.0,0.0,0.1273999166287574,0.039119154841009175,0.08382197493456289,0.0,0.0,0.2266437544872005,0.24349059576054097
167,0,ABAB,20261112,168,0.14358678122178523,0.14471145549243103,0.14304278009919788,0.05027459979176969,0.10620541697136701,0.07693568090982056,0.014642497689828475,0.0,0.0,0.0,0.020165361351295905,0.07783976092193413,0.0,0.0,0.1427824375597317,0.050185720526811625,0.1060011500804981,0.0,0.0,0.2989089200363014,0.25856337872562357
168,0,ABAB,20261112,169,0.16752111973196152,0.1432277146671473,0.14165506704713304,0.04210329787255643,0.13080159457139248,0.08054315929483401,0.014121898845641563,0.0,0.0,0.0,0.018937329294880925,0.08183534732432038,0.0,0.0,0.14154858030645479,0.04225184556658909,0.13067290938647616,0.0,0.0,0.30663224570244196,0.27270543041635226
169,0,ABAB,20261112,170,0.1391787757923319,0.14790188991722392,0.14604841234366656,0.04046303398958094,0.11016395143177958,0.10083704031349297,0.014404592846869338,0.0,0.0,0.0,0.01975903704651683,0.10366382630474114,0.0,0.0,0.14602945829624525,0.04043464532322623,0.11010435896442018,0.0,0.0,0.2569234812352993,0.24233726996343044
170,0,ABAB,20261112,171,0.16352207475241987,0.17571372729274778,0.17337023471547486,0.03958703372780907,0.15775616290196537,0.0734625677587668,0.014644781961332627,0.0,0.0,0.0,0.02010091547973449,0.07458225911723824,0.0,0.0,0.17399868170121446,0.03984681543634136,0.15851522837485857,0.0,0.0,0.2492674416916118,0.2493757566638256
171,0,ABAB,20261112,172,0.13060752310444143,0.12104019482177122,0.12001777774835475,0.048786495713409095,0.08660636728752431,0.08114685422009858,0.014424111978155027,0.0,0.0,0.0,0.01950570461074118,0.08234370301101897,0.0,0.0,0.12019821242084501,0.04897445707565249,0.08689678801756398,0.0,0.0,0.24016072563619967,0.21313026166095256
172,0,ABAB,20261112,173,0.16326263687001405,0.13023251613931724,0.12930281920272998,0.05317395551377656,0.09057409619567756,0.09449747719525778,0.014787006796966535,0.0,0.0,0.0,0.020458661979316953,0.09524983865091803,0.0,0.0,0.12951857887127355,0.053295101251806185,0.0905815974390773,0.0,0.0,0.31044024079911825,0.22432884518695595
173,0,ABAB,20261112,174,0.15903171297315605,0.12794112943219774,0.12652115997521515,0.04590760135259806,0.09528548398477561,0.07850056041428269,0.014999777033323804,0.0,0.0,0.0,0.020421770147887697,0.08008694727890825,0.0,0.0,0.1266330980578011,0.04599642214319369,0.09551804050649983,0.0,0.0,0.2665708066834521,0.17156845568810922
174,0,ABAB,20261112,175,0.15173780748804933,0.12347426182102778,0.12255454817682694,0.038292555692261414,0.1335363513963432,0.07628940160276151,0.01487823661711463,0.0,0.0,0.0,0.020851981734138075,0.07830910227533643,0.0,0.0,0.12242482458383715,0.03817929850190107,0.13332347014701354,0.0,0.0,0.2115269295061257,0.21398958296179768
175,0,ABAB,20261112,176,0.13412366114247934,0.11612405627555827,0.1153575435074133,0.034529431428140786,0.0975949353851147,0.060965245768545576,0.01430974550455471,0.0,0.0,0.0,0.01909759511852073,0.061534131347322954,0.0,0.0,0.11508601596792963,0.034459741069095266,0.09732132770521952,0.0,0.0,0.24089126500444577,0.20723360981620767
176,0,ABAB,20261112,177,0.1182793207424662,0.10620499639422115,0.10465553127817717,0.0422492135038997,0.09106738547611176,0.08580042646279959,0.014070789627286303,0.0,0.0,0.0,0.01875375631384551,0.0877612996673336,0.0,0.0,0.10467889075026204,0.04210086137547483,0.09091760286468718,0.0,0.0,0.21240382259179882,0.2544956017979362
177,0,ABAB,20261112,178,0.18709503578553796,0.1754853752219152,0.17294265651912555,0.044002301417735375,0.11906102239172145,0.08241173320866849,0.014537157766776354,0.0,0.0,0.0,0.020423927450724834,0.08317828268996688,0.0,0.0,0.1732846767134915,0.04421679225288367,0.11941935304663316,0.0,0.0,0.2197468108021908,0.19981679799549745
178,0,ABAB,20261112,179,0.12387817356617761,0.11218039589332472,0.11092661829065446,0.0381946563958305,0.09664534966162329,0.0874593644237922,0.014234814144635684,0.0,0.0,0.0,0.01891215443494232,0.08864871255600804,0.0,0.0,0.11102212894678565,0.0382870922721598,0.09648500103336692,0.0,0.0,0.24325471704319152,0.2397666933861282
179,0,ABAB,20261112,180,0.15222269250985196,0.11139273789264284,0.10984850154066729,0.04407081989242725,0.07734730287353327,0.07372253254139952,0.013498892683506049,0.0,0.0,0.0,0.018380595649631397,0.07598328507112671,0.0,0.0,0.10967944380529251,0.04396721354906863,0.0771281376602463,0.0,0.0,0.26762210253775437,0.27315172592247433
180,0,ABAB,20261112,181,0.1822583916190417,0.1623634289361223,0.16088841325161146,0.04600013357027196,0.1310922175519028,0.09774998389541542,0.014493772544101842,0.0,0.0,0.0,0.020039543497412108,0.09987319813726081,0.0,0.0,0.16086055567807273,0.046184173422552544,0.1312584736739102,0.0,0.0,0.2725369601030024,0.2693371512629545
181,0,ABAB,20261112,182,0.14269300928229967,0.10841438117840321,0.10759759932874911,0.04948598490135223,0.09437560149346617,0.07055166247652865,0.014617865178354068,0.0,0.0,0.0,0.019674219861044753,0.07179079612521863,0.0,0.0,0.10762786351020606,0.04944784509600863,0.09445110610517732,0.0,0.0,0.2371968476738639,0.20915233320150273
182,0,ABAB,20261112,183,0.1876022912103155,0.16720241180206102,0.1654333781615784,0.04358335425105573,0.11284079079434885,0.09897998029752325,0.014724543001695362,0.0,0.0,0.0,0.020050554324529835,0.09961079624537783,0.0,0.0,0.16564481839095568,0.04377639470076564,0.11300089230881544,0.0,0.0,0.25636574130919637,0.23959158387247145
183,0,ABAB,20261112,184,0.16863251360399914,0.16530188307947252,0.1632879031691394,0.04120950520276324,0.09654726197388108,0.09238294527470019,0.013967339728118928,0.0,0.0,0.0,0.018422658824802558,0.09331316364419967,0.0,0.0,0.16361870174512902,0.04122827693774413,0.0968378440234136,0.0,0.0,0.27817965238240117,0.26772706871622254
184,0,ABAB,20261112,185,0.10879827364711002,0.11402785538645828,0.11325742935130008,0.036503211736208956,0.11041087057669655,0.06279385544368107,0.014476189864172592,0.0,0.0,0.0,0.019622102146039433,0.06327298715570351,0.0,0.0,0.113282841139838,0.03648920351881775,0.11046103428603017,0.0,0.0,0.2246749100333676,0.22216757843649196
185,0,ABAB,20261112,186,0.13973214098298695,0.13849102503315083,0.13624812336000142,0.04004570728433086,0.09667025016986268,0.09259256130438542,0.01368714637514608,0.0,0.0,0.0,0.01853931025071871,0.09394148922069344,0.0,0.0,0.13643351864532577,0.040192554375024975,0.09681743620751654,0.0,0.0,0.19999016323853397,0.18873026554920622
186,0,ABAB,20261112,187,0.15136349705656763,0.14177796120456346,0.13974947678265806,0.0392376878056499,0.10842438880037654,0.10005319002168038,0.014293846259512246,0.0,0.0,0.0,0.019076660887551215,0.10117255056749355,0.0,0.0,0.13962727968523678,0.03917232130833639,0.108615255487847,0.0,0.0,0.26072384868786913,0.21674164564109527
187,0,ABAB,20261112,188,0.13805077125619017,0.13248161742449077,0.13141209480759503,0.04459705314046937,0.12387924924556808,0.06749732310456504,0.014515351939789655,0.0,0.0,0.0,0.020263071878852366,0.06849439895631274,0.0,0.0,0.1310013143797733,0.044426935278524864,0.12346139620508637,0.0,0.0,0.26900486633927456,0.25850019645871125
188,0,ABAB,20261112,189,0.15235808347023863,0.14160739340516248,0.1397327801684482,0.04204520879777933,0.11309280252448362,0.06470527653913474,0.013864663450904226,0.0,0.0,0.0,0.018548658420388647,0.06678044922954836,0.0,0.0,0.13970041234959527,0.04197523481085524,0.11287090797581524,0.0,0.0,0.23436908304238407,0.19900876652427263
189,0,ABAB,20261112,190,0.13790429574340024,0.14621432362066064,0.14367274673312588,0.045401786379232804,0.12032263291665794,0.08970978792153791,0.014324251152465961,0.0,0.0,0.0,0.019044607784781932,0.09152363063714763,0.0,0.0,0.14387803538687627,0.045469788498536924,0.12068820141486102,0.0,0.0,0.21521348169022372,0.2317500449127322
190,0,ABAB,20261112,191,0.12662028887262225,0.12718009267906055,0.12611912135905345,0.033652192562826796,0.12213548855178866,0.07153329527478605,0.014533939330210825,0.0,0.0,0.0,0.019225741253357246,0.07274266009373126,0.0,0.0,0.12650523858057688,0.03363208110980744,0.12256537525815171,0.0,0.0,0.23569490527560433,0.1956377471574721
191,0,ABAB,20261112,128,0.1596216442482471,0.12931975062053025,0.1267783064957624,0.04909710038423975,0.10460355190027752,0.07902664534069759,0.013711303599639825,0.0,0.0,0.0,0.01819972936118987,0.08061766299651069,0.0,0.0,0.1268356806441721,0.048997881633809054,0.10492436604766396,0.0,0.0,0.23487880971390063,0.2402285684935199
192,1,BABA,20261112,193,0.15564367223584744,0.15359628585658872,0.15200371997596648,0.05804637925694995,0.11868106404211756,0.06465162296619499,0.013992950345172016,0.0,0.0,0.0,0.01921030851102335,0.06588803621544137,0.0,0.0,0.15203286024496387,0.05793836223910149,0.11871804556816476,0.0,0.0,0.29146307058259824,0.24402349832080553
193,1,BABA,20261112,194,0.1341181372737586,0.10996922122778172,0.10887891576830869,0.041052530181774155,0.09358088314877606,0.09063193079315503,0.01389881979230305,0.0,0.0,0.0,0.019037086842816745,0.09290336483940997,0.0,0.0,0.10890802021818614,0.04101187263311121,0.09353349489418636,0.0,0.0,0.27620489249567076,0.25594326090810327
194,1,BABA,20261112,195,0.11646400711258166,0.11462319758207534,0.11336902994826863,0.040439464710708334,0.08742703106905511,0.09334112556330738,0.013868613470391176,0.0,0.0,0.0,0.01852568791767854,0.09443212369033609,0.0,0.0,0.11355813636590444,0.04044367492526371,0.08763422238709515,0.0,0.0,0.2868820041485956,0.24799015078763714
195,1,BABA,20261112,196,0.1474171952781013,0.14555518135304202,0.14438985306583924,0.04019949728420101,0.13073552291256377,0.0652896048276934,0.014709385261114233,0.0,0.0,0.0,0.020110700884241276,0.06622549845278365,0.0,0.0,0.1446593375047598,0.040206358529891066,0.13076167855280552,0.0,0.0,0.27542854519974785,0.20919707874327276
196,1,BABA,20261112,197,0.1440481561842999,0.12873331662713758,0.12715128501407091,0.053942171805316935,0.12564085742193862,0.06744725735134473,0.013845771344806258,0.0,0.0,0.0,0.018445244593889496,0.0688710904606023,0.0,0.0,0.12708582172728872,0.053979710551464576,0.1255301481333071,0.0,0.0,0.200974849807804,0.2133733815728277
197,1,BABA,20261112,198,0.14123684402106598,0.11266052453249219,0.11197959954763301,0.05213751801076417,0.0757554813912972,0.09354147341967926,0.01444903251715338,0.0,0.0,0.0,0.01936562779890491,0.09543800216705944,0.0,0.0,0.11174072440186142,0.052266940548419356,0.07595731755513886,0.0,0.0,0.25392343422728414,0.20861790655658577
198,1,BABA,20261112,199,0.16836418026971653,0.14485277057466528,0.14280193702223845,0.0433597786167889,0.10657884479240991,0.09126186129133937,0.013724217679604207,0.0,0.0,0.0,0.018094664507413847,0.09316605452158373,0.0,0.0,0.1432042623458033,0.04344095406381721,0.10674712240460751,0.0,0.0,0.26388109747494126,0.25584246353915274
199,1,BABA,20261112,200,0.14392584842766895,0.12395797844893051,0.12270368570789723,0.04695915808074892,0.09482104623016803,0.08978419260649594,0.013532633534044956,0.0,0.0,0.0,0.018162953294447153,0.09069101044429641,0.0,0.0,0.1225612672270536,0.04698478758184368,0.09463582544916133,0.0,0.0,0.2700406956908627,0.22707917872424324
200,1,BABA,20261112,201,0.16752590217082003,0.1664378948131792,0.16355331562261433,0.03544053351005935,0.10980249024273614,0.08367532222218818,0.013951626902775219,0.0,0.0,0.0,0.019282143649267176,0.08616719804883077,0.0,0.0,0.1634530947895143,0.035510082426890306,0.10965827396894037,0.0,0.0,0.2752441029753527,0.26549753256151815
201,1,BABA,20261112,202,0.16244791377165724,0.15108429573981907,0.14959613430448446,0.062130870471046776,0.13620979617287696,0.08614971475456779,0.01381854658718053,0.0,0.0,0.0,0.018463834555636195,0.08812301803912181,0.0,0.0,0.14929394000942953,0.06209917700615417,0.13591634857422052,0.0,0.0,0.27272179052094264,0.2524835988944356
202,1,BABA,20261112,203,0.13419929445985812,0.14754870576768955,0.14597251026463925,0.06068848886131765,0.12247629853722143,0.06924346134970603,0.0135821632644593,0.0,0.0,0.0,0.017770160462394803,0.07026806879894328,0.0,0.0,0.14595733009714734,0.06076947298939703,0.12260370416937852,0.0,0.0,0.25600340921246595,0.23995603331347964
203,1,BABA,20261112,204,0.14471647744030258,0.12124944357848598,0.11966541687968074,0.061669180553869725,0.09821397992447765,0.08879643688285135,0.013787919911749982,0.0,0.0,0.0,0.018785820641839632,0.09158922523917283,0.0,0.0,0.11985846068747905,0.061529050632543505,0.0982937864185599,0.0,0.0,0.26840865157505406,0.2704836562873725
204,1,BABA,20261112,205,0.13903092998626704,0.1092091734630536,0.10810231282850963,0.046075045978290874,0.07782680503039034,0.07546524490896715,0.013847894854833306,0.0,0.0,0.0,0.01849042496827164,0.07723158425665734,0.0,0.0,0.10787479068283246,0.046202999912888724,0.07793684724140514,0.0,0.0,0.23376403589509648,0.1933174112323034
205,1,BABA,20261112,206,0.18077645676408832,0.15291780742070074,0.15175239947711555,0.04161636969720991,0.0899490910246562,0.10294190370492927,0.013954249077286807,0.0,0.0,0.0,0.019262319050120588,0.10403318907429095,0.0,0.0,0.1517320007971551,0.04154752598796486,0.08992505937048026,0.0,0.0,0.27977610618599774,0.21023663654636887
206,1,BABA,20261112,207,0.15237158459019742,0.12451613602604136,0.1233862258271068,0.04293121240310142,0.10407010837349973,0.08895680544008781,0.01371184044070692,0.0,0.0,0.0,0.018635389236969873,0.09019944148017174,0.0,0.0,0.12373136605275273,0.04297357572599099,0.10437674018346488,0.0,0.0,0.19678228457657515,0.18861794926692518
207,1,BABA,20261112,208,0.15498378555029865,0.14237594319124333,0.14091942177385508,0.04339835627654866,0.11817426143820278,0.07625890875113132,0.013127120118374422,0.0,0.0,0.0,0.017374213129254416,0.07739960212941059,0.0,0.0,0.14078992320385228,0.043391022157508174,0.1180352013712864,0.0,0.0,0.33113329119923984,0.31768157867632374
208,1,BABA,20261112,209,0.17847994058631536,0.19726967898537748,0.19433561329201543,0.05663609061037082,0.15174242611394143,0.07222084953731735,0.0133970956070325,0.0,0.0,0.0,0.018565400896348987,0.07285025280085274,0.0,0.0,0.19441547637912052,0.05658202328226045,0.15182790800050225,0.0,0.0,0.30048506422086413,0.344578758853381
209,1,BABA,20261112,210,0.1684780170357696,0.134578215704101,0.13342435715681814,0.03766419120483375,0.0935215942328153,0.08046214522065782,0.014218029629048938,0.0,0.0,0.0,0.019517956991912225,0.08256137402775678,0.0,0.0,0.13399066556784184,0.03778406243510027,0.09377792242036541,0.0,0.0,0.2918890073156072,0.2693490202178744
210,1,BABA,20261112,211,0.14030100709362375,0.13157066262511932,0.13037290381144953,0.04152514267278122,0.10705166330020419,0.06750055831583861,0.014045030330062967,0.0,0.0,0.0,0.019401602616427812,0.06870622252099248,0.0,0.0,0.13067249432637304,0.041773446919414384,0.10731272679036237,0.0,0.0,0.26570221584462544,0.2364043466001807
211,1,BABA,20261112,212,0.11514395946611067,0.0977007473661467,0.09686983405750318,0.04660986619228779,0.09010941264153571,0.06658688388732602,0.014029783249576967,0.0,0.0,0.0,0.019199144651667503,0.0668238049546268,0.0,0.0,0.09688356039338827,0.046695546688262174,0.09012999955085693,0.0,0.0,0.23684569586303014,0.23825343028813012
212,1,BABA,20261112,213,0.14245760709006333,0.13548596388146628,0.13378850100276074,0.04959095704575283,0.12435977646286822,0.08468524847681748,0.0133514249187682,0.0,0.0,0.0,0.01805315771919267,0.08798847847536852,0.0,0.0,0.13359729425926994,0.04968725966671568,0.12443839132133748,0.0,0.0,0.3071516993441444,0.2313128796886927
213,1,BABA,20261112,214,0.1642434830045312,0.16135533879226915,0.15890166153620058,0.028603608286976126,0.13127475649500878,0.09350544097473498,0.013412930872308769,0.0,0.0,0.0,0.017275269251392007,0.09682248849914935,0.0,0.0,0.1589417959844184,0.028560356293151953,0.13095702122414324,0.0,0.0,0.21495280424126767,0.17987779988871683
214,1,BABA,20261112,215,0.17693370690492408,0.14479157720036712,0.1431305415884171,0.04068237642246427,0.11214289129842125,0.08999247178906408,0.013406595664019838,0.0,0.0,0.0,0.018237249270527976,0.09261126657504869,0.0,0.0,0.1431441015511421,0.04066473188288605,0.11211590941872839,0.0,0.0,0.22988660081485193,0.22172455826181992
215,1,BABA,20261112,216,0.1554576106299658,0.18015728037512918,0.1778461639546475,0.04701568445991396,0.12160840878113507,0.10047544684480242,0.013648849149432976,0.0,0.0,0.0,0.019098956664244913,0.10279480292527511,0.0,0.0,0.17789391494652337,0.04677981062182634,0.12152692669952513,0.0,0.0,0.2043723495585368,0.2307908351658875
216,1,BABA,20261112,217,0.13293126240179157,0.120883844970165,0.1198824295930932,0.05371866501156461,0.09109537036568653,0.0781394814557669,0.013780369449395086,0.0,0.0,0.0,0.018569837571781916,0.07894844046804148,0.0,0.0,0.12018365403252043,0.05383505974299655,0.09147819664065898,0.0,0.0,0.20461003282718287,0.1856428765023386
217,1,BABA,20261112,218,0.13771172400911405,0.13325703182491774,0.13198749391226736,0.05557158929917558,0.12537472864784727,0.07623272453134244,0.013901431785993597,0.0,0.0,0.0,0.01881601829851508,0.07787806748447917,0.0,0.0,0.13199436623989824,0.05556837622694642,0.12523935955014667,0.0,0.0,0.2334665278676101,0.19608626444467234
218,1,BABA,20261112,219,0.15228028624291437,0.12649986153780132,0.1254499703682439,0.045151709511897085,0.0769077871547675,0.09413896644969852,0.013244843701837594,0.0,0.0,0.0,0.017405573527385337,0.0949180786582836,0.0,0.0,0.1254669204603489,0.045072616492312104,0.07702193210482804,0.0,0.0,0.2209276333868602,0.1771811642738579
219,1,BABA,20261112,220,0.14740253258836838,0.12376407427291901,0.12233056914045719,0.05471805817934867,0.11379065048310455,0.07589873120133402,0.014249565266565024,0.0,0.0,0.0,0.01886637698010871,0.07911438546345416,0.0,0.0,0.12283661202317002,0.054935651964217264,0.11396989869854127,0.0,0.0,0.22336505790962555,0.22154306140093133
220,1,BABA,20261112,221,0.18242487615605374,0.16559492587750654,0.16377881525290341,0.040004115030735046,0.11050031420026568,0.09114668487422262,0.01378646947810037,0.0,0.0,0.0,0.01846507340740742,0.09280912514147684,0.0,0.0,0.16401360436396098,0.040033359902926606,0.1106735433876919,0.0,0.0,0.2394982085889533,0.24322333685800923
221,1,BABA,20261112,222,0.18924816409616063,0.1473869137439824,0.1460297594041061,0.035744284740797536,0.10662247033908448,0.09967644499955658,0.013612308276440303,0.0,0.0,0.0,0.01790321577912146,0.10007294012701275,0.0,0.0,0.14617364081801257,0.03584057761908628,0.10666270587091212,0.0,0.0,0.24961772403882487,0.24320187683919317
222,1,BABA,20261112,223,0.151779959744863,0.12286015355517138,0.12128929572910993,0.04443942394020032,0.12443353968467222,0.08504961470137644,0.014152021571348717,0.0,0.0,0.0,0.01963975451091362,0.08629891241618681,0.0,0.0,0.12122859447142541,0.04445762245520096,0.12459195921606214,0.0,0.0,0.189158308094957,0.19819224311925684
223,1,BABA,20261112,224,0.15452562641306838,0.13951072546975515,0.13865139164640503,0.03718915393456584,0.09812846855405515,0.10146427136506714,0.014116949311939868,0.0,0.0,0.0,0.019333645956056873,0.10225381401937109,0.0,0.0,0.13845881376893698,0.03705895848497968,0.09803890181149334,0.0,0.0,0.26941008682999124,0.21523532664519845
224,1,BABA,20261112,225,0.14852083966545648,0.11721787848610946,0.11594770696109086,0.04795536297838549,0.09312402883402685,0.06946505159726303,0.01407342923755666,0.0,0.0,0.0,0.01963928777649419,0.07099906484140481,0.0,0.0,0.11587537286653825,0.04792636952719038,0.09311122436883608,0.0,0.0,0.2729328892002412,0.27930406802321184
225,1,BABA,20261112,226,0.1278194973612029,0.14163584101944476,0.13992440023583122,0.045146792893053685,0.09385663348787808,0.08048745443528538,0.014296709753805063,0.0,0.0,0.0,0.01930193697501848,0.08192497492310209,0.0,0.0,0.14011955149091943,0.04535344510921696,0.09405481625163527,0.0,0.0,0.2500886390826284,0.2592895434820447
226,1,BABA,20261112,227,0.15653775381766072,0.1250593452895208,0.1239210874442107,0.040707044782252656,0.0900979504927935,0.10035117785707624,0.01368267704087455,0.0,0.0,0.0,0.018250808047933664,0.10116110311434978,0.0,0.0,0.1238087400897256,0.04074838596928849,0.09025891251154049,0.0,0.0,0.26778314485955584,0.2308368614029464
227,1,BABA,20261112,228,0.14941765958835573,0.14755748912606406,0.14623932581446872,0.06330203320017751,0.10680732142025393,0.08910166168248403,0.01356230569718347,0.0,0.0,0.0,0.017900964924467543,0.09053168987622663,0.0,0.0,0.14647886514620492,0.06339969369207263,0.10695749952958192,0.0,0.0,0.27632933101783647,0.2267923695792376
228,1,BABA,20261112,229,0.1407709309742091,0.14201743942041925,0.14073695433177838,0.05353318434432837,0.12050279539687729,0.06920253064819823,0.01406851903763466,0.0,0.0,0.0,0.0190929084792897,0.07059637630542269,0.0,0.0,0.14069138545186022,0.05354124154183016,0.1204917002200281,0.0,0.0,0.27130690875906394,0.26804134171582117
229,1,BABA,20261112,230,0.12048096489752035,0.09786362019087244,0.09700598813567904,0.03677675529162014,0.07952291675686346,0.06690268958974108,0.013868470439811162,0.0,0.0,0.0,0.0182004936533218,0.06794055111678761,0.0,0.0,0.09694100402761953,0.036595405165031694,0.07949128385131987,0.0,0.0,0.16008326496064101,0.21091728254710884
230,1,BABA,20261112,231,0.15088678831207725,0.13855745868325656,0.1364880927699896,0.044327428352892446,0.09570594626580267,0.07458136096708728,0.014586450321568713,0.0,0.0,0.0,0.019483620077394532,0.07559370642886665,0.0,0.0,0.13658191808950568,0.044375178757069304,0.09576575480132778,0.0,0.0,0.17813561030266037,0.16490302397473253
231,1,BABA,20261112,232,0.14758722242749658,0.1678054660362682,0.16526774036507894,0.04395047085992874,0.1115617422957286,0.08358657641754388,0.014187974606505454,0.0,0.0,0.0,0.01927715072224232,0.08502183605207041,0.0,0.0,0.1654235958975731,0.04413256161780115,0.11171424475741595,0.0,0.0,0.2570046631530407,0.22297235000047638
232,1,BABA,20261112,233,0.14063386748842135,0.12972256646586505,0.12831099688157138,0.04802304155326245,0.10126106537745343,0.10093539954552998,0.014588537921539356,0.0,0.0,0.0,0.01960156497786613,0.10210706659965088,0.0,0.0,0.12818284407321706,0.04799060323492675,0.10117934867317568,0.0,0.0,0.21344820032044504,0.21124048794742667
233,1,BABA,20261112,234,0.147098786732001,0.1408789332315942,0.13953670443084695,0.028042601947878432,0.09316921361600845,0.08821915394028078,0.013816776638809251,0.0,0.0,0.0,0.018617799763349437,0.08873889348520306,0.0,0.0,0.13972059073495166,0.028056454212443602,0.09337474010493091,0.0,0.0,0.3111266344953566,0.2845203025726677
234,1,BABA,20261112,235,0.17768789429766432,0.13814913087392205,0.1365809256350289,0.041849066647989486,0.0979162394401689,0.09209298506738561,0.013805594393872743,0.0,0.0,0.0,0.0183721715934737,0.09351921236484925,0.0,0.0,0.13670781675017957,0.04194714366032877,0.0977631618466569,0.0,0.0,0.2741367078510891,0.23722842666206131
235,1,BABA,20261112,236,0.12289209996927197,0.10798751327955826,0.10702889048635077,0.04901286204992947,0.0880721477756697,0.08568932536759412,0.013711855683457378,0.0,0.0,0.0,0.018502230255448414,0.08715422291971921,0.0,0.0,0.10671680100286837,0.04915158863589454,0.0881610055780826,0.0,0.0,0.30902312089124717,0.255180512426217
236,1,BABA,20261112,237,0.11402316851605948,0.11422080794061942,0.11274330039139512,0.05360642628115543,0.08729441869319854,0.06467773561651119,0.013933076082898873,0.0,0.0,0.0,0.0187265937424444,0.06587289373761884,0.0,0.0,0.11346586828845805,0.05410649923601948,0.08781178145064626,0.0,0.0,0.3275606088820741,0.2658515883968698
237,1,BABA,20261112,238,0.15011500202378208,0.12897681178543097,0.12789003009301586,0.04156268678819971,0.10370748641454378,0.0611385790723818,0.013865727052329548,0.0,0.0,0.0,0.018626064367059426,0.06262477274792462,0.0,0.0,0.1282021489267409,0.04164721534620491,0.10384163454790253,0.0,0.0,0.24031596155921897,0.20711143238078533
238,1,BABA,20261112,239,0.17184177013710514,0.141889448902277,0.14061247736778518,0.03197929459225709,0.09127603266862805,0.08568639144828262,0.014009102967813237,0.0,0.0,0.0,0.019382610072640017,0.08766675966118262,0.0,0.0,0.14070471661265146,0.03196340991742096,0.09128494966136798,0.0,0.0,0.24449863741422084,0.21244329115206118
239,1,BABA,20261112,240,0.15859927634533885,0.14038824876227443,0.13872007012626014,0.042633321517084787,0.1127291130439224,0.09495577817838763,0.013875706402274769,0.0,0.0,0.0,0.01912019621310791,0.09683653223090144,0.0,0.0,0.13854191771264918,0.04263460499588839,0.11232952683331314,0.0,0.0,0.25231910698555143,0.238661370659823
240,1,BABA,20261112,241,0.14925449229682158,0.13389900588606524,0.13243732211576145,0.03990589945360234,0.11186654336036334,0.09677081950248874,0.01420129604950851,0.0,0.0,0.0,0.019357072865902384,0.09775941626015863,0.0,0.0,0.13284646442537734,0.0399029900057376,0.11194772420822109,0.0,0.0,0.23485341538960117,0.21706197662834734
241,1,BABA,20261112,242,0.150212327237154,0.14106254258195772,0.13954306074567366,0.050473882477039135,0.11578592004171345,0.07591131076767846,0.013542195891665266,0.0,0.0,0.0,0.01819572081509625,0.07755983611729271,0.0,0.0,0.13991807911377044,0.050489451082368665,0.1161917875333309,0.0,0.0,0.27481076563546664,0.2623925783358239
242,1,BABA,20261112,243,0.14401899729645667,0.13205860516949067,0.1309811812122768,0.04722584339748858,0.0897495355117824,0.10034391628124165,0.013742311862968712,0.0,0.0,0.0,0.01848985153232951,0.10142048428831807,0.0,0.0,0.13100814127622065,0.04703739870092894,0.0893401889424579,0.0,0.0,0.23959625746156946,0.20481254874078536
243,1,BABA,20261112,244,0.11502052223996005,0.11502982684189975,0.11419550580865093,0.03780529138236865,0.08224385545648497,0.07096237064391234,0.014355752736192415,0.0,0.0,0.0,0.019192736093315475,0.07195150716333334,0.0,0.0,0.11450961907619611,0.03787458396020938,0.0825158106246607,0.0,0.0,0.24328567765778134,0.2107103614881442
244,1,BABA,20261112,245,0.1601758612998225,0.17012413676249652,0.16814951717266194,0.04330359587081551,0.13082350692486863,0.08346474670194642,0.01448938972100251,0.0,0.0,0.0,0.01977067611685286,0.08485981109678292,0.0,0.0,0.1685507696920284,0.043553946712820694,0.13101282414488116,0.0,0.0,0.22864349460574632,0.19107969449863837
245,1,BABA,20261112,246,0.13207764834329505,0.13697686659794914,0.1356133274517483,0.036452362062647306,0.09892000067757743,0.07838581637250339,0.013516101452149393,0.0,0.0,0.0,0.01817232353175434,0.07951897952806013,0.0,0.0,0.1356828052971215,0.03642238440938627,0.09904464834669054,0.0,0.0,0.21260973506858627,0.20349634212005804
246,1,BABA,20261112,247,0.16015930886041485,0.1148475899861942,0.11234878281945607,0.04045345904236746,0.07618337138827365,0.09285102878962019,0.014721027647167609,0.0,0.0,0.0,0.019725981915834623,0.09479596497577812,0.0,0.0,0.1126094803482683,0.040466447658609205,0.07619378827561081,0.0,0.0,0.23016033391764545,0.2185325874973395
247,1,BABA,20261112,248,0.1491131341565843,0.14036588584876517,0.1385061193525469,0.039995740749515785,0.10058530968138192,0.08839068147456705,0.013837523085219091,0.0,0.0,0.0,0.01846464399290229,0.08881624903325065,0.0,0.0,0.1384895080975633,0.039888280253624044,0.10063907341541846,0.0,0.0,0.25565517435633633,0.199233672345184
248,1,BABA,20261112,249,0.15262209640923635,0.11391197850598674,0.1125392875465288,0.04429195259614705,0.11565790916658371,0.0751192480784715,0.013566610545795372,0.0,0.0,0.0,0.018263058884459255,0.0772648848021985,0.0,0.0,0.11290179777797633,0.044492073542049544,0.11582393616380009,0.0,0.0,0.2326486626006816,0.19805267411913094
249,1,BABA,20261112,250,0.1647242991891555,0.12267021955665884,0.12132196638912382,0.05528554452878998,0.09674454732549899,0.07999513062517527,0.014176890608238787,0.0,0.0,0.0,0.018470058206216198,0.08142361195795515,0.0,0.0,0.12163696205406478,0.055400024490851824,0.09693313427895064,0.0,0.0,0.23581652269813103,0.22528745958772287
250,1,BABA,20261112,251,0.1828947027775089,0.18516977874845894,0.18276311605612208,0.05953086256501059,0.14322480123989564,0.08011771346764641,0.01431996823824355,0.0,0.0,0.0,0.0193684758080446,0.08101782822810048,0.0,0.0,0.18274254248919286,0.059419664559179665,0.14323531852444532,0.0,0.0,0.31291114377609974,0.3163538429504064
251,1,BABA,20261112,252,0.12140442160939459,0.11825308402441939,0.11702867464468443,0.05024975276341933,0.11914891079759639,0.07529552865829657,0.013545009509986057,0.0,0.0,0.0,0.01800873657850155,0.07768653508552668,0.0,0.0,0.11684563161806723,0.05021648461992779,0.11890486335818036,0.0,0.0,0.2930323239072789,0.2708846288677285
252,1,BABA,20261112,253,0.1750666015469548,0.12133741512238602,0.11975845868027964,0.03846183335669976,0.07053606136999525,0.09289947915853407,0.013766362781428156,0.0,0.0,0.0,0.018804691873321986,0.09443609180485739,0.0,0.0,0.11979640841690382,0.03846352390506025,0.0704536595624089,0.0,0.0,0.22967378662573712,0.2220670611543644
253,1,BABA,20261112,254,0.15025290600901056,0.11798990183787388,0.11687306722200179,0.03591391384297868,0.09884208370179547,0.0750707398996641,0.014080325465148133,0.0,0.0,0.0,0.01831650070329863,0.0766192185149927,0.0,0.0,0.11698668633029248,0.035853052933415556,0.09890529831122825,0.0,0.0,0.24453854027578514,0.24487141834758142
254,1,BABA,20261112,255,0.1300779594252267,0.14166057246989636,0.14031866912066218,0.04028057231144661,0.1327638861160802,0.06906125546683839,0.014049157457482465,0.0,0.0,0.0,0.019167280912992524,0.0698876572175839,0.0,0.0,0.1406538769614611,0.04043159805990595,0.13311554206802936,0.0,0.0,0.28718712928247625,0.24117052877045964
255,1,BABA,20261112,192,0.16620486247745558,0.14143200654939142,0.1403531749145337,0.043358774472489224,0.10398509967433803,0.09149552510705676,0.01433805187611513,0.0,0.0,0.0,0.019686760043986104,0.09321358648647367,0.0,0.0,0.14055692121314042,0.043598174547544756,0.10414000234419234,0.0,0.0,0.29050747465689875,0.20522990741251357
