basis,mode,a_angstrom,b_angstrom,energy_hartree
sto-3g,full,0.7,0.7,-1.2873755897243484
sto-3g,one_electron_cross_deleted,0.7,0.7,0.2670256521912626
sto-3g,without_edge_01,0.7,0.7,-1.2242414176095746
sto-3g,full,0.7,0.7999999999999999,-1.4373085192680568
sto-3g,one_electron_cross_deleted,0.7,0.7999999999999999,0.029858136587970208
sto-3g,without_edge_01,0.7,0.7999999999999999,-1.2739795619257155
sto-3g,full,0.7,0.8999999999999999,-1.537562111128926
sto-3g,one_electron_cross_deleted,0.7,0.8999999999999999,-0.13918769084806026
sto-3g,without_edge_01,0.7,0.8999999999999999,-1.2957005652826261
sto-3g,full,0.7,0.9999999999999999,-1.604314676943896
sto-3g,one_electron_cross_deleted,0.7,0.9999999999999999,-0.26123760577437327
sto-3g,without_edge_01,0.7,0.9999999999999999,-1.3018659323313715
sto-3g,full,0.7,1.0999999999999999,-1.6481039485827638
sto-3g,one_electron_cross_deleted,0.7,1.0999999999999999,-0.35020332964147594
sto-3g,without_edge_01,0.7,1.0999999999999999,-1.299679516706608
sto-3g,full,0.7,1.1999999999999997,-1.6759711188280146
sto-3g,one_electron_cross_deleted,0.7,1.1999999999999997,-0.4152549930269531
sto-3g,without_edge_01,0.7,1.1999999999999997,-1.2934926762410281
sto-3g,full,0.7,1.2999999999999998,-1.6927676884688379
sto-3g,one_electron_cross_deleted,0.7,1.2999999999999998,-0.46269312463034096
sto-3g,without_edge_01,0.7,1.2999999999999998,-1.2859531448886945
sto-3g,full,0.7,1.4,-1.7019186259091286
sto-3g,one_electron_cross_deleted,0.7,1.4,-0.49708451707402324
sto-3g,without_edge_01,0.7,1.4,-1.2785614086056474
sto-3g,full,0.7,1.4999999999999998,-1.7058688203561831
sto-3g,one_electron_cross_deleted,0.7,1.4999999999999998,-0.5218522112458817
sto-3g,without_edge_01,0.7,1.4999999999999998,-1.27203724890729
sto-3g,full,0.7,1.5999999999999996,-1.7063646192403477
sto-3g,one_electron_cross_deleted,0.7,1.5999999999999996,-0.5398007627801977
sto-3g,without_edge_01,0.7,1.5999999999999996,-1.2666153466067485
sto-3g,full,0.7,1.6999999999999997,-1.7046480099027428
sto-3g,one_electron_cross_deleted,0.7,1.6999999999999997,-0.5541110528335578
sto-3g,without_edge_01,0.7,1.6999999999999997,-1.262268862238923
sto-3g,full,0.7,1.7999999999999998,-1.701596552331663
sto-3g,one_electron_cross_deleted,0.7,1.7999999999999998,-0.5644128944051876
sto-3g,without_edge_01,0.7,1.7999999999999998,-1.2588555070171918
sto-3g,full,0.7,1.8999999999999997,-1.6978243227384975
sto-3g,one_electron_cross_deleted,0.7,1.8999999999999997,-0.5717513810371968
sto-3g,without_edge_01,0.7,1.8999999999999997,-1.2562002614572596
sto-3g,full,0.7,1.9999999999999996,-1.6937539965345243
sto-3g,one_electron_cross_deleted,0.7,1.9999999999999996,-0.5769378505253595
sto-3g,without_edge_01,0.7,1.9999999999999996,-1.2541361962916766
sto-3g,full,0.7,2.0999999999999996,-1.689668438931438
sto-3g,one_electron_cross_deleted,0.7,2.0999999999999996,-0.5805666121611854
sto-3g,without_edge_01,0.7,2.0999999999999996,-1.2525212324928905
sto-3g,full,0.7,2.1999999999999997,-1.6857484142409338
sto-3g,one_electron_cross_deleted,0.7,2.1999999999999997,-0.5830717556507938
sto-3g,without_edge_01,0.7,2.1999999999999997,-1.2512423216843476
sto-3g,full,0.7,2.3,-1.6821009744906825
sto-3g,one_electron_cross_deleted,0.7,2.3,-0.5847695838112328
sto-3g,without_edge_01,0.7,2.3,-1.2502135632133862
sto-3g,full,0.7,2.3999999999999995,-1.6787812613130346
sto-3g,one_electron_cross_deleted,0.7,2.3999999999999995,-0.5858900703005756
sto-3g,without_edge_01,0.7,2.3999999999999995,-1.2493717981277812
sto-3g,full,0.7,2.4999999999999996,-1.6758092191594853
sto-3g,one_electron_cross_deleted,0.7,2.4999999999999996,-0.586600111488826
sto-3g,without_edge_01,0.7,2.4999999999999996,-1.2486715930446168
sto-3g,full,0.7999999999999999,0.7,-1.4373085192680621
sto-3g,one_electron_cross_deleted,0.7999999999999999,0.7,0.02985813658796843
sto-3g,without_edge_01,0.7999999999999999,0.7,-1.3656098201877453
sto-3g,full,0.7999999999999999,0.7999999999999999,-1.462523887562761
sto-3g,one_electron_cross_deleted,0.7999999999999999,0.7999999999999999,-0.19787279565299754
sto-3g,without_edge_01,0.7999999999999999,0.7999999999999999,-1.4096848367523291
sto-3g,full,0.7999999999999999,0.8999999999999999,-1.5632234325419447
sto-3g,one_electron_cross_deleted,0.7999999999999999,0.8999999999999999,-0.3607136458050344
sto-3g,without_edge_01,0.7999999999999999,0.8999999999999999,-1.4264488787960947
sto-3g,full,0.7999999999999999,0.9999999999999999,-1.6309303314304677
sto-3g,one_electron_cross_deleted,0.7999999999999999,0.9999999999999999,-0.47882611571975486
sto-3g,without_edge_01,0.7999999999999999,0.9999999999999999,-1.4281218540239196
sto-3g,full,0.7999999999999999,1.0999999999999999,-1.675933777210886
sto-3g,one_electron_cross_deleted,0.7999999999999999,1.0999999999999999,-0.5653811685103207
sto-3g,without_edge_01,0.7999999999999999,1.0999999999999999,-1.4217846032421355
sto-3g,full,0.7999999999999999,1.1999999999999997,-1.7050775058006962
sto-3g,one_electron_cross_deleted,0.7999999999999999,1.1999999999999997,-0.6290352241557624
sto-3g,without_edge_01,0.7999999999999999,1.1999999999999997,-1.411721954406136
sto-3g,full,0.7999999999999999,1.2999999999999998,-1.7230764811852461
sto-3g,one_electron_cross_deleted,0.7999999999999999,1.2999999999999998,-0.6757392203192745
sto-3g,without_edge_01,0.7999999999999999,1.2999999999999998,-1.400549541731415
sto-3g,full,0.7999999999999999,1.4,-1.7332764170813273
sto-3g,one_electron_cross_deleted,0.7999999999999999,1.4,-0.7098744452383632
sto-3g,without_edge_01,0.7999999999999999,1.4,-1.3897661452729664
sto-3g,full,0.7999999999999999,1.4999999999999998,-1.7380882473525192
sto-3g,one_electron_cross_deleted,0.7999999999999999,1.4999999999999998,-0.7356178234792909
sto-3g,without_edge_01,0.7999999999999999,1.4999999999999998,-1.3801155711027047
sto-3g,full,0.7999999999999999,1.5999999999999996,-1.7392552060400792
sto-3g,one_electron_cross_deleted,0.7999999999999999,1.5999999999999996,-0.7541792919451864
sto-3g,without_edge_01,0.7999999999999999,1.5999999999999996,-1.3718712191146185
sto-3g,full,0.7999999999999999,1.6999999999999997,-1.7380341178904564
sto-3g,one_electron_cross_deleted,0.7999999999999999,1.6999999999999997,-0.7674729273403464
sto-3g,without_edge_01,0.7999999999999999,1.6999999999999997,-1.3650442963362286
sto-3g,full,0.7999999999999999,1.7999999999999998,-1.7353257849335844
sto-3g,one_electron_cross_deleted,0.7999999999999999,1.7999999999999998,-0.7769308872063863
sto-3g,without_edge_01,0.7999999999999999,1.7999999999999998,-1.3595158142831947
sto-3g,full,0.7999999999999999,1.8999999999999997,-1.7317698642073451
sto-3g,one_electron_cross_deleted,0.7999999999999999,1.8999999999999997,-0.7843941579752731
sto-3g,without_edge_01,0.7999999999999999,1.8999999999999997,-1.355111471348049
sto-3g,full,0.7999999999999999,1.9999999999999996,-1.7278136563918252
sto-3g,one_electron_cross_deleted,0.7999999999999999,1.9999999999999996,-0.7897551010062354
sto-3g,without_edge_01,0.7999999999999999,1.9999999999999996,-1.351642376168186
sto-3g,full,0.7999999999999999,2.0999999999999996,-1.7237622363253502
sto-3g,one_electron_cross_deleted,0.7999999999999999,2.0999999999999996,-0.7935476795220358
sto-3g,without_edge_01,0.7999999999999999,2.0999999999999996,-1.3489275506808447
sto-3g,full,0.7999999999999999,2.1999999999999997,-1.7198157235745244
sto-3g,one_electron_cross_deleted,0.7999999999999999,2.1999999999999997,-0.7962009202626934
sto-3g,without_edge_01,0.7999999999999999,2.1999999999999997,-1.346806242379098
sto-3g,full,0.7999999999999999,2.3,-1.7160976969080974
sto-3g,one_electron_cross_deleted,0.7999999999999999,2.3,-0.7980294373474526
sto-3g,without_edge_01,0.7999999999999999,2.3,-1.345143521022167
sto-3g,full,0.7999999999999999,2.3999999999999995,-1.7126771780083772
sto-3g,one_electron_cross_deleted,0.7999999999999999,2.3999999999999995,-0.7992633865293874
sto-3g,without_edge_01,0.7999999999999999,2.3999999999999995,-1.3438310811030063
sto-3g,full,0.7999999999999999,2.4999999999999996,-1.7095855518219292
sto-3g,one_electron_cross_deleted,0.7999999999999999,2.4999999999999996,-0.8000708012754529
sto-3g,without_edge_01,0.7999999999999999,2.4999999999999996,-1.3427849210061016
sto-3g,full,0.8999999999999999,0.7,-1.5375621111289215
sto-3g,one_electron_cross_deleted,0.8999999999999999,0.7,-0.13918769084805627
sto-3g,without_edge_01,0.8999999999999999,0.7,-1.4630433063704116
sto-3g,full,0.8999999999999999,0.7999999999999999,-1.5632234325419412
sto-3g,one_electron_cross_deleted,0.8999999999999999,0.7999999999999999,-0.36071364580503396
sto-3g,without_edge_01,0.8999999999999999,0.7999999999999999,-1.5032579810278048
sto-3g,full,0.8999999999999999,0.8999999999999999,-1.56074819014637
sto-3g,one_electron_cross_deleted,0.8999999999999999,0.8999999999999999,-0.5194148965873957
sto-3g,without_edge_01,0.8999999999999999,0.8999999999999999,-1.5163895864845056
sto-3g,full,0.8999999999999999,0.9999999999999999,-1.6294763128353718
sto-3g,one_electron_cross_deleted,0.8999999999999999,0.9999999999999999,-0.6348682974526381
sto-3g,without_edge_01,0.8999999999999999,0.9999999999999999,-1.5145854694773475
sto-3g,full,0.8999999999999999,1.0999999999999999,-1.6756311890145503
sto-3g,one_electron_cross_deleted,0.8999999999999999,1.0999999999999999,-0.7197888979238272
sto-3g,without_edge_01,0.8999999999999999,1.0999999999999999,-1.5049139497452226
sto-3g,full,0.8999999999999999,1.1999999999999997,-1.7059395402282536
sto-3g,one_electron_cross_deleted,0.8999999999999999,1.1999999999999997,-0.7825095215644993
sto-3g,without_edge_01,0.8999999999999999,1.1999999999999997,-1.4916661034181558
sto-3g,full,0.8999999999999999,1.2999999999999998,-1.7250252870287364
sto-3g,one_electron_cross_deleted,0.8999999999999999,1.2999999999999998,-0.8300155571786396
sto-3g,without_edge_01,0.8999999999999999,1.2999999999999998,-1.4774636760147208
sto-3g,full,0.8999999999999999,1.4,-1.7361775217149966
sto-3g,one_electron_cross_deleted,0.8999999999999999,1.4,-0.8650728445798932
sto-3g,without_edge_01,0.8999999999999999,1.4,-1.4638067065703697
sto-3g,full,0.8999999999999999,1.4999999999999998,-1.7417816826473613
sto-3g,one_electron_cross_deleted,0.8999999999999999,1.4999999999999998,-0.8906250147622283
sto-3g,without_edge_01,0.8999999999999999,1.4999999999999998,-1.4514398280575662
sto-3g,full,0.8999999999999999,1.5999999999999996,-1.7435782477181476
sto-3g,one_electron_cross_deleted,0.8999999999999999,1.5999999999999996,-0.9091130890304884
sto-3g,without_edge_01,0.8999999999999999,1.5999999999999996,-1.4406451619146514
sto-3g,full,0.8999999999999999,1.6999999999999997,-1.7428352320085096
sto-3g,one_electron_cross_deleted,0.8999999999999999,1.6999999999999997,-0.9223909033493638
sto-3g,without_edge_01,0.8999999999999999,1.6999999999999997,-1.431455095551554
sto-3g,full,0.8999999999999999,1.7999999999999998,-1.7404716019773874
sto-3g,one_electron_cross_deleted,0.8999999999999999,1.7999999999999998,-0.9318539507554648
sto-3g,without_edge_01,0.8999999999999999,1.7999999999999998,-1.4237810666783792
sto-3g,full,0.8999999999999999,1.8999999999999997,-1.7371475238683116
sto-3g,one_electron_cross_deleted,0.8999999999999999,1.8999999999999997,-0.9385438742826309
sto-3g,without_edge_01,0.8999999999999999,1.8999999999999997,-1.417479314963583
sto-3g,full,0.8999999999999999,1.9999999999999996,-1.7333305194921738
sto-3g,one_electron_cross_deleted,0.8999999999999999,1.9999999999999996,-0.9432329472809013
sto-3g,without_edge_01,0.8999999999999999,1.9999999999999996,-1.4123815151175894
sto-3g,full,0.8999999999999999,2.0999999999999996,-1.7293443320899726
sto-3g,one_electron_cross_deleted,0.8999999999999999,2.0999999999999996,-0.9467899016994346
sto-3g,without_edge_01,0.8999999999999999,2.0999999999999996,-1.4083107982317555
sto-3g,full,0.8999999999999999,2.1999999999999997,-1.7254057166788384
sto-3g,one_electron_cross_deleted,0.8999999999999999,2.1999999999999997,-0.9495852645707439
sto-3g,without_edge_01,0.8999999999999999,2.1999999999999997,-1.4050931867543999
sto-3g,full,0.8999999999999999,2.3,-1.7216527483060795
sto-3g,one_electron_cross_deleted,0.8999999999999999,2.3,-0.9515386682630349
sto-3g,without_edge_01,0.8999999999999999,2.3,-1.4025670099149243
sto-3g,full,0.8999999999999999,2.3999999999999995,-1.718166843741515
sto-3g,one_electron_cross_deleted,0.8999999999999999,2.3999999999999995,-0.9528807987060284
sto-3g,without_edge_01,0.8999999999999999,2.3999999999999995,-1.4005896854636157
sto-3g,full,0.8999999999999999,2.4999999999999996,-1.7149897664272493
sto-3g,one_electron_cross_deleted,0.8999999999999999,2.4999999999999996,-0.9537809727809248
sto-3g,without_edge_01,0.8999999999999999,2.4999999999999996,-1.3990410981538304
sto-3g,full,0.9999999999999999,0.7,-1.6043146769438872
sto-3g,one_electron_cross_deleted,0.9999999999999999,0.7,-0.2612376057743768
sto-3g,without_edge_01,0.9999999999999999,0.7,-1.5308062354671623
sto-3g,full,0.9999999999999999,0.7999999999999999,-1.630930331430466
sto-3g,one_electron_cross_deleted,0.9999999999999999,0.7999999999999999,-0.47882611571975486
sto-3g,without_edge_01,0.9999999999999999,0.7999999999999999,-1.5685154023084595
sto-3g,full,0.9999999999999999,0.8999999999999999,-1.6294763128353646
sto-3g,one_electron_cross_deleted,0.9999999999999999,0.8999999999999999,-0.6348682974526363
sto-3g,without_edge_01,0.9999999999999999,0.8999999999999999,-1.579083811452374
sto-3g,full,0.9999999999999999,0.9999999999999999,-1.6119708031709288
sto-3g,one_electron_cross_deleted,0.9999999999999999,0.9999999999999999,-0.7486006481406404
sto-3g,without_edge_01,0.9999999999999999,0.9999999999999999,-1.5746576089062185
sto-3g,full,0.9999999999999999,1.0999999999999999,-1.659174425799912
sto-3g,one_electron_cross_deleted,0.9999999999999999,1.0999999999999999,-0.8327819772624769
sto-3g,without_edge_01,0.9999999999999999,1.0999999999999999,-1.5623468249662853
sto-3g,full,0.9999999999999999,1.1999999999999997,-1.6905155520172577
sto-3g,one_electron_cross_deleted,0.9999999999999999,1.1999999999999997,-0.8966636246958446
sto-3g,without_edge_01,0.9999999999999999,1.1999999999999997,-1.5465005496056654
sto-3g,full,0.9999999999999999,1.2999999999999998,-1.7105584196287822
sto-3g,one_electron_cross_deleted,0.9999999999999999,1.2999999999999998,-0.9439652774582599
sto-3g,without_edge_01,0.9999999999999999,1.2999999999999998,-1.5297939162813767
sto-3g,full,0.9999999999999999,1.4,-1.7225526855480222
sto-3g,one_electron_cross_deleted,0.9999999999999999,1.4,-0.9788027264778014
sto-3g,without_edge_01,0.9999999999999999,1.4,-1.5137585644762335
sto-3g,full,0.9999999999999999,1.4999999999999998,-1.728865396204081
sto-3g,one_electron_cross_deleted,0.9999999999999999,1.4999999999999998,-1.004281434214879
sto-3g,without_edge_01,0.9999999999999999,1.4999999999999998,-1.4991436833341818
sto-3g,full,0.9999999999999999,1.5999999999999996,-1.7312349438525172
sto-3g,one_electron_cross_deleted,0.9999999999999999,1.5999999999999996,-1.0227745871854559
sto-3g,without_edge_01,0.9999999999999999,1.5999999999999996,-1.4862190237569073
sto-3g,full,0.9999999999999999,1.6999999999999997,-1.7309376823182094
sto-3g,one_electron_cross_deleted,0.9999999999999999,1.6999999999999997,-1.0360911304857283
sto-3g,without_edge_01,0.9999999999999999,1.6999999999999997,-1.4750042593016217
sto-3g,full,0.9999999999999999,1.7999999999999998,-1.7289064194650217
sto-3g,one_electron_cross_deleted,0.9999999999999999,1.7999999999999998,-1.045599253321491
sto-3g,without_edge_01,0.9999999999999999,1.7999999999999998,-1.4654100710346074
sto-3g,full,0.9999999999999999,1.8999999999999997,-1.725817290488727
sto-3g,one_electron_cross_deleted,0.9999999999999999,1.8999999999999997,-1.0523257800429446
sto-3g,without_edge_01,0.9999999999999999,1.8999999999999997,-1.4573074287556236
sto-3g,full,0.9999999999999999,1.9999999999999996,-1.7221539204312726
sto-3g,one_electron_cross_deleted,0.9999999999999999,1.9999999999999996,-1.0570363804312017
sto-3g,without_edge_01,0.9999999999999999,1.9999999999999996,-1.4505539466282937
sto-3g,full,0.9999999999999999,2.0999999999999996,-1.718255262528364
sto-3g,one_electron_cross_deleted,0.9999999999999999,2.0999999999999996,-1.0602986997255304
sto-3g,without_edge_01,0.9999999999999999,2.0999999999999996,-1.4450012170176936
sto-3g,full,0.9999999999999999,2.1999999999999997,-1.7143519244452587
sto-3g,one_electron_cross_deleted,0.9999999999999999,2.1999999999999997,-1.062530961941397
sto-3g,without_edge_01,0.9999999999999999,2.1999999999999997,-1.4404971773451747
sto-3g,full,0.9999999999999999,2.3,-1.7105942914434689
sto-3g,one_electron_cross_deleted,0.9999999999999999,2.3,-1.06410343272074
sto-3g,without_edge_01,0.9999999999999999,2.3,-1.4368894390204279
sto-3g,full,0.9999999999999999,2.3999999999999995,-1.7070744845506929
sto-3g,one_electron_cross_deleted,0.9999999999999999,2.3999999999999995,-1.0655471816921205
sto-3g,without_edge_01,0.9999999999999999,2.3999999999999995,-1.4340304987583052
sto-3g,full,0.9999999999999999,2.4999999999999996,-1.7038433585787023
sto-3g,one_electron_cross_deleted,0.9999999999999999,2.4999999999999996,-1.0665345715119714
sto-3g,without_edge_01,0.9999999999999999,2.4999999999999996,-1.4317834729194447
sto-3g,full,1.0999999999999999,0.7,-1.6481039485827633
sto-3g,one_electron_cross_deleted,1.0999999999999999,0.7,-0.3502033296414724
sto-3g,without_edge_01,1.0999999999999999,0.7,-1.578126628653047
sto-3g,full,1.0999999999999999,0.7999999999999999,-1.6759337772108838
sto-3g,one_electron_cross_deleted,1.0999999999999999,0.7999999999999999,-0.5653811685103185
sto-3g,without_edge_01,1.0999999999999999,0.7999999999999999,-1.61428504184821
sto-3g,full,1.0999999999999999,0.8999999999999999,-1.6756311890145503
sto-3g,one_electron_cross_deleted,1.0999999999999999,0.8999999999999999,-0.7197888979238267
sto-3g,without_edge_01,1.0999999999999999,0.8999999999999999,-1.6231006918684279
sto-3g,full,1.0999999999999999,0.9999999999999999,-1.6591744257999008
sto-3g,one_electron_cross_deleted,1.0999999999999999,0.9999999999999999,-0.8327819772624734
sto-3g,without_edge_01,1.0999999999999999,0.9999999999999999,-1.6167336132332282
sto-3g,full,1.0999999999999999,1.0999999999999999,-1.6336844459789877
sto-3g,one_electron_cross_deleted,1.0999999999999999,1.0999999999999999,-0.9180413393857001
sto-3g,without_edge_01,1.0999999999999999,1.0999999999999999,-1.6023472247302308
sto-3g,full,1.0999999999999999,1.1999999999999997,-1.6659090468979598
sto-3g,one_electron_cross_deleted,1.0999999999999999,1.1999999999999997,-0.9814223075338626
sto-3g,without_edge_01,1.0999999999999999,1.1999999999999997,-1.5843708715691958
sto-3g,full,1.0999999999999999,1.2999999999999998,-1.6867665876946067
sto-3g,one_electron_cross_deleted,1.0999999999999999,1.2999999999999998,-1.0284779987862742
sto-3g,without_edge_01,1.0999999999999999,1.2999999999999998,-1.5655686902107493
sto-3g,full,1.0999999999999999,1.4,-1.6994802720210846
sto-3g,one_electron_cross_deleted,1.0999999999999999,1.4,-1.0632357844976448
sto-3g,without_edge_01,1.0999999999999999,1.4,-1.5475431047740242
sto-3g,full,1.0999999999999999,1.4999999999999998,-1.7064046051461061
sto-3g,one_electron_cross_deleted,1.0999999999999999,1.4999999999999998,-1.088732935562239
sto-3g,without_edge_01,1.0999999999999999,1.4999999999999998,-1.5310752794380451
sto-3g,full,1.0999999999999999,1.5999999999999996,-1.7092766997879956
sto-3g,one_electron_cross_deleted,1.0999999999999999,1.5999999999999996,-1.1072931758916185
sto-3g,without_edge_01,1.0999999999999999,1.5999999999999996,-1.516428365180845
sto-3g,full,1.0999999999999999,1.6999999999999997,-1.7093790397180824
sto-3g,one_electron_cross_deleted,1.0999999999999999,1.6999999999999997,-1.1206923650209322
sto-3g,without_edge_01,1.0999999999999999,1.6999999999999997,-1.5035936308124151
sto-3g,full,1.0999999999999999,1.7999999999999998,-1.7076546436518418
sto-3g,one_electron_cross_deleted,1.0999999999999999,1.7999999999999998,-1.1302786646282237
sto-3g,without_edge_01,1.0999999999999999,1.7999999999999998,-1.4924509967160775
sto-3g,full,1.0999999999999999,1.8999999999999997,-1.7047916156366796
sto-3g,one_electron_cross_deleted,1.0999999999999999,1.8999999999999997,-1.1370683718422434
sto-3g,without_edge_01,1.0999999999999999,1.8999999999999997,-1.482851572651994
sto-3g,full,1.0999999999999999,1.9999999999999996,-1.7012858961884116
sto-3g,one_electron_cross_deleted,1.0999999999999999,1.9999999999999996,-1.1418229749565
sto-3g,without_edge_01,1.0999999999999999,1.9999999999999996,-1.474649577806017
sto-3g,full,1.0999999999999999,2.0999999999999996,-1.6974883250518367
sto-3g,one_electron_cross_deleted,1.0999999999999999,2.0999999999999996,-1.1451098284727095
sto-3g,without_edge_01,1.0999999999999999,2.0999999999999996,-1.467709169782758
sto-3g,full,1.0999999999999999,2.1999999999999997,-1.6936405633309009
sto-3g,one_electron_cross_deleted,1.0999999999999999,2.1999999999999997,-1.1473490204595427
sto-3g,without_edge_01,1.0999999999999999,2.1999999999999997,-1.4619021183258218
sto-3g,full,1.0999999999999999,2.3,-1.6899030019299879
sto-3g,one_electron_cross_deleted,1.0999999999999999,2.3,-1.1488492496647194
sto-3g,without_edge_01,1.0999999999999999,2.3,-1.4571040348338782
sto-3g,full,1.0999999999999999,2.3999999999999995,-1.6863765979949945
sto-3g,one_electron_cross_deleted,1.0999999999999999,2.3999999999999995,-1.1498352736563868
sto-3g,without_edge_01,1.0999999999999999,2.3999999999999995,-1.453192099880102
sto-3g,full,1.0999999999999999,2.4999999999999996,-1.6831198078439986
sto-3g,one_electron_cross_deleted,1.0999999999999999,2.4999999999999996,-1.1504689598403937
sto-3g,without_edge_01,1.0999999999999999,2.4999999999999996,-1.4500449995870082
sto-3g,full,1.1999999999999997,0.7,-1.675971118828011
sto-3g,one_electron_cross_deleted,1.1999999999999997,0.7,-0.41525499302695
sto-3g,without_edge_01,1.1999999999999997,0.7,-1.6111255266525628
sto-3g,full,1.1999999999999997,0.7999999999999999,-1.7050775058006993
sto-3g,one_electron_cross_deleted,1.1999999999999997,0.7999999999999999,-0.6290352241557691
sto-3g,without_edge_01,1.1999999999999997,0.7999999999999999,-1.6463680704846002
sto-3g,full,1.1999999999999997,0.8999999999999999,-1.7059395402282513
sto-3g,one_electron_cross_deleted,1.1999999999999997,0.8999999999999999,-0.7825095215645028
sto-3g,without_edge_01,1.1999999999999997,0.8999999999999999,-1.654015628403271
sto-3g,full,1.1999999999999997,0.9999999999999999,-1.6905155520172626
sto-3g,one_electron_cross_deleted,1.1999999999999997,0.9999999999999999,-0.8966636246958442
sto-3g,without_edge_01,1.1999999999999997,0.9999999999999999,-1.6462321877224957
sto-3g,full,1.1999999999999997,1.0999999999999999,-1.6659090468979612
sto-3g,one_electron_cross_deleted,1.1999999999999997,1.0999999999999999,-0.9814223075338631
sto-3g,without_edge_01,1.1999999999999997,1.0999999999999999,-1.6302219770192599
sto-3g,full,1.1999999999999997,1.1999999999999997,-1.6366810458096035
sto-3g,one_electron_cross_deleted,1.1999999999999997,1.1999999999999997,-1.0445467151955379
sto-3g,without_edge_01,1.1999999999999997,1.1999999999999997,-1.6104914027027784
sto-3g,full,1.1999999999999997,1.2999999999999998,-1.658197553256465
sto-3g,one_electron_cross_deleted,1.1999999999999997,1.2999999999999998,-1.0915171244793633
sto-3g,without_edge_01,1.1999999999999997,1.2999999999999998,-1.5899079911851728
sto-3g,full,1.1999999999999997,1.4,-1.671496196585311
sto-3g,one_electron_cross_deleted,1.1999999999999997,1.4,-1.1263002921163419
sto-3g,without_edge_01,1.1999999999999997,1.4,-1.570175552003414
sto-3g,full,1.1999999999999997,1.4999999999999998,-1.6789234244175577
sto-3g,one_electron_cross_deleted,1.1999999999999997,1.4999999999999998,-1.1518851015748468
sto-3g,without_edge_01,1.1999999999999997,1.4999999999999998,-1.5521419156875749
sto-3g,full,1.1999999999999997,1.5999999999999996,-1.682215677206195
sto-3g,one_electron_cross_deleted,1.1999999999999997,1.5999999999999996,-1.1705594761046232
sto-3g,without_edge_01,1.1999999999999997,1.5999999999999996,-1.5360882200186885
sto-3g,full,1.1999999999999997,1.6999999999999997,-1.6826596958942428
sto-3g,one_electron_cross_deleted,1.1999999999999997,1.6999999999999997,-1.1840751686422588
sto-3g,without_edge_01,1.1999999999999997,1.6999999999999997,-1.5219848839021686
sto-3g,full,1.1999999999999997,1.7999999999999998,-1.6812055588941213
sto-3g,one_electron_cross_deleted,1.1999999999999997,1.7999999999999998,-1.1937658889828262
sto-3g,without_edge_01,1.1999999999999997,1.7999999999999998,-1.509672495580672
sto-3g,full,1.1999999999999997,1.8999999999999997,-1.6785497529261901
sto-3g,one_electron_cross_deleted,1.1999999999999997,1.8999999999999997,-1.2006406606807754
sto-3g,without_edge_01,1.1999999999999997,1.8999999999999997,-1.498961765463266
sto-3g,full,1.1999999999999997,1.9999999999999996,-1.6751970107028225
sto-3g,one_electron_cross_deleted,1.1999999999999997,1.9999999999999996,-1.2054585609466164
sto-3g,without_edge_01,1.1999999999999997,1.9999999999999996,-1.4896754491653894
sto-3g,full,1.1999999999999997,2.0999999999999996,-1.6715068410847498
sto-3g,one_electron_cross_deleted,1.1999999999999997,2.0999999999999996,-1.2087875372509505
sto-3g,without_edge_01,1.1999999999999997,2.0999999999999996,-1.4816592771212047
sto-3g,full,1.1999999999999997,2.1999999999999997,-1.6677291355447423
sto-3g,one_electron_cross_deleted,1.1999999999999997,2.1999999999999997,-1.211049931405478
sto-3g,without_edge_01,1.1999999999999997,2.1999999999999997,-1.474780401309676
sto-3g,full,1.1999999999999997,2.3,-1.6640318731115118
sto-3g,one_electron_cross_deleted,1.1999999999999997,2.3,-1.212557459684381
sto-3g,without_edge_01,1.1999999999999997,2.3,-1.4689225828483912
sto-3g,full,1.1999999999999997,2.3999999999999995,-1.6605228159361425
sto-3g,one_electron_cross_deleted,1.1999999999999997,2.3999999999999995,-1.2135381001639591
sto-3g,without_edge_01,1.1999999999999997,2.3999999999999995,-1.4639814740611632
sto-3g,full,1.1999999999999997,2.4999999999999996,-1.6572663498162883
sto-3g,one_electron_cross_deleted,1.1999999999999997,2.4999999999999996,-1.2141568144671067
sto-3g,without_edge_01,1.1999999999999997,2.4999999999999996,-1.4598606851712899
sto-3g,full,1.2999999999999998,0.7,-1.692767688468832
sto-3g,one_electron_cross_deleted,1.2999999999999998,0.7,-0.4626931246303365
sto-3g,without_edge_01,1.2999999999999998,0.7,-1.6339634526682616
sto-3g,full,1.2999999999999998,0.7999999999999999,-1.7230764811852426
sto-3g,one_electron_cross_deleted,1.2999999999999998,0.7999999999999999,-0.6757392203192767
sto-3g,without_edge_01,1.2999999999999998,0.7999999999999999,-1.6686910998475106
sto-3g,full,1.2999999999999998,0.8999999999999999,-1.7250252870287364
sto-3g,one_electron_cross_deleted,1.2999999999999998,0.8999999999999999,-0.8300155571786378
sto-3g,without_edge_01,1.2999999999999998,0.8999999999999999,-1.675577606747562
sto-3g,full,1.2999999999999998,0.9999999999999999,-1.7105584196287795
sto-3g,one_electron_cross_deleted,1.2999999999999998,0.9999999999999999,-0.943965277458259
sto-3g,without_edge_01,1.2999999999999998,0.9999999999999999,-1.6667746400282857
sto-3g,full,1.2999999999999998,1.0999999999999999,-1.6867665876946094
sto-3g,one_electron_cross_deleted,1.2999999999999998,1.0999999999999999,-1.0284779987862729
sto-3g,without_edge_01,1.2999999999999998,1.0999999999999999,-1.649505664530881
sto-3g,full,1.2999999999999998,1.1999999999999997,-1.6581975532564646
sto-3g,one_electron_cross_deleted,1.2999999999999998,1.1999999999999997,-1.0915171244793598
sto-3g,without_edge_01,1.2999999999999998,1.1999999999999997,-1.628335275857463
sto-3g,full,1.2999999999999998,1.2999999999999998,-1.6279616528334802
sto-3g,one_electron_cross_deleted,1.2999999999999998,1.2999999999999998,-1.138515005140592
sto-3g,without_edge_01,1.2999999999999998,1.2999999999999998,-1.6062281621788852
sto-3g,full,1.2999999999999998,1.4,-1.6417026745810186
sto-3g,one_electron_cross_deleted,1.2999999999999998,1.4,-1.1733966907667117
sto-3g,without_edge_01,1.2999999999999998,1.4,-1.585002669800947
sto-3g,full,1.2999999999999998,1.4999999999999998,-1.649516054700824
sto-3g,one_electron_cross_deleted,1.2999999999999998,1.4999999999999998,-1.199116776089499
sto-3g,without_edge_01,1.2999999999999998,1.4999999999999998,-1.5656016103002193
sto-3g,full,1.2999999999999998,1.5999999999999996,-1.6531378254455797
sto-3g,one_electron_cross_deleted,1.2999999999999998,1.5999999999999996,-1.2179374094939248
sto-3g,without_edge_01,1.2999999999999998,1.5999999999999996,-1.5483543422698196
sto-3g,full,1.2999999999999998,1.6999999999999997,-1.653857286363148
sto-3g,one_electron_cross_deleted,1.2999999999999998,1.6999999999999997,-1.2315929231282527
sto-3g,without_edge_01,1.2999999999999998,1.6999999999999997,-1.533231305540039
sto-3g,full,1.2999999999999998,1.7999999999999998,-1.6526287874750445
sto-3g,one_electron_cross_deleted,1.2999999999999998,1.7999999999999998,-1.2414067158038111
sto-3g,without_edge_01,1.2999999999999998,1.7999999999999998,-1.5200421583918027
sto-3g,full,1.2999999999999998,1.8999999999999997,-1.6501539640042584
sto-3g,one_electron_cross_deleted,1.2999999999999998,1.8999999999999997,-1.2483828913554131
sto-3g,without_edge_01,1.2999999999999998,1.8999999999999997,-1.5085554661425455
sto-3g,full,1.2999999999999998,1.9999999999999996,-1.6469430638524667
sto-3g,one_electron_cross_deleted,1.2999999999999998,1.9999999999999996,-1.2532793116143588
sto-3g,without_edge_01,1.2999999999999998,1.9999999999999996,-1.4985535772279421
sto-3g,full,1.2999999999999998,2.0999999999999996,-1.643361165229063
sto-3g,one_electron_cross_deleted,1.2999999999999998,2.0999999999999996,-1.2566650204190952
sto-3g,without_edge_01,1.2999999999999998,2.0999999999999996,-1.4898491737645192
sto-3g,full,1.2999999999999998,2.1999999999999997,-1.6396635731045983
sto-3g,one_electron_cross_deleted,1.2999999999999998,2.1999999999999997,-1.2589647390319134
sto-3g,without_edge_01,1.2999999999999998,2.1999999999999997,-1.4822849496747013
sto-3g,full,1.2999999999999998,2.3,-1.6360233651351497
sto-3g,one_electron_cross_deleted,1.2999999999999998,2.3,-1.260493145656927
sto-3g,without_edge_01,1.2999999999999998,2.3,-1.4757283669315153
sto-3g,full,1.2999999999999998,2.3999999999999995,-1.6325529612631116
sto-3g,one_electron_cross_deleted,1.2999999999999998,2.3999999999999995,-1.2614813160117724
sto-3g,without_edge_01,1.2999999999999998,2.3999999999999995,-1.47006637664863
sto-3g,full,1.2999999999999998,2.4999999999999996,-1.6293208718092218
sto-3g,one_electron_cross_deleted,1.2999999999999998,2.4999999999999996,-1.2620971771794458
sto-3g,without_edge_01,1.2999999999999998,2.4999999999999996,-1.4652013262340267
sto-3g,full,1.4,0.7,-1.7019186259091286
sto-3g,one_electron_cross_deleted,1.4,0.7,-0.4970845170740228
sto-3g,without_edge_01,1.4,0.7,-1.649532816922481
sto-3g,full,1.4,0.7999999999999999,-1.7332764170813255
sto-3g,one_electron_cross_deleted,1.4,0.7999999999999999,-0.7098744452383605
sto-3g,without_edge_01,1.4,0.7999999999999999,-1.683985894826837
sto-3g,full,1.4,0.8999999999999999,-1.7361775217150006
sto-3g,one_electron_cross_deleted,1.4,0.8999999999999999,-0.8650728445798936
sto-3g,without_edge_01,1.4,0.8999999999999999,-1.6903867595616786
sto-3g,full,1.4,0.9999999999999999,-1.7225526855480213
sto-3g,one_electron_cross_deleted,1.4,0.9999999999999999,-0.9788027264778019
sto-3g,without_edge_01,1.4,0.9999999999999999,-1.680861052689255
sto-3g,full,1.4,1.0999999999999999,-1.699480272021082
sto-3g,one_electron_cross_deleted,1.4,1.0999999999999999,-1.0632357844976426
sto-3g,without_edge_01,1.4,1.0999999999999999,-1.6626307103355962
sto-3g,full,1.4,1.1999999999999997,-1.6714961965853128
sto-3g,one_electron_cross_deleted,1.4,1.1999999999999997,-1.126300292116341
sto-3g,without_edge_01,1.4,1.1999999999999997,-1.640294153471003
sto-3g,full,1.4,1.2999999999999998,-1.6417026745810168
sto-3g,one_electron_cross_deleted,1.4,1.2999999999999998,-1.1733966907667104
sto-3g,without_edge_01,1.4,1.2999999999999998,-1.6168930721981791
sto-3g,full,1.4,1.4,-1.6122442038977658
sto-3g,one_electron_cross_deleted,1.4,1.4,-1.2084211210402414
sto-3g,without_edge_01,1.4,1.4,-1.5943551921771646
sto-3g,full,1.4,1.4999999999999998,-1.620325528022715
sto-3g,one_electron_cross_deleted,1.4,1.4999999999999998,-1.234303793690193
sto-3g,without_edge_01,1.4,1.4999999999999998,-1.5737326465704256
sto-3g,full,1.4,1.5999999999999996,-1.6241834097675314
sto-3g,one_electron_cross_deleted,1.4,1.5999999999999996,-1.2532882700521606
sto-3g,without_edge_01,1.4,1.5999999999999996,-1.5554290543859213
sto-3g,full,1.4,1.6999999999999997,-1.6251082525712468
sto-3g,one_electron_cross_deleted,1.4,1.6999999999999997,-1.2670962698293187
sto-3g,without_edge_01,1.4,1.6999999999999997,-1.5394396409047577
sto-3g,full,1.4,1.7999999999999998,-1.624056313336537
sto-3g,one_electron_cross_deleted,1.4,1.7999999999999998,-1.2770438054246744
sto-3g,without_edge_01,1.4,1.7999999999999998,-1.525559163101248
sto-3g,full,1.4,1.8999999999999997,-1.621731567474276
sto-3g,one_electron_cross_deleted,1.4,1.8999999999999997,-1.2841316347933516
sto-3g,without_edge_01,1.4,1.8999999999999997,-1.5135214658524294
sto-3g,full,1.4,1.9999999999999996,-1.6186468379629004
sto-3g,one_electron_cross_deleted,1.4,1.9999999999999996,-1.2891170962232072
sto-3g,without_edge_01,1.4,1.9999999999999996,-1.5030706468691313
sto-3g,full,1.4,2.0999999999999996,-1.6151698926703668
sto-3g,one_electron_cross_deleted,1.4,2.0999999999999996,-1.2925704986402207
sto-3g,without_edge_01,1.4,2.0999999999999996,-1.4939859941172928
sto-3g,full,1.4,2.1999999999999997,-1.6115587466783812
sto-3g,one_electron_cross_deleted,1.4,2.1999999999999997,-1.294918835847353
sto-3g,without_edge_01,1.4,2.1999999999999997,-1.486084003456437
sto-3g,full,1.4,2.3,-1.6079891206092558
sto-3g,one_electron_cross_deleted,1.4,2.3,-1.2964795219058143
sto-3g,without_edge_01,1.4,2.3,-1.4792124686145023
sto-3g,full,1.4,2.3999999999999995,-1.6045759284636674
sto-3g,one_electron_cross_deleted,1.4,2.3999999999999995,-1.2974864761876588
sto-3g,without_edge_01,1.4,2.3999999999999995,-1.473243614044601
sto-3g,full,1.4,2.4999999999999996,-1.6013899573362418
sto-3g,one_electron_cross_deleted,1.4,2.4999999999999996,-1.2981103579792592
sto-3g,without_edge_01,1.4,2.4999999999999996,-1.4680685013851742
sto-3g,full,1.4999999999999998,0.7,-1.7058688203561814
sto-3g,one_electron_cross_deleted,1.4999999999999998,0.7,-0.5218522112458803
sto-3g,without_edge_01,1.4999999999999998,0.7,-1.6598832354056507
sto-3g,full,1.4999999999999998,0.7999999999999999,-1.7380882473525143
sto-3g,one_electron_cross_deleted,1.4999999999999998,0.7999999999999999,-0.7356178234792949
sto-3g,without_edge_01,1.4999999999999998,0.7999999999999999,-1.6941964613514773
sto-3g,full,1.4999999999999998,0.8999999999999999,-1.7417816826473582
sto-3g,one_electron_cross_deleted,1.4999999999999998,0.8999999999999999,-0.8906250147622274
sto-3g,without_edge_01,1.4999999999999998,0.8999999999999999,-1.700292439778424
sto-3g,full,1.4999999999999998,0.9999999999999999,-1.728865396204081
sto-3g,one_electron_cross_deleted,1.4999999999999998,0.9999999999999999,-1.0042814342148776
sto-3g,without_edge_01,1.4999999999999998,0.9999999999999999,-1.6902624648050866
sto-3g,full,1.4999999999999998,1.0999999999999999,-1.7064046051461035
sto-3g,one_electron_cross_deleted,1.4999999999999998,1.0999999999999999,-1.088732935562239
sto-3g,without_edge_01,1.4999999999999998,1.0999999999999999,-1.6713116132446024
sto-3g,full,1.4999999999999998,1.1999999999999997,-1.6789234244175604
sto-3g,one_electron_cross_deleted,1.4999999999999998,1.1999999999999997,-1.1518851015748504
sto-3g,without_edge_01,1.4999999999999998,1.1999999999999997,-1.6480497987467966
sto-3g,full,1.4999999999999998,1.2999999999999998,-1.6495160547008267
sto-3g,one_electron_cross_deleted,1.4999999999999998,1.2999999999999998,-1.1991167760895007
sto-3g,without_edge_01,1.4999999999999998,1.2999999999999998,-1.6235701933641664
sto-3g,full,1.4999999999999998,1.4,-1.620325528022718
sto-3g,one_electron_cross_deleted,1.4999999999999998,1.4,-1.2343037936901935
sto-3g,without_edge_01,1.4999999999999998,1.4,-1.5998912948616535
sto-3g,full,1.4999999999999998,1.4999999999999998,-1.5927744316627792
sto-3g,one_electron_cross_deleted,1.4999999999999998,1.4999999999999998,-1.2603588242208494
sto-3g,without_edge_01,1.4999999999999998,1.4999999999999998,-1.5781731464167872
sto-3g,full,1.4999999999999998,1.5999999999999996,-1.5967780877923377
sto-3g,one_electron_cross_deleted,1.4999999999999998,1.5999999999999996,-1.27951185651378
sto-3g,without_edge_01,1.4999999999999998,1.5999999999999996,-1.558909528954216
sto-3g,full,1.4999999999999998,1.6999999999999997,-1.5978388819969829
sto-3g,one_electron_cross_deleted,1.4999999999999998,1.6999999999999997,-1.2934753205194873
sto-3g,without_edge_01,1.4999999999999998,1.6999999999999997,-1.542143069073524
sto-3g,full,1.4999999999999998,1.7999999999999998,-1.5969131801849128
sto-3g,one_electron_cross_deleted,1.4999999999999998,1.7999999999999998,-1.3035597862066772
sto-3g,without_edge_01,1.4999999999999998,1.7999999999999998,-1.5276720478286576
sto-3g,full,1.4999999999999998,1.8999999999999997,-1.5947050594611158
sto-3g,one_electron_cross_deleted,1.4999999999999998,1.8999999999999997,-1.310763607202675
sto-3g,without_edge_01,1.4999999999999998,1.8999999999999997,-1.5152061009185958
sto-3g,full,1.4999999999999998,1.9999999999999996,-1.5917274679481057
sto-3g,one_electron_cross_deleted,1.4999999999999998,1.9999999999999996,-1.3158438842006128
sto-3g,without_edge_01,1.4999999999999998,1.9999999999999996,-1.5044556759362924
sto-3g,full,1.4999999999999998,2.0999999999999996,-1.588348363715451
sto-3g,one_electron_cross_deleted,1.4999999999999998,2.0999999999999996,-1.3193720942057698
sto-3g,without_edge_01,1.4999999999999998,2.0999999999999996,-1.49516869089938
sto-3g,full,1.4999999999999998,2.1999999999999997,-1.584826041715593
sto-3g,one_electron_cross_deleted,1.4999999999999998,2.1999999999999997,-1.3217772149090667
sto-3g,without_edge_01,1.4999999999999998,2.1999999999999997,-1.4871372412941055
sto-3g,full,1.4999999999999998,2.3,-1.581336594869418
sto-3g,one_electron_cross_deleted,1.4999999999999998,2.3,-1.3233790382858688
sto-3g,without_edge_01,1.4999999999999998,2.3,-1.4801921734284202
sto-3g,full,1.4999999999999998,2.3999999999999995,-1.5779953872816057
sto-3g,one_electron_cross_deleted,1.4999999999999998,2.3999999999999995,-1.3244139718080337
sto-3g,without_edge_01,1.4999999999999998,2.3999999999999995,-1.47419503474577
sto-3g,full,1.4999999999999998,2.4999999999999996,-1.5748737098124233
sto-3g,one_electron_cross_deleted,1.4999999999999998,2.4999999999999996,-1.3250550916551767
sto-3g,without_edge_01,1.4999999999999998,2.4999999999999996,-1.4690310113159795
sto-3g,full,1.5999999999999996,0.7,-1.7063646192403468
sto-3g,one_electron_cross_deleted,1.5999999999999996,0.7,-0.5398007627801968
sto-3g,without_edge_01,1.5999999999999996,0.7,-1.6664901290394294
sto-3g,full,1.5999999999999996,0.7999999999999999,-1.7392552060400823
sto-3g,one_electron_cross_deleted,1.5999999999999996,0.7999999999999999,-0.7541792919451886
sto-3g,without_edge_01,1.5999999999999996,0.7999999999999999,-1.7007312809508695
sto-3g,full,1.5999999999999996,0.8999999999999999,-1.7435782477181427
sto-3g,one_electron_cross_deleted,1.5999999999999996,0.8999999999999999,-0.9091130890304879
sto-3g,without_edge_01,1.5999999999999996,0.8999999999999999,-1.7066363240110562
sto-3g,full,1.5999999999999996,0.9999999999999999,-1.7312349438525145
sto-3g,one_electron_cross_deleted,1.5999999999999996,0.9999999999999999,-1.0227745871854554
sto-3g,without_edge_01,1.5999999999999996,0.9999999999999999,-1.6962589957718954
sto-3g,full,1.5999999999999996,1.0999999999999999,-1.709276699787996
sto-3g,one_electron_cross_deleted,1.5999999999999996,1.0999999999999999,-1.1072931758916176
sto-3g,without_edge_01,1.5999999999999996,1.0999999999999999,-1.6767785434809799
sto-3g,full,1.5999999999999996,1.1999999999999997,-1.6822156772061976
sto-3g,one_electron_cross_deleted,1.5999999999999996,1.1999999999999997,-1.170559476104628
sto-3g,without_edge_01,1.5999999999999996,1.1999999999999997,-1.652799852683021
sto-3g,full,1.5999999999999996,1.2999999999999998,-1.6531378254455797
sto-3g,one_electron_cross_deleted,1.5999999999999996,1.2999999999999998,-1.2179374094939253
sto-3g,without_edge_01,1.5999999999999996,1.2999999999999998,-1.6274437142344087
sto-3g,full,1.5999999999999996,1.4,-1.6241834097675256
sto-3g,one_electron_cross_deleted,1.5999999999999996,1.4,-1.2532882700521584
sto-3g,without_edge_01,1.5999999999999996,1.4,-1.6027946741347798
sto-3g,full,1.5999999999999996,1.4999999999999998,-1.596778087792337
sto-3g,one_electron_cross_deleted,1.5999999999999996,1.4999999999999998,-1.279511856513782
sto-3g,without_edge_01,1.5999999999999996,1.4999999999999998,-1.580106516876238
sto-3g,full,1.5999999999999996,1.5999999999999996,-1.5717913649506534
sto-3g,one_electron_cross_deleted,1.5999999999999996,1.5999999999999996,-1.2988280082694614
sto-3g,without_edge_01,1.5999999999999996,1.5999999999999996,-1.5599665801681701
sto-3g,full,1.5999999999999996,1.6999999999999997,-1.5729227541948194
sto-3g,one_electron_cross_deleted,1.5999999999999996,1.6999999999999997,-1.3129420837287895
sto-3g,without_edge_01,1.5999999999999996,1.6999999999999997,-1.5424812268912655
sto-3g,full,1.5999999999999996,1.7999999999999998,-1.5720740186695867
sto-3g,one_electron_cross_deleted,1.5999999999999996,1.7999999999999998,-1.3231604256349543
sto-3g,without_edge_01,1.5999999999999996,1.7999999999999998,-1.5274703227007136
sto-3g,full,1.5999999999999996,1.8999999999999997,-1.5699477871862908
sto-3g,one_electron_cross_deleted,1.5999999999999996,1.8999999999999997,-1.330479462492963
sto-3g,without_edge_01,1.5999999999999996,1.8999999999999997,-1.5146314597587978
sto-3g,full,1.5999999999999996,1.9999999999999996,-1.5670553143959924
sto-3g,one_electron_cross_deleted,1.5999999999999996,1.9999999999999996,-1.3356560560190298
sto-3g,without_edge_01,1.5999999999999996,1.9999999999999996,-1.503646856646702
sto-3g,full,1.5999999999999996,2.0999999999999996,-1.563762787833299
sto-3g,one_electron_cross_deleted,1.5999999999999996,2.0999999999999996,-1.339262574563474
sto-3g,without_edge_01,1.5999999999999996,2.0999999999999996,-1.4942342923668723
sto-3g,full,1.5999999999999996,2.1999999999999997,-1.5603267896679938
sto-3g,one_electron_cross_deleted,1.5999999999999996,2.1999999999999997,-1.3417295739782877
sto-3g,without_edge_01,1.5999999999999996,2.1999999999999997,-1.48616103276565
sto-3g,full,1.5999999999999996,2.3,-1.5569218576249964
sto-3g,one_electron_cross_deleted,1.5999999999999996,2.3,-1.343378784233678
sto-3g,without_edge_01,1.5999999999999996,2.3,-1.479240274895103
sto-3g,full,1.5999999999999996,2.3999999999999995,-1.553662023991517
sto-3g,one_electron_cross_deleted,1.5999999999999996,2.3999999999999995,-1.344448682761633
sto-3g,without_edge_01,1.5999999999999996,2.3999999999999995,-1.4733223452454236
sto-3g,full,1.5999999999999996,2.4999999999999996,-1.5506175056386724
sto-3g,one_electron_cross_deleted,1.5999999999999996,2.4999999999999996,-1.3451143957286698
sto-3g,without_edge_01,1.5999999999999996,2.4999999999999996,-1.4682860216422833
sto-3g,full,1.6999999999999997,0.7,-1.7046480099027388
sto-3g,one_electron_cross_deleted,1.6999999999999997,0.7,-0.5541110528335573
sto-3g,without_edge_01,1.6999999999999997,0.7,-1.6704289033565676
sto-3g,full,1.6999999999999997,0.7999999999999999,-1.7380341178904528
sto-3g,one_electron_cross_deleted,1.6999999999999997,0.7999999999999999,-0.7674729273403469
sto-3g,without_edge_01,1.6999999999999997,0.7999999999999999,-1.704624972291537
sto-3g,full,1.6999999999999997,0.8999999999999999,-1.742835232008506
sto-3g,one_electron_cross_deleted,1.6999999999999997,0.8999999999999999,-0.922390903349362
sto-3g,without_edge_01,1.6999999999999997,0.8999999999999999,-1.7104068038588984
sto-3g,full,1.6999999999999997,0.9999999999999999,-1.730937682318205
sto-3g,one_electron_cross_deleted,1.6999999999999997,0.9999999999999999,-1.0360911304857265
sto-3g,without_edge_01,1.6999999999999997,0.9999999999999999,-1.6997911044648384
sto-3g,full,1.6999999999999997,1.0999999999999999,-1.7093790397180753
sto-3g,one_electron_cross_deleted,1.6999999999999997,1.0999999999999999,-1.1206923650209282
sto-3g,without_edge_01,1.6999999999999997,1.0999999999999999,-1.6799276516273354
sto-3g,full,1.6999999999999997,1.1999999999999997,-1.682659695894238
sto-3g,one_electron_cross_deleted,1.6999999999999997,1.1999999999999997,-1.1840751686422588
sto-3g,without_edge_01,1.6999999999999997,1.1999999999999997,-1.6554062524918423
sto-3g,full,1.6999999999999997,1.2999999999999998,-1.6538572863631498
sto-3g,one_electron_cross_deleted,1.6999999999999997,1.2999999999999998,-1.231592923128255
sto-3g,without_edge_01,1.6999999999999997,1.2999999999999998,-1.6293569351052983
sto-3g,full,1.6999999999999997,1.4,-1.6251082525712481
sto-3g,one_electron_cross_deleted,1.6999999999999997,1.4,-1.2670962698293196
sto-3g,without_edge_01,1.6999999999999997,1.4,-1.6039060444303777
sto-3g,full,1.6999999999999997,1.4999999999999998,-1.5978388819969827
sto-3g,one_electron_cross_deleted,1.6999999999999997,1.4999999999999998,-1.2934753205194907
sto-3g,without_edge_01,1.6999999999999997,1.4999999999999998,-1.5803798708174306
sto-3g,full,1.6999999999999997,1.5999999999999996,-1.5729227541948196
sto-3g,one_electron_cross_deleted,1.6999999999999997,1.5999999999999996,-1.3129420837287875
sto-3g,without_edge_01,1.6999999999999997,1.5999999999999996,-1.5594513126410683
sto-3g,full,1.6999999999999997,1.6999999999999997,-1.5508143917409354
sto-3g,one_electron_cross_deleted,1.6999999999999997,1.6999999999999997,-1.327196299988626
sto-3g,without_edge_01,1.6999999999999997,1.6999999999999997,-1.541297947588624
sto-3g,full,1.6999999999999997,1.7999999999999998,-1.5499957692679904
sto-3g,one_electron_cross_deleted,1.6999999999999997,1.7999999999999998,-1.3375408066526393
sto-3g,without_edge_01,1.6999999999999997,1.7999999999999998,-1.5257763721163757
sto-3g,full,1.6999999999999997,1.8999999999999997,-1.5479160155263045
sto-3g,one_electron_cross_deleted,1.6999999999999997,1.8999999999999997,-1.3449702878388954
sto-3g,without_edge_01,1.6999999999999997,1.8999999999999997,-1.5125853241124263
sto-3g,full,1.6999999999999997,1.9999999999999996,-1.545083583975102
sto-3g,one_electron_cross_deleted,1.6999999999999997,1.9999999999999996,-1.350241193976602
sto-3g,without_edge_01,1.6999999999999997,1.9999999999999996,-1.5013858573384242
sto-3g,full,1.6999999999999997,2.0999999999999996,-1.5418615825371331
sto-3g,one_electron_cross_deleted,1.6999999999999997,2.0999999999999996,-1.353926413550432
sto-3g,without_edge_01,1.6999999999999997,2.0999999999999996,-1.491867451964258
sto-3g,full,1.6999999999999997,2.1999999999999997,-1.5385034565878604
sto-3g,one_electron_cross_deleted,1.6999999999999997,2.1999999999999997,-1.3564576222945899
sto-3g,without_edge_01,1.6999999999999997,2.1999999999999997,-1.4837715083347676
sto-3g,full,1.6999999999999997,2.3,-1.535180737275372
sto-3g,one_electron_cross_deleted,1.6999999999999997,2.3,-1.3581580164452671
sto-3g,without_edge_01,1.6999999999999997,2.3,-1.4768913233260499
sto-3g,full,1.6999999999999997,2.3999999999999995,-1.5320047269941277
sto-3g,one_electron_cross_deleted,1.6999999999999997,2.3999999999999995,-1.3592677023110147
sto-3g,without_edge_01,1.6999999999999997,2.3999999999999995,-1.4710632109802932
sto-3g,full,1.6999999999999997,2.4999999999999996,-1.5290432887754744
sto-3g,one_electron_cross_deleted,1.6999999999999997,2.4999999999999996,-1.3599634690140734
sto-3g,without_edge_01,1.6999999999999997,2.4999999999999996,-1.4661562595960587
sto-3g,full,1.7999999999999998,0.7,-1.701596552331659
sto-3g,one_electron_cross_deleted,1.7999999999999998,0.7,-0.5644128944051827
sto-3g,without_edge_01,1.7999999999999998,0.7,-1.6724900818576094
sto-3g,full,1.7999999999999998,0.7999999999999999,-1.7353257849335844
sto-3g,one_electron_cross_deleted,1.7999999999999998,0.7999999999999999,-0.7769308872063871
sto-3g,without_edge_01,1.7999999999999998,0.7999999999999999,-1.706644466168564
sto-3g,full,1.7999999999999998,0.8999999999999999,-1.74047160197739
sto-3g,one_electron_cross_deleted,1.7999999999999998,0.8999999999999999,-0.9318539507554653
sto-3g,without_edge_01,1.7999999999999998,0.8999999999999999,-1.7123396576252876
sto-3g,full,1.7999999999999998,0.9999999999999999,-1.7289064194650243
sto-3g,one_electron_cross_deleted,1.7999999999999998,0.9999999999999999,-1.0455992533214915
sto-3g,without_edge_01,1.7999999999999998,0.9999999999999999,-1.7015581348571058
sto-3g,full,1.7999999999999998,1.0999999999999999,-1.7076546436518378
sto-3g,one_electron_cross_deleted,1.7999999999999998,1.0999999999999999,-1.1302786646282224
sto-3g,without_edge_01,1.7999999999999998,1.0999999999999999,-1.6814202561835425
sto-3g,full,1.7999999999999998,1.1999999999999997,-1.681205558894123
sto-3g,one_electron_cross_deleted,1.7999999999999998,1.1999999999999997,-1.1937658889828346
sto-3g,without_edge_01,1.7999999999999998,1.1999999999999997,-1.6564960717904833
sto-3g,full,1.7999999999999998,1.2999999999999998,-1.6526287874750436
sto-3g,one_electron_cross_deleted,1.7999999999999998,1.2999999999999998,-1.2414067158038125
sto-3g,without_edge_01,1.7999999999999998,1.2999999999999998,-1.6299128189561747
sto-3g,full,1.7999999999999998,1.4,-1.6240563133365344
sto-3g,one_electron_cross_deleted,1.7999999999999998,1.4,-1.2770438054246722
sto-3g,without_edge_01,1.7999999999999998,1.4,-1.6038188822677273
sto-3g,full,1.7999999999999998,1.4999999999999998,-1.596913180184911
sto-3g,one_electron_cross_deleted,1.7999999999999998,1.4999999999999998,-1.3035597862066772
sto-3g,without_edge_01,1.7999999999999998,1.4999999999999998,-1.5795905758295599
sto-3g,full,1.7999999999999998,1.5999999999999996,-1.5720740186695894
sto-3g,one_electron_cross_deleted,1.7999999999999998,1.5999999999999996,-1.3231604256349525
sto-3g,without_edge_01,1.7999999999999998,1.5999999999999996,-1.5579707142987986
sto-3g,full,1.7999999999999998,1.6999999999999997,-1.5499957692679907
sto-3g,one_electron_cross_deleted,1.7999999999999998,1.6999999999999997,-1.3375408066526413
sto-3g,without_edge_01,1.7999999999999998,1.6999999999999997,-1.539206291353373
sto-3g,full,1.7999999999999998,1.7999999999999998,-1.530831772157471
sto-3g,one_electron_cross_deleted,1.7999999999999998,1.7999999999999998,-1.348000681276731
sto-3g,without_edge_01,1.7999999999999998,1.7999999999999998,-1.523200449732101
sto-3g,full,1.7999999999999998,1.8999999999999997,-1.5287629351231875
sto-3g,one_electron_cross_deleted,1.7999999999999998,1.8999999999999997,-1.3555330061930035
sto-3g,without_edge_01,1.7999999999999998,1.8999999999999997,-1.5096658253211606
sto-3g,full,1.7999999999999998,1.9999999999999996,-1.5259625168232545
sto-3g,one_electron_cross_deleted,1.7999999999999998,1.9999999999999996,-1.3608935732956808
sto-3g,without_edge_01,1.7999999999999998,1.9999999999999996,-1.4982512226172122
sto-3g,full,1.7999999999999998,2.0999999999999996,-1.5227899336980757
sto-3g,one_electron_cross_deleted,1.7999999999999998,2.0999999999999996,-1.3646553959222794
sto-3g,without_edge_01,1.7999999999999998,2.0999999999999996,-1.488621508878952
sto-3g,full,1.7999999999999998,2.1999999999999997,-1.519494714889418
sto-3g,one_electron_cross_deleted,1.7999999999999998,2.1999999999999997,-1.367250812340269
sto-3g,without_edge_01,1.7999999999999998,2.1999999999999997,-1.4804923483756867
sto-3g,full,1.7999999999999998,2.3,-1.5162444983626273
sto-3g,one_electron_cross_deleted,1.7999999999999998,2.3,-1.3690040234320044
sto-3g,without_edge_01,1.7999999999999998,2.3,-1.4736356143867109
sto-3g,full,1.7999999999999998,2.3999999999999995,-1.513146928753765
sto-3g,one_electron_cross_deleted,1.7999999999999998,2.3999999999999995,-1.3701563339078364
sto-3g,without_edge_01,1.7999999999999998,2.3999999999999995,-1.4678715691152047
sto-3g,full,1.7999999999999998,2.4999999999999996,-1.5102666073950681
sto-3g,one_electron_cross_deleted,1.7999999999999998,2.4999999999999996,-1.3708858157945345
sto-3g,without_edge_01,1.7999999999999998,2.4999999999999996,-1.4630575862302955
sto-3g,full,1.8999999999999997,0.7,-1.6978243227384895
sto-3g,one_electron_cross_deleted,1.8999999999999997,0.7,-0.5717513810371959
sto-3g,without_edge_01,1.8999999999999997,0.7,-1.6732566686626984
sto-3g,full,1.8999999999999997,0.7999999999999999,-1.7317698642073398
sto-3g,one_electron_cross_deleted,1.8999999999999997,0.7999999999999999,-0.7843941579752727
sto-3g,without_edge_01,1.8999999999999997,0.7999999999999999,-1.707360226867102
sto-3g,full,1.8999999999999997,0.8999999999999999,-1.7371475238683098
sto-3g,one_electron_cross_deleted,1.8999999999999997,0.8999999999999999,-0.93854387428263
sto-3g,without_edge_01,1.8999999999999997,0.8999999999999999,-1.7129851336193047
sto-3g,full,1.8999999999999997,0.9999999999999999,-1.7258172904887257
sto-3g,one_electron_cross_deleted,1.8999999999999997,0.9999999999999999,-1.0523257800429429
sto-3g,without_edge_01,1.8999999999999997,0.9999999999999999,-1.702083578915985
sto-3g,full,1.8999999999999997,1.0999999999999999,-1.7047916156366765
sto-3g,one_electron_cross_deleted,1.8999999999999997,1.0999999999999999,-1.1370683718422403
sto-3g,without_edge_01,1.8999999999999997,1.0999999999999999,-1.6817487307930326
sto-3g,full,1.8999999999999997,1.1999999999999997,-1.678549752926188
sto-3g,one_electron_cross_deleted,1.8999999999999997,1.1999999999999997,-1.2006406606807727
sto-3g,without_edge_01,1.8999999999999997,1.1999999999999997,-1.6565299237434243
sto-3g,full,1.8999999999999997,1.2999999999999998,-1.6501539640042555
sto-3g,one_electron_cross_deleted,1.8999999999999997,1.2999999999999998,-1.248382891355413
sto-3g,without_edge_01,1.8999999999999997,1.2999999999999998,-1.6295450198720127
sto-3g,full,1.8999999999999997,1.4,-1.6217315674742734
sto-3g,one_electron_cross_deleted,1.8999999999999997,1.4,-1.2841316347933454
sto-3g,without_edge_01,1.8999999999999997,1.4,-1.602950492479731
sto-3g,full,1.8999999999999997,1.4999999999999998,-1.5947050594611176
sto-3g,one_electron_cross_deleted,1.8999999999999997,1.4999999999999998,-1.3107636072026772
sto-3g,without_edge_01,1.8999999999999997,1.4999999999999998,-1.5781530541465556
sto-3g,full,1.8999999999999997,1.5999999999999996,-1.5699477871862886
sto-3g,one_electron_cross_deleted,1.8999999999999997,1.5999999999999996,-1.3304794624929595
sto-3g,without_edge_01,1.8999999999999997,1.5999999999999996,-1.5559468036062163
sto-3g,full,1.8999999999999997,1.6999999999999997,-1.5479160155263019
sto-3g,one_electron_cross_deleted,1.8999999999999997,1.6999999999999997,-1.344970287838895
sto-3g,without_edge_01,1.8999999999999997,1.6999999999999997,-1.5366389120363828
sto-3g,full,1.8999999999999997,1.7999999999999998,-1.5287629351231882
sto-3g,one_electron_cross_deleted,1.8999999999999997,1.7999999999999998,-1.3555330061930029
sto-3g,without_edge_01,1.8999999999999997,1.7999999999999998,-1.5201821899756984
sto-3g,full,1.8999999999999997,1.8999999999999997,-1.512433243476194
sto-3g,one_electron_cross_deleted,1.8999999999999997,1.8999999999999997,-1.3631587964555125
sto-3g,without_edge_01,1.8999999999999997,1.8999999999999997,-1.5063134786576629
sto-3g,full,1.8999999999999997,1.9999999999999996,-1.5096347430575063
sto-3g,one_electron_cross_deleted,1.8999999999999997,1.9999999999999996,-1.3686025379609972
sto-3g,without_edge_01,1.8999999999999997,1.9999999999999996,-1.494679241795402
sto-3g,full,1.8999999999999997,2.0999999999999996,-1.5064860925282577
sto-3g,one_electron_cross_deleted,1.8999999999999997,2.0999999999999996,-1.3724369992388934
sto-3g,without_edge_01,1.8999999999999997,2.0999999999999996,-1.484925460025825
sto-3g,full,1.8999999999999997,2.1999999999999997,-1.503232778568719
sto-3g,one_electron_cross_deleted,1.8999999999999997,2.1999999999999997,-1.3750947624619365
sto-3g,without_edge_01,1.8999999999999997,2.1999999999999997,-1.4767439535735516
sto-3g,full,1.8999999999999997,2.3,-1.5000382586497398
sto-3g,one_electron_cross_deleted,1.8999999999999997,2.3,-1.376900611568319
sto-3g,without_edge_01,1.8999999999999997,2.3,-1.4698849977080202
sto-3g,full,1.8999999999999997,2.3999999999999995,-1.4970061072885836
sto-3g,one_electron_cross_deleted,1.8999999999999997,2.3999999999999995,-1.3780966541890578
sto-3g,without_edge_01,1.8999999999999997,2.3999999999999995,-1.4641519963470686
sto-3g,full,1.8999999999999997,2.4999999999999996,-1.494197172626214
sto-3g,one_electron_cross_deleted,1.8999999999999997,2.4999999999999996,-1.3788618923617828
sto-3g,without_edge_01,1.8999999999999997,2.4999999999999996,-1.459389988680384
sto-3g,full,1.9999999999999996,0.7,-1.6937539965345185
sto-3g,one_electron_cross_deleted,1.9999999999999996,0.7,-0.5769378505253568
sto-3g,without_edge_01,1.9999999999999996,0.7,-1.673157324521569
sto-3g,full,1.9999999999999996,0.7999999999999999,-1.7278136563918234
sto-3g,one_electron_cross_deleted,1.9999999999999996,0.7999999999999999,-0.7897551010062367
sto-3g,without_edge_01,1.9999999999999996,0.7999999999999999,-1.707195377668501
sto-3g,full,1.9999999999999996,0.8999999999999999,-1.733330519492172
sto-3g,one_electron_cross_deleted,1.9999999999999996,0.8999999999999999,-0.9432329472809022
sto-3g,without_edge_01,1.9999999999999996,0.8999999999999999,-1.7127539967836394
sto-3g,full,1.9999999999999996,0.9999999999999999,-1.7221539204312681
sto-3g,one_electron_cross_deleted,1.9999999999999996,0.9999999999999999,-1.0570363804312022
sto-3g,without_edge_01,1.9999999999999996,0.9999999999999999,-1.7017593896587235
sto-3g,full,1.9999999999999996,1.0999999999999999,-1.7012858961884083
sto-3g,one_electron_cross_deleted,1.9999999999999996,1.0999999999999999,-1.141822974956502
sto-3g,without_edge_01,1.9999999999999996,1.0999999999999999,-1.6812808156599997
sto-3g,full,1.9999999999999996,1.1999999999999997,-1.6751970107028233
sto-3g,one_electron_cross_deleted,1.9999999999999996,1.1999999999999997,-1.2054585609466182
sto-3g,without_edge_01,1.9999999999999996,1.1999999999999997,-1.655848141478709
sto-3g,full,1.9999999999999996,1.2999999999999998,-1.6469430638524671
sto-3g,one_electron_cross_deleted,1.9999999999999996,1.2999999999999998,-1.2532793116143597
sto-3g,without_edge_01,1.9999999999999996,1.2999999999999998,-1.62856716560559
sto-3g,full,1.9999999999999996,1.4,-1.6186468379629018
sto-3g,one_electron_cross_deleted,1.9999999999999996,1.4,-1.289117096223209
sto-3g,without_edge_01,1.9999999999999996,1.4,-1.601593813361439
sto-3g,full,1.9999999999999996,1.4999999999999998,-1.5917274679481057
sto-3g,one_electron_cross_deleted,1.9999999999999996,1.4999999999999998,-1.3158438842006142
sto-3g,without_edge_01,1.9999999999999996,1.4999999999999998,-1.5763502885808514
sto-3g,full,1.9999999999999996,1.5999999999999996,-1.5670553143959876
sto-3g,one_electron_cross_deleted,1.9999999999999996,1.5999999999999996,-1.335656056019029
sto-3g,without_edge_01,1.9999999999999996,1.5999999999999996,-1.5536642615515734
sto-3g,full,1.9999999999999996,1.6999999999999997,-1.5450835839751071
sto-3g,one_electron_cross_deleted,1.9999999999999996,1.6999999999999997,-1.3502411939766008
sto-3g,without_edge_01,1.9999999999999996,1.6999999999999997,-1.5338896371488897
sto-3g,full,1.9999999999999996,1.7999999999999998,-1.5259625168232553
sto-3g,one_electron_cross_deleted,1.9999999999999996,1.7999999999999998,-1.360893573295683
sto-3g,without_edge_01,1.9999999999999996,1.7999999999999998,-1.5170256273280873
sto-3g,full,1.9999999999999996,1.8999999999999997,-1.5096347430575066
sto-3g,one_electron_cross_deleted,1.9999999999999996,1.8999999999999997,-1.3686025379609978
sto-3g,without_edge_01,1.9999999999999996,1.8999999999999997,-1.5028394561713319
sto-3g,full,1.9999999999999996,1.9999999999999996,-1.495911761360943
sto-3g,one_electron_cross_deleted,1.9999999999999996,1.9999999999999996,-1.374121835494175
sto-3g,without_edge_01,1.9999999999999996,1.9999999999999996,-1.4909846567985434
sto-3g,full,1.9999999999999996,2.0999999999999996,-1.4927590076138388
sto-3g,one_electron_cross_deleted,1.9999999999999996,2.0999999999999996,-1.3780236751890569
sto-3g,without_edge_01,1.9999999999999996,2.0999999999999996,-1.4810955380040083
sto-3g,full,1.9999999999999996,2.1999999999999997,-1.4895222453147592
sto-3g,one_electron_cross_deleted,1.9999999999999996,2.1999999999999997,-1.380740525578946
sto-3g,without_edge_01,1.9999999999999996,2.1999999999999997,-1.4728436741596305
sto-3g,full,1.9999999999999996,2.3,-1.486361035975549
sto-3g,one_electron_cross_deleted,1.9999999999999996,2.3,-1.3825973900162019
sto-3g,without_edge_01,1.9999999999999996,2.3,-1.4659588549865383
sto-3g,full,1.9999999999999996,2.3999999999999995,-1.4833749883405096
sto-3g,one_electron_cross_deleted,1.9999999999999996,2.3999999999999995,-1.3838368335833044
sto-3g,without_edge_01,1.9999999999999996,2.3999999999999995,-1.4602277390306784
sto-3g,full,1.9999999999999996,2.4999999999999996,-1.4806211391892206
sto-3g,one_electron_cross_deleted,1.9999999999999996,2.4999999999999996,-1.384638475507942
sto-3g,without_edge_01,1.9999999999999996,2.4999999999999996,-1.455483126843139
sto-3g,full,2.0999999999999996,0.7,-1.6896684389314442
sto-3g,one_electron_cross_deleted,2.0999999999999996,0.7,-0.5805666121611845
sto-3g,without_edge_01,2.0999999999999996,0.7,-1.6725042051593917
sto-3g,full,2.0999999999999996,0.7999999999999999,-1.7237622363253462
sto-3g,one_electron_cross_deleted,2.0999999999999996,0.7999999999999999,-0.7935476795220344
sto-3g,without_edge_01,2.0999999999999996,0.7999999999999999,-1.7064609324345459
sto-3g,full,2.0999999999999996,0.8999999999999999,-1.729344332089969
sto-3g,one_electron_cross_deleted,2.0999999999999996,0.8999999999999999,-0.9467899016994341
sto-3g,without_edge_01,2.0999999999999996,0.8999999999999999,-1.711950487387417
sto-3g,full,2.0999999999999996,0.9999999999999999,-1.71825526252836
sto-3g,one_electron_cross_deleted,2.0999999999999996,0.9999999999999999,-1.06029869972553
sto-3g,without_edge_01,2.0999999999999996,0.9999999999999999,-1.7008773068889909
sto-3g,full,2.0999999999999996,1.0999999999999999,-1.6974883250518356
sto-3g,one_electron_cross_deleted,2.0999999999999996,1.0999999999999999,-1.1451098284727115
sto-3g,without_edge_01,2.0999999999999996,1.0999999999999999,-1.680290342482444
sto-3g,full,2.0999999999999996,1.1999999999999997,-1.6715068410847524
sto-3g,one_electron_cross_deleted,2.0999999999999996,1.1999999999999997,-1.2087875372509522
sto-3g,without_edge_01,2.0999999999999996,1.1999999999999997,-1.6547023249945019
sto-3g,full,2.0999999999999996,1.2999999999999998,-1.6433611652290645
sto-3g,one_electron_cross_deleted,2.0999999999999996,1.2999999999999998,-1.2566650204190986
sto-3g,without_edge_01,2.0999999999999996,1.2999999999999998,-1.6272067173952978
sto-3g,full,2.0999999999999996,1.4,-1.6151698926703677
sto-3g,one_electron_cross_deleted,2.0999999999999996,1.4,-1.2925704986402242
sto-3g,without_edge_01,2.0999999999999996,1.4,-1.5999542944074987
sto-3g,full,2.0999999999999996,1.4999999999999998,-1.5883483637154518
sto-3g,one_electron_cross_deleted,2.0999999999999996,1.4999999999999998,-1.3193720942057712
sto-3g,without_edge_01,2.0999999999999996,1.4999999999999998,-1.5743726600224877
sto-3g,full,2.0999999999999996,1.5999999999999996,-1.5637627878333
sto-3g,one_electron_cross_deleted,2.0999999999999996,1.5999999999999996,-1.339262574563477
sto-3g,without_edge_01,2.0999999999999996,1.5999999999999996,-1.5513085605093728
sto-3g,full,2.0999999999999996,1.6999999999999997,-1.5418615825371316
sto-3g,one_electron_cross_deleted,2.0999999999999996,1.6999999999999997,-1.3539264135504292
sto-3g,without_edge_01,2.0999999999999996,1.6999999999999997,-1.531148316795839
sto-3g,full,2.0999999999999996,1.7999999999999998,-1.5227899336980772
sto-3g,one_electron_cross_deleted,2.0999999999999996,1.7999999999999998,-1.3646553959222782
sto-3g,without_edge_01,2.0999999999999996,1.7999999999999998,-1.513929663831146
sto-3g,full,2.0999999999999996,1.8999999999999997,-1.506486092528259
sto-3g,one_electron_cross_deleted,2.0999999999999996,1.8999999999999997,-1.3724369992388952
sto-3g,without_edge_01,2.0999999999999996,1.8999999999999997,-1.4994515951142326
sto-3g,full,2.0999999999999996,1.9999999999999996,-1.4927590076138415
sto-3g,one_electron_cross_deleted,2.0999999999999996,1.9999999999999996,-1.3780236751890618
sto-3g,without_edge_01,2.0999999999999996,1.9999999999999996,-1.4873820905614212
sto-3g,full,2.0999999999999996,2.0999999999999996,-1.4813478067839834
sto-3g,one_electron_cross_deleted,2.0999999999999996,2.0999999999999996,-1.3819868281164773
sto-3g,without_edge_01,2.0999999999999996,2.0999999999999996,-1.4773515140014568
sto-3g,full,2.0999999999999996,2.1999999999999997,-1.478100546985249
sto-3g,one_electron_cross_deleted,2.0999999999999996,2.1999999999999997,-1.3847585262059954
sto-3g,without_edge_01,2.0999999999999996,2.1999999999999997,-1.4690161495874552
sto-3g,full,2.0999999999999996,2.3,-1.4749471583240694
sto-3g,one_electron_cross_deleted,2.0999999999999996,2.3,-1.3866636944432493
sto-3g,without_edge_01,2.0999999999999996,2.3,-1.462087529995004
sto-3g,full,2.0999999999999996,2.3999999999999995,-1.4719838546687984
sto-3g,one_electron_cross_deleted,2.0999999999999996,2.3999999999999995,-1.3879450669397049
sto-3g,without_edge_01,2.0999999999999996,2.3999999999999995,-1.4563363266614713
sto-3g,full,2.0999999999999996,2.4999999999999996,-1.46926422333515
sto-3g,one_electron_cross_deleted,2.0999999999999996,2.4999999999999996,-1.388782613937573
sto-3g,without_edge_01,2.0999999999999996,2.4999999999999996,-1.4515834618435972
sto-3g,full,2.1999999999999997,0.7,-1.685748414240936
sto-3g,one_electron_cross_deleted,2.1999999999999997,0.7,-0.5830717556507921
sto-3g,without_edge_01,2.1999999999999997,0.7,-1.6715210578444823
sto-3g,full,2.1999999999999997,0.7999999999999999,-1.7198157235745288
sto-3g,one_electron_cross_deleted,2.1999999999999997,0.7999999999999999,-0.7962009202626974
sto-3g,without_edge_01,2.1999999999999997,0.7999999999999999,-1.705382202379861
sto-3g,full,2.1999999999999997,0.8999999999999999,-1.7254057166788361
sto-3g,one_electron_cross_deleted,2.1999999999999997,0.8999999999999999,-0.9495852645707457
sto-3g,without_edge_01,2.1999999999999997,0.8999999999999999,-1.710797034364064
sto-3g,full,2.1999999999999997,0.9999999999999999,-1.7143519244452547
sto-3g,one_electron_cross_deleted,2.1999999999999997,0.9999999999999999,-1.062530961941396
sto-3g,without_edge_01,2.1999999999999997,0.9999999999999999,-1.699652087969859
sto-3g,full,2.1999999999999997,1.0999999999999999,-1.6936405633309002
sto-3g,one_electron_cross_deleted,2.1999999999999997,1.0999999999999999,-1.1473490204595451
sto-3g,without_edge_01,2.1999999999999997,1.0999999999999999,-1.6789794994296987
sto-3g,full,2.1999999999999997,1.1999999999999997,-1.667729135544745
sto-3g,one_electron_cross_deleted,2.1999999999999997,1.1999999999999997,-1.211049931405478
sto-3g,without_edge_01,2.1999999999999997,1.1999999999999997,-1.653277554097613
sto-3g,full,2.1999999999999997,1.2999999999999998,-1.6396635731046003
sto-3g,one_electron_cross_deleted,2.1999999999999997,1.2999999999999998,-1.2589647390319105
sto-3g,without_edge_01,2.1999999999999997,1.2999999999999998,-1.6256283977542743
sto-3g,full,2.1999999999999997,1.4,-1.6115587466783814
sto-3g,one_electron_cross_deleted,2.1999999999999997,1.4,-1.2949188358473562
sto-3g,without_edge_01,2.1999999999999997,1.4,-1.5981757309500968
sto-3g,full,2.1999999999999997,1.4999999999999998,-1.5848260417155906
sto-3g,one_electron_cross_deleted,2.1999999999999997,1.4999999999999998,-1.3217772149090665
sto-3g,without_edge_01,2.1999999999999997,1.4999999999999998,-1.5723464344487699
sto-3g,full,2.1999999999999997,1.5999999999999996,-1.5603267896679918
sto-3g,one_electron_cross_deleted,2.1999999999999997,1.5999999999999996,-1.3417295739782835
sto-3g,without_edge_01,2.1999999999999997,1.5999999999999996,-1.5489957755813495
sto-3g,full,2.1999999999999997,1.6999999999999997,-1.5385034565878608
sto-3g,one_electron_cross_deleted,2.1999999999999997,1.6999999999999997,-1.3564576222945877
sto-3g,without_edge_01,2.1999999999999997,1.6999999999999997,-1.5285297387806809
sto-3g,full,2.1999999999999997,1.7999999999999998,-1.519494714889415
sto-3g,one_electron_cross_deleted,2.1999999999999997,1.7999999999999998,-1.367250812340264
sto-3g,without_edge_01,2.1999999999999997,1.7999999999999998,-1.511014526894469
sto-3g,full,2.1999999999999997,1.8999999999999997,-1.5032327785687218
sto-3g,one_electron_cross_deleted,2.1999999999999997,1.8999999999999997,-1.3750947624619332
sto-3g,without_edge_01,2.1999999999999997,1.8999999999999997,-1.496278046459641
sto-3g,full,2.1999999999999997,1.9999999999999996,-1.489522245314758
sto-3g,one_electron_cross_deleted,2.1999999999999997,1.9999999999999996,-1.3807405255789431
sto-3g,without_edge_01,2.1999999999999997,1.9999999999999996,-1.4840070150959537
sto-3g,full,2.1999999999999997,2.0999999999999996,-1.4781005469852473
sto-3g,one_electron_cross_deleted,2.1999999999999997,2.0999999999999996,-1.3847585262059945
sto-3g,without_edge_01,2.1999999999999997,2.0999999999999996,-1.473834958760773
sto-3g,full,2.1999999999999997,2.1999999999999997,-1.468680924882929
sto-3g,one_electron_cross_deleted,2.1999999999999997,2.1999999999999997,-1.3875802169934048
sto-3g,without_edge_01,2.1999999999999997,2.1999999999999997,-1.4654086509127113
sto-3g,full,2.1999999999999997,2.3,-1.4655097172312146
sto-3g,one_electron_cross_deleted,2.1999999999999997,2.3,-1.3895302131819702
sto-3g,without_edge_01,2.1999999999999997,2.3,-1.4584245487397995
sto-3g,full,2.1999999999999997,2.3999999999999995,-1.4625444661339062
sto-3g,one_electron_cross_deleted,2.1999999999999997,2.3999999999999995,-1.3908511875350584
sto-3g,without_edge_01,2.1999999999999997,2.3999999999999995,-1.4526386358142298
sto-3g,full,2.1999999999999997,2.4999999999999996,-1.459836035593441
sto-3g,one_electron_cross_deleted,2.1999999999999997,2.4999999999999996,-1.3917232434244824
sto-3g,without_edge_01,2.1999999999999997,2.4999999999999996,-1.4478604252191214
sto-3g,full,2.3,0.7,-1.6821009744906794
sto-3g,one_electron_cross_deleted,2.3,0.7,-0.5847695838112306
sto-3g,without_edge_01,2.3,0.7,-1.6703648885153202
sto-3g,full,2.3,0.7999999999999999,-1.7160976969080965
sto-3g,one_electron_cross_deleted,2.3,0.7999999999999999,-0.7980294373474548
sto-3g,without_edge_01,2.3,0.7999999999999999,-1.704119319298289
sto-3g,full,2.3,0.8999999999999999,-1.7216527483060724
sto-3g,one_electron_cross_deleted,2.3,0.8999999999999999,-0.9515386682630282
sto-3g,without_edge_01,2.3,0.8999999999999999,-1.7094534872965617
sto-3g,full,2.3,0.9999999999999999,-1.7105942914434695
sto-3g,one_electron_cross_deleted,2.3,0.9999999999999999,-1.0641034327207406
sto-3g,without_edge_01,2.3,0.9999999999999999,-1.6982394383600459
sto-3g,full,2.3,1.0999999999999999,-1.68990300192999
sto-3g,one_electron_cross_deleted,2.3,1.0999999999999999,-1.1488492496647216
sto-3g,without_edge_01,2.3,1.0999999999999999,-1.6774956589433718
sto-3g,full,2.3,1.1999999999999997,-1.6640318731115131
sto-3g,one_electron_cross_deleted,2.3,1.1999999999999997,-1.2125574596843813
sto-3g,without_edge_01,2.3,1.1999999999999997,-1.6517086220627786
sto-3g,full,2.3,1.2999999999999998,-1.6360233651351472
sto-3g,one_electron_cross_deleted,2.3,1.2999999999999998,-1.2604931456569273
sto-3g,without_edge_01,2.3,1.2999999999999998,-1.6239507225726446
sto-3g,full,2.3,1.4,-1.607989120609254
sto-3g,one_electron_cross_deleted,2.3,1.4,-1.2964795219058143
sto-3g,without_edge_01,2.3,1.4,-1.596358246929031
sto-3g,full,2.3,1.4999999999999998,-1.5813365948694178
sto-3g,one_electron_cross_deleted,2.3,1.4999999999999998,-1.3233790382858694
sto-3g,without_edge_01,2.3,1.4999999999999998,-1.5703540789994703
sto-3g,full,2.3,1.5999999999999996,-1.5569218576249966
sto-3g,one_electron_cross_deleted,2.3,1.5999999999999996,-1.343378784233676
sto-3g,without_edge_01,2.3,1.5999999999999996,-1.5467950706376896
sto-3g,full,2.3,1.6999999999999997,-1.5351807372753705
sto-3g,one_electron_cross_deleted,2.3,1.6999999999999997,-1.358158016445267
sto-3g,without_edge_01,2.3,1.6999999999999997,-1.5260968988665269
sto-3g,full,2.3,1.7999999999999998,-1.5162444983626262
sto-3g,one_electron_cross_deleted,2.3,1.7999999999999998,-1.3690040234320064
sto-3g,without_edge_01,2.3,1.7999999999999998,-1.508344214711164
sto-3g,full,2.3,1.8999999999999997,-1.5000382586497405
sto-3g,one_electron_cross_deleted,2.3,1.8999999999999997,-1.3769006115683189
sto-3g,without_edge_01,2.3,1.8999999999999997,-1.4933881556471962
sto-3g,full,2.3,1.9999999999999996,-1.4863610359755484
sto-3g,one_electron_cross_deleted,2.3,1.9999999999999996,-1.3825973900162012
sto-3g,without_edge_01,2.3,1.9999999999999996,-1.4809351145290273
sto-3g,full,2.3,2.0999999999999996,-1.4749471583240723
sto-3g,one_electron_cross_deleted,2.3,2.0999999999999996,-1.3866636944432527
sto-3g,without_edge_01,2.3,2.0999999999999996,-1.4706272552224369
sto-3g,full,2.3,2.1999999999999997,-1.4655097172312133
sto-3g,one_electron_cross_deleted,2.3,2.1999999999999997,-1.3895302131819702
sto-3g,without_edge_01,2.3,2.1999999999999997,-1.4621077660352368
sto-3g,full,2.3,2.3,-1.457768140070954
sto-3g,one_electron_cross_deleted,2.3,2.3,-1.3915210824279682
sto-3g,without_edge_01,2.3,2.3,-1.4550619624016503
sto-3g,full,2.3,2.3999999999999995,-1.4547776453828336
sto-3g,one_electron_cross_deleted,2.3,2.3999999999999995,-1.3928787381463763
sto-3g,without_edge_01,2.3,2.3999999999999995,-1.4492329805106927
sto-3g,full,2.3,2.4999999999999996,-1.4520577074683338
sto-3g,one_electron_cross_deleted,2.3,2.4999999999999996,-1.3937832454150436
sto-3g,without_edge_01,2.3,2.4999999999999996,-1.444419530510524
sto-3g,full,2.3999999999999995,0.7,-1.6787812613130426
sto-3g,one_electron_cross_deleted,2.3999999999999995,0.7,-0.5858900703005747
sto-3g,without_edge_01,2.3999999999999995,0.7,-1.6691430170999575
sto-3g,full,2.3999999999999995,0.7999999999999999,-1.7126771780083763
sto-3g,one_electron_cross_deleted,2.3999999999999995,0.7999999999999999,-0.7992633865293866
sto-3g,without_edge_01,2.3999999999999995,0.7999999999999999,-1.702783473019748
sto-3g,full,2.3999999999999995,0.8999999999999999,-1.7181668437415087
sto-3g,one_electron_cross_deleted,2.3999999999999995,0.8999999999999999,-0.9528807987060284
sto-3g,without_edge_01,2.3999999999999995,0.8999999999999999,-1.7080323519461755
sto-3g,full,2.3999999999999995,0.9999999999999999,-1.7070744845506898
sto-3g,one_electron_cross_deleted,2.3999999999999995,0.9999999999999999,-1.0655471816921174
sto-3g,without_edge_01,2.3999999999999995,0.9999999999999999,-1.6967501429382783
sto-3g,full,2.3999999999999995,1.0999999999999999,-1.6863765979949896
sto-3g,one_electron_cross_deleted,2.3999999999999995,1.0999999999999999,-1.149835273656385
sto-3g,without_edge_01,2.3999999999999995,1.0999999999999999,-1.6759444329583895
sto-3g,full,2.3999999999999995,1.1999999999999997,-1.6605228159361434
sto-3g,one_electron_cross_deleted,2.3999999999999995,1.1999999999999997,-1.2135381001639596
sto-3g,without_edge_01,2.3999999999999995,1.1999999999999997,-1.6500922527872364
sto-3g,full,2.3999999999999995,1.2999999999999998,-1.6325529612631127
sto-3g,one_electron_cross_deleted,2.3999999999999995,1.2999999999999998,-1.2614813160117713
sto-3g,without_edge_01,2.3999999999999995,1.2999999999999998,-1.6222579263030164
sto-3g,full,2.3999999999999995,1.4,-1.6045759284636634
sto-3g,one_electron_cross_deleted,2.3999999999999995,1.4,-1.2974864761876557
sto-3g,without_edge_01,2.3999999999999995,1.4,-1.59457081041763
sto-3g,full,2.3999999999999995,1.4999999999999998,-1.5779953872816064
sto-3g,one_electron_cross_deleted,2.3999999999999995,1.4999999999999998,-1.3244139718080343
sto-3g,without_edge_01,2.3999999999999995,1.4999999999999998,-1.5684483634148063
sto-3g,full,2.3999999999999995,1.5999999999999996,-1.5536620239915195
sto-3g,one_electron_cross_deleted,2.3999999999999995,1.5999999999999996,-1.3444486827616342
sto-3g,without_edge_01,2.3999999999999995,1.5999999999999996,-1.5447449164483258
sto-3g,full,2.3999999999999995,1.6999999999999997,-1.532004726994129
sto-3g,one_electron_cross_deleted,2.3999999999999995,1.6999999999999997,-1.3592677023110138
sto-3g,without_edge_01,2.3999999999999995,1.6999999999999997,-1.5238788489377435
sto-3g,full,2.3999999999999995,1.7999999999999998,-1.5131469287537604
sto-3g,one_electron_cross_deleted,2.3999999999999995,1.7999999999999998,-1.3701563339078375
sto-3g,without_edge_01,2.3999999999999995,1.7999999999999998,-1.5059447343782169
sto-3g,full,2.3999999999999995,1.8999999999999997,-1.497006107288584
sto-3g,one_electron_cross_deleted,2.3999999999999995,1.8999999999999997,-1.3780966541890587
sto-3g,without_edge_01,2.3999999999999995,1.8999999999999997,-1.4908101167128187
sto-3g,full,2.3999999999999995,1.9999999999999996,-1.4833749883405085
sto-3g,one_electron_cross_deleted,2.3999999999999995,1.9999999999999996,-1.3838368335833011
sto-3g,without_edge_01,2.3999999999999995,1.9999999999999996,-1.478199161445279
sto-3g,full,2.3999999999999995,2.0999999999999996,-1.4719838546687982
sto-3g,one_electron_cross_deleted,2.3999999999999995,2.0999999999999996,-1.3879450669397055
sto-3g,without_edge_01,2.3999999999999995,2.0999999999999996,-1.4677658785091432
sto-3g,full,2.3999999999999995,2.1999999999999997,-1.4625444661339047
sto-3g,one_electron_cross_deleted,2.3999999999999995,2.1999999999999997,-1.3908511875350578
sto-3g,without_edge_01,2.3999999999999995,2.1999999999999997,-1.4591552012456357
sto-3g,full,2.3999999999999995,2.3,-1.4547776453828356
sto-3g,one_electron_cross_deleted,2.3999999999999995,2.3,-1.3928787381463756
sto-3g,without_edge_01,2.3999999999999995,2.3,-1.4520456864774896
sto-3g,full,2.3999999999999995,2.3999999999999995,-1.4484279089749998
sto-3g,one_electron_cross_deleted,2.3999999999999995,2.3999999999999995,-1.3942697917974658
sto-3g,without_edge_01,2.3999999999999995,2.3999999999999995,-1.4461700168245541
sto-3g,full,2.3999999999999995,2.4999999999999996,-1.4456762743018792
sto-3g,one_electron_cross_deleted,2.3999999999999995,2.4999999999999996,-1.3952042462691843
sto-3g,without_edge_01,2.3999999999999995,2.4999999999999996,-1.4413169563382318
sto-3g,full,2.4999999999999996,0.7,-1.6758092191594889
sto-3g,one_electron_cross_deleted,2.4999999999999996,0.7,-0.5866001114888273
sto-3g,without_edge_01,2.4999999999999996,0.7,-1.6679264900762565
sto-3g,full,2.4999999999999996,0.7999999999999999,-1.7095855518219292
sto-3g,one_electron_cross_deleted,2.4999999999999996,0.7999999999999999,-0.8000708012754552
sto-3g,without_edge_01,2.4999999999999996,0.7999999999999999,-1.7014497242672313
sto-3g,full,2.4999999999999996,0.8999999999999999,-1.7149897664272458
sto-3g,one_electron_cross_deleted,2.4999999999999996,0.8999999999999999,-0.953780972780923
sto-3g,without_edge_01,2.4999999999999996,0.8999999999999999,-1.7066108315107305
sto-3g,full,2.4999999999999996,0.9999999999999999,-1.7038433585787023
sto-3g,one_electron_cross_deleted,2.4999999999999996,0.9999999999999999,-1.0665345715119714
sto-3g,without_edge_01,2.4999999999999996,0.9999999999999999,-1.69526120930857
sto-3g,full,2.4999999999999996,1.0999999999999999,-1.6831198078439942
sto-3g,one_electron_cross_deleted,2.4999999999999996,1.0999999999999999,-1.1504689598403928
sto-3g,without_edge_01,2.4999999999999996,1.0999999999999999,-1.6743998669969489
sto-3g,full,2.4999999999999996,1.1999999999999997,-1.6572663498162872
sto-3g,one_electron_cross_deleted,2.4999999999999996,1.1999999999999997,-1.2141568144671042
sto-3g,without_edge_01,2.4999999999999996,1.1999999999999997,-1.6484964226557783
sto-3g,full,2.4999999999999996,1.2999999999999998,-1.6293208718092171
sto-3g,one_electron_cross_deleted,2.4999999999999996,1.2999999999999998,-1.2620971771794416
sto-3g,without_edge_01,2.4999999999999996,1.2999999999999998,-1.6206086995162559
sto-3g,full,2.4999999999999996,1.4,-1.60138995733624
sto-3g,one_electron_cross_deleted,2.4999999999999996,1.4,-1.2981103579792597
sto-3g,without_edge_01,2.4999999999999996,1.4,-1.592859963657853
sto-3g,full,2.4999999999999996,1.4999999999999998,-1.5748737098124237
sto-3g,one_electron_cross_deleted,2.4999999999999996,1.4999999999999998,-1.3250550916551762
sto-3g,without_edge_01,2.4999999999999996,1.4999999999999998,-1.5666619101874533
sto-3g,full,2.4999999999999996,1.5999999999999996,-1.55061750563867
sto-3g,one_electron_cross_deleted,2.4999999999999996,1.5999999999999996,-1.3451143957286682
sto-3g,without_edge_01,2.4999999999999996,1.5999999999999996,-1.5428642287076304
sto-3g,full,2.4999999999999996,1.6999999999999997,-1.5290432887754744
sto-3g,one_electron_cross_deleted,2.4999999999999996,1.6999999999999997,-1.3599634690140685
sto-3g,without_edge_01,2.4999999999999996,1.6999999999999997,-1.5218835906663744
sto-3g,full,2.4999999999999996,1.7999999999999998,-1.5102666073950621
sto-3g,one_electron_cross_deleted,2.4999999999999996,1.7999999999999998,-1.3708858157945307
sto-3g,without_edge_01,2.4999999999999996,1.7999999999999998,-1.5038180820561056
sto-3g,full,2.4999999999999996,1.8999999999999997,-1.4941971726262133
sto-3g,one_electron_cross_deleted,2.4999999999999996,1.8999999999999997,-1.3788618923617826
sto-3g,without_edge_01,2.4999999999999996,1.8999999999999997,-1.4885451010762683
sto-3g,full,2.4999999999999996,1.9999999999999996,-1.48062113918922
sto-3g,one_electron_cross_deleted,2.4999999999999996,1.9999999999999996,-1.3846384755079435
sto-3g,without_edge_01,2.4999999999999996,1.9999999999999996,-1.4758028593449994
sto-3g,full,2.4999999999999996,2.0999999999999996,-1.4692642233351514
sto-3g,one_electron_cross_deleted,2.4999999999999996,2.0999999999999996,-1.388782613937572
sto-3g,without_edge_01,2.4999999999999996,2.0999999999999996,-1.465258040960469
sto-3g,full,2.4999999999999996,2.1999999999999997,-1.4598360355934366
sto-3g,one_electron_cross_deleted,2.4999999999999996,2.1999999999999997,-1.3917232434244793
sto-3g,without_edge_01,2.4999999999999996,2.1999999999999997,-1.456561396378209
sto-3g,full,2.4999999999999996,2.3,-1.4520577074683314
sto-3g,one_electron_cross_deleted,2.4999999999999996,2.3,-1.3937832454150452
sto-3g,without_edge_01,2.4999999999999996,2.3,-1.449389129311748
sto-3g,full,2.4999999999999996,2.3999999999999995,-1.4456762743018783
sto-3g,one_electron_cross_deleted,2.4999999999999996,2.3999999999999995,-1.395204246269182
sto-3g,without_edge_01,2.4999999999999996,2.3999999999999995,-1.4434663592410937
sto-3g,full,2.4999999999999996,2.4999999999999996,-1.440469785074656
sto-3g,one_electron_cross_deleted,2.4999999999999996,2.4999999999999996,-1.3961658846302292
sto-3g,without_edge_01,2.4999999999999996,2.4999999999999996,-1.4385731331346825
6-31g,full,0.7,0.7,-1.4752464396302933
6-31g,one_electron_cross_deleted,0.7,0.7,-0.145086292489653
6-31g,without_edge_01,0.7,0.7,-1.4223679127735753
6-31g,full,0.7,0.7999999999999999,-1.5721807769353768
6-31g,one_electron_cross_deleted,0.7,0.7999999999999999,-0.3368318400757211
6-31g,without_edge_01,0.7,0.7999999999999999,-1.4515408880287
6-31g,full,0.7,0.8999999999999999,-1.6359099797028467
6-31g,one_electron_cross_deleted,0.7,0.8999999999999999,-0.4728993018333867
6-31g,without_edge_01,0.7,0.8999999999999999,-1.4585677302182027
6-31g,full,0.7,0.9999999999999999,-1.677705707071401
6-31g,one_electron_cross_deleted,0.7,0.9999999999999999,-0.5706803905698976
6-31g,without_edge_01,0.7,0.9999999999999999,-1.4539653711044016
6-31g,full,0.7,1.0999999999999999,-1.7047839837036478
6-31g,one_electron_cross_deleted,0.7,1.0999999999999999,-0.6418843073364267
6-31g,without_edge_01,0.7,1.0999999999999999,-1.4437625887826298
6-31g,full,0.7,1.1999999999999997,-1.721885649801095
6-31g,one_electron_cross_deleted,0.7,1.1999999999999997,-0.6945290985006163
6-31g,without_edge_01,0.7,1.1999999999999997,-1.4314131649011017
6-31g,full,0.7,1.2999999999999998,-1.7321573903690015
6-31g,one_electron_cross_deleted,0.7,1.2999999999999998,-0.7341284326811475
6-31g,without_edge_01,0.7,1.2999999999999998,-1.4188150612900485
6-31g,full,0.7,1.4,-1.737707128705884
6-31g,one_electron_cross_deleted,0.7,1.4,-0.7644492762050947
6-31g,without_edge_01,0.7,1.4,-1.4069082089581317
6-31g,full,0.7,1.4999999999999998,-1.739972788327003
6-31g,one_electron_cross_deleted,0.7,1.4999999999999998,-0.7880373598238206
6-31g,without_edge_01,0.7,1.4999999999999998,-1.3960693225147742
6-31g,full,0.7,1.5999999999999996,-1.7399635081101579
6-31g,one_electron_cross_deleted,0.7,1.5999999999999996,-0.8066048383980635
6-31g,without_edge_01,0.7,1.5999999999999996,-1.3863810055821322
6-31g,full,0.7,1.6999999999999997,-1.7384098347112462
6-31g,one_electron_cross_deleted,0.7,1.6999999999999997,-0.8213160302146099
6-31g,without_edge_01,0.7,1.6999999999999997,-1.3777999306643811
6-31g,full,0.7,1.7999999999999998,-1.7358531476310657
6-31g,one_electron_cross_deleted,0.7,1.7999999999999998,-0.8329875966626408
6-31g,without_edge_01,0.7,1.7999999999999998,-1.3702459375775722
6-31g,full,0.7,1.8999999999999997,-1.7326983370624727
6-31g,one_electron_cross_deleted,0.7,1.8999999999999997,-0.842219534007731
6-31g,without_edge_01,0.7,1.8999999999999997,-1.363638681674951
6-31g,full,0.7,1.9999999999999996,-1.729246155296856
6-31g,one_electron_cross_deleted,0.7,1.9999999999999996,-0.8494754379316749
6-31g,without_edge_01,0.7,1.9999999999999996,-1.357905943540958
6-31g,full,0.7,2.0999999999999996,-1.725715075327825
6-31g,one_electron_cross_deleted,0.7,2.0999999999999996,-0.8551290039350792
6-31g,without_edge_01,0.7,2.0999999999999996,-1.3529803686727186
6-31g,full,0.7,2.1999999999999997,-1.7222579387284722
6-31g,one_electron_cross_deleted,0.7,2.1999999999999997,-0.8594898361813308
6-31g,without_edge_01,0.7,2.1999999999999997,-1.3487940757253996
6-31g,full,0.7,2.3,-1.7189758773093966
6-31g,one_electron_cross_deleted,0.7,2.3,-0.8628175016128026
6-31g,without_edge_01,0.7,2.3,-1.3452753115476668
6-31g,full,0.7,2.3999999999999995,-1.7159304023421789
6-31g,one_electron_cross_deleted,0.7,2.3999999999999995,-0.8653294566500538
6-31g,without_edge_01,0.7,2.3999999999999995,-1.3423481570274105
6-31g,full,0.7,2.4999999999999996,-1.7131537769071619
6-31g,one_electron_cross_deleted,0.7,2.4999999999999996,-0.8672061552568522
6-31g,without_edge_01,0.7,2.4999999999999996,-1.3399346420390357
6-31g,full,0.7999999999999999,0.7,-1.572180776935375
6-31g,one_electron_cross_deleted,0.7999999999999999,0.7,-0.336831840075714
6-31g,without_edge_01,0.7999999999999999,0.7,-1.5197618354667881
6-31g,full,0.7999999999999999,0.7999999999999999,-1.582064804418601
6-31g,one_electron_cross_deleted,0.7999999999999999,0.7999999999999999,-0.5188499692144442
6-31g,without_edge_01,0.7999999999999999,0.7999999999999999,-1.5457805099986377
6-31g,full,0.7999999999999999,0.8999999999999999,-1.646359623285083
6-31g,one_electron_cross_deleted,0.7999999999999999,0.8999999999999999,-0.6478013691197817
6-31g,without_edge_01,0.7999999999999999,0.8999999999999999,-1.5504369611967674
6-31g,full,0.7999999999999999,0.9999999999999999,-1.689525803464519
6-31g,one_electron_cross_deleted,0.7999999999999999,0.9999999999999999,-0.7403713748978666
6-31g,without_edge_01,0.7999999999999999,0.9999999999999999,-1.5440973532325768
6-31g,full,0.7999999999999999,1.0999999999999999,-1.7184176046936277
6-31g,one_electron_cross_deleted,0.7999999999999999,1.0999999999999999,-0.8077472247231521
6-31g,without_edge_01,0.7999999999999999,1.0999999999999999,-1.532641128592498
6-31g,full,0.7999999999999999,1.1999999999999997,-1.7374877907836548
6-31g,one_electron_cross_deleted,0.7999999999999999,1.1999999999999997,-0.8575845036096297
6-31g,without_edge_01,0.7999999999999999,1.1999999999999997,-1.5193840814457658
6-31g,full,0.7999999999999999,1.2999999999999998,-1.7496793693329193
6-31g,one_electron_cross_deleted,0.7999999999999999,1.2999999999999998,-0.8951439864813309
6-31g,without_edge_01,0.7999999999999999,1.2999999999999998,-1.506105163105235
6-31g,full,0.7999999999999999,1.4,-1.756973024619049
6-31g,one_electron_cross_deleted,0.7999999999999999,1.4,-0.9240065837513214
6-31g,without_edge_01,0.7999999999999999,1.4,-1.4936493889767752
6-31g,full,0.7999999999999999,1.4999999999999998,-1.7607412183729707
6-31g,one_electron_cross_deleted,0.7999999999999999,1.4999999999999998,-0.9465734545699283
6-31g,without_edge_01,0.7999999999999999,1.4999999999999998,-1.4823235911892088
6-31g,full,0.7999999999999999,1.5999999999999996,-1.7619724761947353
6-31g,one_electron_cross_deleted,0.7999999999999999,1.5999999999999996,-0.9644418998254292
6-31g,without_edge_01,0.7999999999999999,1.5999999999999996,-1.472162885823212
6-31g,full,0.7999999999999999,1.6999999999999997,-1.7614055422938764
6-31g,one_electron_cross_deleted,0.7999999999999999,1.6999999999999997,-0.9786858088466741
6-31g,without_edge_01,0.7999999999999999,1.6999999999999997,-1.4630948057379305
6-31g,full,0.7999999999999999,1.7999999999999998,-1.7596058937641512
6-31g,one_electron_cross_deleted,0.7999999999999999,1.7999999999999998,-0.9900524008473339
6-31g,without_edge_01,0.7999999999999999,1.7999999999999998,-1.4550246830160178
6-31g,full,0.7999999999999999,1.8999999999999997,-1.757009407470846
6-31g,one_electron_cross_deleted,0.7999999999999999,1.8999999999999997,-0.9990899438414877
6-31g,without_edge_01,0.7999999999999999,1.8999999999999997,-1.447869451771092
6-31g,full,0.7999999999999999,1.9999999999999996,-1.753949194581549
6-31g,one_electron_cross_deleted,0.7999999999999999,1.9999999999999996,-1.006224706412043
6-31g,without_edge_01,0.7999999999999999,1.9999999999999996,-1.441563669993886
6-31g,full,0.7999999999999999,2.0999999999999996,-1.7506745029561648
6-31g,one_electron_cross_deleted,0.7999999999999999,2.0999999999999996,-1.011804302295623
6-31g,without_edge_01,0.7999999999999999,2.0999999999999996,-1.436053950942982
6-31g,full,0.7999999999999999,2.1999999999999997,-1.747366012584079
6-31g,one_electron_cross_deleted,0.7999999999999999,2.1999999999999997,-1.0161206899859967
6-31g,without_edge_01,0.7999999999999999,2.1999999999999997,-1.4312908271607427
6-31g,full,0.7999999999999999,2.3,-1.7441492720910716
6-31g,one_electron_cross_deleted,0.7999999999999999,2.3,-1.019421870582542
6-31g,without_edge_01,0.7999999999999999,2.3,-1.4272222052258905
6-31g,full,0.7999999999999999,2.3999999999999995,-1.7411067089262922
6-31g,one_electron_cross_deleted,0.7999999999999999,2.3999999999999995,-1.0219179444721593
6-31g,without_edge_01,0.7999999999999999,2.3999999999999995,-1.4237898284387085
6-31g,full,0.7999999999999999,2.4999999999999996,-1.7382880973519321
6-31g,one_electron_cross_deleted,0.7999999999999999,2.4999999999999996,-1.0237848132375476
6-31g,without_edge_01,0.7999999999999999,2.4999999999999996,-1.4209287720641735
6-31g,full,0.8999999999999999,0.7,-1.635909979702844
6-31g,one_electron_cross_deleted,0.8999999999999999,0.7,-0.47289930183338313
6-31g,without_edge_01,0.8999999999999999,0.7,-1.5812514225151029
6-31g,full,0.8999999999999999,0.7999999999999999,-1.6463596232850848
6-31g,one_electron_cross_deleted,0.8999999999999999,0.7999999999999999,-0.647801369119787
6-31g,without_edge_01,0.8999999999999999,0.7999999999999999,-1.6053567303359455
6-31g,full,0.8999999999999999,0.8999999999999999,-1.6360932062971365
6-31g,one_electron_cross_deleted,0.8999999999999999,0.8999999999999999,-0.771491276543431
6-31g,without_edge_01,0.8999999999999999,0.8999999999999999,-1.6084945688192818
6-31g,full,0.8999999999999999,0.9999999999999999,-1.6805315784832584
6-31g,one_electron_cross_deleted,0.8999999999999999,0.9999999999999999,-0.8601987989786877
6-31g,without_edge_01,0.8999999999999999,0.9999999999999999,-1.6010073577746158
6-31g,full,0.8999999999999999,1.0999999999999999,-1.7110211414960745
6-31g,one_electron_cross_deleted,0.8999999999999999,1.0999999999999999,-0.9247555834348038
6-31g,without_edge_01,0.8999999999999999,1.0999999999999999,-1.5887080842444816
6-31g,full,0.8999999999999999,1.1999999999999997,-1.731796906365068
6-31g,one_electron_cross_deleted,0.8999999999999999,1.1999999999999997,-0.9725551191693937
6-31g,without_edge_01,0.8999999999999999,1.1999999999999997,-1.5748284052838675
6-31g,full,0.8999999999999999,1.2999999999999998,-1.7456442625495106
6-31g,one_electron_cross_deleted,0.8999999999999999,1.2999999999999998,-1.008664800309535
6-31g,without_edge_01,0.8999999999999999,1.2999999999999998,-1.5610674435855465
6-31g,full,0.8999999999999999,1.4,-1.7544454781422698
6-31g,one_electron_cross_deleted,0.8999999999999999,1.4,-1.036518276092509
6-31g,without_edge_01,0.8999999999999999,1.4,-1.5482067170395353
6-31g,full,0.8999999999999999,1.4999999999999998,-1.7595227636701418
6-31g,one_electron_cross_deleted,0.8999999999999999,1.4999999999999998,-1.0584016732540307
6-31g,without_edge_01,0.8999999999999999,1.4999999999999998,-1.5365078355950645
6-31g,full,0.8999999999999999,1.5999999999999996,-1.7618487274400394
6-31g,one_electron_cross_deleted,0.8999999999999999,1.5999999999999996,-1.0758222427677908
6-31g,without_edge_01,0.8999999999999999,1.5999999999999996,-1.5259755800003592
6-31g,full,0.8999999999999999,1.6999999999999997,-1.762167889543301
6-31g,one_electron_cross_deleted,0.8999999999999999,1.6999999999999997,-1.0897844811886328
6-31g,without_edge_01,0.8999999999999999,1.6999999999999997,-1.5165179029808593
6-31g,full,0.8999999999999999,1.7999999999999998,-1.7610634876110156
6-31g,one_electron_cross_deleted,0.8999999999999999,1.7999999999999998,-1.1009833712185864
6-31g,without_edge_01,0.8999999999999999,1.7999999999999998,-1.5080284895736327
6-31g,full,0.8999999999999999,1.8999999999999997,-1.7589945926727881
6-31g,one_electron_cross_deleted,0.8999999999999999,1.8999999999999997,-1.1099288629668882
6-31g,without_edge_01,0.8999999999999999,1.8999999999999997,-1.5004191492342893
6-31g,full,0.8999999999999999,1.9999999999999996,-1.7563189895724074
6-31g,one_electron_cross_deleted,0.8999999999999999,1.9999999999999996,-1.1170198788090477
6-31g,without_edge_01,0.8999999999999999,1.9999999999999996,-1.4936252480033092
6-31g,full,0.8999999999999999,2.0999999999999996,-1.7533099290725946
6-31g,one_electron_cross_deleted,0.8999999999999999,2.0999999999999996,-1.1225850892376181
6-31g,without_edge_01,0.8999999999999999,2.0999999999999996,-1.4875997702396404
6-31g,full,0.8999999999999999,2.1999999999999997,-1.7501703602375405
6-31g,one_electron_cross_deleted,0.8999999999999999,2.1999999999999997,-1.126903753389445
6-31g,without_edge_01,0.8999999999999999,2.1999999999999997,-1.4823045790896066
6-31g,full,0.8999999999999999,2.3,-1.747045875931211
6-31g,one_electron_cross_deleted,0.8999999999999999,2.3,-1.1302156622230548
6-31g,without_edge_01,0.8999999999999999,2.3,-1.4777027240621674
6-31g,full,0.8999999999999999,2.3999999999999995,-1.744036503229279
6-31g,one_electron_cross_deleted,0.8999999999999999,2.3999999999999995,-1.132725821949787
6-31g,without_edge_01,0.8999999999999999,2.3999999999999995,-1.4737530850627345
6-31g,full,0.8999999999999999,2.4999999999999996,-1.7412070888962874
6-31g,one_electron_cross_deleted,0.8999999999999999,2.4999999999999996,-1.1346071261021011
6-31g,without_edge_01,0.8999999999999999,2.4999999999999996,-1.470407520989777
6-31g,full,0.9999999999999999,0.7,-1.6777057070714037
6-31g,one_electron_cross_deleted,0.9999999999999999,0.7,-0.5706803905698958
6-31g,without_edge_01,0.9999999999999999,0.7,-1.6202059480284623
6-31g,full,0.9999999999999999,0.7999999999999999,-1.6895258034645173
6-31g,one_electron_cross_deleted,0.9999999999999999,0.7999999999999999,-0.740371374897872
6-31g,without_edge_01,0.9999999999999999,0.7999999999999999,-1.643286099491228
6-31g,full,0.9999999999999999,0.8999999999999999,-1.6805315784832602
6-31g,one_electron_cross_deleted,0.9999999999999999,0.8999999999999999,-0.8601987989786841
6-31g,without_edge_01,0.9999999999999999,0.8999999999999999,-1.645547554871428
6-31g,full,0.9999999999999999,0.9999999999999999,-1.661231461481354
6-31g,one_electron_cross_deleted,0.9999999999999999,0.9999999999999999,-0.9460890473163093
6-31g,without_edge_01,0.9999999999999999,0.9999999999999999,-1.6373582939681284
6-31g,full,0.9999999999999999,1.0999999999999999,-1.6930988155387343
6-31g,one_electron_cross_deleted,0.9999999999999999,1.0999999999999999,-1.0086222444018533
6-31g,without_edge_01,0.9999999999999999,1.0999999999999999,-1.6245093399811594
6-31g,full,0.9999999999999999,1.1999999999999997,-1.7153177570717184
6-31g,one_electron_cross_deleted,0.9999999999999999,1.1999999999999997,-1.0549938250979771
6-31g,without_edge_01,0.9999999999999999,1.1999999999999997,-1.6101884503786432
6-31g,full,0.9999999999999999,1.2999999999999998,-1.7305549184907854
6-31g,one_electron_cross_deleted,0.9999999999999999,1.2999999999999998,-1.0901176205275211
6-31g,without_edge_01,0.9999999999999999,1.2999999999999998,-1.596051813274558
6-31g,full,0.9999999999999999,1.4,-1.7406213331723457
6-31g,one_electron_cross_deleted,0.9999999999999999,1.4,-1.1173087203689653
6-31g,without_edge_01,0.9999999999999999,1.4,-1.582849804730694
6-31g,full,0.9999999999999999,1.4999999999999998,-1.7468044468164052
6-31g,one_electron_cross_deleted,0.9999999999999999,1.4999999999999998,-1.138762535276927
6-31g,without_edge_01,0.9999999999999999,1.4999999999999998,-1.5708244374464155
6-31g,full,0.9999999999999999,1.5999999999999996,-1.7500665897192156
6-31g,one_electron_cross_deleted,0.9999999999999999,1.5999999999999996,-1.1559179546899747
6-31g,without_edge_01,0.9999999999999999,1.5999999999999996,-1.5599677855877716
6-31g,full,0.9999999999999999,1.6999999999999997,-1.7511567910904504
6-31g,one_electron_cross_deleted,0.9999999999999999,1.6999999999999997,-1.1697287837102248
6-31g,without_edge_01,0.9999999999999999,1.6999999999999997,-1.550178165432785
6-31g,full,0.9999999999999999,1.7999999999999998,-1.750670842028216
6-31g,one_electron_cross_deleted,0.9999999999999999,1.7999999999999998,-1.1808529328671309
6-31g,without_edge_01,0.9999999999999999,1.7999999999999998,-1.5413411827643189
6-31g,full,0.9999999999999999,1.8999999999999997,-1.7490841791175158
6-31g,one_electron_cross_deleted,0.9999999999999999,1.8999999999999997,-1.1897735858072975
6-31g,without_edge_01,0.9999999999999999,1.8999999999999997,-1.5333622120102262
6-31g,full,0.9999999999999999,1.9999999999999996,-1.7467723060079212
6-31g,one_electron_cross_deleted,0.9999999999999999,1.9999999999999996,-1.196870630370606
6-31g,without_edge_01,0.9999999999999999,1.9999999999999996,-1.5261725087416127
6-31g,full,0.9999999999999999,2.0999999999999996,-1.7440261878053724
6-31g,one_electron_cross_deleted,0.9999999999999999,2.0999999999999996,-1.2024594743460568
6-31g,without_edge_01,0.9999999999999999,2.0999999999999996,-1.5197239654880428
6-31g,full,0.9999999999999999,2.1999999999999997,-1.7410657299894372
6-31g,one_electron_cross_deleted,0.9999999999999999,2.1999999999999997,-1.2068103852904368
6-31g,without_edge_01,0.9999999999999999,2.1999999999999997,-1.5139808720086991
6-31g,full,0.9999999999999999,2.3,-1.7380522658893383
6-31g,one_electron_cross_deleted,0.9999999999999999,2.3,-1.2101572740909718
6-31g,without_edge_01,0.9999999999999999,2.3,-1.5089124504542322
6-31g,full,0.9999999999999999,2.3999999999999995,-1.735100033982826
6-31g,one_electron_cross_deleted,0.9999999999999999,2.3999999999999995,-1.212701484561007
6-31g,without_edge_01,0.9999999999999999,2.3999999999999995,-1.5044873466655573
6-31g,full,0.9999999999999999,2.4999999999999996,-1.7322863507773745
6-31g,one_electron_cross_deleted,0.9999999999999999,2.4999999999999996,-1.2146137877973415
6-31g,without_edge_01,0.9999999999999999,2.4999999999999996,-1.500670083801329
6-31g,full,1.0999999999999999,0.7,-1.7047839837036411
6-31g,one_electron_cross_deleted,1.0999999999999999,0.7,-0.6418843073364169
6-31g,without_edge_01,1.0999999999999999,0.7,-1.6450539358187806
6-31g,full,1.0999999999999999,0.7999999999999999,-1.71841760469363
6-31g,one_electron_cross_deleted,1.0999999999999999,0.7999999999999999,-0.8077472247231556
6-31g,without_edge_01,1.0999999999999999,0.7999999999999999,-1.6677138270866498
6-31g,full,1.0999999999999999,0.8999999999999999,-1.7110211414960834
6-31g,one_electron_cross_deleted,1.0999999999999999,0.8999999999999999,-0.9247555834348078
6-31g,without_edge_01,1.0999999999999999,0.8999999999999999,-1.6695526956374178
6-31g,full,1.0999999999999999,0.9999999999999999,-1.6930988155387285
6-31g,one_electron_cross_deleted,1.0999999999999999,0.9999999999999999,-1.0086222444018564
6-31g,without_edge_01,1.0999999999999999,0.9999999999999999,-1.660970530451905
6-31g,full,1.0999999999999999,1.0999999999999999,-1.6705666044636347
6-31g,one_electron_cross_deleted,1.0999999999999999,1.0999999999999999,-1.0697388946668753
6-31g,without_edge_01,1.0999999999999999,1.0999999999999999,-1.6477574154354908
6-31g,full,1.0999999999999999,1.1999999999999997,-1.6939476538546514
6-31g,one_electron_cross_deleted,1.0999999999999999,1.1999999999999997,-1.1151436044376601
6-31g,without_edge_01,1.0999999999999999,1.1999999999999997,-1.6330870537953683
6-31g,full,1.0999999999999999,1.2999999999999998,-1.7103025899383462
6-31g,one_electron_cross_deleted,1.0999999999999999,1.2999999999999998,-1.1496246130443009
6-31g,without_edge_01,1.0999999999999999,1.2999999999999998,-1.6186053330166001
6-31g,full,1.0999999999999999,1.4,-1.7213909935477703
6-31g,one_electron_cross_deleted,1.0999999999999999,1.4,-1.1764013199614376
6-31g,without_edge_01,1.0999999999999999,1.4,-1.6050615999524354
6-31g,full,1.0999999999999999,1.4999999999999998,-1.7284764085501476
6-31g,one_electron_cross_deleted,1.0999999999999999,1.4999999999999998,-1.197599324756383
6-31g,without_edge_01,1.0999999999999999,1.4999999999999998,-1.5927022375642648
6-31g,full,1.0999999999999999,1.5999999999999996,-1.7325141732914822
6-31g,one_electron_cross_deleted,1.0999999999999999,1.5999999999999996,-1.2146081201581551
6-31g,without_edge_01,1.0999999999999999,1.5999999999999996,-1.5815229967650373
6-31g,full,1.0999999999999999,1.6999999999999997,-1.7342558699172144
6-31g,one_electron_cross_deleted,1.0999999999999999,1.6999999999999997,-1.2283469506838465
6-31g,without_edge_01,1.0999999999999999,1.6999999999999997,-1.5714218193521496
6-31g,full,1.0999999999999999,1.7999999999999998,-1.734304951472121
6-31g,one_electron_cross_deleted,1.0999999999999999,1.7999999999999998,-1.2394493925243766
6-31g,without_edge_01,1.0999999999999999,1.7999999999999998,-1.5622798677196927
6-31g,full,1.0999999999999999,1.8999999999999997,-1.7331471584891647
6-31g,one_electron_cross_deleted,1.0999999999999999,1.8999999999999997,-1.2483812417591662
6-31g,without_edge_01,1.0999999999999999,1.8999999999999997,-1.5539957209199549
6-31g,full,1.0999999999999999,1.9999999999999996,-1.7311696021715013
6-31g,one_electron_cross_deleted,1.0999999999999999,1.9999999999999996,-1.2555098169642973
6-31g,without_edge_01,1.0999999999999999,1.9999999999999996,-1.5464934048996788
6-31g,full,1.0999999999999999,2.0999999999999996,-1.7286753886479376
6-31g,one_electron_cross_deleted,1.0999999999999999,2.0999999999999996,-1.261141434796181
6-31g,without_edge_01,1.0999999999999999,2.0999999999999996,-1.5397185733537515
6-31g,full,1.0999999999999999,2.1999999999999997,-1.725896574999319
6-31g,one_electron_cross_deleted,1.0999999999999999,2.1999999999999997,-1.2655398785249337
6-31g,without_edge_01,1.0999999999999999,2.1999999999999997,-1.5336311443484831
6-31g,full,1.0999999999999999,2.3,-1.7230062310387755
6-31g,one_electron_cross_deleted,1.0999999999999999,2.3,-1.268934570774627
6-31g,without_edge_01,1.0999999999999999,2.3,-1.5281983580198797
6-31g,full,1.0999999999999999,2.3999999999999995,-1.720129548745592
6-31g,one_electron_cross_deleted,1.0999999999999999,2.3999999999999995,-1.2715238994835207
6-31g,without_edge_01,1.0999999999999999,2.3999999999999995,-1.5233896262852222
6-31g,full,1.0999999999999999,2.4999999999999996,-1.717353722789279
6-31g,one_electron_cross_deleted,1.0999999999999999,2.4999999999999996,-1.2734768414632105
6-31g,without_edge_01,1.0999999999999999,2.4999999999999996,-1.5191732469324657
6-31g,full,1.1999999999999997,0.7,-1.7218856498010977
6-31g,one_electron_cross_deleted,1.1999999999999997,0.7,-0.6945290985006185
6-31g,without_edge_01,1.1999999999999997,0.7,-1.6611800397543384
6-31g,full,1.1999999999999997,0.7999999999999999,-1.7374877907836535
6-31g,one_electron_cross_deleted,1.1999999999999997,0.7999999999999999,-0.8575845036096319
6-31g,without_edge_01,1.1999999999999997,0.7999999999999999,-1.6837987472032436
6-31g,full,1.1999999999999997,0.8999999999999999,-1.7317969063650658
6-31g,one_electron_cross_deleted,1.1999999999999997,0.8999999999999999,-0.972555119169396
6-31g,without_edge_01,1.1999999999999997,0.8999999999999999,-1.685505840298342
6-31g,full,1.1999999999999997,0.9999999999999999,-1.7153177570717135
6-31g,one_electron_cross_deleted,1.1999999999999997,0.9999999999999999,-1.054993825097974
6-31g,without_edge_01,1.1999999999999997,0.9999999999999999,-1.6767223041108927
6-31g,full,1.1999999999999997,1.0999999999999999,-1.6939476538546474
6-31g,one_electron_cross_deleted,1.1999999999999997,1.0999999999999999,-1.1151436044376624
6-31g,without_edge_01,1.1999999999999997,1.0999999999999999,-1.6632453888268453
6-31g,full,1.1999999999999997,1.1999999999999997,-1.6709959364966807
6-31g,one_electron_cross_deleted,1.1999999999999997,1.1999999999999997,-1.1599136668801981
6-31g,without_edge_01,1.1999999999999997,1.1999999999999997,-1.6482551126296583
6-31g,full,1.1999999999999997,1.2999999999999998,-1.6881946690644392
6-31g,one_electron_cross_deleted,1.1999999999999997,1.2999999999999998,-1.1939891417228887
6-31g,without_edge_01,1.1999999999999997,1.2999999999999998,-1.633412271023266
6-31g,full,1.1999999999999997,1.4,-1.7000678918299386
6-31g,one_electron_cross_deleted,1.1999999999999997,1.4,-1.2205137740776797
6-31g,without_edge_01,1.1999999999999997,1.4,-1.6194894913385038
6-31g,full,1.1999999999999997,1.4999999999999998,-1.707859847814361
6-31g,one_electron_cross_deleted,1.1999999999999997,1.4999999999999998,-1.2415618201130472
6-31g,without_edge_01,1.1999999999999997,1.4999999999999998,-1.6067574328163827
6-31g,full,1.1999999999999997,1.5999999999999996,-1.7125186776551713
6-31g,one_electron_cross_deleted,1.1999999999999997,1.5999999999999996,-1.2584896324596095
6-31g,without_edge_01,1.1999999999999997,1.5999999999999996,-1.5952295117685047
6-31g,full,1.1999999999999997,1.6999999999999997,-1.714795199598842
6-31g,one_electron_cross_deleted,1.1999999999999997,1.6999999999999997,-1.2721951848215989
6-31g,without_edge_01,1.1999999999999997,1.6999999999999997,-1.58481145437498
6-31g,full,1.1999999999999997,1.7999999999999998,-1.7152956198719955
6-31g,one_electron_cross_deleted,1.1999999999999997,1.7999999999999998,-1.2832977959520113
6-31g,without_edge_01,1.1999999999999997,1.7999999999999998,-1.5753834357689092
6-31g,full,1.1999999999999997,1.8999999999999997,-1.7145105715300728
6-31g,one_electron_cross_deleted,1.1999999999999997,1.8999999999999997,-1.2922529848672224
6-31g,without_edge_01,1.1999999999999997,1.8999999999999997,-1.5668374677646248
6-31g,full,1.1999999999999997,1.9999999999999996,-1.7128335148420764
6-31g,one_electron_cross_deleted,1.1999999999999997,1.9999999999999996,-1.2994201606061364
6-31g,without_edge_01,1.1999999999999997,1.9999999999999996,-1.559088614821719
6-31g,full,1.1999999999999997,2.0999999999999996,-1.7105749171247542
6-31g,one_electron_cross_deleted,1.1999999999999997,2.0999999999999996,-1.3050993502950816
6-31g,without_edge_01,1.1999999999999997,2.0999999999999996,-1.552073405702691
6-31g,full,1.1999999999999997,2.1999999999999997,-1.7079748054622639
6-31g,one_electron_cross_deleted,1.1999999999999997,2.1999999999999997,-1.3095493527222553
6-31g,without_edge_01,1.1999999999999997,2.1999999999999997,-1.5457436820580164
6-31g,full,1.1999999999999997,2.3,-1.7052144169792822
6-31g,one_electron_cross_deleted,1.1999999999999997,2.3,-1.312995765301028
6-31g,without_edge_01,1.1999999999999997,2.3,-1.5400601600948802
6-31g,full,1.1999999999999997,2.3999999999999995,-1.7024269130191039
6-31g,one_electron_cross_deleted,1.1999999999999997,2.3999999999999995,-1.3156342006787307
6-31g,without_edge_01,1.1999999999999997,2.3999999999999995,-1.5349874306233824
6-31g,full,1.1999999999999997,2.4999999999999996,-1.6997069285746678
6-31g,one_electron_cross_deleted,1.1999999999999997,2.4999999999999996,-1.3176317855773618
6-31g,without_edge_01,1.1999999999999997,2.4999999999999996,-1.530490736153352
6-31g,full,1.2999999999999998,0.7,-1.7321573903689993
6-31g,one_electron_cross_deleted,1.2999999999999998,0.7,-0.7341284326811461
6-31g,without_edge_01,1.2999999999999998,0.7,-1.6719896949677446
6-31g,full,1.2999999999999998,0.7999999999999999,-1.7496793693329158
6-31g,one_electron_cross_deleted,1.2999999999999998,0.7999999999999999,-0.8951439864813371
6-31g,without_edge_01,1.2999999999999998,0.7999999999999999,-1.6947721678361525
6-31g,full,1.2999999999999998,0.8999999999999999,-1.7456442625495132
6-31g,one_electron_cross_deleted,1.2999999999999998,0.8999999999999999,-1.0086648003095382
6-31g,without_edge_01,1.2999999999999998,0.8999999999999999,-1.6965073002612794
6-31g,full,1.2999999999999998,0.9999999999999999,-1.730554918490788
6-31g,one_electron_cross_deleted,1.2999999999999998,0.9999999999999999,-1.0901176205275225
6-31g,without_edge_01,1.2999999999999998,0.9999999999999999,-1.687623356977845
6-31g,full,1.2999999999999998,1.0999999999999999,-1.7103025899383444
6-31g,one_electron_cross_deleted,1.2999999999999998,1.0999999999999999,-1.1496246130442969
6-31g,without_edge_01,1.2999999999999998,1.0999999999999999,-1.673926384970096
6-31g,full,1.2999999999999998,1.1999999999999997,-1.688194669064445
6-31g,one_electron_cross_deleted,1.2999999999999998,1.1999999999999997,-1.1939891417228918
6-31g,without_edge_01,1.2999999999999998,1.1999999999999997,-1.6586142033798756
6-31g,full,1.2999999999999998,1.2999999999999998,-1.6660703450241376
6-31g,one_electron_cross_deleted,1.2999999999999998,1.2999999999999998,-1.227813326939713
6-31g,without_edge_01,1.2999999999999998,1.2999999999999998,-1.6433782012427671
6-31g,full,1.2999999999999998,1.4,-1.6785049385063315
6-31g,one_electron_cross_deleted,1.2999999999999998,1.4,-1.2541834051396332
6-31g,without_edge_01,1.2999999999999998,1.4,-1.6290303109118516
6-31g,full,1.2999999999999998,1.4999999999999998,-1.6868216295130414
6-31g,one_electron_cross_deleted,1.2999999999999998,1.4999999999999998,-1.2751382847974133
6-31g,without_edge_01,1.2999999999999998,1.4999999999999998,-1.6158795902813337
6-31g,full,1.2999999999999998,1.5999999999999996,-1.6919581955603828
6-31g,one_electron_cross_deleted,1.2999999999999998,1.5999999999999996,-1.2920144605077775
6-31g,without_edge_01,1.2999999999999998,1.5999999999999996,-1.6039679874497923
6-31g,full,1.2999999999999998,1.6999999999999997,-1.6946602793804504
6-31g,one_electron_cross_deleted,1.2999999999999998,1.6999999999999997,-1.3056989203076792
6-31g,without_edge_01,1.2999999999999998,1.6999999999999997,-1.5932160215877966
6-31g,full,1.2999999999999998,1.7999999999999998,-1.6955320032325278
6-31g,one_electron_cross_deleted,1.2999999999999998,1.7999999999999998,-1.316804158407842
6-31g,without_edge_01,1.2999999999999998,1.7999999999999998,-1.5835062960575008
6-31g,full,1.2999999999999998,1.8999999999999997,-1.6950641321545261
6-31g,one_electron_cross_deleted,1.2999999999999998,1.8999999999999997,-1.3257804244307307
6-31g,without_edge_01,1.2999999999999998,1.8999999999999997,-1.5747249945481288
6-31g,full,1.2999999999999998,1.9999999999999996,-1.693652048751619
6-31g,one_electron_cross_deleted,1.2999999999999998,1.9999999999999996,-1.3329823292134635
6-31g,without_edge_01,1.2999999999999998,1.9999999999999996,-1.566777379848185
6-31g,full,1.2999999999999998,2.0999999999999996,-1.6916095918338634
6-31g,one_electron_cross_deleted,1.2999999999999998,2.0999999999999996,-1.3387053405093425
6-31g,without_edge_01,1.2999999999999998,2.0999999999999996,-1.5595893312944753
6-31g,full,1.2999999999999998,2.1999999999999997,-1.6891812306220169
6-31g,one_electron_cross_deleted,1.2999999999999998,2.1999999999999997,-1.3432040679470874
6-31g,without_edge_01,1.2999999999999998,2.1999999999999997,-1.5531029484272285
6-31g,full,1.2999999999999998,2.3,-1.6865532991495653
6-31g,one_electron_cross_deleted,1.2999999999999998,2.3,-1.3467005008734787
6-31g,without_edge_01,1.2999999999999998,2.3,-1.5472708219595492
6-31g,full,1.2999999999999998,2.3999999999999995,-1.6838643050476814
6-31g,one_electron_cross_deleted,1.2999999999999998,2.3999999999999995,-1.3493873794850473
6-31g,without_edge_01,1.2999999999999998,2.3999999999999995,-1.5420511215531658
6-31g,full,1.2999999999999998,2.4999999999999996,-1.681214136558283
6-31g,one_electron_cross_deleted,1.2999999999999998,2.4999999999999996,-1.3514297479064588
6-31g,without_edge_01,1.2999999999999998,2.4999999999999996,-1.5374041745462852
6-31g,full,1.4,0.7,-1.7377071287058894
6-31g,one_electron_cross_deleted,1.4,0.7,-0.7644492762050996
6-31g,without_edge_01,1.4,0.7,-1.6795671891913417
6-31g,full,1.4,0.7999999999999999,-1.7569730246190418
6-31g,one_electron_cross_deleted,1.4,0.7999999999999999,-0.9240065837513178
6-31g,without_edge_01,1.4,0.7999999999999999,-1.702594926310979
6-31g,full,1.4,0.8999999999999999,-1.754445478142273
6-31g,one_electron_cross_deleted,1.4,0.8999999999999999,-1.0365182760925107
6-31g,without_edge_01,1.4,0.8999999999999999,-1.704424184347288
6-31g,full,1.4,0.9999999999999999,-1.7406213331723457
6-31g,one_electron_cross_deleted,1.4,0.9999999999999999,-1.1173087203689658
6-31g,without_edge_01,1.4,0.9999999999999999,-1.6954803495199409
6-31g,full,1.4,1.0999999999999999,-1.7213909935477631
6-31g,one_electron_cross_deleted,1.4,1.0999999999999999,-1.1764013199614336
6-31g,without_edge_01,1.4,1.0999999999999999,-1.681577074194501
6-31g,full,1.4,1.1999999999999997,-1.7000678918299372
6-31g,one_electron_cross_deleted,1.4,1.1999999999999997,-1.2205137740776824
6-31g,without_edge_01,1.4,1.1999999999999997,-1.6659341491201376
6-31g,full,1.4,1.2999999999999998,-1.6785049385063315
6-31g,one_electron_cross_deleted,1.4,1.2999999999999998,-1.2541834051396354
6-31g,without_edge_01,1.4,1.2999999999999998,-1.6502799680466405
6-31g,full,1.4,1.4,-1.6577249441755662
6-31g,one_electron_cross_deleted,1.4,1.4,-1.2804547868700809
6-31g,without_edge_01,1.4,1.4,-1.6354730472516952
6-31g,full,1.4,1.4999999999999998,-1.666402420573012
6-31g,one_electron_cross_deleted,1.4,1.4999999999999998,-1.3013445263822112
6-31g,without_edge_01,1.4,1.4999999999999998,-1.6218685294040733
6-31g,full,1.4,1.5999999999999996,-1.6718872767174329
6-31g,one_electron_cross_deleted,1.4,1.5999999999999996,-1.3181793581512666
6-31g,without_edge_01,1.4,1.5999999999999996,-1.6095442138568168
6-31g,full,1.4,1.6999999999999997,-1.6749151529938346
6-31g,one_electron_cross_deleted,1.4,1.6999999999999997,-1.3318426434788961
6-31g,without_edge_01,1.4,1.6999999999999997,-1.598441223804041
6-31g,full,1.4,1.7999999999999998,-1.6760836021801562
6-31g,one_electron_cross_deleted,1.4,1.7999999999999998,-1.3429451098593086
6-31g,without_edge_01,1.4,1.7999999999999998,-1.5884481420563588
6-31g,full,1.4,1.8999999999999997,-1.6758794734514968
6-31g,one_electron_cross_deleted,1.4,1.8999999999999997,-1.351934999756851
6-31g,without_edge_01,1.4,1.8999999999999997,-1.5794466884649578
6-31g,full,1.4,1.9999999999999996,-1.6746964510402838
6-31g,one_electron_cross_deleted,1.4,1.9999999999999996,-1.359164064615888
6-31g,without_edge_01,1.4,1.9999999999999996,-1.5713321753217562
6-31g,full,1.4,2.0999999999999996,-1.6728485092343086
6-31g,one_electron_cross_deleted,1.4,2.0999999999999996,-1.3649242270346376
6-31g,without_edge_01,1.4,2.0999999999999996,-1.5640189851866717
6-31g,full,1.4,2.1999999999999997,-1.6705816722855118
6-31g,one_electron_cross_deleted,1.4,2.1999999999999997,-1.3694663152127828
6-31g,without_edge_01,1.4,2.1999999999999997,-1.5574385793479701
6-31g,full,1.4,2.3,-1.6680848165032591
6-31g,one_electron_cross_deleted,1.4,2.3,-1.3730087532779414
6-31g,without_edge_01,1.4,2.3,-1.5515348799313293
6-31g,full,1.4,2.3999999999999995,-1.6654995729462954
6-31g,one_electron_cross_deleted,1.4,2.3999999999999995,-1.3757412600366337
6-31g,without_edge_01,1.4,2.3999999999999995,-1.5462596391533512
6-31g,full,1.4,2.4999999999999996,-1.6629291959174812
6-31g,one_electron_cross_deleted,1.4,2.4999999999999996,-1.377826571237484
6-31g,without_edge_01,1.4,2.4999999999999996,-1.5415688726020436
6-31g,full,1.4999999999999998,0.7,-1.739972788327003
6-31g,one_electron_cross_deleted,1.4999999999999998,0.7,-0.7880373598238188
6-31g,without_edge_01,1.4999999999999998,0.7,-1.685128833452883
6-31g,full,1.4999999999999998,0.7999999999999999,-1.760741218372972
6-31g,one_electron_cross_deleted,1.4999999999999998,0.7999999999999999,-0.9465734545699256
6-31g,without_edge_01,1.4999999999999998,0.7999999999999999,-1.7084070085666068
6-31g,full,1.4999999999999998,0.8999999999999999,-1.7595227636701423
6-31g,one_electron_cross_deleted,1.4999999999999998,0.8999999999999999,-1.0584016732540356
6-31g,without_edge_01,1.4999999999999998,0.8999999999999999,-1.7103393060079113
6-31g,full,1.4999999999999998,0.9999999999999999,-1.746804446816399
6-31g,one_electron_cross_deleted,1.4999999999999998,0.9999999999999999,-1.1387625352769235
6-31g,without_edge_01,1.4999999999999998,0.9999999999999999,-1.701342778730126
6-31g,full,1.4999999999999998,1.0999999999999999,-1.7284764085501507
6-31g,one_electron_cross_deleted,1.4999999999999998,1.0999999999999999,-1.1975993247563919
6-31g,without_edge_01,1.4999999999999998,1.0999999999999999,-1.6872366209266856
6-31g,full,1.4999999999999998,1.1999999999999997,-1.7078598478143627
6-31g,one_electron_cross_deleted,1.4999999999999998,1.1999999999999997,-1.2415618201130494
6-31g,without_edge_01,1.4999999999999998,1.1999999999999997,-1.6712618283065646
6-31g,full,1.4999999999999998,1.2999999999999998,-1.6868216295130387
6-31g,one_electron_cross_deleted,1.4999999999999998,1.2999999999999998,-1.2751382847974098
6-31g,without_edge_01,1.4999999999999998,1.2999999999999998,-1.6551831415619787
6-31g,full,1.4999999999999998,1.4,-1.6664024205730146
6-31g,one_electron_cross_deleted,1.4999999999999998,1.4,-1.301344526382212
6-31g,without_edge_01,1.4999999999999998,1.4,-1.6399056343969776
6-31g,full,1.4999999999999998,1.4999999999999998,-1.647177728931672
6-31g,one_electron_cross_deleted,1.4999999999999998,1.4999999999999998,-1.322184657673426
6-31g,without_edge_01,1.4999999999999998,1.4999999999999998,-1.6258322872179947
6-31g,full,1.4999999999999998,1.5999999999999996,-1.6528958774150129
6-31g,one_electron_cross_deleted,1.4999999999999998,1.5999999999999996,-1.338982662786642
6-31g,without_edge_01,1.4999999999999998,1.5999999999999996,-1.6130804380433268
6-31g,full,1.4999999999999998,1.6999999999999997,-1.6561595614027858
6-31g,one_electron_cross_deleted,1.4999999999999998,1.6999999999999997,-1.3526230470906322
6-31g,without_edge_01,1.4999999999999998,1.6999999999999997,-1.6016162491025905
6-31g,full,1.4999999999999998,1.7999999999999998,-1.6575559056830438
6-31g,one_electron_cross_deleted,1.4999999999999998,1.7999999999999998,-1.3637178844531832
6-31g,without_edge_01,1.4999999999999998,1.7999999999999998,-1.5913379424945415
6-31g,full,1.4999999999999998,1.8999999999999997,-1.6575645628048936
6-31g,one_electron_cross_deleted,1.4999999999999998,1.8999999999999997,-1.3727153518993527
6-31g,without_edge_01,1.4999999999999998,1.8999999999999997,-1.582124838075614
6-31g,full,1.4999999999999998,1.9999999999999996,-1.6565746669915233
6-31g,one_electron_cross_deleted,1.4999999999999998,1.9999999999999996,-1.379965480546164
6-31g,without_edge_01,1.4999999999999998,1.9999999999999996,-1.573862845357597
6-31g,full,1.4999999999999998,2.0999999999999996,-1.6548977912298075
6-31g,one_electron_cross_deleted,1.4999999999999998,2.0999999999999996,-1.385757252909102
6-31g,without_edge_01,1.4999999999999998,2.0999999999999996,-1.566454451882116
6-31g,full,1.4999999999999998,2.1999999999999997,-1.6527792288309644
6-31g,one_electron_cross_deleted,1.4999999999999998,2.1999999999999997,-1.3903379796282433
6-31g,without_edge_01,1.4999999999999998,2.1999999999999997,-1.5598197503736977
6-31g,full,1.4999999999999998,2.3,-1.650408341633161
6-31g,one_electron_cross_deleted,1.4999999999999998,2.3,-1.3939225784018268
6-31g,without_edge_01,1.4999999999999998,2.3,-1.5538933726268658
6-31g,full,1.4999999999999998,2.3999999999999995,-1.6479280602464803
6-31g,one_electron_cross_deleted,1.4999999999999998,2.3999999999999995,-1.3966976935382742
6-31g,without_edge_01,1.4999999999999998,2.3999999999999995,-1.5486203821473554
6-31g,full,1.4999999999999998,2.4999999999999996,-1.6454434250025658
6-31g,one_electron_cross_deleted,1.4999999999999998,2.4999999999999996,-1.3988236480937695
6-31g,without_edge_01,1.4999999999999998,2.4999999999999996,-1.5439526552883995
6-31g,full,1.5999999999999996,0.7,-1.7399635081101472
6-31g,one_electron_cross_deleted,1.5999999999999996,0.7,-0.8066048383980546
6-31g,without_edge_01,1.5999999999999996,0.7,-1.6893514783281116
6-31g,full,1.5999999999999996,0.7999999999999999,-1.7619724761947384
6-31g,one_electron_cross_deleted,1.5999999999999996,0.7999999999999999,-0.9644418998254278
6-31g,without_edge_01,1.5999999999999996,0.7999999999999999,-1.7128468092321998
6-31g,full,1.5999999999999996,0.8999999999999999,-1.7618487274400434
6-31g,one_electron_cross_deleted,1.5999999999999996,0.8999999999999999,-1.075822242767794
6-31g,without_edge_01,1.5999999999999996,0.8999999999999999,-1.714863342688505
6-31g,full,1.5999999999999996,0.9999999999999999,-1.7500665897192156
6-31g,one_electron_cross_deleted,1.5999999999999996,0.9999999999999999,-1.1559179546899716
6-31g,without_edge_01,1.5999999999999996,0.9999999999999999,-1.7058079881624253
6-31g,full,1.5999999999999996,1.0999999999999999,-1.732514173291484
6-31g,one_electron_cross_deleted,1.5999999999999996,1.0999999999999999,-1.21460812015816
6-31g,without_edge_01,1.5999999999999996,1.0999999999999999,-1.6915034649415315
6-31g,full,1.5999999999999996,1.1999999999999997,-1.7125186776551726
6-31g,one_electron_cross_deleted,1.5999999999999996,1.1999999999999997,-1.2584896324596153
6-31g,without_edge_01,1.5999999999999996,1.1999999999999997,-1.675208620851656
6-31g,full,1.5999999999999996,1.2999999999999998,-1.6919581955603855
6-31g,one_electron_cross_deleted,1.5999999999999996,1.2999999999999998,-1.2920144605077761
6-31g,without_edge_01,1.5999999999999996,1.2999999999999998,-1.6587196940450843
6-31g,full,1.5999999999999996,1.4,-1.6718872767174338
6-31g,one_electron_cross_deleted,1.5999999999999996,1.4,-1.3181793581512715
6-31g,without_edge_01,1.5999999999999996,1.4,-1.6429834027698997
6-31g,full,1.5999999999999996,1.4999999999999998,-1.652895877415013
6-31g,one_electron_cross_deleted,1.5999999999999996,1.4999999999999998,-1.3389826627866377
6-31g,without_edge_01,1.5999999999999996,1.4999999999999998,-1.628447721552265
6-31g,full,1.5999999999999996,1.5999999999999996,-1.6353146777286942
6-31g,one_electron_cross_deleted,1.5999999999999996,1.5999999999999996,-1.3557499445738221
6-31g,without_edge_01,1.5999999999999996,1.5999999999999996,-1.6152698803489303
6-31g,full,1.5999999999999996,1.6999999999999997,-1.638733290899996
6-31g,one_electron_cross_deleted,1.5999999999999996,1.6999999999999997,-1.3693695432011734
6-31g,without_edge_01,1.5999999999999996,1.6999999999999997,-1.6034439198560164
6-31g,full,1.5999999999999996,1.7999999999999998,-1.6402939695165875
6-31g,one_electron_cross_deleted,1.5999999999999996,1.7999999999999998,-1.3804565269406954
6-31g,without_edge_01,1.5999999999999996,1.7999999999999998,-1.592881227985967
6-31g,full,1.5999999999999996,1.8999999999999997,-1.6404666753055532
6-31g,one_electron_cross_deleted,1.5999999999999996,1.8999999999999997,-1.3894600233926746
6-31g,without_edge_01,1.5999999999999996,1.8999999999999997,-1.5834614094232489
6-31g,full,1.5999999999999996,1.9999999999999996,-1.6396338584923666
6-31g,one_electron_cross_deleted,1.5999999999999996,1.9999999999999996,-1.3967289795878075
6-31g,without_edge_01,1.5999999999999996,1.9999999999999996,-1.5750622524833913
6-31g,full,1.5999999999999996,2.0999999999999996,-1.638102787110898
6-31g,one_electron_cross_deleted,1.5999999999999996,2.0999999999999996,-1.4025498426782013
6-31g,without_edge_01,1.5999999999999996,2.0999999999999996,-1.5675744488808994
6-31g,full,1.5999999999999996,2.1999999999999997,-1.6361162820557722
6-31g,one_electron_cross_deleted,1.5999999999999996,2.1999999999999997,-1.4071666650179997
6-31g,without_edge_01,1.5999999999999996,2.1999999999999997,-1.560906138936074
6-31g,full,1.5999999999999996,2.3,-1.6338625904329493
6-31g,one_electron_cross_deleted,1.5999999999999996,2.3,-1.41079102207837
6-31g,without_edge_01,1.5999999999999996,2.3,-1.5549818217701477
6-31g,full,1.5999999999999996,2.3999999999999995,-1.6314844890208604
6-31g,one_electron_cross_deleted,1.5999999999999996,2.3999999999999995,-1.4136065831227091
6-31g,without_edge_01,1.5999999999999996,2.3999999999999995,-1.549739003283907
6-31g,full,1.5999999999999996,2.4999999999999996,-1.6290875115934036
6-31g,one_electron_cross_deleted,1.5999999999999996,2.4999999999999996,-1.4157713125561255
6-31g,without_edge_01,1.5999999999999996,2.4999999999999996,-1.5451245768389164
6-31g,full,1.6999999999999997,0.7,-1.7384098347112493
6-31g,one_electron_cross_deleted,1.6999999999999997,0.7,-0.8213160302146107
6-31g,without_edge_01,1.6999999999999997,0.7,-1.6926028122398042
6-31g,full,1.6999999999999997,0.7999999999999999,-1.761405542293872
6-31g,one_electron_cross_deleted,1.6999999999999997,0.7999999999999999,-0.9786858088466746
6-31g,without_edge_01,1.6999999999999997,0.7999999999999999,-1.716269010806169
6-31g,full,1.6999999999999997,0.8999999999999999,-1.7621678895433028
6-31g,one_electron_cross_deleted,1.6999999999999997,0.8999999999999999,-1.0897844811886337
6-31g,without_edge_01,1.6999999999999997,0.8999999999999999,-1.718342664944604
6-31g,full,1.6999999999999997,0.9999999999999999,-1.751156791090454
6-31g,one_electron_cross_deleted,1.6999999999999997,0.9999999999999999,-1.169728783710224
6-31g,without_edge_01,1.6999999999999997,0.9999999999999999,-1.7092208784323129
6-31g,full,1.6999999999999997,1.0999999999999999,-1.7342558699172135
6-31g,one_electron_cross_deleted,1.6999999999999997,1.0999999999999999,-1.2283469506838456
6-31g,without_edge_01,1.6999999999999997,1.0999999999999999,-1.6947282534721868
6-31g,full,1.6999999999999997,1.1999999999999997,-1.7147951995988362
6-31g,one_electron_cross_deleted,1.6999999999999997,1.1999999999999997,-1.2721951848215953
6-31g,without_edge_01,1.6999999999999997,1.1999999999999997,-1.6781372833600017
6-31g,full,1.6999999999999997,1.2999999999999998,-1.6946602793804468
6-31g,one_electron_cross_deleted,1.6999999999999997,1.2999999999999998,-1.3056989203076725
6-31g,without_edge_01,1.6999999999999997,1.2999999999999998,-1.661269132117442
6-31g,full,1.6999999999999997,1.4,-1.6749151529938364
6-31g,one_electron_cross_deleted,1.6999999999999997,1.4,-1.331842643478902
6-31g,without_edge_01,1.6999999999999997,1.4,-1.6451047727858723
6-31g,full,1.6999999999999997,1.4999999999999998,-1.6561595614027838
6-31g,one_electron_cross_deleted,1.6999999999999997,1.4999999999999998,-1.3526230470906315
6-31g,without_edge_01,1.6999999999999997,1.4999999999999998,-1.6301313772331862
6-31g,full,1.6999999999999997,1.5999999999999996,-1.638733290899999
6-31g,one_electron_cross_deleted,1.6999999999999997,1.5999999999999996,-1.369369543201175
6-31g,without_edge_01,1.6999999999999997,1.5999999999999996,-1.6165436988800566
6-31g,full,1.6999999999999997,1.6999999999999997,-1.622827372099534
6-31g,one_electron_cross_deleted,1.6999999999999997,1.6999999999999997,-1.3829754698166574
6-31g,without_edge_01,1.6999999999999997,1.6999999999999997,-1.6043647751912016
6-31g,full,1.6999999999999997,1.7999999999999998,-1.6244935310360245
6-31g,one_electron_cross_deleted,1.6999999999999997,1.7999999999999998,-1.3940595189136282
6-31g,without_edge_01,1.6999999999999997,1.7999999999999998,-1.593522210551331
6-31g,full,1.6999999999999997,1.8999999999999997,-1.624783454874632
6-31g,one_electron_cross_deleted,1.6999999999999997,1.8999999999999997,-1.4030721799192611
6-31g,without_edge_01,1.6999999999999997,1.8999999999999997,-1.5838989810255772
6-31g,full,1.6999999999999997,1.9999999999999996,-1.6240714379014305
6-31g,one_electron_cross_deleted,1.6999999999999997,1.9999999999999996,-1.4103616564524226
6-31g,without_edge_01,1.6999999999999997,1.9999999999999996,-1.5753667417622017
6-31g,full,1.6999999999999997,2.0999999999999996,-1.622659106144166
6-31g,one_electron_cross_deleted,1.6999999999999997,2.0999999999999996,-1.416212181774462
6-31g,without_edge_01,1.6999999999999997,2.0999999999999996,-1.5678050938610575
6-31g,full,1.6999999999999997,2.1999999999999997,-1.6207855506708704
6-31g,one_electron_cross_deleted,1.6999999999999997,2.1999999999999997,-1.4208648573671985
6-31g,without_edge_01,1.6999999999999997,2.1999999999999997,-1.5611099860487179
6-31g,full,1.6999999999999997,2.3,-1.618636710795365
6-31g,one_electron_cross_deleted,1.6999999999999997,2.3,-1.424528197711587
6-31g,without_edge_01,1.6999999999999997,2.3,-1.5551950123223246
6-31g,full,1.6999999999999997,2.3999999999999995,-1.616354088378555
6-31g,one_electron_cross_deleted,1.6999999999999997,2.3999999999999995,-1.4273831381001112
6-31g,without_edge_01,1.6999999999999997,2.3999999999999995,-1.54998908425836
6-31g,full,1.6999999999999997,2.4999999999999996,-1.614042677044842
6-31g,one_electron_cross_deleted,1.6999999999999997,2.4999999999999996,-1.4295854763870035
6-31g,without_edge_01,1.6999999999999997,2.4999999999999996,-1.5454329113032155
6-31g,full,1.7999999999999998,0.7,-1.7358531476310652
6-31g,one_electron_cross_deleted,1.7999999999999998,0.7,-0.8329875966626386
6-31g,without_edge_01,1.7999999999999998,0.7,-1.6950895864852242
6-31g,full,1.7999999999999998,0.7999999999999999,-1.7596058937641565
6-31g,one_electron_cross_deleted,1.7999999999999998,0.7999999999999999,-0.9900524008473353
6-31g,without_edge_01,1.7999999999999998,0.7999999999999999,-1.7188813670278522
6-31g,full,1.7999999999999998,0.8999999999999999,-1.7610634876110183
6-31g,one_electron_cross_deleted,1.7999999999999998,0.8999999999999999,-1.1009833712185908
6-31g,without_edge_01,1.7999999999999998,0.8999999999999999,-1.720986921468585
6-31g,full,1.7999999999999998,0.9999999999999999,-1.7506708420282169
6-31g,one_electron_cross_deleted,1.7999999999999998,0.9999999999999999,-1.1808529328671304
6-31g,without_edge_01,1.7999999999999998,0.9999999999999999,-1.7117948589062681
6-31g,full,1.7999999999999998,1.0999999999999999,-1.7343049514721165
6-31g,one_electron_cross_deleted,1.7999999999999998,1.0999999999999999,-1.2394493925243752
6-31g,without_edge_01,1.7999999999999998,1.0999999999999999,-1.697130442944954
6-31g,full,1.7999999999999998,1.1999999999999997,-1.7152956198719969
6-31g,one_electron_cross_deleted,1.7999999999999998,1.1999999999999997,-1.2832977959520095
6-31g,without_edge_01,1.7999999999999998,1.1999999999999997,-1.6802757629221674
6-31g,full,1.7999999999999998,1.2999999999999998,-1.6955320032325283
6-31g,one_electron_cross_deleted,1.7999999999999998,1.2999999999999998,-1.3168041584078478
6-31g,without_edge_01,1.7999999999999998,1.2999999999999998,-1.6630702520160472
6-31g,full,1.7999999999999998,1.4,-1.6760836021801495
6-31g,one_electron_cross_deleted,1.7999999999999998,1.4,-1.3429451098593033
6-31g,without_edge_01,1.7999999999999998,1.4,-1.6465211086793676
6-31g,full,1.7999999999999998,1.4999999999999998,-1.6575559056830478
6-31g,one_electron_cross_deleted,1.7999999999999998,1.4999999999999998,-1.3637178844531912
6-31g,without_edge_01,1.7999999999999998,1.4999999999999998,-1.6311474642767914
6-31g,full,1.7999999999999998,1.5999999999999996,-1.640293969516583
6-31g,one_electron_cross_deleted,1.7999999999999998,1.5999999999999996,-1.3804565269406945
6-31g,without_edge_01,1.7999999999999998,1.5999999999999996,-1.6171772803168276
6-31g,full,1.7999999999999998,1.6999999999999997,-1.6244935310360251
6-31g,one_electron_cross_deleted,1.7999999999999998,1.6999999999999997,-1.3940595189136298
6-31g,without_edge_01,1.7999999999999998,1.6999999999999997,-1.6046620246182242
6-31g,full,1.7999999999999998,1.7999999999999998,-1.610256667811334
6-31g,one_electron_cross_deleted,1.7999999999999998,1.7999999999999998,-1.40514915757032
6-31g,without_edge_01,1.7999999999999998,1.7999999999999998,-1.5935477653308245
6-31g,full,1.7999999999999998,1.8999999999999997,-1.6106188899822682
6-31g,one_electron_cross_deleted,1.7999999999999998,1.8999999999999997,-1.4141773416138148
6-31g,without_edge_01,1.7999999999999998,1.8999999999999997,-1.5837240365386622
6-31g,full,1.7999999999999998,1.9999999999999996,-1.6099912971324708
6-31g,one_electron_cross_deleted,1.7999999999999998,1.9999999999999996,-1.421491710326981
6-31g,without_edge_01,1.7999999999999998,1.9999999999999996,-1.5750589394905734
6-31g,full,1.7999999999999998,2.0999999999999996,-1.6086690481037556
6-31g,one_electron_cross_deleted,1.7999999999999998,2.0999999999999996,-1.4273745757596386
6-31g,without_edge_01,1.7999999999999998,2.0999999999999996,-1.5674223491081842
6-31g,full,1.7999999999999998,2.1999999999999997,-1.606886679294082
6-31g,one_electron_cross_deleted,1.7999999999999998,2.1999999999999997,-1.4320644450756792
6-31g,without_edge_01,1.7999999999999998,2.1999999999999997,-1.560698298120929
6-31g,full,1.7999999999999998,2.3,-1.6048269933645527
6-31g,one_electron_cross_deleted,1.7999999999999998,2.3,-1.435767139604908
6-31g,without_edge_01,1.7999999999999998,2.3,-1.5547890464569518
6-31g,full,1.7999999999999998,2.3999999999999995,-1.6026293953329327
6-31g,one_electron_cross_deleted,1.7999999999999998,2.3999999999999995,-1.4386611983927573
6-31g,without_edge_01,1.7999999999999998,2.3999999999999995,-1.5496141098900214
6-31g,full,1.7999999999999998,2.4999999999999996,-1.6003975408878488
6-31g,one_electron_cross_deleted,1.7999999999999998,2.4999999999999996,-1.4409005350440633
6-31g,without_edge_01,1.7999999999999998,2.4999999999999996,-1.5451070364870478
6-31g,full,1.8999999999999997,0.7,-1.7326983370624736
6-31g,one_electron_cross_deleted,1.8999999999999997,0.7,-0.8422195340077296
6-31g,without_edge_01,1.8999999999999997,0.7,-1.6969433314722404
6-31g,full,1.8999999999999997,0.7999999999999999,-1.7570094074708371
6-31g,one_electron_cross_deleted,1.8999999999999997,0.7999999999999999,-0.9990899438414824
6-31g,without_edge_01,1.8999999999999997,0.7999999999999999,-1.720822318573744
6-31g,full,1.8999999999999997,0.8999999999999999,-1.7589945926727868
6-31g,one_electron_cross_deleted,1.8999999999999997,0.8999999999999999,-1.109928862966886
6-31g,without_edge_01,1.8999999999999997,0.8999999999999999,-1.7229402569363628
6-31g,full,1.8999999999999997,0.9999999999999999,-1.7490841791175167
6-31g,one_electron_cross_deleted,1.8999999999999997,0.9999999999999999,-1.1897735858072993
6-31g,without_edge_01,1.8999999999999997,0.9999999999999999,-1.7136788476798586
6-31g,full,1.8999999999999997,1.0999999999999999,-1.7331471584891665
6-31g,one_electron_cross_deleted,1.8999999999999997,1.0999999999999999,-1.2483812417591662
6-31g,without_edge_01,1.8999999999999997,1.0999999999999999,-1.6988631681237805
6-31g,full,1.8999999999999997,1.1999999999999997,-1.7145105715300781
6-31g,one_electron_cross_deleted,1.8999999999999997,1.1999999999999997,-1.2922529848672264
6-31g,without_edge_01,1.8999999999999997,1.1999999999999997,-1.6817814773582036
6-31g,full,1.8999999999999997,1.2999999999999998,-1.6950641321545228
6-31g,one_electron_cross_deleted,1.8999999999999997,1.2999999999999998,-1.325780424430726
6-31g,without_edge_01,1.8999999999999997,1.2999999999999998,-1.6642856043643457
6-31g,full,1.8999999999999997,1.4,-1.6758794734514946
6-31g,one_electron_cross_deleted,1.8999999999999997,1.4,-1.3519349997568453
6-31g,without_edge_01,1.8999999999999997,1.4,-1.6474014549388944
6-31g,full,1.8999999999999997,1.4999999999999998,-1.657564562804899
6-31g,one_electron_cross_deleted,1.8999999999999997,1.4999999999999998,-1.3727153518993558
6-31g,without_edge_01,1.8999999999999997,1.4999999999999998,-1.631672606331883
6-31g,full,1.8999999999999997,1.5999999999999996,-1.6404666753055555
6-31g,one_electron_cross_deleted,1.8999999999999997,1.5999999999999996,-1.3894600233926768
6-31g,without_edge_01,1.8999999999999997,1.5999999999999996,-1.617354756380005
6-31g,full,1.8999999999999997,1.6999999999999997,-1.6247834548746334
6-31g,one_electron_cross_deleted,1.8999999999999997,1.6999999999999997,-1.4030721799192638
6-31g,without_edge_01,1.8999999999999997,1.6999999999999997,-1.6045257479915915
6-31g,full,1.8999999999999997,1.7999999999999998,-1.6106188899822667
6-31g,one_electron_cross_deleted,1.8999999999999997,1.7999999999999998,-1.4141773416138164
6-31g,without_edge_01,1.8999999999999997,1.7999999999999998,-1.5931513139970623
6-31g,full,1.8999999999999997,1.8999999999999997,-1.5980096791592047
6-31g,one_electron_cross_deleted,1.8999999999999997,1.8999999999999997,-1.4232286707041721
6-31g,without_edge_01,1.8999999999999997,1.8999999999999997,-1.5831305008724383
6-31g,full,1.8999999999999997,1.9999999999999996,-1.5974306023945637
6-31g,one_electron_cross_deleted,1.8999999999999997,1.9999999999999996,-1.4305733416257835
6-31g,without_edge_01,1.8999999999999997,1.9999999999999996,-1.574330832263004
6-31g,full,1.8999999999999997,2.0999999999999996,-1.5961687136509144
6-31g,one_electron_cross_deleted,1.8999999999999997,2.0999999999999996,-1.4364920279277773
6-31g,without_edge_01,1.8999999999999997,2.0999999999999996,-1.5666144493926653
6-31g,full,1.8999999999999997,2.1999999999999997,-1.5944535986174015
6-31g,one_electron_cross_deleted,1.8999999999999997,2.1999999999999997,-1.4412210263763492
6-31g,without_edge_01,1.8999999999999997,2.1999999999999997,-1.5598543298259342
6-31g,full,1.8999999999999997,2.3,-1.5924644285388405
6-31g,one_electron_cross_deleted,1.8999999999999997,2.3,-1.444963875577463
6-31g,without_edge_01,1.8999999999999997,2.3,-1.5539414379647734
6-31g,full,1.8999999999999997,2.3999999999999995,-1.590337967692557
6-31g,one_electron_cross_deleted,1.8999999999999997,2.3999999999999995,-1.4478971001404544
6-31g,without_edge_01,1.8999999999999997,2.3999999999999995,-1.54878548642845
6-31g,full,1.8999999999999997,2.4999999999999996,-1.5881759601206014
6-31g,one_electron_cross_deleted,1.8999999999999997,2.4999999999999996,-1.4501730499898957
6-31g,without_edge_01,1.8999999999999997,2.4999999999999996,-1.544312288473034
6-31g,full,1.9999999999999996,0.7,-1.729246155296861
6-31g,one_electron_cross_deleted,1.9999999999999996,0.7,-0.8494754379316785
6-31g,without_edge_01,1.9999999999999996,0.7,-1.6982641692484832
6-31g,full,1.9999999999999996,0.7999999999999999,-1.7539491945815464
6-31g,one_electron_cross_deleted,1.9999999999999996,0.7999999999999999,-1.0062247064120347
6-31g,without_edge_01,1.9999999999999996,0.7999999999999999,-1.7222002101912532
6-31g,full,1.9999999999999996,0.8999999999999999,-1.75631898957241
6-31g,one_electron_cross_deleted,1.9999999999999996,0.8999999999999999,-1.1170198788090477
6-31g,without_edge_01,1.9999999999999996,0.8999999999999999,-1.7243170266130812
6-31g,full,1.9999999999999996,0.9999999999999999,-1.7467723060079186
6-31g,one_electron_cross_deleted,1.9999999999999996,0.9999999999999999,-1.1968706303706025
6-31g,without_edge_01,1.9999999999999996,0.9999999999999999,-1.7149909493037323
6-31g,full,1.9999999999999996,1.0999999999999999,-1.7311696021714962
6-31g,one_electron_cross_deleted,1.9999999999999996,1.0999999999999999,-1.2555098169642958
6-31g,without_edge_01,1.9999999999999996,1.0999999999999999,-1.7000463372901566
6-31g,full,1.9999999999999996,1.1999999999999997,-1.712833514842079
6-31g,one_electron_cross_deleted,1.9999999999999996,1.1999999999999997,-1.299420160606139
6-31g,without_edge_01,1.9999999999999996,1.1999999999999997,-1.6827749560750513
6-31g,full,1.9999999999999996,1.2999999999999998,-1.6936520487516176
6-31g,one_electron_cross_deleted,1.9999999999999996,1.2999999999999998,-1.3329823292134662
6-31g,without_edge_01,1.9999999999999996,1.2999999999999998,-1.6650362808935042
6-31g,full,1.9999999999999996,1.4,-1.6746964510402864
6-31g,one_electron_cross_deleted,1.9999999999999996,1.4,-1.3591640646158871
6-31g,without_edge_01,1.9999999999999996,1.4,-1.6478685101608441
6-31g,full,1.9999999999999996,1.4999999999999998,-1.6565746669915238
6-31g,one_electron_cross_deleted,1.9999999999999996,1.4999999999999998,-1.3799654805461636
6-31g,without_edge_01,1.9999999999999996,1.4999999999999998,-1.6318326648808514
6-31g,full,1.9999999999999996,1.5999999999999996,-1.6396338584923693
6-31g,one_electron_cross_deleted,1.9999999999999996,1.5999999999999996,-1.396728979587811
6-31g,without_edge_01,1.9999999999999996,1.5999999999999996,-1.6172062639772793
6-31g,full,1.9999999999999996,1.6999999999999997,-1.6240714379014294
6-31g,one_electron_cross_deleted,1.9999999999999996,1.6999999999999997,-1.410361656452425
6-31g,without_edge_01,1.9999999999999996,1.6999999999999997,-1.60409030323997
6-31g,full,1.9999999999999996,1.7999999999999998,-1.6099912971324704
6-31g,one_electron_cross_deleted,1.9999999999999996,1.7999999999999998,-1.421491710326982
6-31g,without_edge_01,1.9999999999999996,1.7999999999999998,-1.5924702105663162
6-31g,full,1.9999999999999996,1.8999999999999997,-1.5974306023945621
6-31g,one_electron_cross_deleted,1.9999999999999996,1.8999999999999997,-1.4305733416257833
6-31g,without_edge_01,1.9999999999999996,1.8999999999999997,-1.5822569417448291
6-31g,full,1.9999999999999996,1.9999999999999996,-1.5863732707307963
6-31g,one_electron_cross_deleted,1.9999999999999996,1.9999999999999996,-1.4379533267360938
6-31g,without_edge_01,1.9999999999999996,1.9999999999999996,-1.573320557045813
6-31g,full,1.9999999999999996,2.0999999999999996,-1.5851423126118398
6-31g,one_electron_cross_deleted,1.9999999999999996,2.0999999999999996,-1.4439109744658296
6-31g,without_edge_01,1.9999999999999996,2.0999999999999996,-1.5655179759524342
6-31g,full,1.9999999999999996,2.1999999999999997,-1.5834691427194052
6-31g,one_electron_cross_deleted,1.9999999999999996,2.1999999999999997,-1.448680755385308
6-31g,without_edge_01,1.9999999999999996,2.1999999999999997,-1.558712555509545
6-31g,full,1.9999999999999996,2.3,-1.5815295881541485
6-31g,one_electron_cross_deleted,1.9999999999999996,2.3,-1.4524643371900645
6-31g,without_edge_01,1.9999999999999996,2.3,-1.552784483928978
6-31g,full,1.9999999999999996,2.3999999999999995,-1.5794574959855445
6-31g,one_electron_cross_deleted,1.9999999999999996,2.3999999999999995,-1.4554366107038283
6-31g,without_edge_01,1.9999999999999996,2.3999999999999995,-1.5476336509091275
6-31g,full,1.9999999999999996,2.4999999999999996,-1.5773523476153002
6-31g,one_electron_cross_deleted,1.9999999999999996,2.4999999999999996,-1.4577486781776388
6-31g,without_edge_01,1.9999999999999996,2.4999999999999996,-1.543177909192772
6-31g,full,2.0999999999999996,0.7,-1.7257150753278223
6-31g,one_electron_cross_deleted,2.0999999999999996,0.7,-0.8551290039350716
6-31g,without_edge_01,2.0999999999999996,0.7,-1.6991398504087627
6-31g,full,2.0999999999999996,0.7999999999999999,-1.7506745029561661
6-31g,one_electron_cross_deleted,2.0999999999999996,0.7999999999999999,-1.0118043022956265
6-31g,without_edge_01,2.0999999999999996,0.7999999999999999,-1.7231102734576544
6-31g,full,2.0999999999999996,0.8999999999999999,-1.753309929072588
6-31g,one_electron_cross_deleted,2.0999999999999996,0.8999999999999999,-1.122585089237612
6-31g,without_edge_01,2.0999999999999996,0.8999999999999999,-1.7252173590074515
6-31g,full,2.0999999999999996,0.9999999999999999,-1.744026187805365
6-31g,one_electron_cross_deleted,2.0999999999999996,0.9999999999999999,-1.2024594743460528
6-31g,without_edge_01,2.0999999999999996,0.9999999999999999,-1.715833445321202
6-31g,full,2.0999999999999996,1.0999999999999999,-1.7286753886479382
6-31g,one_electron_cross_deleted,2.0999999999999996,1.0999999999999999,-1.2611414347961833
6-31g,without_edge_01,2.0999999999999996,1.0999999999999999,-1.7007819040469805
6-31g,full,2.0999999999999996,1.1999999999999997,-1.7105749171247586
6-31g,one_electron_cross_deleted,2.0999999999999996,1.1999999999999997,-1.3050993502950834
6-31g,without_edge_01,2.0999999999999996,1.1999999999999997,-1.6833560794656717
6-31g,full,2.0999999999999996,1.2999999999999998,-1.6916095918338645
6-31g,one_electron_cross_deleted,2.0999999999999996,1.2999999999999998,-1.3387053405093423
6-31g,without_edge_01,2.0999999999999996,1.2999999999999998,-1.6654195046894202
6-31g,full,2.0999999999999996,1.4,-1.6728485092343095
6-31g,one_electron_cross_deleted,2.0999999999999996,1.4,-1.3649242270346376
6-31g,without_edge_01,2.0999999999999996,1.4,-1.6480175744799714
6-31g,full,2.0999999999999996,1.4999999999999998,-1.6548977912298035
6-31g,one_electron_cross_deleted,2.0999999999999996,1.4999999999999998,-1.385757252909099
6-31g,without_edge_01,2.0999999999999996,1.4999999999999998,-1.631722728130101
6-31g,full,2.0999999999999996,1.5999999999999996,-1.6381027871108977
6-31g,one_electron_cross_deleted,2.0999999999999996,1.5999999999999996,-1.4025498426782046
6-31g,without_edge_01,2.0999999999999996,1.5999999999999996,-1.616828536206882
6-31g,full,2.0999999999999996,1.6999999999999997,-1.6226591061441689
6-31g,one_electron_cross_deleted,2.0999999999999996,1.6999999999999997,-1.416212181774464
6-31g,without_edge_01,2.0999999999999996,1.6999999999999997,-1.6034551659326144
6-31g,full,2.0999999999999996,1.7999999999999998,-1.6086690481037522
6-31g,one_electron_cross_deleted,2.0999999999999996,1.7999999999999998,-1.4273745757596366
6-31g,without_edge_01,2.0999999999999996,1.7999999999999998,-1.5916066149080488
6-31g,full,2.0999999999999996,1.8999999999999997,-1.5961687136509162
6-31g,one_electron_cross_deleted,2.0999999999999996,1.8999999999999997,-1.4364920279277777
6-31g,without_edge_01,2.0999999999999996,1.8999999999999997,-1.5812073079447888
6-31g,full,2.0999999999999996,1.9999999999999996,-1.5851423126118425
6-31g,one_electron_cross_deleted,2.0999999999999996,1.9999999999999996,-1.4439109744658296
6-31g,without_edge_01,2.0999999999999996,1.9999999999999996,-1.5721327865596852
6-31g,full,2.0999999999999996,2.0999999999999996,-1.5755292251901196
6-31g,one_electron_cross_deleted,2.0999999999999996,2.0999999999999996,-1.4499096178075306
6-31g,without_edge_01,2.0999999999999996,2.0999999999999996,-1.5642376026405687
6-31g,full,2.0999999999999996,2.1999999999999997,-1.573875864118956
6-31g,one_electron_cross_deleted,2.0999999999999996,2.1999999999999997,-1.4547209631216744
6-31g,without_edge_01,2.0999999999999996,2.1999999999999997,-1.5573774380409273
6-31g,full,2.0999999999999996,2.3,-1.5719637389481835
6-31g,one_electron_cross_deleted,2.0999999999999996,2.3,-1.458545189224188
6-31g,without_edge_01,2.0999999999999996,2.3,-1.5514226752795877
6-31g,full,2.0999999999999996,2.3999999999999995,-1.5699271962322097
6-31g,one_electron_cross_deleted,2.0999999999999996,2.3999999999999995,-1.461555900664125
6-31g,without_edge_01,2.0999999999999996,2.3999999999999995,-1.5462636933138716
6-31g,full,2.0999999999999996,2.4999999999999996,-1.567863328956723
6-31g,one_electron_cross_deleted,2.0999999999999996,2.4999999999999996,-1.463903234641646
6-31g,without_edge_01,2.0999999999999996,2.4999999999999996,-1.5418103959612
6-31g,full,2.1999999999999997,0.7,-1.7222579387284815
6-31g,one_electron_cross_deleted,2.1999999999999997,0.7,-0.8594898361813392
6-31g,without_edge_01,2.1999999999999997,0.7,-1.6996519132957033
6-31g,full,2.1999999999999997,0.7999999999999999,-1.747366012584072
6-31g,one_electron_cross_deleted,2.1999999999999997,0.7999999999999999,-1.016120689985994
6-31g,without_edge_01,2.1999999999999997,0.7999999999999999,-1.7236401711241278
6-31g,full,2.1999999999999997,0.8999999999999999,-1.7501703602375387
6-31g,one_electron_cross_deleted,2.1999999999999997,0.8999999999999999,-1.1269037533894415
6-31g,without_edge_01,2.1999999999999997,0.8999999999999999,-1.7257324379496408
6-31g,full,2.1999999999999997,0.9999999999999999,-1.741065729989442
6-31g,one_electron_cross_deleted,2.1999999999999997,0.9999999999999999,-1.20681038529044
6-31g,without_edge_01,2.1999999999999997,0.9999999999999999,-1.716298258454752
6-31g,full,2.1999999999999997,1.0999999999999999,-1.7258965749993196
6-31g,one_electron_cross_deleted,2.1999999999999997,1.0999999999999999,-1.2655398785249339
6-31g,without_edge_01,2.1999999999999997,1.0999999999999999,-1.7011599584439423
6-31g,full,2.1999999999999997,1.1999999999999997,-1.7079748054622665
6-31g,one_electron_cross_deleted,2.1999999999999997,1.1999999999999997,-1.3095493527222606
6-31g,without_edge_01,2.1999999999999997,1.1999999999999997,-1.6836111676270866
6-31g,full,2.1999999999999997,1.2999999999999998,-1.6891812306220158
6-31g,one_electron_cross_deleted,2.1999999999999997,1.2999999999999998,-1.3432040679470831
6-31g,without_edge_01,2.1999999999999997,1.2999999999999998,-1.665516936778269
6-31g,full,2.1999999999999997,1.4,-1.6705816722855058
6-31g,one_electron_cross_deleted,2.1999999999999997,1.4,-1.3694663152127782
6-31g,without_edge_01,2.1999999999999997,1.4,-1.6479260669935365
6-31g,full,2.1999999999999997,1.4999999999999998,-1.6527792288309628
6-31g,one_electron_cross_deleted,2.1999999999999997,1.4999999999999998,-1.3903379796282391
6-31g,without_edge_01,2.1999999999999997,1.4999999999999998,-1.631417583451309
6-31g,full,2.1999999999999997,1.5999999999999996,-1.6361162820557742
6-31g,one_electron_cross_deleted,2.1999999999999997,1.5999999999999996,-1.4071666650180013
6-31g,without_edge_01,2.1999999999999997,1.5999999999999996,-1.6162959273277817
6-31g,full,2.1999999999999997,1.6999999999999997,-1.6207855506708682
6-31g,one_electron_cross_deleted,2.1999999999999997,1.6999999999999997,-1.4208648573671927
6-31g,without_edge_01,2.1999999999999997,1.6999999999999997,-1.602696143271635
6-31g,full,2.1999999999999997,1.7999999999999998,-1.6068866792940797
6-31g,one_electron_cross_deleted,2.1999999999999997,1.7999999999999998,-1.4320644450756788
6-31g,without_edge_01,2.1999999999999997,1.7999999999999998,-1.5906386797032714
6-31g,full,2.1999999999999997,1.8999999999999997,-1.5944535986174004
6-31g,one_electron_cross_deleted,2.1999999999999997,1.8999999999999997,-1.4412210263763472
6-31g,without_edge_01,2.1999999999999997,1.8999999999999997,-1.5800619669887481
6-31g,full,2.1999999999999997,1.9999999999999996,-1.583469142719408
6-31g,one_electron_cross_deleted,2.1999999999999997,1.9999999999999996,-1.4486807553853092
6-31g,without_edge_01,2.1999999999999997,1.9999999999999996,-1.5708494766329746
6-31g,full,2.1999999999999997,2.0999999999999996,-1.5738758641189539
6-31g,one_electron_cross_deleted,2.1999999999999997,2.0999999999999996,-1.4547209631216718
6-31g,without_edge_01,2.1999999999999997,2.0999999999999996,-1.5628563469685512
6-31g,full,2.1999999999999997,2.1999999999999997,-1.5655747939989397
6-31g,one_electron_cross_deleted,2.1999999999999997,2.1999999999999997,-1.4595735100394704
6-31g,without_edge_01,2.1999999999999997,2.1999999999999997,-1.5559329354119367
6-31g,full,2.1999999999999997,2.3,-1.5636795033505988
6-31g,one_electron_cross_deleted,2.1999999999999997,2.3,-1.4634374190282002
6-31g,without_edge_01,2.1999999999999997,2.3,-1.549941204725792
6-31g,full,2.1999999999999997,2.3999999999999995,-1.5616587404990188
6-31g,one_electron_cross_deleted,2.1999999999999997,2.3999999999999995,-1.4664853046444046
6-31g,without_edge_01,2.1999999999999997,2.3999999999999995,-1.5447626287564564
6-31g,full,2.1999999999999997,2.4999999999999996,-1.5596189391595388
6-31g,one_electron_cross_deleted,2.1999999999999997,2.4999999999999996,-1.468866573314904
6-31g,without_edge_01,2.1999999999999997,2.4999999999999996,-1.5402993364984925
6-31g,full,2.3,0.7,-1.7189758773093873
6-31g,one_electron_cross_deleted,2.3,0.7,-0.8628175016127995
6-31g,without_edge_01,2.3,0.7,-1.6998761650071197
6-31g,full,2.3,0.7999999999999999,-1.7441492720910645
6-31g,one_electron_cross_deleted,2.3,0.7999999999999999,-1.0194218705825397
6-31g,without_edge_01,2.3,0.7999999999999999,-1.723870502201545
6-31g,full,2.3,0.8999999999999999,-1.7470458759312142
6-31g,one_electron_cross_deleted,2.3,0.8999999999999999,-1.1302156622230566
6-31g,without_edge_01,2.3,0.8999999999999999,-1.7259452250414524
6-31g,full,2.3,0.9999999999999999,-1.7380522658893376
6-31g,one_electron_cross_deleted,2.3,0.9999999999999999,-1.210157274090972
6-31g,without_edge_01,2.3,0.9999999999999999,-1.716468111402169
6-31g,full,2.3,1.0999999999999999,-1.7230062310387724
6-31g,one_electron_cross_deleted,2.3,1.0999999999999999,-1.2689345707746247
6-31g,without_edge_01,2.3,1.0999999999999999,-1.7012605386614665
6-31g,full,2.3,1.1999999999999997,-1.705214416979284
6-31g,one_electron_cross_deleted,2.3,1.1999999999999997,-1.3129957653010311
6-31g,without_edge_01,2.3,1.1999999999999997,-1.6836156372005011
6-31g,full,2.3,1.2999999999999998,-1.6865532991495633
6-31g,one_electron_cross_deleted,2.3,1.2999999999999998,-1.3467005008734771
6-31g,without_edge_01,2.3,1.2999999999999998,-1.6653983092668643
6-31g,full,2.3,1.4,-1.6680848165032596
6-31g,one_electron_cross_deleted,2.3,1.4,-1.3730087532779436
6-31g,without_edge_01,2.3,1.4,-1.6476581408436313
6-31g,full,2.3,1.4999999999999998,-1.6504083416331625
6-31g,one_electron_cross_deleted,2.3,1.4999999999999998,-1.3939225784018279
6-31g,without_edge_01,2.3,1.4999999999999998,-1.630977135776449
6-31g,full,2.3,1.5999999999999996,-1.6338625904329465
6-31g,one_electron_cross_deleted,2.3,1.5999999999999996,-1.410791022078367
6-31g,without_edge_01,2.3,1.5999999999999996,-1.6156662963460449
6-31g,full,2.3,1.6999999999999997,-1.6186367107953679
6-31g,one_electron_cross_deleted,2.3,1.6999999999999997,-1.4245281977115898
6-31g,without_edge_01,2.3,1.6999999999999997,-1.6018713661127335
6-31g,full,2.3,1.7999999999999998,-1.6048269933645503
6-31g,one_electron_cross_deleted,2.3,1.7999999999999998,-1.4357671396049083
6-31g,without_edge_01,2.3,1.7999999999999998,-1.5896264256091586
6-31g,full,2.3,1.8999999999999997,-1.5924644285388425
6-31g,one_electron_cross_deleted,2.3,1.8999999999999997,-1.4449638755774654
6-31g,without_edge_01,2.3,1.8999999999999997,-1.5788833816414638
6-31g,full,2.3,1.9999999999999996,-1.581529588154147
6-31g,one_electron_cross_deleted,2.3,1.9999999999999996,-1.4524643371900625
6-31g,without_edge_01,2.3,1.9999999999999996,-1.5695352960687043
6-31g,full,2.3,2.0999999999999996,-1.5719637389481855
6-31g,one_electron_cross_deleted,2.3,2.0999999999999996,-1.4585451892241883
6-31g,without_edge_01,2.3,2.0999999999999996,-1.5614406519028794
6-31g,full,2.3,2.1999999999999997,-1.5636795033505944
6-31g,one_electron_cross_deleted,2.3,2.1999999999999997,-1.4634374190281976
6-31g,without_edge_01,2.3,2.1999999999999997,-1.5544470811925428
6-31g,full,2.3,2.3,-1.5565452102553865
6-31g,one_electron_cross_deleted,2.3,2.3,-1.467339168994348
6-31g,without_edge_01,2.3,2.3,-1.5484098860319688
6-31g,full,2.3,2.3999999999999995,-1.5545467859857631
6-31g,one_electron_cross_deleted,2.3,2.3999999999999995,-1.4704223023982357
6-31g,without_edge_01,2.3,2.3999999999999995,-1.5432025283958966
6-31g,full,2.3,2.4999999999999996,-1.5525133556539623
6-31g,one_electron_cross_deleted,2.3,2.4999999999999996,-1.472835677038917
6-31g,without_edge_01,2.3,2.4999999999999996,-1.5387196814313782
6-31g,full,2.3999999999999995,0.7,-1.7159304023421753
6-31g,one_electron_cross_deleted,2.3999999999999995,0.7,-0.8653294566500525
6-31g,without_edge_01,2.3999999999999995,0.7,-1.69988133179779
6-31g,full,2.3999999999999995,0.7999999999999999,-1.7411067089262944
6-31g,one_electron_cross_deleted,2.3999999999999995,0.7999999999999999,-1.0219179444721629
6-31g,without_edge_01,2.3999999999999995,0.7999999999999999,-1.7238736679381677
6-31g,full,2.3999999999999995,0.8999999999999999,-1.7440365032292822
6-31g,one_electron_cross_deleted,2.3999999999999995,0.8999999999999999,-1.1327258219497898
6-31g,without_edge_01,2.3999999999999995,0.8999999999999999,-1.7259296429898003
6-31g,full,2.3999999999999995,0.9999999999999999,-1.735100033982822
6-31g,one_electron_cross_deleted,2.3999999999999995,0.9999999999999999,-1.2127014845610038
6-31g,without_edge_01,2.3999999999999995,0.9999999999999999,-1.7164161311385717
6-31g,full,2.3999999999999995,1.0999999999999999,-1.7201295487455899
6-31g,one_electron_cross_deleted,2.3999999999999995,1.0999999999999999,-1.271523899483522
6-31g,without_edge_01,2.3999999999999995,1.0999999999999999,-1.7011537611336198
6-31g,full,2.3999999999999995,1.1999999999999997,-1.7024269130191088
6-31g,one_electron_cross_deleted,2.3999999999999995,1.1999999999999997,-1.3156342006787352
6-31g,without_edge_01,2.3999999999999995,1.1999999999999997,-1.6834347642618717
6-31g,full,2.3999999999999995,1.2999999999999998,-1.6838643050476803
6-31g,one_electron_cross_deleted,2.3999999999999995,1.2999999999999998,-1.3493873794850457
6-31g,without_edge_01,2.3999999999999995,1.2999999999999998,-1.6651229152929288
6-31g,full,2.3999999999999995,1.4,-1.665499572946299
6-31g,one_electron_cross_deleted,2.3999999999999995,1.4,-1.3757412600366368
6-31g,without_edge_01,2.3999999999999995,1.4,-1.647266934554545
6-31g,full,2.3999999999999995,1.4999999999999998,-1.6479280602464788
6-31g,one_electron_cross_deleted,2.3999999999999995,1.4999999999999998,-1.3966976935382722
6-31g,without_edge_01,2.3999999999999995,1.4999999999999998,-1.6304493253985615
6-31g,full,2.3999999999999995,1.5999999999999996,-1.6314844890208642
6-31g,one_electron_cross_deleted,2.3999999999999995,1.5999999999999996,-1.4136065831227125
6-31g,without_edge_01,2.3999999999999995,1.5999999999999996,-1.6149843367939938
6-31g,full,2.3999999999999995,1.6999999999999997,-1.6163540883785599
6-31g,one_electron_cross_deleted,2.3999999999999995,1.6999999999999997,-1.4273831381001152
6-31g,without_edge_01,2.3999999999999995,1.6999999999999997,-1.601024696650105
6-31g,full,2.3999999999999995,1.7999999999999998,-1.602629395332929
6-31g,one_electron_cross_deleted,2.3999999999999995,1.7999999999999998,-1.4386611983927522
6-31g,without_edge_01,2.3999999999999995,1.7999999999999998,-1.5886149735307278
6-31g,full,2.3999999999999995,1.8999999999999997,-1.590337967692557
6-31g,one_electron_cross_deleted,2.3999999999999995,1.8999999999999997,-1.4478971001404584
6-31g,without_edge_01,2.3999999999999995,1.8999999999999997,-1.5777190834606616
6-31g,full,2.3999999999999995,1.9999999999999996,-1.5794574959855443
6-31g,one_electron_cross_deleted,2.3999999999999995,1.9999999999999996,-1.4554366107038268
6-31g,without_edge_01,2.3999999999999995,1.9999999999999996,-1.5682403610703255
6-31g,full,2.3999999999999995,2.0999999999999996,-1.5699271962322094
6-31g,one_electron_cross_deleted,2.3999999999999995,2.0999999999999996,-1.4615559006641266
6-31g,without_edge_01,2.3999999999999995,2.0999999999999996,-1.56004288346662
6-31g,full,2.3999999999999995,2.1999999999999997,-1.5616587404990172
6-31g,one_electron_cross_deleted,2.3999999999999995,2.1999999999999997,-1.4664853046444017
6-31g,without_edge_01,2.3999999999999995,2.1999999999999997,-1.5529741854136252
6-31g,full,2.3999999999999995,2.3,-1.5545467859857598
6-31g,one_electron_cross_deleted,2.3999999999999995,2.3,-1.4704223023982306
6-31g,without_edge_01,2.3999999999999995,2.3,-1.5468849679734982
6-31g,full,2.3999999999999995,2.3999999999999995,-1.5484457009154613
6-31g,one_electron_cross_deleted,2.3999999999999995,2.3999999999999995,-1.4735381891666588
6-31g,without_edge_01,2.3999999999999995,2.3999999999999995,-1.5416418724654855
6-31g,full,2.3999999999999995,2.4999999999999996,-1.5464340852257736
6-31g,one_electron_cross_deleted,2.3999999999999995,2.4999999999999996,-1.4759814079252696
6-31g,without_edge_01,2.3999999999999995,2.4999999999999996,-1.5371326077331
6-31g,full,2.4999999999999996,0.7,-1.71315377690716
6-31g,one_electron_cross_deleted,2.4999999999999996,0.7,-0.8672061552568509
6-31g,without_edge_01,2.4999999999999996,0.7,-1.6997276563948702
6-31g,full,2.4999999999999996,0.7999999999999999,-1.7382880973519277
6-31g,one_electron_cross_deleted,2.4999999999999996,0.7999999999999999,-1.0237848132375404
6-31g,without_edge_01,2.4999999999999996,0.7999999999999999,-1.7237126843911588
6-31g,full,2.4999999999999996,0.8999999999999999,-1.7412070888962852
6-31g,one_electron_cross_deleted,2.4999999999999996,0.8999999999999999,-1.1346071261020994
6-31g,without_edge_01,2.4999999999999996,0.8999999999999999,-1.7257496496170344
6-31g,full,2.4999999999999996,0.9999999999999999,-1.7322863507773802
6-31g,one_electron_cross_deleted,2.4999999999999996,0.9999999999999999,-1.2146137877973437
6-31g,without_edge_01,2.4999999999999996,0.9999999999999999,-1.7162052297716102
6-31g,full,2.4999999999999996,1.0999999999999999,-1.7173537227892706
6-31g,one_electron_cross_deleted,2.4999999999999996,1.0999999999999999,-1.2734768414632047
6-31g,without_edge_01,2.4999999999999996,1.0999999999999999,-1.7008995608757476
6-31g,full,2.4999999999999996,1.1999999999999997,-1.699706928574675
6-31g,one_electron_cross_deleted,2.4999999999999996,1.1999999999999997,-1.3176317855773696
6-31g,without_edge_01,2.4999999999999996,1.1999999999999997,-1.6831238519054998
6-31g,full,2.4999999999999996,1.2999999999999998,-1.681214136558281
6-31g,one_electron_cross_deleted,2.4999999999999996,1.2999999999999998,-1.351429747906454
6-31g,without_edge_01,2.4999999999999996,1.2999999999999998,-1.6647402839205174
6-31g,full,2.4999999999999996,1.4,-1.662929195917483
6-31g,one_electron_cross_deleted,2.4999999999999996,1.4,-1.3778265712374875
6-31g,without_edge_01,2.4999999999999996,1.4,-1.6467958168046757
6-31g,full,2.4999999999999996,1.4999999999999998,-1.6454434250025654
6-31g,one_electron_cross_deleted,2.4999999999999996,1.4999999999999998,-1.3988236480937695
6-31g,without_edge_01,2.4999999999999996,1.4999999999999998,-1.6298719255643723
6-31g,full,2.4999999999999996,1.5999999999999996,-1.6290875115934034
6-31g,one_electron_cross_deleted,2.4999999999999996,1.5999999999999996,-1.415771312556123
6-31g,without_edge_01,2.4999999999999996,1.5999999999999996,-1.6142837694427867
6-31g,full,2.4999999999999996,1.6999999999999997,-1.6140426770448433
6-31g,one_electron_cross_deleted,2.4999999999999996,1.6999999999999997,-1.4295854763870017
6-31g,without_edge_01,2.4999999999999996,1.6999999999999997,-1.6001880329643101
6-31g,full,2.4999999999999996,1.7999999999999998,-1.6003975408878495
6-31g,one_electron_cross_deleted,2.4999999999999996,1.7999999999999998,-1.440900535044064
6-31g,without_edge_01,2.4999999999999996,1.7999999999999998,-1.5876366813157798
6-31g,full,2.4999999999999996,1.8999999999999997,-1.5881759601206011
6-31g,one_electron_cross_deleted,2.4999999999999996,1.8999999999999997,-1.4501730499898946
6-31g,without_edge_01,2.4999999999999996,1.8999999999999997,-1.5766035120029855
6-31g,full,2.4999999999999996,1.9999999999999996,-1.5773523476152964
6-31g,one_electron_cross_deleted,2.4999999999999996,1.9999999999999996,-1.457748678177638
6-31g,without_edge_01,2.4999999999999996,1.9999999999999996,-1.5670018102010457
6-31g,full,2.4999999999999996,2.0999999999999996,-1.5678633289567256
6-31g,one_electron_cross_deleted,2.4999999999999996,2.0999999999999996,-1.4639032346416496
6-31g,without_edge_01,2.4999999999999996,2.0999999999999996,-1.5587027219032537
6-31g,full,2.4999999999999996,2.1999999999999997,-1.5596189391595419
6-31g,one_electron_cross_deleted,2.4999999999999996,2.1999999999999997,-1.4688665733149067
6-31g,without_edge_01,2.4999999999999996,2.1999999999999997,-1.5515560713039591
6-31g,full,2.4999999999999996,2.3,-1.552513355653967
6-31g,one_electron_cross_deleted,2.4999999999999996,2.3,-1.4728356770389217
6-31g,without_edge_01,2.4999999999999996,2.3,-1.5454101887374558
6-31g,full,2.4999999999999996,2.3999999999999995,-1.546434085225774
6-31g,one_electron_cross_deleted,2.4999999999999996,2.3999999999999995,-1.47598140792527
6-31g,without_edge_01,2.4999999999999996,2.3999999999999995,-1.5401263790558586
6-31g,full,2.4999999999999996,2.4999999999999996,-1.5412159076759726
6-31g,one_electron_cross_deleted,2.4999999999999996,2.4999999999999996,-1.478451887483678
6-31g,without_edge_01,2.4999999999999996,2.4999999999999996,-1.5355860984867193
cc-pvdz,full,0.7,0.7,-1.5078861156154941
cc-pvdz,one_electron_cross_deleted,0.7,0.7,1.6437343275112704
cc-pvdz,without_edge_01,0.7,0.7,-0.7268333618683176
cc-pvdz,full,0.7,0.7999999999999999,-1.6114666427151914
cc-pvdz,one_electron_cross_deleted,0.7,0.7999999999999999,1.3537773024923245
cc-pvdz,without_edge_01,0.7,0.7999999999999999,-0.8013982920595772
cc-pvdz,full,0.7,0.8999999999999999,-1.6795830297162713
cc-pvdz,one_electron_cross_deleted,0.7,0.8999999999999999,1.1179548951742553
cc-pvdz,without_edge_01,0.7,0.8999999999999999,-0.8643356798459436
cc-pvdz,full,0.7,0.9999999999999999,-1.7235591300965414
cc-pvdz,one_electron_cross_deleted,0.7,0.9999999999999999,0.9291236209968123
cc-pvdz,without_edge_01,0.7,0.9999999999999999,-0.9133892914931696
cc-pvdz,full,0.7,1.0999999999999999,-1.7508958034947786
cc-pvdz,one_electron_cross_deleted,0.7,1.0999999999999999,0.7795875766840665
cc-pvdz,without_edge_01,0.7,1.0999999999999999,-0.9492133410257826
cc-pvdz,full,0.7,1.1999999999999997,-1.7667622474477147
cc-pvdz,one_electron_cross_deleted,0.7,1.1999999999999997,0.6614511162730135
cc-pvdz,without_edge_01,0.7,1.1999999999999997,-0.9739754270766703
cc-pvdz,full,0.7,1.2999999999999998,-1.774750741711617
cc-pvdz,one_electron_cross_deleted,0.7,1.2999999999999998,0.5674542235057087
cc-pvdz,without_edge_01,0.7,1.2999999999999998,-0.9901540965150022
cc-pvdz,full,0.7,1.4,-1.7773612218012125
cc-pvdz,one_electron_cross_deleted,0.7,1.4,0.49159944341276196
cc-pvdz,without_edge_01,0.7,1.4,-0.9999354135355945
cc-pvdz,full,0.7,1.4999999999999998,-1.7763529458593363
cc-pvdz,one_electron_cross_deleted,0.7,1.4999999999999998,0.429222393411012
cc-pvdz,without_edge_01,0.7,1.4999999999999998,-1.0050690473348962
cc-pvdz,full,0.7,1.5999999999999996,-1.7730003662684846
cc-pvdz,one_electron_cross_deleted,0.7,1.5999999999999996,0.37689396661497865
cc-pvdz,without_edge_01,0.7,1.5999999999999996,-1.0069238746619176
cc-pvdz,full,0.7,1.6999999999999997,-1.768256868951625
cc-pvdz,one_electron_cross_deleted,0.7,1.6999999999999997,0.33225245096361045
cc-pvdz,without_edge_01,0.7,1.6999999999999997,-1.0065730431710675
cc-pvdz,full,0.7,1.7999999999999998,-1.7628390082326209
cc-pvdz,one_electron_cross_deleted,0.7,1.7999999999999998,0.2937817707873531
cc-pvdz,without_edge_01,0.7,1.7999999999999998,-1.0048457973505447
cc-pvdz,full,0.7,1.8999999999999997,-1.757260893657889
cc-pvdz,one_electron_cross_deleted,0.7,1.8999999999999997,0.26054932984432133
cc-pvdz,without_edge_01,0.7,1.8999999999999997,-1.0023561279624742
cc-pvdz,full,0.7,1.9999999999999996,-1.751862453410829
cc-pvdz,one_electron_cross_deleted,0.7,1.9999999999999996,0.23195408116012617
cc-pvdz,without_edge_01,0.7,1.9999999999999996,-0.9995309332620415
cc-pvdz,full,0.7,2.0999999999999996,-1.7468382361224162
cc-pvdz,one_electron_cross_deleted,0.7,2.0999999999999996,0.20753677437345397
cc-pvdz,without_edge_01,0.7,2.0999999999999996,-0.9966477903024078
cc-pvdz,full,0.7,2.1999999999999997,-1.7422809663752354
cc-pvdz,one_electron_cross_deleted,0.7,2.1999999999999997,0.18687362760964055
cc-pvdz,without_edge_01,0.7,2.1999999999999997,-0.993869633765402
cc-pvdz,full,0.7,2.3,-1.7382158635089184
cc-pvdz,one_electron_cross_deleted,0.7,2.3,0.16953941806283446
cc-pvdz,without_edge_01,0.7,2.3,-0.9912821931494338
cc-pvdz,full,0.7,2.3999999999999995,-1.734629331361718
cc-pvdz,one_electron_cross_deleted,0.7,2.3999999999999995,0.15511107476950725
cc-pvdz,without_edge_01,0.7,2.3999999999999995,-0.988926712169941
cc-pvdz,full,0.7,2.4999999999999996,-1.7314884677199034
cc-pvdz,one_electron_cross_deleted,0.7,2.4999999999999996,0.14318019220828626
cc-pvdz,without_edge_01,0.7,2.4999999999999996,-0.9868181606989097
cc-pvdz,full,0.7999999999999999,0.7,-1.611466642712771
cc-pvdz,one_electron_cross_deleted,0.7999999999999999,0.7,1.3537773023736772
cc-pvdz,without_edge_01,0.7999999999999999,0.7,-1.0036708071513765
cc-pvdz,full,0.7999999999999999,0.7999999999999999,-1.628711617945001
cc-pvdz,one_electron_cross_deleted,0.7999999999999999,0.7999999999999999,1.0432238070495985
cc-pvdz,without_edge_01,0.7999999999999999,0.7999999999999999,-1.0491986908443156
cc-pvdz,full,0.7999999999999999,0.8999999999999999,-1.697502630455856
cc-pvdz,one_electron_cross_deleted,0.7999999999999999,0.8999999999999999,0.7834659360762934
cc-pvdz,without_edge_01,0.7999999999999999,0.8999999999999999,-1.084682068510412
cc-pvdz,full,0.7999999999999999,0.9999999999999999,-1.7428533260415313
cc-pvdz,one_electron_cross_deleted,0.7999999999999999,0.9999999999999999,0.5750977724116106
cc-pvdz,without_edge_01,0.7999999999999999,0.9999999999999999,-1.1112667808054906
cc-pvdz,full,0.7999999999999999,1.0999999999999999,-1.771924023606203
cc-pvdz,one_electron_cross_deleted,0.7999999999999999,1.0999999999999999,0.4132238875323506
cc-pvdz,without_edge_01,0.7999999999999999,1.0999999999999999,-1.1302552460681494
cc-pvdz,full,0.7999999999999999,1.1999999999999997,-1.7896183487373665
cc-pvdz,one_electron_cross_deleted,0.7999999999999999,1.1999999999999997,0.28923454471313237
cc-pvdz,without_edge_01,0.7999999999999999,1.1999999999999997,-1.1430112473999787
cc-pvdz,full,0.7999999999999999,1.2999999999999998,-1.7993494562906553
cc-pvdz,one_electron_cross_deleted,0.7999999999999999,1.2999999999999998,0.19408310735269207
cc-pvdz,without_edge_01,0.7999999999999999,1.2999999999999998,-1.1508638857433335
cc-pvdz,full,0.7999999999999999,1.4,-1.8035142605235586
cc-pvdz,one_electron_cross_deleted,0.7999999999999999,1.4,0.12004817769794363
cc-pvdz,without_edge_01,0.7999999999999999,1.4,-1.1549773115670372
cc-pvdz,full,0.7999999999999999,1.4999999999999998,-1.8038302766543177
cc-pvdz,one_electron_cross_deleted,0.7999999999999999,1.4999999999999998,0.061203896164428784
cc-pvdz,without_edge_01,0.7999999999999999,1.4999999999999998,-1.1563106865506474
cc-pvdz,full,0.7999999999999999,1.5999999999999996,-1.8015736925058201
cc-pvdz,one_electron_cross_deleted,0.7999999999999999,1.5999999999999996,0.013321618552705417
cc-pvdz,without_edge_01,0.7999999999999999,1.5999999999999996,-1.155654288371418
cc-pvdz,full,0.7999999999999999,1.6999999999999997,-1.7977230844653347
cc-pvdz,one_electron_cross_deleted,0.7999999999999999,1.6999999999999997,-0.026439802806875967
cc-pvdz,without_edge_01,0.7999999999999999,1.6999999999999997,-1.1536702281916327
cc-pvdz,full,0.7999999999999999,1.7999999999999998,-1.7930250169802182
cc-pvdz,one_electron_cross_deleted,0.7999999999999999,1.7999999999999998,-0.05989516374134096
cc-pvdz,without_edge_01,0.7999999999999999,1.7999999999999998,-1.1509023961945957
cc-pvdz,full,0.7999999999999999,1.8999999999999997,-1.788019028818773
cc-pvdz,one_electron_cross_deleted,0.7999999999999999,1.8999999999999997,-0.0881821596114083
cc-pvdz,without_edge_01,0.7999999999999999,1.8999999999999997,-1.1477689221211378
cc-pvdz,full,0.7999999999999999,1.9999999999999996,-1.7830623253780309
cc-pvdz,one_electron_cross_deleted,0.7999999999999999,1.9999999999999996,-0.11205390044699737
cc-pvdz,without_edge_01,0.7999999999999999,1.9999999999999996,-1.1445633499804098
cc-pvdz,full,0.7999999999999999,2.0999999999999996,-1.7783659374997756
cc-pvdz,one_electron_cross_deleted,0.7999999999999999,2.0999999999999996,-0.13208038332485428
cc-pvdz,without_edge_01,0.7999999999999999,2.0999999999999996,-1.141470775934108
cc-pvdz,full,0.7999999999999999,2.1999999999999997,-1.77403643423004
cc-pvdz,one_electron_cross_deleted,0.7999999999999999,2.1999999999999997,-0.14877245566659925
cc-pvdz,without_edge_01,0.7999999999999999,2.1999999999999997,-1.1385971236460182
cc-pvdz,full,0.7999999999999999,2.3,-1.7701136497163241
cc-pvdz,one_electron_cross_deleted,0.7999999999999999,2.3,-0.16262208917582432
cc-pvdz,without_edge_01,0.7999999999999999,2.3,-1.1359840363737552
cc-pvdz,full,0.7999999999999999,2.3999999999999995,-1.766599136217454
cc-pvdz,one_electron_cross_deleted,0.7999999999999999,2.3999999999999995,-0.1740702763827482
cc-pvdz,without_edge_01,0.7999999999999999,2.3999999999999995,-1.1336506257393877
cc-pvdz,full,0.7999999999999999,2.4999999999999996,-1.7634748577335575
cc-pvdz,one_electron_cross_deleted,0.7999999999999999,2.4999999999999996,-0.18349473974511765
cc-pvdz,without_edge_01,0.7999999999999999,2.4999999999999996,-1.1315784215605178
cc-pvdz,full,0.8999999999999999,0.7,-1.6795830297159737
cc-pvdz,one_electron_cross_deleted,0.8999999999999999,0.7,1.1179548949730949
cc-pvdz,without_edge_01,0.8999999999999999,0.7,-1.2223285945572826
cc-pvdz,full,0.8999999999999999,0.7999999999999999,-1.6975026304512384
cc-pvdz,one_electron_cross_deleted,0.8999999999999999,0.7999999999999999,0.7834659360541116
cc-pvdz,without_edge_01,0.8999999999999999,0.7999999999999999,-1.2523255628608463
cc-pvdz,full,0.8999999999999999,0.8999999999999999,-1.6914080658678596
cc-pvdz,one_electron_cross_deleted,0.8999999999999999,0.8999999999999999,0.4958603719943344
cc-pvdz,without_edge_01,0.8999999999999999,0.8999999999999999,-1.270352996141602
cc-pvdz,full,0.8999999999999999,0.9999999999999999,-1.7378789140780069
cc-pvdz,one_electron_cross_deleted,0.8999999999999999,0.9999999999999999,0.26428921847336095
cc-pvdz,without_edge_01,0.8999999999999999,0.9999999999999999,-1.280659234084442
cc-pvdz,full,0.8999999999999999,1.0999999999999999,-1.768372992685768
cc-pvdz,one_electron_cross_deleted,0.8999999999999999,1.0999999999999999,0.0867729637020731
cc-pvdz,without_edge_01,0.8999999999999999,1.0999999999999999,-1.2859873274644804
cc-pvdz,full,0.8999999999999999,1.1999999999999997,-1.7875961492793269
cc-pvdz,one_electron_cross_deleted,0.8999999999999999,1.1999999999999997,-0.0459196196848044
cc-pvdz,without_edge_01,0.8999999999999999,1.1999999999999997,-1.287987975458607
cc-pvdz,full,0.8999999999999999,1.2999999999999998,-1.798819700379842
cc-pvdz,one_electron_cross_deleted,0.8999999999999999,1.2999999999999998,-0.1446107885789134
cc-pvdz,without_edge_01,0.8999999999999999,1.2999999999999998,-1.2877088909208325
cc-pvdz,full,0.8999999999999999,1.4,-1.804354087925034
cc-pvdz,one_electron_cross_deleted,0.8999999999999999,1.4,-0.2187320639922885
cc-pvdz,without_edge_01,0.8999999999999999,1.4,-1.2858483228468538
cc-pvdz,full,0.8999999999999999,1.4999999999999998,-1.8058766800961088
cc-pvdz,one_electron_cross_deleted,0.8999999999999999,1.4999999999999998,-0.2755600932271336
cc-pvdz,without_edge_01,0.8999999999999999,1.4999999999999998,-1.282893026626187
cc-pvdz,full,0.8999999999999999,1.5999999999999996,-1.8046562547894975
cc-pvdz,one_electron_cross_deleted,0.8999999999999999,1.5999999999999996,-0.32020980766660223
cc-pvdz,without_edge_01,0.8999999999999999,1.5999999999999996,-1.2792209740796374
cc-pvdz,full,0.8999999999999999,1.6999999999999997,-1.8016812857481526
cc-pvdz,one_electron_cross_deleted,0.8999999999999999,1.6999999999999997,-0.35616911415014973
cc-pvdz,without_edge_01,0.8999999999999999,1.6999999999999997,-1.275160778972782
cc-pvdz,full,0.8999999999999999,1.7999999999999998,-1.797712332211706
cc-pvdz,one_electron_cross_deleted,0.8999999999999999,1.7999999999999998,-0.3853517806817881
cc-pvdz,without_edge_01,0.8999999999999999,1.7999999999999998,-1.2709994750662483
cc-pvdz,full,0.8999999999999999,1.8999999999999997,-1.7933015531811805
cc-pvdz,one_electron_cross_deleted,0.8999999999999999,1.8999999999999997,-0.4095075850420842
cc-pvdz,without_edge_01,0.8999999999999999,1.8999999999999997,-1.2669633058426788
cc-pvdz,full,0.8999999999999999,1.9999999999999996,-1.7888167581446575
cc-pvdz,one_electron_cross_deleted,0.8999999999999999,1.9999999999999996,-0.42949775833680137
cc-pvdz,without_edge_01,0.8999999999999999,1.9999999999999996,-1.2632038026129035
cc-pvdz,full,0.8999999999999999,2.0999999999999996,-1.7844795989958202
cc-pvdz,one_electron_cross_deleted,0.8999999999999999,2.0999999999999996,-0.44593848248494483
cc-pvdz,without_edge_01,0.8999999999999999,2.0999999999999996,-1.2598020665618748
cc-pvdz,full,0.8999999999999999,2.1999999999999997,-1.7804088524887165
cc-pvdz,one_electron_cross_deleted,0.8999999999999999,2.1999999999999997,-0.4593350244931331
cc-pvdz,without_edge_01,0.8999999999999999,2.1999999999999997,-1.256784158982836
cc-pvdz,full,0.8999999999999999,2.3,-1.7766582039618988
cc-pvdz,one_electron_cross_deleted,0.8999999999999999,2.3,-0.47019240208219015
cc-pvdz,without_edge_01,0.8999999999999999,2.3,-1.2541402181726609
cc-pvdz,full,0.8999999999999999,2.3999999999999995,-1.7732431978905678
cc-pvdz,one_electron_cross_deleted,0.8999999999999999,2.3999999999999995,-0.4790459102124056
cc-pvdz,without_edge_01,0.8999999999999999,2.3999999999999995,-1.2518401511516224
cc-pvdz,full,0.8999999999999999,2.4999999999999996,-1.7701669771904802
cc-pvdz,one_electron_cross_deleted,0.8999999999999999,2.4999999999999996,-0.4862282731890808
cc-pvdz,without_edge_01,0.8999999999999999,2.4999999999999996,-1.2498454774925136
cc-pvdz,full,0.9999999999999999,0.7,-1.723559130096529
cc-pvdz,one_electron_cross_deleted,0.9999999999999999,0.7,0.9291236212339804
cc-pvdz,without_edge_01,0.9999999999999999,0.7,-1.383900268580577
cc-pvdz,full,0.9999999999999999,0.7999999999999999,-1.7428533260419834
cc-pvdz,one_electron_cross_deleted,0.9999999999999999,0.7999999999999999,0.575097772491024
cc-pvdz,without_edge_01,0.9999999999999999,0.7999999999999999,-1.4070708184434282
cc-pvdz,full,0.9999999999999999,0.8999999999999999,-1.7378789140756088
cc-pvdz,one_electron_cross_deleted,0.9999999999999999,0.8999999999999999,0.26428921857001475
cc-pvdz,without_edge_01,0.9999999999999999,0.8999999999999999,-1.4156437935679178
cc-pvdz,full,0.9999999999999999,0.9999999999999999,-1.7196857653517736
cc-pvdz,one_electron_cross_deleted,0.9999999999999999,0.9999999999999999,0.012963415679754675
cc-pvdz,without_edge_01,0.9999999999999999,0.9999999999999999,-1.4160593774504346
cc-pvdz,full,0.9999999999999999,1.0999999999999999,-1.7513137607296692
cc-pvdz,one_electron_cross_deleted,0.9999999999999999,1.0999999999999999,-0.17833412738230425
cc-pvdz,without_edge_01,0.9999999999999999,1.0999999999999999,-1.4122286291534172
cc-pvdz,full,0.9999999999999999,1.1999999999999997,-1.7717840534820026
cc-pvdz,one_electron_cross_deleted,0.9999999999999999,1.1999999999999997,-0.31923567086769866
cc-pvdz,without_edge_01,0.9999999999999999,1.1999999999999997,-1.4063109916787275
cc-pvdz,full,0.9999999999999999,1.2999999999999998,-1.784256954025465
cc-pvdz,one_electron_cross_deleted,0.9999999999999999,1.2999999999999998,-0.4219192929206961
cc-pvdz,without_edge_01,0.9999999999999999,1.2999999999999998,-1.3994740760881257
cc-pvdz,full,0.9999999999999999,1.4,-1.7909725561105043
cc-pvdz,one_electron_cross_deleted,0.9999999999999999,1.4,-0.49735776254092734
cc-pvdz,without_edge_01,0.9999999999999999,1.4,-1.3923427993477784
cc-pvdz,full,0.9999999999999999,1.4999999999999998,-1.7935716323007362
cc-pvdz,one_electron_cross_deleted,0.9999999999999999,1.4999999999999998,-0.5536985023916596
cc-pvdz,without_edge_01,0.9999999999999999,1.4999999999999998,-1.3852489122308356
cc-pvdz,full,0.9999999999999999,1.5999999999999996,-1.7933089727367766
cc-pvdz,one_electron_cross_deleted,0.9999999999999999,1.5999999999999996,-0.5966570106734319
cc-pvdz,without_edge_01,0.9999999999999999,1.5999999999999996,-1.3783902120061904
cc-pvdz,full,0.9999999999999999,1.6999999999999997,-1.7911702630011104
cc-pvdz,one_electron_cross_deleted,0.9999999999999999,1.6999999999999997,-0.630077312797678
cc-pvdz,without_edge_01,0.9999999999999999,1.6999999999999997,-1.3719189280350945
cc-pvdz,full,0.9999999999999999,1.7999999999999998,-1.7879167751663112
cc-pvdz,one_electron_cross_deleted,0.9999999999999999,1.7999999999999998,-0.6566381278409072
cc-pvdz,without_edge_01,0.9999999999999999,1.7999999999999998,-1.3659641197388503
cc-pvdz,full,0.9999999999999999,1.8999999999999997,-1.7841024949162274
cc-pvdz,one_electron_cross_deleted,0.9999999999999999,1.8999999999999997,-0.6778689558246982
cc-pvdz,without_edge_01,0.9999999999999999,1.8999999999999997,-1.3606181130468462
cc-pvdz,full,0.9999999999999999,1.9999999999999996,-1.7800991274300126
cc-pvdz,one_electron_cross_deleted,0.9999999999999999,1.9999999999999996,-0.6949847775673064
cc-pvdz,without_edge_01,0.9999999999999999,1.9999999999999996,-1.3559222313900574
cc-pvdz,full,0.9999999999999999,2.0999999999999996,-1.7761357261490454
cc-pvdz,one_electron_cross_deleted,0.9999999999999999,2.0999999999999996,-0.7088018615118235
cc-pvdz,without_edge_01,0.9999999999999999,2.0999999999999996,-1.3518682693708453
cc-pvdz,full,0.9999999999999999,2.1999999999999997,-1.7723420931681382
cc-pvdz,one_electron_cross_deleted,0.9999999999999999,2.1999999999999997,-0.7199074723819563
cc-pvdz,without_edge_01,0.9999999999999999,2.1999999999999997,-1.3484097017536452
cc-pvdz,full,0.9999999999999999,2.3,-1.7687854151286166
cc-pvdz,one_electron_cross_deleted,0.9999999999999999,2.3,-0.7287969550617821
cc-pvdz,without_edge_01,0.9999999999999999,2.3,-1.3454833624435767
cc-pvdz,full,0.9999999999999999,2.3999999999999995,-1.7654962636800984
cc-pvdz,one_electron_cross_deleted,0.9999999999999999,2.3999999999999995,-0.7359403046498154
cc-pvdz,without_edge_01,0.9999999999999999,2.3999999999999995,-1.3430140763490606
cc-pvdz,full,0.9999999999999999,2.4999999999999996,-1.7624848244820268
cc-pvdz,one_electron_cross_deleted,0.9999999999999999,2.4999999999999996,-0.7417109244567484
cc-pvdz,without_edge_01,0.9999999999999999,2.4999999999999996,-1.3409288052332315
cc-pvdz,full,1.0999999999999999,0.7,-1.7508958034947613
cc-pvdz,one_electron_cross_deleted,1.0999999999999999,0.7,0.7795875766847882
cc-pvdz,without_edge_01,1.0999999999999999,0.7,-1.4974406521814476
cc-pvdz,full,1.0999999999999999,0.7999999999999999,-1.7719240236062275
cc-pvdz,one_electron_cross_deleted,1.0999999999999999,0.7999999999999999,0.41322388766194207
cc-pvdz,without_edge_01,1.0999999999999999,0.7999999999999999,-1.518543229443667
cc-pvdz,full,1.0999999999999999,0.8999999999999999,-1.7683729926857716
cc-pvdz,one_electron_cross_deleted,1.0999999999999999,0.8999999999999999,0.08677296364006715
cc-pvdz,without_edge_01,1.0999999999999999,0.8999999999999999,-1.522621796031141
cc-pvdz,full,1.0999999999999999,0.9999999999999999,-1.7513137607297646
cc-pvdz,one_electron_cross_deleted,1.0999999999999999,0.9999999999999999,-0.17833412732805298
cc-pvdz,without_edge_01,1.0999999999999999,0.9999999999999999,-1.5176319704321428
cc-pvdz,full,1.0999999999999999,1.0999999999999999,-1.727335095576536
cc-pvdz,one_electron_cross_deleted,1.0999999999999999,1.0999999999999999,-0.37928246600431237
cc-pvdz,without_edge_01,1.0999999999999999,1.0999999999999999,-1.5082959468562853
cc-pvdz,full,1.0999999999999999,1.1999999999999997,-1.7487787094395952
cc-pvdz,one_electron_cross_deleted,1.0999999999999999,1.1999999999999997,-0.5260935172820917
cc-pvdz,without_edge_01,1.0999999999999999,1.1999999999999997,-1.497203790699662
cc-pvdz,full,1.0999999999999999,1.2999999999999998,-1.7622633205741125
cc-pvdz,one_electron_cross_deleted,1.0999999999999999,1.2999999999999998,-0.6320874520546083
cc-pvdz,without_edge_01,1.0999999999999999,1.2999999999999998,-1.4857223607787633
cc-pvdz,full,1.0999999999999999,1.4,-1.7699709218649295
cc-pvdz,one_electron_cross_deleted,1.0999999999999999,1.4,-0.7089707495599371
cc-pvdz,without_edge_01,1.0999999999999999,1.4,-1.4745455810690227
cc-pvdz,full,1.0999999999999999,1.4999999999999998,-1.7735081627419063
cc-pvdz,one_electron_cross_deleted,1.0999999999999999,1.4999999999999998,-0.7655512166217746
cc-pvdz,without_edge_01,1.0999999999999999,1.4999999999999998,-1.4640054779498528
cc-pvdz,full,1.0999999999999999,1.5999999999999996,-1.7741100102918415
cc-pvdz,one_electron_cross_deleted,1.0999999999999999,1.5999999999999996,-0.8079141270779289
cc-pvdz,without_edge_01,1.0999999999999999,1.5999999999999996,-1.4542627063309999
cc-pvdz,full,1.0999999999999999,1.6999999999999997,-1.7727487859078623
cc-pvdz,one_electron_cross_deleted,1.0999999999999999,1.6999999999999997,-0.8401657288331155
cc-pvdz,without_edge_01,1.0999999999999999,1.6999999999999997,-1.4454114674979177
cc-pvdz,full,1.0999999999999999,1.7999999999999998,-1.77017555574264
cc-pvdz,one_electron_cross_deleted,1.0999999999999999,1.7999999999999998,-0.865066670307912
cc-pvdz,without_edge_01,1.0999999999999999,1.7999999999999998,-1.4375136394670602
cc-pvdz,full,1.0999999999999999,1.8999999999999997,-1.7669378685201926
cc-pvdz,one_electron_cross_deleted,1.0999999999999999,1.8999999999999997,-0.8844966551109814
cc-pvdz,without_edge_01,1.0999999999999999,1.8999999999999997,-1.4305944578556495
cc-pvdz,full,1.0999999999999999,1.9999999999999996,-1.7634063900250159
cc-pvdz,one_electron_cross_deleted,1.0999999999999999,1.9999999999999996,-0.8997723093366015
cc-pvdz,without_edge_01,1.0999999999999999,1.9999999999999996,-1.4246345274858385
cc-pvdz,full,1.0999999999999999,2.0999999999999996,-1.7598149393753595
cc-pvdz,one_electron_cross_deleted,1.0999999999999999,2.0999999999999996,-0.9118466981995119
cc-pvdz,without_edge_01,1.0999999999999999,2.0999999999999996,-1.4195735096617945
cc-pvdz,full,1.0999999999999999,2.1999999999999997,-1.7563027509668228
cc-pvdz,one_electron_cross_deleted,1.0999999999999999,2.1999999999999997,-0.9214254322364486
cc-pvdz,without_edge_01,1.0999999999999999,2.1999999999999997,-1.4153224993308955
cc-pvdz,full,1.0999999999999999,2.3,-1.7529492017752575
cc-pvdz,one_electron_cross_deleted,1.0999999999999999,2.3,-0.9290217732384187
cc-pvdz,without_edge_01,1.0999999999999999,2.3,-1.4117783420789696
cc-pvdz,full,1.0999999999999999,2.3999999999999995,-1.7497979497093321
cc-pvdz,one_electron_cross_deleted,1.0999999999999999,2.3999999999999995,-0.9350550591009439
cc-pvdz,without_edge_01,1.0999999999999999,2.3999999999999995,-1.408835717923567
cc-pvdz,full,1.0999999999999999,2.4999999999999996,-1.7468717871780386
cc-pvdz,one_electron_cross_deleted,1.0999999999999999,2.4999999999999996,-0.9398974856856046
cc-pvdz,without_edge_01,1.0999999999999999,2.4999999999999996,-1.406395671844349
cc-pvdz,full,1.1999999999999997,0.7,-1.7667622474476952
cc-pvdz,one_electron_cross_deleted,1.1999999999999997,0.7,0.6614511168739163
cc-pvdz,without_edge_01,1.1999999999999997,0.7,-1.574569887345354
cc-pvdz,full,1.1999999999999997,0.7999999999999999,-1.789618348737374
cc-pvdz,one_electron_cross_deleted,1.1999999999999997,0.7999999999999999,0.2892345444751063
cc-pvdz,without_edge_01,1.1999999999999997,0.7999999999999999,-1.59591297568954
cc-pvdz,full,1.1999999999999997,0.8999999999999999,-1.7875961492793353
cc-pvdz,one_electron_cross_deleted,1.1999999999999997,0.8999999999999999,-0.04591961963596747
cc-pvdz,without_edge_01,1.1999999999999997,0.8999999999999999,-1.5982003446489612
cc-pvdz,full,1.1999999999999997,0.9999999999999999,-1.7717840534820004
cc-pvdz,one_electron_cross_deleted,1.1999999999999997,0.9999999999999999,-0.31923567079990267
cc-pvdz,without_edge_01,1.1999999999999997,0.9999999999999999,-1.5904492215717765
cc-pvdz,full,1.1999999999999997,1.0999999999999999,-1.7487787094393799
cc-pvdz,one_electron_cross_deleted,1.1999999999999997,1.0999999999999999,-0.5260935121317081
cc-pvdz,without_edge_01,1.1999999999999997,1.0999999999999999,-1.5779522742090242
cc-pvdz,full,1.1999999999999997,1.1999999999999997,-1.7226051027685267
cc-pvdz,one_electron_cross_deleted,1.1999999999999997,1.1999999999999997,-0.6765036334013619
cc-pvdz,without_edge_01,1.1999999999999997,1.1999999999999997,-1.5636390426547062
cc-pvdz,full,1.1999999999999997,1.2999999999999998,-1.7368714584064318
cc-pvdz,one_electron_cross_deleted,1.1999999999999997,1.2999999999999998,-0.785307042513173
cc-pvdz,without_edge_01,1.1999999999999997,1.2999999999999998,-1.5490721566660883
cc-pvdz,full,1.1999999999999997,1.4,-1.745384792174161
cc-pvdz,one_electron_cross_deleted,1.1999999999999997,1.4,-0.8634860359238368
cc-pvdz,without_edge_01,1.1999999999999997,1.4,-1.535050791690634
cc-pvdz,full,1.1999999999999997,1.4999999999999998,-1.7497173109095727
cc-pvdz,one_electron_cross_deleted,1.1999999999999997,1.4999999999999998,-0.9203320851613697
cc-pvdz,without_edge_01,1.1999999999999997,1.4999999999999998,-1.5219571524570554
cc-pvdz,full,1.1999999999999997,1.5999999999999996,-1.751078343920884
cc-pvdz,one_electron_cross_deleted,1.1999999999999997,1.5999999999999996,-0.962273513972757
cc-pvdz,without_edge_01,1.1999999999999997,1.5999999999999996,-1.509965457865495
cc-pvdz,full,1.1999999999999997,1.6999999999999997,-1.7504184091107313
cc-pvdz,one_electron_cross_deleted,1.1999999999999997,1.6999999999999997,-0.9937055787270186
cc-pvdz,without_edge_01,1.1999999999999997,1.6999999999999997,-1.4991567653120548
cc-pvdz,full,1.1999999999999997,1.7999999999999998,-1.7484704779932672
cc-pvdz,one_electron_cross_deleted,1.1999999999999997,1.7999999999999998,-1.0175902466221707
cc-pvdz,without_edge_01,1.1999999999999997,1.7999999999999998,-1.4895624349625283
cc-pvdz,full,1.1999999999999997,1.8999999999999997,-1.7457701008332887
cc-pvdz,one_electron_cross_deleted,1.1999999999999997,1.8999999999999997,-1.0359400441754354
cc-pvdz,without_edge_01,1.1999999999999997,1.8999999999999997,-1.4811704100401388
cc-pvdz,full,1.1999999999999997,1.9999999999999996,-1.7426836517101396
cc-pvdz,one_electron_cross_deleted,1.1999999999999997,1.9999999999999996,-1.05015864705948
cc-pvdz,without_edge_01,1.1999999999999997,1.9999999999999996,-1.473926458439828
cc-pvdz,full,1.1999999999999997,2.0999999999999996,-1.7394478362657289
cc-pvdz,one_electron_cross_deleted,1.1999999999999997,2.0999999999999996,-1.0612519194785106
cc-pvdz,without_edge_01,1.1999999999999997,2.0999999999999996,-1.4677436057467053
cc-pvdz,full,1.1999999999999997,2.1999999999999997,-1.7362099208310877
cc-pvdz,one_electron_cross_deleted,1.1999999999999997,2.1999999999999997,-1.0699527165513085
cc-pvdz,without_edge_01,1.1999999999999997,2.1999999999999997,-1.4625144316997594
cc-pvdz,full,1.1999999999999997,2.3,-1.7330600788550605
cc-pvdz,one_electron_cross_deleted,1.1999999999999997,2.3,-1.0767922420486762
cc-pvdz,without_edge_01,1.1999999999999997,2.3,-1.4581249599493933
cc-pvdz,full,1.1999999999999997,2.3999999999999995,-1.7300534892604276
cc-pvdz,one_electron_cross_deleted,1.1999999999999997,2.3999999999999995,-1.0821597381130519
cc-pvdz,without_edge_01,1.1999999999999997,2.3999999999999995,-1.4544615491245612
cc-pvdz,full,1.1999999999999997,2.4999999999999996,-1.727224157307898
cc-pvdz,one_electron_cross_deleted,1.1999999999999997,2.4999999999999996,-1.086405841501386
cc-pvdz,without_edge_01,1.1999999999999997,2.4999999999999996,-1.4514168233340103
cc-pvdz,full,1.2999999999999998,0.7,-1.774750741711646
cc-pvdz,one_electron_cross_deleted,1.2999999999999998,0.7,0.5674542227845798
cc-pvdz,without_edge_01,1.2999999999999998,0.7,-1.6258241039489016
cc-pvdz,full,1.2999999999999998,0.7999999999999999,-1.7993494562906616
cc-pvdz,one_electron_cross_deleted,1.2999999999999998,0.7999999999999999,0.19408310599177758
cc-pvdz,without_edge_01,1.2999999999999998,0.7999999999999999,-1.6483692915085788
cc-pvdz,full,1.2999999999999998,0.8999999999999999,-1.7988197003798474
cc-pvdz,one_electron_cross_deleted,1.2999999999999998,0.8999999999999999,-0.1446107885517205
cc-pvdz,without_edge_01,1.2999999999999998,0.8999999999999999,-1.6502288507383716
cc-pvdz,full,1.2999999999999998,0.9999999999999999,-1.7842569540254614
cc-pvdz,one_electron_cross_deleted,1.2999999999999998,0.9999999999999999,-0.42191929304457076
cc-pvdz,without_edge_01,1.2999999999999998,0.9999999999999999,-1.6411589264413111
cc-pvdz,full,1.2999999999999998,1.0999999999999999,-1.7622633205741054
cc-pvdz,one_electron_cross_deleted,1.2999999999999998,1.0999999999999999,-0.6320874531215526
cc-pvdz,without_edge_01,1.2999999999999998,1.0999999999999999,-1.6268611011298133
cc-pvdz,full,1.2999999999999998,1.1999999999999997,-1.7368714584064517
cc-pvdz,one_electron_cross_deleted,1.2999999999999998,1.1999999999999997,-0.7853070400047728
cc-pvdz,without_edge_01,1.2999999999999998,1.1999999999999997,-1.6105351653015592
cc-pvdz,full,1.2999999999999998,1.2999999999999998,-1.7105643871177771
cc-pvdz,one_electron_cross_deleted,1.2999999999999998,1.2999999999999998,-0.8951795366390884
cc-pvdz,without_edge_01,1.2999999999999998,1.2999999999999998,-1.5939248995681892
cc-pvdz,full,1.2999999999999998,1.4,-1.7197036089908666
cc-pvdz,one_electron_cross_deleted,1.2999999999999998,1.4,-0.9741437911757407
cc-pvdz,without_edge_01,1.2999999999999998,1.4,-1.5779461634252936
cc-pvdz,full,1.2999999999999998,1.4999999999999998,-1.7246868732943352
cc-pvdz,one_electron_cross_deleted,1.2999999999999998,1.4999999999999998,-1.0310057291807513
cc-pvdz,without_edge_01,1.2999999999999998,1.4999999999999998,-1.563051303759567
cc-pvdz,full,1.2999999999999998,1.5999999999999996,-1.726692290631217
cc-pvdz,one_electron_cross_deleted,1.2999999999999998,1.5999999999999996,-1.0725881633745964
cc-pvdz,without_edge_01,1.2999999999999998,1.5999999999999996,-1.5494476292565074
cc-pvdz,full,1.2999999999999998,1.6999999999999997,-1.726642628101333
cc-pvdz,one_electron_cross_deleted,1.2999999999999998,1.6999999999999997,-1.1034570621105886
cc-pvdz,without_edge_01,1.2999999999999998,1.6999999999999997,-1.537218208979988
cc-pvdz,full,1.2999999999999998,1.7999999999999998,-1.7252480783244073
cc-pvdz,one_electron_cross_deleted,1.2999999999999998,1.7999999999999998,-1.1266817416907486
cc-pvdz,without_edge_01,1.2999999999999998,1.7999999999999998,-1.5263735089713417
cc-pvdz,full,1.2999999999999998,1.8999999999999997,-1.7230292230566955
cc-pvdz,one_electron_cross_deleted,1.2999999999999998,1.8999999999999997,-1.1443445444550078
cc-pvdz,without_edge_01,1.2999999999999998,1.8999999999999997,-1.516868709464832
cc-pvdz,full,1.2999999999999998,1.9999999999999996,-1.7203463424670935
cc-pvdz,one_electron_cross_deleted,1.2999999999999998,1.9999999999999996,-1.157908049763388
cc-pvdz,without_edge_01,1.2999999999999998,1.9999999999999996,-1.5086160972280385
cc-pvdz,full,1.2999999999999998,2.0999999999999996,-1.7174376140042447
cc-pvdz,one_electron_cross_deleted,1.2999999999999998,2.0999999999999996,-1.168402291881911
cc-pvdz,without_edge_01,1.2999999999999998,2.0999999999999996,-1.5015011045323678
cc-pvdz,full,1.2999999999999998,2.1999999999999997,-1.7144568199650314
cc-pvdz,one_electron_cross_deleted,1.2999999999999998,2.1999999999999997,-1.1765741098592384
cc-pvdz,without_edge_01,1.2999999999999998,2.1999999999999997,-1.4953995894283565
cc-pvdz,full,1.2999999999999998,2.3,-1.7115030996584653
cc-pvdz,one_electron_cross_deleted,1.2999999999999998,2.3,-1.1829565408649667
cc-pvdz,without_edge_01,1.2999999999999998,2.3,-1.4901896393410474
cc-pvdz,full,1.2999999999999998,2.3999999999999995,-1.7086417296012966
cc-pvdz,one_electron_cross_deleted,1.2999999999999998,2.3999999999999995,-1.1879382850643874
cc-pvdz,without_edge_01,1.2999999999999998,2.3999999999999995,-1.4857600868743372
cc-pvdz,full,1.2999999999999998,2.4999999999999996,-1.7059155564805686
cc-pvdz,one_electron_cross_deleted,1.2999999999999998,2.4999999999999996,-1.1918514076425135
cc-pvdz,without_edge_01,1.2999999999999998,2.4999999999999996,-1.4820036084818542
cc-pvdz,full,1.4,0.7,-1.7773612218012134
cc-pvdz,one_electron_cross_deleted,1.4,0.7,0.49159944341481365
cc-pvdz,without_edge_01,1.4,0.7,-1.6593249251758926
cc-pvdz,full,1.4,0.7999999999999999,-1.8035142605235426
cc-pvdz,one_electron_cross_deleted,1.4,0.7999999999999999,0.12004818078161117
cc-pvdz,without_edge_01,1.4,0.7999999999999999,-1.6833594374933436
cc-pvdz,full,1.4,0.8999999999999999,-1.8043540879250406
cc-pvdz,one_electron_cross_deleted,1.4,0.8999999999999999,-0.21873206309472382
cc-pvdz,without_edge_01,1.4,0.8999999999999999,-1.6854380945522225
cc-pvdz,full,1.4,0.9999999999999999,-1.7909725561105132
cc-pvdz,one_electron_cross_deleted,1.4,0.9999999999999999,-0.49735776235546014
cc-pvdz,without_edge_01,1.4,0.9999999999999999,-1.675821048592339
cc-pvdz,full,1.4,1.0999999999999999,-1.7699709218649269
cc-pvdz,one_electron_cross_deleted,1.4,1.0999999999999999,-0.7089707448081444
cc-pvdz,without_edge_01,1.4,1.0999999999999999,-1.6605010040251424
cc-pvdz,full,1.4,1.1999999999999997,-1.745384792174169
cc-pvdz,one_electron_cross_deleted,1.4,1.1999999999999997,-0.8634860327360188
cc-pvdz,without_edge_01,1.4,1.1999999999999997,-1.6428901054267389
cc-pvdz,full,1.4,1.2999999999999998,-1.7197036089908524
cc-pvdz,one_electron_cross_deleted,1.4,1.2999999999999998,-0.9741437906399555
cc-pvdz,without_edge_01,1.4,1.2999999999999998,-1.624892126875578
cc-pvdz,full,1.4,1.4,-1.694472146895531
cc-pvdz,one_electron_cross_deleted,1.4,1.4,-1.0530696144992966
cc-pvdz,without_edge_01,1.4,1.4,-1.607539174974447
cc-pvdz,full,1.4,1.4999999999999998,-1.699961722943702
cc-pvdz,one_electron_cross_deleted,1.4,1.4999999999999998,-1.1098307904868727
cc-pvdz,without_edge_01,1.4,1.4999999999999998,-1.5913628690695176
cc-pvdz,full,1.4,1.5999999999999996,-1.7024897751588712
cc-pvdz,one_electron_cross_deleted,1.4,1.5999999999999996,-1.1511080904921043
cc-pvdz,without_edge_01,1.4,1.5999999999999996,-1.5766155686813996
cc-pvdz,full,1.4,1.6999999999999997,-1.7029479840761466
cc-pvdz,one_electron_cross_deleted,1.4,1.6999999999999997,-1.1815788991645733
cc-pvdz,without_edge_01,1.4,1.6999999999999997,-1.563393593921347
cc-pvdz,full,1.4,1.7999999999999998,-1.7020219772001433
cc-pvdz,one_electron_cross_deleted,1.4,1.7999999999999998,-1.2043660732915424
cc-pvdz,without_edge_01,1.4,1.7999999999999998,-1.5516953327547744
cc-pvdz,full,1.4,1.8999999999999997,-1.700216463836115
cc-pvdz,one_electron_cross_deleted,1.4,1.8999999999999997,-1.2216037386979455
cc-pvdz,without_edge_01,1.4,1.8999999999999997,-1.5414488416548076
cc-pvdz,full,1.4,1.9999999999999996,-1.6978848224544727
cc-pvdz,one_electron_cross_deleted,1.4,1.9999999999999996,-1.2347665470266893
cc-pvdz,without_edge_01,1.4,1.9999999999999996,-1.532534322439548
cc-pvdz,full,1.4,2.0999999999999996,-1.6952654917605199
cc-pvdz,one_electron_cross_deleted,1.4,2.0999999999999996,-1.244901042278852
cc-pvdz,without_edge_01,1.4,2.0999999999999996,-1.5248073980492531
cc-pvdz,full,1.4,2.1999999999999997,-1.6925170551786441
cc-pvdz,one_electron_cross_deleted,1.4,2.1999999999999997,-1.2527547359595614
cc-pvdz,without_edge_01,1.4,2.1999999999999997,-1.518122307686162
cc-pvdz,full,1.4,2.3,-1.68974581936433
cc-pvdz,one_electron_cross_deleted,1.4,2.3,-1.258860870124567
cc-pvdz,without_edge_01,1.4,2.3,-1.5123374723021397
cc-pvdz,full,1.4,2.3999999999999995,-1.687024352681366
cc-pvdz,one_electron_cross_deleted,1.4,2.3999999999999995,-1.2636117533829045
cc-pvdz,without_edge_01,1.4,2.3999999999999995,-1.5073413165445309
cc-pvdz,full,1.4,2.4999999999999996,-1.6844030571819755
cc-pvdz,one_electron_cross_deleted,1.4,2.4999999999999996,-1.2673310188020024
cc-pvdz,without_edge_01,1.4,2.4999999999999996,-1.5030227203354374
cc-pvdz,full,1.4999999999999998,0.7,-1.7763529458593514
cc-pvdz,one_electron_cross_deleted,1.4999999999999998,0.7,0.4292223938140305
cc-pvdz,without_edge_01,1.4999999999999998,0.7,-1.6808107598871245
cc-pvdz,full,1.4999999999999998,0.7999999999999999,-1.8038302766548617
cc-pvdz,one_electron_cross_deleted,1.4999999999999998,0.7999999999999999,0.06120389566180062
cc-pvdz,without_edge_01,1.4999999999999998,0.7999999999999999,-1.706325285455573
cc-pvdz,full,1.4999999999999998,0.8999999999999999,-1.8058766800961163
cc-pvdz,one_electron_cross_deleted,1.4999999999999998,0.8999999999999999,-0.2755600934693816
cc-pvdz,without_edge_01,1.4999999999999998,0.8999999999999999,-1.708912184979876
cc-pvdz,full,1.4999999999999998,0.9999999999999999,-1.7935716323007318
cc-pvdz,one_electron_cross_deleted,1.4999999999999998,0.9999999999999999,-0.5536985023647025
cc-pvdz,without_edge_01,1.4999999999999998,0.9999999999999999,-1.6991695788638577
cc-pvdz,full,1.4999999999999998,1.0999999999999999,-1.7735081627419054
cc-pvdz,one_electron_cross_deleted,1.4999999999999998,1.0999999999999999,-0.7655512159177498
cc-pvdz,without_edge_01,1.4999999999999998,1.0999999999999999,-1.6832937988797347
cc-pvdz,full,1.4999999999999998,1.1999999999999997,-1.7497173109095674
cc-pvdz,one_electron_cross_deleted,1.4999999999999998,1.1999999999999997,-0.9203320853922685
cc-pvdz,without_edge_01,1.4999999999999998,1.1999999999999997,-1.6648590877923626
cc-pvdz,full,1.4999999999999998,1.2999999999999998,-1.724686873294329
cc-pvdz,one_electron_cross_deleted,1.4999999999999998,1.2999999999999998,-1.0310057293056007
cc-pvdz,without_edge_01,1.4999999999999998,1.2999999999999998,-1.645902623928281
cc-pvdz,full,1.4999999999999998,1.4,-1.699961722943698
cc-pvdz,one_electron_cross_deleted,1.4999999999999998,1.4,-1.1098307903445692
cc-pvdz,without_edge_01,1.4999999999999998,1.4,-1.6275622206259641
cc-pvdz,full,1.4999999999999998,1.4999999999999998,-1.676514545465202
cc-pvdz,one_electron_cross_deleted,1.4999999999999998,1.4999999999999998,-1.1663871908712293
cc-pvdz,without_edge_01,1.4999999999999998,1.4999999999999998,-1.6104486820702824
cc-pvdz,full,1.4999999999999998,1.5999999999999996,-1.679437431127156
cc-pvdz,one_electron_cross_deleted,1.4999999999999998,1.5999999999999996,-1.2073999892107692
cc-pvdz,without_edge_01,1.4999999999999998,1.5999999999999996,-1.5948656238096188
cc-pvdz,full,1.4999999999999998,1.6999999999999997,-1.6802954163811594
cc-pvdz,one_electron_cross_deleted,1.4999999999999998,1.6999999999999997,-1.2375728335045255
cc-pvdz,without_edge_01,1.4999999999999998,1.6999999999999997,-1.5809320387605053
cc-pvdz,full,1.4999999999999998,1.7999999999999998,-1.679745078766503
cc-pvdz,one_electron_cross_deleted,1.4999999999999998,1.7999999999999998,-1.2600722829947995
cc-pvdz,without_edge_01,1.4999999999999998,1.7999999999999998,-1.568644432580527
cc-pvdz,full,1.4999999999999998,1.8999999999999997,-1.6782771062996513
cc-pvdz,one_electron_cross_deleted,1.4999999999999998,1.8999999999999997,-1.2770401573338157
cc-pvdz,without_edge_01,1.4999999999999998,1.8999999999999997,-1.5579129310239703
cc-pvdz,full,1.4999999999999998,1.9999999999999996,-1.6762376687294087
cc-pvdz,one_electron_cross_deleted,1.4999999999999998,1.9999999999999996,-1.2899613672698358
cc-pvdz,without_edge_01,1.4999999999999998,1.9999999999999996,-1.5485925286373847
cc-pvdz,full,1.4999999999999998,2.0999999999999996,-1.6738641342017955
cc-pvdz,one_electron_cross_deleted,1.4999999999999998,2.0999999999999996,-1.2998824130814302
cc-pvdz,without_edge_01,1.4999999999999998,2.0999999999999996,-1.540516411574902
cc-pvdz,full,1.4999999999999998,2.1999999999999997,-1.6713183577779225
cc-pvdz,one_electron_cross_deleted,1.4999999999999998,2.1999999999999997,-1.3075485561705074
cc-pvdz,without_edge_01,1.4999999999999998,2.1999999999999997,-1.5335147163239162
cc-pvdz,full,1.4999999999999998,2.3,-1.6687110883276635
cc-pvdz,one_electron_cross_deleted,1.4999999999999998,2.3,-1.313491032741089
cc-pvdz,without_edge_01,1.4999999999999998,2.3,-1.527434499057053
cc-pvdz,full,1.4999999999999998,2.3999999999999995,-1.6661204315648914
cc-pvdz,one_electron_cross_deleted,1.4999999999999998,2.3999999999999995,-1.3181071001492424
cc-pvdz,without_edge_01,1.4999999999999998,2.3999999999999995,-1.5221234792398495
cc-pvdz,full,1.4999999999999998,2.4999999999999996,-1.6636019957820363
cc-pvdz,one_electron_cross_deleted,1.4999999999999998,2.4999999999999996,-1.3217123391531946
cc-pvdz,without_edge_01,1.4999999999999998,2.4999999999999996,-1.517529824733134
cc-pvdz,full,1.5999999999999996,0.7,-1.7730003662469773
cc-pvdz,one_electron_cross_deleted,1.5999999999999996,0.7,0.3768939680636372
cc-pvdz,without_edge_01,1.5999999999999996,0.7,-1.6941668340339007
cc-pvdz,full,1.5999999999999996,0.7999999999999999,-1.8015736925052264
cc-pvdz,one_electron_cross_deleted,1.5999999999999996,0.7999999999999999,0.013321618121172385
cc-pvdz,without_edge_01,1.5999999999999996,0.7999999999999999,-1.7210530312186942
cc-pvdz,full,1.5999999999999996,0.8999999999999999,-1.804656254789498
cc-pvdz,one_electron_cross_deleted,1.5999999999999996,0.8999999999999999,-0.3202098068696788
cc-pvdz,without_edge_01,1.5999999999999996,0.8999999999999999,-1.7242715545330465
cc-pvdz,full,1.5999999999999996,0.9999999999999999,-1.7933089727367766
cc-pvdz,one_electron_cross_deleted,1.5999999999999996,0.9999999999999999,-0.5966570106755085
cc-pvdz,without_edge_01,1.5999999999999996,0.9999999999999999,-1.7146464575152067
cc-pvdz,full,1.5999999999999996,1.0999999999999999,-1.7741100102918375
cc-pvdz,one_electron_cross_deleted,1.5999999999999996,1.0999999999999999,-0.8079141270520793
cc-pvdz,without_edge_01,1.5999999999999996,1.0999999999999999,-1.6985151843806414
cc-pvdz,full,1.5999999999999996,1.1999999999999997,-1.7510783439208883
cc-pvdz,one_electron_cross_deleted,1.5999999999999996,1.1999999999999997,-0.962273513967935
cc-pvdz,without_edge_01,1.5999999999999996,1.1999999999999997,-1.6795725111351527
cc-pvdz,full,1.5999999999999996,1.2999999999999998,-1.7266922906312223
cc-pvdz,one_electron_cross_deleted,1.5999999999999996,1.2999999999999998,-1.0725881630370357
cc-pvdz,without_edge_01,1.5999999999999996,1.2999999999999998,-1.65996120081087
cc-pvdz,full,1.5999999999999996,1.4,-1.7024897751588792
cc-pvdz,one_electron_cross_deleted,1.5999999999999996,1.4,-1.1511080908013627
cc-pvdz,without_edge_01,1.5999999999999996,1.4,-1.640908213314563
cc-pvdz,full,1.5999999999999996,1.4999999999999998,-1.6794374311242106
cc-pvdz,one_electron_cross_deleted,1.5999999999999996,1.4999999999999998,-1.207399989579533
cc-pvdz,without_edge_01,1.5999999999999996,1.4999999999999998,-1.6230965269863757
cc-pvdz,full,1.5999999999999996,1.5999999999999996,-1.6581576075293243
cc-pvdz,one_electron_cross_deleted,1.5999999999999996,1.5999999999999996,-1.2482433237748478
cc-pvdz,without_edge_01,1.5999999999999996,1.5999999999999996,-1.6068820784382156
cc-pvdz,full,1.5999999999999996,1.6999999999999997,-1.6592743140871613
cc-pvdz,one_electron_cross_deleted,1.5999999999999996,1.6999999999999997,-1.2781955491923715
cc-pvdz,without_edge_01,1.5999999999999996,1.6999999999999997,-1.592413099432856
cc-pvdz,full,1.5999999999999996,1.7999999999999998,-1.6590279892932844
cc-pvdz,one_electron_cross_deleted,1.5999999999999996,1.7999999999999998,-1.3005023411434709
cc-pvdz,without_edge_01,1.5999999999999996,1.7999999999999998,-1.5796934596496126
cc-pvdz,full,1.5999999999999996,1.8999999999999997,-1.6578195990784872
cc-pvdz,one_electron_cross_deleted,1.5999999999999996,1.8999999999999997,-1.3173060281296656
cc-pvdz,without_edge_01,1.5999999999999996,1.8999999999999997,-1.5686248337495532
cc-pvdz,full,1.5999999999999996,1.9999999999999996,-1.656010570962782
cc-pvdz,one_electron_cross_deleted,1.5999999999999996,1.9999999999999996,-1.3300881103638342
cc-pvdz,without_edge_01,1.5999999999999996,1.9999999999999996,-1.5590447732881845
cc-pvdz,full,1.5999999999999996,2.0999999999999996,-1.6538368700347437
cc-pvdz,one_electron_cross_deleted,1.5999999999999996,2.0999999999999996,-1.3398908736960922
cc-pvdz,without_edge_01,1.5999999999999996,2.0999999999999996,-1.5507660113880515
cc-pvdz,full,1.5999999999999996,2.1999999999999997,-1.651460922108695
cc-pvdz,one_electron_cross_deleted,1.5999999999999996,2.1999999999999997,-1.3474529897996115
cc-pvdz,without_edge_01,1.5999999999999996,2.1999999999999997,-1.543602273404385
cc-pvdz,full,1.5999999999999996,2.3,-1.6489963242839694
cc-pvdz,one_electron_cross_deleted,1.5999999999999996,2.3,-1.3533030503655081
cc-pvdz,without_edge_01,1.5999999999999996,2.3,-1.53741023346808
cc-pvdz,full,1.5999999999999996,2.3999999999999995,-1.646524297308926
cc-pvdz,one_electron_cross_deleted,1.5999999999999996,2.3999999999999995,-1.3578454109406326
cc-pvdz,without_edge_01,1.5999999999999996,2.3999999999999995,-1.5319065908179208
cc-pvdz,full,1.5999999999999996,2.4999999999999996,-1.644103702774905
cc-pvdz,one_electron_cross_deleted,1.5999999999999996,2.4999999999999996,-1.3613865976542294
cc-pvdz,without_edge_01,1.5999999999999996,2.4999999999999996,-1.5273194860825574
cc-pvdz,full,1.6999999999999997,0.7,-1.7682568694424416
cc-pvdz,one_electron_cross_deleted,1.6999999999999997,0.7,0.332252449857414
cc-pvdz,without_edge_01,1.6999999999999997,0.7,-1.7020031531223818
cc-pvdz,full,1.6999999999999997,0.7999999999999999,-1.7977230844874867
cc-pvdz,one_electron_cross_deleted,1.6999999999999997,0.7999999999999999,-0.026439804108647547
cc-pvdz,without_edge_01,1.6999999999999997,0.7999999999999999,-1.7301438330795058
cc-pvdz,full,1.6999999999999997,0.8999999999999999,-1.8016812857481685
cc-pvdz,one_electron_cross_deleted,1.6999999999999997,0.8999999999999999,-0.35616911449136035
cc-pvdz,without_edge_01,1.6999999999999997,0.8999999999999999,-1.7340452870675698
cc-pvdz,full,1.6999999999999997,0.9999999999999999,-1.7911702630011122
cc-pvdz,one_electron_cross_deleted,1.6999999999999997,0.9999999999999999,-0.6300773128045418
cc-pvdz,without_edge_01,1.6999999999999997,0.9999999999999999,-1.724687228017188
cc-pvdz,full,1.6999999999999997,1.0999999999999999,-1.7727487859078712
cc-pvdz,one_electron_cross_deleted,1.6999999999999997,1.0999999999999999,-0.8401657285112014
cc-pvdz,without_edge_01,1.6999999999999997,1.0999999999999999,-1.708504973842711
cc-pvdz,full,1.6999999999999997,1.1999999999999997,-1.7504184091107358
cc-pvdz,one_electron_cross_deleted,1.6999999999999997,1.1999999999999997,-0.993705579098997
cc-pvdz,without_edge_01,1.6999999999999997,1.1999999999999997,-1.6892822073934108
cc-pvdz,full,1.6999999999999997,1.2999999999999998,-1.7266426281013294
cc-pvdz,one_electron_cross_deleted,1.6999999999999997,1.2999999999999998,-1.1034570620917885
cc-pvdz,without_edge_01,1.6999999999999997,1.2999999999999998,-1.6692423147421136
cc-pvdz,full,1.6999999999999997,1.4,-1.7029479840761457
cc-pvdz,one_electron_cross_deleted,1.6999999999999997,1.4,-1.1815788991087934
cc-pvdz,without_edge_01,1.6999999999999997,1.4,-1.6496834106572689
cc-pvdz,full,1.6999999999999997,1.4999999999999998,-1.680295416381161
cc-pvdz,one_electron_cross_deleted,1.6999999999999997,1.4999999999999998,-1.2375728334786744
cc-pvdz,without_edge_01,1.6999999999999997,1.4999999999999998,-1.6313501870702354
cc-pvdz,full,1.6999999999999997,1.5999999999999996,-1.6592743140830448
cc-pvdz,one_electron_cross_deleted,1.6999999999999997,1.5999999999999996,-1.2781955490674721
cc-pvdz,without_edge_01,1.6999999999999997,1.5999999999999996,-1.614648339308998
cc-pvdz,full,1.6999999999999997,1.6999999999999997,-1.640339997276733
cc-pvdz,one_electron_cross_deleted,1.6999999999999997,1.6999999999999997,-1.3080615282929104
cc-pvdz,without_edge_01,1.6999999999999997,1.6999999999999997,-1.599758710596727
cc-pvdz,full,1.6999999999999997,1.7999999999999998,-1.6402358844797613
cc-pvdz,one_electron_cross_deleted,1.6999999999999997,1.7999999999999998,-1.330243450513888
cc-pvdz,without_edge_01,1.6999999999999997,1.7999999999999998,-1.5866996138818428
cc-pvdz,full,1.6999999999999997,1.8999999999999997,-1.639222805617932
cc-pvdz,one_electron_cross_deleted,1.6999999999999997,1.8999999999999997,-1.3469541872875435
cc-pvdz,without_edge_01,1.6999999999999997,1.8999999999999997,-1.575369934101475
cc-pvdz,full,1.6999999999999997,1.9999999999999996,-1.6375826367009907
cc-pvdz,one_electron_cross_deleted,1.6999999999999997,1.9999999999999996,-1.3596664415299577
cc-pvdz,without_edge_01,1.6999999999999997,1.9999999999999996,-1.5655963549170213
cc-pvdz,full,1.6999999999999997,2.0999999999999996,-1.635564719190545
cc-pvdz,one_electron_cross_deleted,1.6999999999999997,2.0999999999999996,-1.3694128692235834
cc-pvdz,without_edge_01,1.6999999999999997,2.0999999999999996,-1.5571949333881396
cc-pvdz,full,1.6999999999999997,2.1999999999999997,-1.6333256172826118
cc-pvdz,one_electron_cross_deleted,1.6999999999999997,2.1999999999999997,-1.3769228519425822
cc-pvdz,without_edge_01,1.6999999999999997,2.1999999999999997,-1.549963568523463
cc-pvdz,full,1.6999999999999997,2.3,-1.630980721934755
cc-pvdz,one_electron_cross_deleted,1.6999999999999997,2.3,-1.382727189256847
cc-pvdz,without_edge_01,1.6999999999999997,2.3,-1.5437236896809738
cc-pvdz,full,1.6999999999999997,2.3999999999999995,-1.6286129869819304
cc-pvdz,one_electron_cross_deleted,1.6999999999999997,2.3999999999999995,-1.3872367896605766
cc-pvdz,without_edge_01,1.6999999999999997,2.3999999999999995,-1.538318333290308
cc-pvdz,full,1.6999999999999997,2.4999999999999996,-1.6262827225551386
cc-pvdz,one_electron_cross_deleted,1.6999999999999997,2.4999999999999996,-1.3907480735591404
cc-pvdz,without_edge_01,1.6999999999999997,2.4999999999999996,-1.5263295830602006
cc-pvdz,full,1.7999999999999998,0.7,-1.7628390091159654
cc-pvdz,one_electron_cross_deleted,1.7999999999999998,0.7,0.2937817709038577
cc-pvdz,without_edge_01,1.7999999999999998,0.7,-1.706100909308108
cc-pvdz,full,1.7999999999999998,0.7999999999999999,-1.7930250168663928
cc-pvdz,one_electron_cross_deleted,1.7999999999999998,0.7999999999999999,-0.05989516013215335
cc-pvdz,without_edge_01,1.7999999999999998,0.7999999999999999,-1.7354091584163864
cc-pvdz,full,1.7999999999999998,0.8999999999999999,-1.7977123322117023
cc-pvdz,one_electron_cross_deleted,1.7999999999999998,0.8999999999999999,-0.3853517809626119
cc-pvdz,without_edge_01,1.7999999999999998,0.8999999999999999,-1.740009995676255
cc-pvdz,full,1.7999999999999998,0.9999999999999999,-1.787916775166317
cc-pvdz,one_electron_cross_deleted,1.7999999999999998,0.9999999999999999,-0.6566381277677507
cc-pvdz,without_edge_01,1.7999999999999998,0.9999999999999999,-1.731010257534236
cc-pvdz,full,1.7999999999999998,1.0999999999999999,-1.770175555742643
cc-pvdz,one_electron_cross_deleted,1.7999999999999998,1.0999999999999999,-0.8650666705298229
cc-pvdz,without_edge_01,1.7999999999999998,1.0999999999999999,-1.714916447844495
cc-pvdz,full,1.7999999999999998,1.1999999999999997,-1.7484704779932654
cc-pvdz,one_electron_cross_deleted,1.7999999999999998,1.1999999999999997,-1.0175902467240154
cc-pvdz,without_edge_01,1.7999999999999998,1.1999999999999997,-1.6955775615213493
cc-pvdz,full,1.7999999999999998,1.2999999999999998,-1.7252480783244144
cc-pvdz,one_electron_cross_deleted,1.7999999999999998,1.2999999999999998,-1.1266817420925765
cc-pvdz,without_edge_01,1.7999999999999998,1.2999999999999998,-1.6752776144986397
cc-pvdz,full,1.7999999999999998,1.4,-1.7020219772001397
cc-pvdz,one_electron_cross_deleted,1.7999999999999998,1.4,-1.204366073319476
cc-pvdz,without_edge_01,1.7999999999999998,1.4,-1.6553695762261547
cc-pvdz,full,1.7999999999999998,1.4999999999999998,-1.6797450787664958
cc-pvdz,one_electron_cross_deleted,1.7999999999999998,1.4999999999999998,-1.2600722830034503
cc-pvdz,without_edge_01,1.7999999999999998,1.4999999999999998,-1.6366492543691236
cc-pvdz,full,1.7999999999999998,1.5999999999999996,-1.659027989294848
cc-pvdz,one_electron_cross_deleted,1.7999999999999998,1.5999999999999996,-1.3005023410048195
cc-pvdz,without_edge_01,1.7999999999999998,1.5999999999999996,-1.619565935822546
cc-pvdz,full,1.7999999999999998,1.6999999999999997,-1.6402358844994716
cc-pvdz,one_electron_cross_deleted,1.7999999999999998,1.6999999999999997,-1.3302434505587843
cc-pvdz,without_edge_01,1.7999999999999998,1.6999999999999997,-1.6043350075268137
cc-pvdz,full,1.7999999999999998,1.7999999999999998,-1.6236178316941534
cc-pvdz,one_electron_cross_deleted,1.7999999999999998,1.7999999999999998,-1.3524017266920354
cc-pvdz,without_edge_01,1.7999999999999998,1.7999999999999998,-1.5909949277437363
cc-pvdz,full,1.7999999999999998,1.8999999999999997,-1.6226020637489336
cc-pvdz,one_electron_cross_deleted,1.7999999999999998,1.8999999999999997,-1.3690675467398756
cc-pvdz,without_edge_01,1.7999999999999998,1.8999999999999997,-1.5789069227327983
cc-pvdz,full,1.7999999999999998,1.9999999999999996,-1.6209397489458526
cc-pvdz,one_electron_cross_deleted,1.7999999999999998,1.9999999999999996,-1.381754046541135
cc-pvdz,without_edge_01,1.7999999999999998,1.9999999999999996,-1.5695357140028292
cc-pvdz,full,1.7999999999999998,2.0999999999999996,-1.6192442005617762
cc-pvdz,one_electron_cross_deleted,1.7999999999999998,2.0999999999999996,-1.3914811688441788
cc-pvdz,without_edge_01,1.7999999999999998,2.0999999999999996,-1.5610024792940544
cc-pvdz,full,1.7999999999999998,2.1999999999999997,-1.6171170470383631
cc-pvdz,one_electron_cross_deleted,1.7999999999999998,2.1999999999999997,-1.3989703079314306
cc-pvdz,without_edge_01,1.7999999999999998,2.1999999999999997,-1.553744163011597
cc-pvdz,full,1.7999999999999998,2.3,-1.6148684871559322
cc-pvdz,one_electron_cross_deleted,1.7999999999999998,2.3,-1.4047623384587509
cc-pvdz,without_edge_01,1.7999999999999998,2.3,-1.5474920880372263
cc-pvdz,full,1.7999999999999998,2.3999999999999995,-1.612589046378653
cc-pvdz,one_electron_cross_deleted,1.7999999999999998,2.3999999999999995,-1.4092663254018605
cc-pvdz,without_edge_01,1.7999999999999998,2.3999999999999995,-1.5420989678722907
cc-pvdz,full,1.7999999999999998,2.4999999999999996,-1.610339416409805
cc-pvdz,one_electron_cross_deleted,1.7999999999999998,2.4999999999999996,-1.4127703866265864
cc-pvdz,without_edge_01,1.7999999999999998,2.4999999999999996,-1.5256935492295471
cc-pvdz,full,1.8999999999999997,0.7,-1.7572608933975444
cc-pvdz,one_electron_cross_deleted,1.8999999999999997,0.7,0.26054932990529434
cc-pvdz,without_edge_01,1.8999999999999997,0.7,-1.7077527549871108
cc-pvdz,full,1.8999999999999997,0.7999999999999999,-1.7880190288187072
cc-pvdz,one_electron_cross_deleted,1.8999999999999997,0.7999999999999999,-0.08818215965799547
cc-pvdz,without_edge_01,1.8999999999999997,0.7999999999999999,-1.738135596725893
cc-pvdz,full,1.8999999999999997,0.8999999999999999,-1.793301553196459
cc-pvdz,one_electron_cross_deleted,1.8999999999999997,0.8999999999999999,-0.40950758538778675
cc-pvdz,without_edge_01,1.8999999999999997,0.8999999999999999,-1.7434292497393695
cc-pvdz,full,1.8999999999999997,0.9999999999999999,-1.7841024949162323
cc-pvdz,one_electron_cross_deleted,1.8999999999999997,0.9999999999999999,-0.6778689556442492
cc-pvdz,without_edge_01,1.8999999999999997,0.9999999999999999,-1.7348337519322508
cc-pvdz,full,1.8999999999999997,1.0999999999999999,-1.7669378685201989
cc-pvdz,one_electron_cross_deleted,1.8999999999999997,1.0999999999999999,-0.8844966549741189
cc-pvdz,without_edge_01,1.8999999999999997,1.0999999999999999,-1.7189152033703872
cc-pvdz,full,1.8999999999999997,1.1999999999999997,-1.745770100833293
cc-pvdz,one_electron_cross_deleted,1.8999999999999997,1.1999999999999997,-1.035940044101392
cc-pvdz,without_edge_01,1.8999999999999997,1.1999999999999997,-1.69957095063761
cc-pvdz,full,1.8999999999999997,1.2999999999999998,-1.7230292230566873
cc-pvdz,one_electron_cross_deleted,1.8999999999999997,1.2999999999999998,-1.1443445440161941
cc-pvdz,without_edge_01,1.8999999999999997,1.2999999999999998,-1.6791305948112045
cc-pvdz,full,1.8999999999999997,1.4,-1.7002164638361181
cc-pvdz,one_electron_cross_deleted,1.8999999999999997,1.4,-1.22160373891241
cc-pvdz,without_edge_01,1.8999999999999997,1.4,-1.6589890321362692
cc-pvdz,full,1.8999999999999997,1.4999999999999998,-1.6782771062996544
cc-pvdz,one_electron_cross_deleted,1.8999999999999997,1.4999999999999998,-1.2770401573413017
cc-pvdz,without_edge_01,1.8999999999999997,1.4999999999999998,-1.6399802412569988
cc-pvdz,full,1.8999999999999997,1.5999999999999996,-1.6578195990778948
cc-pvdz,one_electron_cross_deleted,1.8999999999999997,1.5999999999999996,-1.3173060281092965
cc-pvdz,without_edge_01,1.8999999999999997,1.5999999999999996,-1.6225967316438714
cc-pvdz,full,1.8999999999999997,1.6999999999999997,-1.6392228056293394
cc-pvdz,one_electron_cross_deleted,1.8999999999999997,1.6999999999999997,-1.3469541872402466
cc-pvdz,without_edge_01,1.8999999999999997,1.6999999999999997,-1.6070825508875761
cc-pvdz,full,1.8999999999999997,1.7999999999999998,-1.6226020641613692
cc-pvdz,one_electron_cross_deleted,1.8999999999999997,1.7999999999999998,-1.3690675467179392
cc-pvdz,without_edge_01,1.8999999999999997,1.7999999999999998,-1.5935016439332483
cc-pvdz,full,1.8999999999999997,1.8999999999999997,-1.6082798873372517
cc-pvdz,one_electron_cross_deleted,1.8999999999999997,1.8999999999999997,-1.3857457386541712
cc-pvdz,without_edge_01,1.8999999999999997,1.8999999999999997,-1.581773576790067
cc-pvdz,full,1.8999999999999997,1.9999999999999996,-1.605230916780373
cc-pvdz,one_electron_cross_deleted,1.8999999999999997,1.9999999999999996,-1.398431690328355
cc-pvdz,without_edge_01,1.8999999999999997,1.9999999999999996,-1.571711509538412
cc-pvdz,full,1.8999999999999997,2.0999999999999996,-1.6048801631020497
cc-pvdz,one_electron_cross_deleted,1.8999999999999997,2.0999999999999996,-1.4081585610076828
cc-pvdz,without_edge_01,1.8999999999999997,2.0999999999999996,-1.5631167552995917
cc-pvdz,full,1.8999999999999997,2.1999999999999997,-1.602887666635878
cc-pvdz,one_electron_cross_deleted,1.8999999999999997,2.1999999999999997,-1.4156477856050431
cc-pvdz,without_edge_01,1.8999999999999997,2.1999999999999997,-1.5558075074003526
cc-pvdz,full,1.8999999999999997,2.3,-1.6007132584164174
cc-pvdz,one_electron_cross_deleted,1.8999999999999997,2.3,-1.4214510646249634
cc-pvdz,without_edge_01,1.8999999999999997,2.3,-1.549532328074993
cc-pvdz,full,1.8999999999999997,2.3999999999999995,-1.5985047608793517
cc-pvdz,one_electron_cross_deleted,1.8999999999999997,2.3999999999999995,-1.4259662524777852
cc-pvdz,without_edge_01,1.8999999999999997,2.3999999999999995,-1.5441523357883535
cc-pvdz,full,1.8999999999999997,2.4999999999999996,-1.5963234016977563
cc-pvdz,one_electron_cross_deleted,1.8999999999999997,2.4999999999999996,-1.4294772751987646
cc-pvdz,without_edge_01,1.8999999999999997,2.4999999999999996,-1.5385379544367876
cc-pvdz,full,1.9999999999999996,0.7,-1.7518624530801818
cc-pvdz,one_electron_cross_deleted,1.9999999999999996,0.7,0.23195408149164054
cc-pvdz,without_edge_01,1.9999999999999996,0.7,-1.708097827396497
cc-pvdz,full,1.9999999999999996,0.7999999999999999,-1.7830623253739684
cc-pvdz,one_electron_cross_deleted,1.9999999999999996,0.7999999999999999,-0.11205389433036173
cc-pvdz,without_edge_01,1.9999999999999996,0.7999999999999999,-1.7391649959016786
cc-pvdz,full,1.9999999999999996,0.8999999999999999,-1.788816758168132
cc-pvdz,one_electron_cross_deleted,1.9999999999999996,0.8999999999999999,-0.42949775850678495
cc-pvdz,without_edge_01,1.9999999999999996,0.8999999999999999,-1.7452092858039716
cc-pvdz,full,1.9999999999999996,0.9999999999999999,-1.7800991274300189
cc-pvdz,one_electron_cross_deleted,1.9999999999999996,0.9999999999999999,-0.6949847775567775
cc-pvdz,without_edge_01,1.9999999999999996,0.9999999999999999,-1.7370224967236987
cc-pvdz,full,1.9999999999999996,1.0999999999999999,-1.7634063900250196
cc-pvdz,one_electron_cross_deleted,1.9999999999999996,1.0999999999999999,-0.8997723093432763
cc-pvdz,without_edge_01,1.9999999999999996,1.0999999999999999,-1.7213191128689753
cc-pvdz,full,1.9999999999999996,1.1999999999999997,-1.742683651710137
cc-pvdz,one_electron_cross_deleted,1.9999999999999996,1.1999999999999997,-1.050158647578828
cc-pvdz,without_edge_01,1.9999999999999996,1.1999999999999997,-1.7020346236558086
cc-pvdz,full,1.9999999999999996,1.2999999999999998,-1.7203463424670922
cc-pvdz,one_electron_cross_deleted,1.9999999999999996,1.2999999999999998,-1.1579080501256183
cc-pvdz,without_edge_01,1.9999999999999996,1.2999999999999998,-1.6815316420534776
cc-pvdz,full,1.9999999999999996,1.4,-1.697884822454475
cc-pvdz,one_electron_cross_deleted,1.9999999999999996,1.4,-1.2347665471589648
cc-pvdz,without_edge_01,1.9999999999999996,1.4,-1.6612362689845686
cc-pvdz,full,1.9999999999999996,1.4999999999999998,-1.6762376687294034
cc-pvdz,one_electron_cross_deleted,1.9999999999999996,1.4999999999999998,-1.2899613674410895
cc-pvdz,without_edge_01,1.9999999999999996,1.4999999999999998,-1.642014141095221
cc-pvdz,full,1.9999999999999996,1.5999999999999996,-1.6560105709612725
cc-pvdz,one_electron_cross_deleted,1.9999999999999996,1.5999999999999996,-1.330088110536282
cc-pvdz,without_edge_01,1.9999999999999996,1.5999999999999996,-1.6243881216572487
cc-pvdz,full,1.9999999999999996,1.6999999999999997,-1.6375826367002568
cc-pvdz,one_electron_cross_deleted,1.9999999999999996,1.6999999999999997,-1.3596664415085808
cc-pvdz,without_edge_01,1.9999999999999996,1.6999999999999997,-1.6086274365450464
cc-pvdz,full,1.9999999999999996,1.7999999999999998,-1.6209397423141378
cc-pvdz,one_electron_cross_deleted,1.9999999999999996,1.7999999999999998,-1.381754046691914
cc-pvdz,without_edge_01,1.9999999999999996,1.7999999999999998,-1.5948381679649073
cc-pvdz,full,1.9999999999999996,1.8999999999999997,-1.6052309458553597
cc-pvdz,one_electron_cross_deleted,1.9999999999999996,1.8999999999999997,-1.3984316903915601
cc-pvdz,without_edge_01,1.9999999999999996,1.8999999999999997,-1.5829229166937997
cc-pvdz,full,1.9999999999999996,1.9999999999999996,-1.5944355112073494
cc-pvdz,one_electron_cross_deleted,1.9999999999999996,1.9999999999999996,-1.4111376356438645
cc-pvdz,without_edge_01,1.9999999999999996,1.9999999999999996,-1.572722256473927
cc-pvdz,full,1.9999999999999996,2.0999999999999996,-1.5919787492237791
cc-pvdz,one_electron_cross_deleted,1.9999999999999996,2.0999999999999996,-1.4208729376288818
cc-pvdz,without_edge_01,1.9999999999999996,2.0999999999999996,-1.5640662501598683
cc-pvdz,full,1.9999999999999996,2.1999999999999997,-1.5905409302211466
cc-pvdz,one_electron_cross_deleted,1.9999999999999996,2.1999999999999997,-1.428379609047667
cc-pvdz,without_edge_01,1.9999999999999996,2.1999999999999997,-1.5567008117847205
cc-pvdz,full,1.9999999999999996,2.3,-1.5884411582532143
cc-pvdz,one_electron_cross_deleted,1.9999999999999996,2.3,-1.4342079690111695
cc-pvdz,without_edge_01,1.9999999999999996,2.3,-1.5504132793407337
cc-pvdz,full,1.9999999999999996,2.3999999999999995,-1.5862873235407358
cc-pvdz,one_electron_cross_deleted,1.9999999999999996,2.3999999999999995,-1.4387433777591527
cc-pvdz,without_edge_01,1.9999999999999996,2.3999999999999995,-1.5435859146015092
cc-pvdz,full,1.9999999999999996,2.4999999999999996,-1.584157875185477
cc-pvdz,one_electron_cross_deleted,1.9999999999999996,2.4999999999999996,-1.442269325577482
cc-pvdz,without_edge_01,1.9999999999999996,2.4999999999999996,-1.5404503126742524
cc-pvdz,full,2.0999999999999996,0.7,-1.7468382358411088
cc-pvdz,one_electron_cross_deleted,2.0999999999999996,0.7,0.2075367745291956
cc-pvdz,without_edge_01,2.0999999999999996,0.7,-1.7077406646599451
cc-pvdz,full,2.0999999999999996,0.7999999999999999,-1.7783659374976861
cc-pvdz,one_electron_cross_deleted,2.0999999999999996,0.7999999999999999,-0.1320803881244501
cc-pvdz,without_edge_01,2.0999999999999996,0.7999999999999999,-1.7392901703333838
cc-pvdz,full,2.0999999999999996,0.8999999999999999,-1.7844795991125277
cc-pvdz,one_electron_cross_deleted,2.0999999999999996,0.8999999999999999,-0.44593848279239845
cc-pvdz,without_edge_01,2.0999999999999996,0.8999999999999999,-1.7459646614761746
cc-pvdz,full,2.0999999999999996,0.9999999999999999,-1.7761357261490467
cc-pvdz,one_electron_cross_deleted,2.0999999999999996,0.9999999999999999,-0.7088018615294382
cc-pvdz,without_edge_01,2.0999999999999996,0.9999999999999999,-1.7381716637550957
cc-pvdz,full,2.0999999999999996,1.0999999999999999,-1.7598149393753517
cc-pvdz,one_electron_cross_deleted,2.0999999999999996,1.0999999999999999,-0.9118466983928268
cc-pvdz,without_edge_01,2.0999999999999996,1.0999999999999999,-1.7226941856401439
cc-pvdz,full,2.0999999999999996,1.1999999999999997,-1.7394478362657368
cc-pvdz,one_electron_cross_deleted,2.0999999999999996,1.1999999999999997,-1.0612519194654113
cc-pvdz,without_edge_01,2.0999999999999996,1.1999999999999997,-1.7034982770811191
cc-pvdz,full,2.0999999999999996,1.2999999999999998,-1.7174376140042351
cc-pvdz,one_electron_cross_deleted,2.0999999999999996,1.2999999999999998,-1.168402291879482
cc-pvdz,without_edge_01,2.0999999999999996,1.2999999999999998,-1.6829766477520718
cc-pvdz,full,2.0999999999999996,1.4,-1.6952654917605217
cc-pvdz,one_electron_cross_deleted,2.0999999999999996,1.4,-1.244901042317005
cc-pvdz,without_edge_01,2.0999999999999996,1.4,-1.662574006157731
cc-pvdz,full,2.0999999999999996,1.4999999999999998,-1.6738641342019163
cc-pvdz,one_electron_cross_deleted,2.0999999999999996,1.4999999999999998,-1.2998824130309172
cc-pvdz,without_edge_01,2.0999999999999996,1.4999999999999998,-1.643190629933228
cc-pvdz,full,2.0999999999999996,1.5999999999999996,-1.6538368700357124
cc-pvdz,one_electron_cross_deleted,2.0999999999999996,1.5999999999999996,-1.3398908738414663
cc-pvdz,without_edge_01,2.0999999999999996,1.5999999999999996,-1.6253706341027332
cc-pvdz,full,2.0999999999999996,1.6999999999999997,-1.6355647191904563
cc-pvdz,one_electron_cross_deleted,2.0999999999999996,1.6999999999999997,-1.3694128691276874
cc-pvdz,without_edge_01,2.0999999999999996,1.6999999999999997,-1.6094087342804262
cc-pvdz,full,2.0999999999999996,1.7999999999999998,-1.6192442004896843
cc-pvdz,one_electron_cross_deleted,2.0999999999999996,1.7999999999999998,-1.391481168811761
cc-pvdz,without_edge_01,2.0999999999999996,1.7999999999999998,-1.5954104073007291
cc-pvdz,full,2.0999999999999996,1.8999999999999997,-1.6048801630413294
cc-pvdz,one_electron_cross_deleted,2.0999999999999996,1.8999999999999997,-1.4081585612545862
cc-pvdz,without_edge_01,2.0999999999999996,1.8999999999999997,-1.5833544230792769
cc-pvdz,full,2.0999999999999996,1.9999999999999996,-1.5919787507547847
cc-pvdz,one_electron_cross_deleted,2.0999999999999996,1.9999999999999996,-1.420872938035814
cc-pvdz,without_edge_01,2.0999999999999996,1.9999999999999996,-1.5730454734421597
cc-pvdz,full,2.0999999999999996,2.0999999999999996,-1.5820721729696305
cc-pvdz,one_electron_cross_deleted,2.0999999999999996,2.0999999999999996,-1.4306346240852406
cc-pvdz,without_edge_01,2.0999999999999996,2.0999999999999996,-1.5642495857665677
cc-pvdz,full,2.0999999999999996,2.1999999999999997,-1.5793875237723696
cc-pvdz,one_electron_cross_deleted,2.0999999999999996,2.1999999999999997,-1.4381731082137281
cc-pvdz,without_edge_01,2.0999999999999996,2.1999999999999997,-1.5566916509072954
cc-pvdz,full,2.0999999999999996,2.3,-1.577688526083979
cc-pvdz,one_electron_cross_deleted,2.0999999999999996,2.3,-1.444031520839055
cc-pvdz,without_edge_01,2.0999999999999996,2.3,-1.5497125625759673
cc-pvdz,full,2.0999999999999996,2.3999999999999995,-1.5756593823746774
cc-pvdz,one_electron_cross_deleted,2.0999999999999996,2.3999999999999995,-1.4485904409099593
cc-pvdz,without_edge_01,2.0999999999999996,2.3999999999999995,-1.5434834109916722
cc-pvdz,full,2.0999999999999996,2.4999999999999996,-1.5734647146894758
cc-pvdz,one_electron_cross_deleted,2.0999999999999996,2.4999999999999996,-1.4521348438880655
cc-pvdz,without_edge_01,2.0999999999999996,2.4999999999999996,-1.540580113162395
cc-pvdz,full,2.1999999999999997,0.7,-1.7422809656623786
cc-pvdz,one_electron_cross_deleted,2.1999999999999997,0.7,0.18687362765275672
cc-pvdz,without_edge_01,2.1999999999999997,0.7,-1.7103043125436752
cc-pvdz,full,2.1999999999999997,0.7999999999999999,-1.7740364342283677
cc-pvdz,one_electron_cross_deleted,2.1999999999999997,0.7999999999999999,-0.14877245200253508
cc-pvdz,without_edge_01,2.1999999999999997,0.7999999999999999,-1.7393756564095213
cc-pvdz,full,2.1999999999999997,0.8999999999999999,-1.780408852165705
cc-pvdz,one_electron_cross_deleted,2.1999999999999997,0.8999999999999999,-0.4593350252834232
cc-pvdz,without_edge_01,2.1999999999999997,0.8999999999999999,-1.7458873673743862
cc-pvdz,full,2.1999999999999997,0.9999999999999999,-1.7723420931681284
cc-pvdz,one_electron_cross_deleted,2.1999999999999997,0.9999999999999999,-0.7199074725467414
cc-pvdz,without_edge_01,2.1999999999999997,0.9999999999999999,-1.738630244963665
cc-pvdz,full,2.1999999999999997,1.0999999999999999,-1.7563027509668163
cc-pvdz,one_electron_cross_deleted,2.1999999999999997,1.0999999999999999,-0.9214254322371727
cc-pvdz,without_edge_01,2.1999999999999997,1.0999999999999999,-1.7234201133649918
cc-pvdz,full,2.1999999999999997,1.1999999999999997,-1.7362099208310975
cc-pvdz,one_electron_cross_deleted,2.1999999999999997,1.1999999999999997,-1.0699527165893132
cc-pvdz,without_edge_01,2.1999999999999997,1.1999999999999997,-1.70431927692509
cc-pvdz,full,2.1999999999999997,1.2999999999999998,-1.7144568199648011
cc-pvdz,one_electron_cross_deleted,2.1999999999999997,1.2999999999999998,-1.1765741099795535
cc-pvdz,without_edge_01,2.1999999999999997,1.2999999999999998,-1.6837972623343984
cc-pvdz,full,2.1999999999999997,1.4,-1.692517055180227
cc-pvdz,one_electron_cross_deleted,2.1999999999999997,1.4,-1.252754735937199
cc-pvdz,without_edge_01,2.1999999999999997,1.4,-1.6633248887605863
cc-pvdz,full,2.1999999999999997,1.4999999999999998,-1.6713183577779178
cc-pvdz,one_electron_cross_deleted,2.1999999999999997,1.4999999999999998,-1.307548556127096
cc-pvdz,without_edge_01,2.1999999999999997,1.4999999999999998,-1.6438071611269498
cc-pvdz,full,2.1999999999999997,1.5999999999999996,-1.6514609221086736
cc-pvdz,one_electron_cross_deleted,2.1999999999999997,1.5999999999999996,-1.3474529898444434
cc-pvdz,without_edge_01,2.1999999999999997,1.5999999999999996,-1.6258270818302845
cc-pvdz,full,2.1999999999999997,1.6999999999999997,-1.6333256172825865
cc-pvdz,one_electron_cross_deleted,2.1999999999999997,1.6999999999999997,-1.376922851969475
cc-pvdz,without_edge_01,2.1999999999999997,1.6999999999999997,-1.609679496619706
cc-pvdz,full,2.1999999999999997,1.7999999999999998,-1.6171170470418186
cc-pvdz,one_electron_cross_deleted,2.1999999999999997,1.7999999999999998,-1.3989703082041218
cc-pvdz,without_edge_01,2.1999999999999997,1.7999999999999998,-1.5955204343325045
cc-pvdz,full,2.1999999999999997,1.8999999999999997,-1.6028876666358458
cc-pvdz,one_electron_cross_deleted,2.1999999999999997,1.8999999999999997,-1.4156477856239371
cc-pvdz,without_edge_01,2.1999999999999997,1.8999999999999997,-1.5828287381954602
cc-pvdz,full,2.1999999999999997,1.9999999999999996,-1.5905409301117095
cc-pvdz,one_electron_cross_deleted,2.1999999999999997,1.9999999999999996,-1.428379609083778
cc-pvdz,without_edge_01,2.1999999999999997,1.9999999999999996,-1.5718038501958735
cc-pvdz,full,2.1999999999999997,2.0999999999999996,-1.5793875243699582
cc-pvdz,one_electron_cross_deleted,2.1999999999999997,2.0999999999999996,-1.4381731082253388
cc-pvdz,without_edge_01,2.1999999999999997,2.0999999999999996,-1.5632643739533885
cc-pvdz,full,2.1999999999999997,2.1999999999999997,-1.571129223627914
cc-pvdz,one_electron_cross_deleted,2.1999999999999997,2.1999999999999997,-1.4457495512297096
cc-pvdz,without_edge_01,2.1999999999999997,2.1999999999999997,-1.5565099667782003
cc-pvdz,full,2.1999999999999997,2.3,-1.5678490222333357
cc-pvdz,one_electron_cross_deleted,2.1999999999999997,2.3,-1.451637459200582
cc-pvdz,without_edge_01,2.1999999999999997,2.3,-1.5501695948188778
cc-pvdz,full,2.1999999999999997,2.3999999999999995,-1.5654993543956393
cc-pvdz,one_electron_cross_deleted,2.1999999999999997,2.3999999999999995,-1.4562196399298772
cc-pvdz,without_edge_01,2.1999999999999997,2.3999999999999995,-1.544782901947676
cc-pvdz,full,2.1999999999999997,2.4999999999999996,-1.5624398125829957
cc-pvdz,one_electron_cross_deleted,2.1999999999999997,2.4999999999999996,-1.459783116305956
cc-pvdz,without_edge_01,2.1999999999999997,2.4999999999999996,-1.5401997597458579
cc-pvdz,full,2.3,0.7,-1.738215861544532
cc-pvdz,one_electron_cross_deleted,2.3,0.7,0.16953941753733748
cc-pvdz,without_edge_01,2.3,0.7,-1.714719622972825
cc-pvdz,full,2.3,0.7999999999999999,-1.7701136497138723
cc-pvdz,one_electron_cross_deleted,2.3,0.7999999999999999,-0.16262209336067546
cc-pvdz,without_edge_01,2.3,0.7999999999999999,-1.741613799871848
cc-pvdz,full,2.3,0.8999999999999999,-1.7766582031220306
cc-pvdz,one_electron_cross_deleted,2.3,0.8999999999999999,-0.47019240277530727
cc-pvdz,without_edge_01,2.3,0.8999999999999999,-1.7461767564484587
cc-pvdz,full,2.3,0.9999999999999999,-1.768785415128623
cc-pvdz,one_electron_cross_deleted,2.3,0.9999999999999999,-0.7287969551323246
cc-pvdz,without_edge_01,2.3,0.9999999999999999,-1.738744103844163
cc-pvdz,full,2.3,1.0999999999999999,-1.7529492017752353
cc-pvdz,one_electron_cross_deleted,2.3,1.0999999999999999,-0.9290217734731119
cc-pvdz,without_edge_01,2.3,1.0999999999999999,-1.7237342829409132
cc-pvdz,full,2.3,1.1999999999999997,-1.7330600788552284
cc-pvdz,one_electron_cross_deleted,2.3,1.1999999999999997,-1.0767922420240954
cc-pvdz,without_edge_01,2.3,1.1999999999999997,-1.7047299651374763
cc-pvdz,full,2.3,1.2999999999999998,-1.711503099658925
cc-pvdz,one_electron_cross_deleted,2.3,1.2999999999999998,-1.1829565408568543
cc-pvdz,without_edge_01,2.3,1.2999999999999998,-1.6842125398142453
cc-pvdz,full,2.3,1.4,-1.6897458193641532
cc-pvdz,one_electron_cross_deleted,2.3,1.4,-1.2588608700724149
cc-pvdz,without_edge_01,2.3,1.4,-1.6636685882511908
cc-pvdz,full,2.3,1.4999999999999998,-1.6687110883276628
cc-pvdz,one_electron_cross_deleted,2.3,1.4999999999999998,-1.3134910327515292
cc-pvdz,without_edge_01,2.3,1.4999999999999998,-1.6440661329239343
cc-pvdz,full,2.3,1.5999999999999996,-1.648996324283975
cc-pvdz,one_electron_cross_deleted,2.3,1.5999999999999996,-1.35330305052113
cc-pvdz,without_edge_01,2.3,1.5999999999999996,-1.6259456610985137
cc-pvdz,full,2.3,1.6999999999999997,-1.6309807219347472
cc-pvdz,one_electron_cross_deleted,2.3,1.6999999999999997,-1.3827271894780546
cc-pvdz,without_edge_01,2.3,1.6999999999999997,-1.6096385534872875
cc-pvdz,full,2.3,1.7999999999999998,-1.6148684871558836
cc-pvdz,one_electron_cross_deleted,2.3,1.7999999999999998,-1.4047623387196002
cc-pvdz,without_edge_01,2.3,1.7999999999999998,-1.5952493302867685
cc-pvdz,full,2.3,1.8999999999999997,-1.6007132584160264
cc-pvdz,one_electron_cross_deleted,2.3,1.8999999999999997,-1.421451064819254
cc-pvdz,without_edge_01,2.3,1.8999999999999997,-1.581225050507505
cc-pvdz,full,2.3,1.9999999999999996,-1.5884411582256237
cc-pvdz,one_electron_cross_deleted,2.3,1.9999999999999996,-1.4342079689146026
cc-pvdz,without_edge_01,2.3,1.9999999999999996,-1.5715076027736794
cc-pvdz,full,2.3,2.0999999999999996,-1.577688526689979
cc-pvdz,one_electron_cross_deleted,2.3,2.0999999999999996,-1.4440315208512677
cc-pvdz,without_edge_01,2.3,2.0999999999999996,-1.5625972065086362
cc-pvdz,full,2.3,2.1999999999999997,-1.567849022958084
cc-pvdz,one_electron_cross_deleted,2.3,2.1999999999999997,-1.4516374592185592
cc-pvdz,without_edge_01,2.3,2.1999999999999997,-1.5552651406283997
cc-pvdz,full,2.3,2.3,-1.561470874929397
cc-pvdz,one_electron_cross_deleted,2.3,2.3,-1.4575455620720745
cc-pvdz,without_edge_01,2.3,2.3,-1.549477925808196
cc-pvdz,full,2.3,2.3999999999999995,-1.5567569882218535
cc-pvdz,one_electron_cross_deleted,2.3,2.3999999999999995,-1.4621488118562451
cc-pvdz,without_edge_01,2.3,2.3999999999999995,-1.5440963064029167
cc-pvdz,full,2.3,2.4999999999999996,-1.5514000099476097
cc-pvdz,one_electron_cross_deleted,2.3,2.4999999999999996,-1.4657306768347438
cc-pvdz,without_edge_01,2.3,2.4999999999999996,-1.5386535118718057
cc-pvdz,full,2.3999999999999995,0.7,-1.7346293295454651
cc-pvdz,one_electron_cross_deleted,2.3999999999999995,0.7,0.15511107382077105
cc-pvdz,without_edge_01,2.3999999999999995,0.7,-1.7175330277627903
cc-pvdz,full,2.3999999999999995,0.7999999999999999,-1.766599136217446
cc-pvdz,one_electron_cross_deleted,2.3999999999999995,0.7999999999999999,-0.1740702762900148
cc-pvdz,without_edge_01,2.3999999999999995,0.7999999999999999,-1.7447876245617313
cc-pvdz,full,2.3999999999999995,0.8999999999999999,-1.7732431936475792
cc-pvdz,one_electron_cross_deleted,2.3999999999999995,0.8999999999999999,-0.4790459108136007
cc-pvdz,without_edge_01,2.3999999999999995,0.8999999999999999,-1.7474452514294891
cc-pvdz,full,2.3999999999999995,0.9999999999999999,-1.7654962636800953
cc-pvdz,one_electron_cross_deleted,2.3999999999999995,0.9999999999999999,-0.7359403045501374
cc-pvdz,without_edge_01,2.3999999999999995,0.9999999999999999,-1.7387487465046005
cc-pvdz,full,2.3999999999999995,1.0999999999999999,-1.7497979497093032
cc-pvdz,one_electron_cross_deleted,2.3999999999999995,1.0999999999999999,-0.935055059289541
cc-pvdz,without_edge_01,2.3999999999999995,1.0999999999999999,-1.7238160419774453
cc-pvdz,full,2.3999999999999995,1.1999999999999997,-1.730053489261016
cc-pvdz,one_electron_cross_deleted,2.3999999999999995,1.1999999999999997,-1.0821597380739822
cc-pvdz,without_edge_01,2.3999999999999995,1.1999999999999997,-1.7048732712971804
cc-pvdz,full,2.3999999999999995,1.2999999999999998,-1.7086417296006022
cc-pvdz,one_electron_cross_deleted,2.3999999999999995,1.2999999999999998,-1.1879382850715032
cc-pvdz,without_edge_01,2.3999999999999995,1.2999999999999998,-1.6843553281301302
cc-pvdz,full,2.3999999999999995,1.4,-1.6870243526813407
cc-pvdz,one_electron_cross_deleted,2.3999999999999995,1.4,-1.2636117534021674
cc-pvdz,without_edge_01,2.3999999999999995,1.4,-1.6637700833634481
cc-pvdz,full,2.3999999999999995,1.4999999999999998,-1.6661204315649405
cc-pvdz,one_electron_cross_deleted,2.3999999999999995,1.4999999999999998,-1.3181071002791502
cc-pvdz,without_edge_01,2.3999999999999995,1.4999999999999998,-1.6440943817161955
cc-pvdz,full,2.3999999999999995,1.5999999999999996,-1.6465242973089547
cc-pvdz,one_electron_cross_deleted,2.3999999999999995,1.5999999999999996,-1.3578454109769265
cc-pvdz,without_edge_01,2.3999999999999995,1.5999999999999996,-1.6258222790820671
cc-pvdz,full,2.3999999999999995,1.6999999999999997,-1.6286129869819028
cc-pvdz,one_electron_cross_deleted,2.3999999999999995,1.6999999999999997,-1.3872367896577673
cc-pvdz,without_edge_01,2.3999999999999995,1.6999999999999997,-1.6090988380109779
cc-pvdz,full,2.3999999999999995,1.7999999999999998,-1.6125890463788477
cc-pvdz,one_electron_cross_deleted,2.3999999999999995,1.7999999999999998,-1.4092663255406679
cc-pvdz,without_edge_01,2.3999999999999995,1.7999999999999998,-1.5941300823262763
cc-pvdz,full,2.3999999999999995,1.8999999999999997,-1.598504760881995
cc-pvdz,one_electron_cross_deleted,2.3999999999999995,1.8999999999999997,-1.4259662525507104
cc-pvdz,without_edge_01,2.3999999999999995,1.8999999999999997,-1.5815561365295467
cc-pvdz,full,2.3999999999999995,1.9999999999999996,-1.5862873235449029
cc-pvdz,one_electron_cross_deleted,2.3999999999999995,1.9999999999999996,-1.4387433777612557
cc-pvdz,without_edge_01,2.3999999999999995,1.9999999999999996,-1.5716973717316427
cc-pvdz,full,2.3999999999999995,2.0999999999999996,-1.5756593829151826
cc-pvdz,one_electron_cross_deleted,2.3999999999999995,2.0999999999999996,-1.4485904409207575
cc-pvdz,without_edge_01,2.3999999999999995,2.0999999999999996,-1.5620365559156588
cc-pvdz,full,2.3999999999999995,2.1999999999999997,-1.565499352885138
cc-pvdz,one_electron_cross_deleted,2.3999999999999995,2.1999999999999997,-1.456219639934123
cc-pvdz,without_edge_01,2.3999999999999995,2.1999999999999997,-1.5550742641263389
cc-pvdz,full,2.3999999999999995,2.3,-1.556756989342297
cc-pvdz,one_electron_cross_deleted,2.3999999999999995,2.3,-1.4621488118656032
cc-pvdz,without_edge_01,2.3999999999999995,2.3,-1.5482115338524909
cc-pvdz,full,2.3999999999999995,2.3999999999999995,-1.552962061954279
cc-pvdz,one_electron_cross_deleted,2.3999999999999995,2.3999999999999995,-1.4667610011870793
cc-pvdz,without_edge_01,2.3999999999999995,2.3999999999999995,-1.5432302379804401
cc-pvdz,full,2.3999999999999995,2.4999999999999996,-1.5476236054609536
cc-pvdz,one_electron_cross_deleted,2.3999999999999995,2.4999999999999996,-1.4703609776028235
cc-pvdz,without_edge_01,2.3999999999999995,2.4999999999999996,-1.5386111946995191
cc-pvdz,full,2.4999999999999996,0.7,-1.7314884670267414
cc-pvdz,one_electron_cross_deleted,2.4999999999999996,0.7,0.14318019284918604
cc-pvdz,without_edge_01,2.4999999999999996,0.7,-1.7191640108593313
cc-pvdz,full,2.4999999999999996,0.7999999999999999,-1.7634748577274197
cc-pvdz,one_electron_cross_deleted,2.4999999999999996,0.7999999999999999,-0.18349473844853703
cc-pvdz,without_edge_01,2.4999999999999996,0.7999999999999999,-1.7468969142705233
cc-pvdz,full,2.4999999999999996,0.8999999999999999,-1.7701669771312307
cc-pvdz,one_electron_cross_deleted,2.4999999999999996,0.8999999999999999,-0.48622827285873393
cc-pvdz,without_edge_01,2.4999999999999996,0.8999999999999999,-1.7497840338658452
cc-pvdz,full,2.4999999999999996,0.9999999999999999,-1.7624848244820317
cc-pvdz,one_electron_cross_deleted,2.4999999999999996,0.9999999999999999,-0.7417109243715418
cc-pvdz,without_edge_01,2.4999999999999996,0.9999999999999999,-1.7389431664634087
cc-pvdz,full,2.4999999999999996,1.0999999999999999,-1.7468717871779254
cc-pvdz,one_electron_cross_deleted,2.4999999999999996,1.0999999999999999,-0.9398974856105491
cc-pvdz,without_edge_01,2.4999999999999996,1.0999999999999999,-1.723868015625276
cc-pvdz,full,2.4999999999999996,1.1999999999999997,-1.7272241573080584
cc-pvdz,one_electron_cross_deleted,2.4999999999999996,1.1999999999999997,-1.0864058414798723
cc-pvdz,without_edge_01,2.4999999999999996,1.1999999999999997,-1.704868531633039
cc-pvdz,full,2.4999999999999996,1.2999999999999998,-1.7059155564802917
cc-pvdz,one_electron_cross_deleted,2.4999999999999996,1.2999999999999998,-1.191851407622453
cc-pvdz,without_edge_01,2.4999999999999996,1.2999999999999998,-1.684336536482582
cc-pvdz,full,2.4999999999999996,1.4,-1.6844030571819764
cc-pvdz,one_electron_cross_deleted,2.4999999999999996,1.4,-1.2673310188443
cc-pvdz,without_edge_01,2.4999999999999996,1.4,-1.6637241897148065
cc-pvdz,full,2.4999999999999996,1.4999999999999998,-1.6636019957819954
cc-pvdz,one_electron_cross_deleted,2.4999999999999996,1.4999999999999998,-1.3217123391418748
cc-pvdz,without_edge_01,2.4999999999999996,1.4999999999999998,-1.6439433582142629
cc-pvdz,full,2.4999999999999996,1.5999999999999996,-1.6441037027749466
cc-pvdz,one_electron_cross_deleted,2.4999999999999996,1.5999999999999996,-1.3613865976779387
cc-pvdz,without_edge_01,2.4999999999999996,1.5999999999999996,-1.625612985618755
cc-pvdz,full,2.4999999999999996,1.6999999999999997,-1.6262827225552132
cc-pvdz,one_electron_cross_deleted,2.4999999999999996,1.6999999999999997,-1.3907480735849487
cc-pvdz,without_edge_01,2.4999999999999996,1.6999999999999997,-1.6090589762272698
cc-pvdz,full,2.4999999999999996,1.7999999999999998,-1.6103394164099802
cc-pvdz,one_electron_cross_deleted,2.4999999999999996,1.7999999999999998,-1.4127703866571932
cc-pvdz,without_edge_01,2.4999999999999996,1.7999999999999998,-1.593807694783557
cc-pvdz,full,2.4999999999999996,1.8999999999999997,-1.596323401697972
cc-pvdz,one_electron_cross_deleted,2.4999999999999996,1.8999999999999997,-1.4294772752029445
cc-pvdz,without_edge_01,2.4999999999999996,1.8999999999999997,-1.581763504841189
cc-pvdz,full,2.4999999999999996,1.9999999999999996,-1.5841578751924326
cc-pvdz,one_electron_cross_deleted,2.4999999999999996,1.9999999999999996,-1.442269325579164
cc-pvdz,without_edge_01,2.4999999999999996,1.9999999999999996,-1.5704947004973122
cc-pvdz,full,2.4999999999999996,2.0999999999999996,-1.5734647146474707
cc-pvdz,one_electron_cross_deleted,2.4999999999999996,2.0999999999999996,-1.452134843890034
cc-pvdz,without_edge_01,2.4999999999999996,2.0999999999999996,-1.5613926147332189
cc-pvdz,full,2.4999999999999996,2.1999999999999997,-1.5624398130216248
cc-pvdz,one_electron_cross_deleted,2.4999999999999996,2.1999999999999997,-1.4597831163139363
cc-pvdz,without_edge_01,2.4999999999999996,2.1999999999999997,-1.553735671568836
cc-pvdz,full,2.4999999999999996,2.3,-1.5514000205056382
cc-pvdz,one_electron_cross_deleted,2.4999999999999996,2.3,-1.4657306768384388
cc-pvdz,without_edge_01,2.4999999999999996,2.3,-1.5472991998677927
cc-pvdz,full,2.4999999999999996,2.3999999999999995,-1.547623605465092
cc-pvdz,one_electron_cross_deleted,2.4999999999999996,2.3999999999999995,-1.4703609775872373
cc-pvdz,without_edge_01,2.4999999999999996,2.3999999999999995,-1.542208827661748
cc-pvdz,full,2.4999999999999996,2.4999999999999996,-1.5454816683889978
cc-pvdz,one_electron_cross_deleted,2.4999999999999996,2.4999999999999996,-1.473964781959075
cc-pvdz,without_edge_01,2.4999999999999996,2.4999999999999996,-1.5369721456187981
