training_seed,architecture,transition,model_weight_hash,heldout_both_correct,task_competent,untrained_component_norm,component_norm,component_a_norm,component_b_norm,component_bilateral_support,next_component_norm,transported_norm,transport_fraction,transport_percentile,probability_response,probability_response_percentile,erase_cross_entropy_increase,exchange_cross_entropy_increase,bilateral_fraction,reconstruction_error
8000,distributed,4_to_5,811f12f7eec0e0d4078789c6de46ff6bae6782ab9a2f3bf6c684bd0e931e653c,1.0,True,5.57733481241993e-05,0.0862506633350965,0.07608956439253581,0.08806662008036459,1.0,0.15775068056068026,0.07677574508888657,0.486690420706959,0.0,1.4552041033052605e-06,0.0,1.416228554200015e-06,4.168602724523366e-06,1.0,2.636779683484747e-16
8000,distributed,5_to_6,811f12f7eec0e0d4078789c6de46ff6bae6782ab9a2f3bf6c684bd0e931e653c,1.0,True,5.57733481241993e-05,0.15775068056068026,0.1623582370649341,0.1461408505065175,1.0,0.22455237236663636,0.12675045522695916,0.5644583216427044,0.0,1.5838108177322375e-06,0.0,1.3247367362082452e-06,1.3819841009575472e-05,1.0,3.3306690738754696e-16
8000,distributed,6_to_7,811f12f7eec0e0d4078789c6de46ff6bae6782ab9a2f3bf6c684bd0e931e653c,1.0,True,5.57733481241993e-05,0.22455237236663636,0.22082642880895442,0.21563277637198605,1.0,0.31594294285136226,0.1637306723412104,0.5182286107217743,0.0,1.9285548102902666e-06,0.0,7.831920343752619e-07,2.5233337570615714e-05,1.0,3.3306690738754696e-16
8000,central_shared,4_to_5,6c9d5298ed6315f24fe4368a4c72a4a483bed123300716a0152125ba8665591f,1.0,True,8.803653131164397e-05,0.09498145544420208,0.09655539491839316,0.09033512383909775,1.0,0.17252007082468626,0.08278665088319356,0.4798667800648007,0.0,6.033918402319237e-07,0.0,-2.586292420625732e-07,5.307667356542903e-05,1.0,2.220446049250313e-16
8000,central_shared,5_to_6,6c9d5298ed6315f24fe4368a4c72a4a483bed123300716a0152125ba8665591f,1.0,True,8.803653131164397e-05,0.17252007082468626,0.18285243935227607,0.156240949275619,1.0,0.21714960443712839,0.12451221162667098,0.5733936838126784,0.0,9.352010862780868e-07,0.0,5.107173073489465e-09,7.256421597253523e-05,1.0,2.7755575615628914e-16
8000,central_shared,6_to_7,6c9d5298ed6315f24fe4368a4c72a4a483bed123300716a0152125ba8665591f,1.0,True,8.803653131164397e-05,0.21714960443712839,0.2215199067364451,0.2046959453921723,1.0,0.2553915387392509,0.15733709443886842,0.6160622830950797,0.0,1.2543552172740974e-06,0.0,4.050395981914589e-07,0.0005021850891396384,1.0,3.3306690738754696e-16
8000,directional_relay,4_to_5,a9947757b77e1591616b0131a42b2b6f3682ee305a2c06c2e139d9c24727eea2,1.0,True,8.795326184134348e-05,0.025320202502685435,0.01695873245602174,0.02885672502027368,1.0,0.057690630987714986,0.023187060004827995,0.4019207210572128,1.0,1.7766570466215867e-07,0.0,1.9253403450060988e-07,7.098477730321395e-07,0.8359375,2.220446049250313e-16
8000,directional_relay,5_to_6,a9947757b77e1591616b0131a42b2b6f3682ee305a2c06c2e139d9c24727eea2,1.0,True,8.795326184134348e-05,0.057690630987714986,0.03745612120771863,0.06858289132019502,1.0,0.0990389815096347,0.040916219394992556,0.41313247340909043,0.0,5.564116638834963e-07,0.0,6.937139421150385e-07,1.7480059432234753e-05,0.900390625,2.220446049250313e-16
8000,directional_relay,6_to_7,a9947757b77e1591616b0131a42b2b6f3682ee305a2c06c2e139d9c24727eea2,1.0,True,8.795326184134348e-05,0.0990389815096347,0.07885128572896505,0.10976718195347722,1.0,0.15138663746802342,0.0652606731574282,0.4310860869157812,0.0,6.898833599502688e-06,1.0,1.0122449145442581e-05,0.0001467759521689467,0.9833984375,3.3306690738754696e-16
8000,four_channel_crossbar,4_to_5,8016f3735c60bf2cd701a9beeb96179cbf25f40ad1a83019cdbecba8c4c5b40a,1.0,True,0.00012151640722385016,0.0916334738485736,0.07965604864341665,0.09623560199796413,1.0,0.1597735902004362,0.06550403079118264,0.4099803397357958,0.0,7.584977926532573e-07,0.0,-4.079813286582066e-07,3.270189508224666e-05,0.997314453125,2.7755575615628914e-16
8000,four_channel_crossbar,5_to_6,8016f3735c60bf2cd701a9beeb96179cbf25f40ad1a83019cdbecba8c4c5b40a,1.0,True,0.00012151640722385016,0.1597735902004362,0.16925057364319956,0.1371465182713269,1.0,0.20900607157141488,0.1164782691334533,0.5572961027290256,0.0,3.1154940616011126e-06,0.0,2.160758629670438e-06,0.0010118118308458544,1.0,2.96637714392034e-16
8000,four_channel_crossbar,6_to_7,8016f3735c60bf2cd701a9beeb96179cbf25f40ad1a83019cdbecba8c4c5b40a,1.0,True,0.00012151640722385016,0.20900607157141488,0.24505976955189507,0.15066738871342142,1.0,0.21251359822782542,0.14000609176422724,0.6588100381893377,0.0,2.259965345023007e-05,0.0,3.121887581995617e-05,0.0007711991640852601,1.0,3.3306690738754696e-16
8000,dual_independent_relay,4_to_5,c2ba593e778ac9668660651d93df2123ed6c6087c6ca17270ccb00bc4fb7bffb,1.0,True,4.025325246077125e-20,1.819773520950519e-17,2.5735483937756633e-17,0.0,0.0,2.2164644158229397e-17,2.0025186440570256e-17,2.0025186440570257e-05,1.0,1.6165228281076782e-23,1.0,0.0,0.0,0.0,2.220446049250313e-16
8000,dual_independent_relay,5_to_6,c2ba593e778ac9668660651d93df2123ed6c6087c6ca17270ccb00bc4fb7bffb,1.0,True,4.025325246077125e-20,2.2164644158229397e-17,3.1345540373741604e-17,0.0,0.0,2.573710301668463e-17,2.1389939284612428e-17,2.1389939284612428e-05,1.0,1.6693054060945622e-23,1.0,0.0,0.0,0.0,2.220446049250313e-16
8000,dual_independent_relay,6_to_7,c2ba593e778ac9668660651d93df2123ed6c6087c6ca17270ccb00bc4fb7bffb,1.0,True,4.025325246077125e-20,2.573710301668463e-17,3.6397760142388894e-17,0.0,0.0,2.252043343071573e-17,2.0554227013291575e-17,2.0554227013291574e-05,0.03125,9.192084946673867e-24,0.0,0.0,0.0,0.0,2.220446049250313e-16
8001,distributed,4_to_5,10b8bad74e3faf4dd5a32b0f5b84a8544380aa385028d1c59b76107cfd83c249,1.0,True,0.00010360016339239962,0.0949654142338819,0.09127383515192139,0.09447952459554504,1.0,0.1378267218646033,0.07911302920180656,0.5740035613668933,0.8125,1.0852420051029582e-05,0.0,-1.1244216308400312e-05,1.2910824928461983e-05,1.0,3.885780586188048e-16
8001,distributed,5_to_6,10b8bad74e3faf4dd5a32b0f5b84a8544380aa385028d1c59b76107cfd83c249,1.0,True,0.00010360016339239962,0.1378267218646033,0.14409700696482364,0.12631833149029295,1.0,0.18476212909689754,0.10653646255714525,0.5766141745491185,0.0,1.3794437557168387e-05,0.0,-8.7534128200823e-06,9.750076260709172e-05,1.0,2.220446049250313e-16
8001,distributed,6_to_7,10b8bad74e3faf4dd5a32b0f5b84a8544380aa385028d1c59b76107cfd83c249,1.0,True,0.00010360016339239962,0.18476212909689754,0.18498770375820378,0.17443060635169236,1.0,0.231213923633792,0.14382920053177878,0.6220611556230607,1.0,1.7806120106780396e-05,0.0,-5.990415235721819e-06,0.0004691836442973902,1.0,4.440892098500626e-16
8001,central_shared,4_to_5,a1406cf3a554b07aa7ff20a5984c190aa25ba240753d741d16efd4200a0def56,1.0,True,0.0001208450121275697,0.09719242117374621,0.05828520315964915,0.11902540065394036,1.0,0.14882729436760075,0.06896189276771043,0.4633685847797232,0.03125,9.634878163857005e-05,0.0,0.00013984601865423314,0.00030567045107423327,1.0,2.7755575615628914e-16
8001,central_shared,5_to_6,a1406cf3a554b07aa7ff20a5984c190aa25ba240753d741d16efd4200a0def56,1.0,True,0.0001208450121275697,0.14882729436760075,0.0763911809533549,0.19217269571927217,1.0,0.1895247801075557,0.08725416829214076,0.4603839574045349,0.0,2.6173004580548185e-05,0.0,2.7276072623689297e-05,0.0002995342273081279,1.0,3.3306690738754696e-16
8001,central_shared,6_to_7,a1406cf3a554b07aa7ff20a5984c190aa25ba240753d741d16efd4200a0def56,1.0,True,0.0001208450121275697,0.1895247801075557,0.1265902344635919,0.22712647834485403,1.0,0.1894348593525459,0.10482176135673585,0.5533393469132222,0.0,0.00016277033462004537,0.0,0.0002468528272734679,0.0005376176462217244,1.0,3.3306690738754696e-16
8001,directional_relay,4_to_5,e9a54b27c389fd1895b20ced47e0f73710afac35e0bf6d510c7f42e8d6b6764b,1.0,True,0.00010076301110165926,0.0627447848708381,0.052040834034368114,0.06645914949294315,1.0,0.11426544729950595,0.04543980803720977,0.39766884137866787,0.0,1.2098879987136292e-07,0.0,9.382682790957073e-08,5.168586295024247e-07,0.688720703125,2.7755575615628914e-16
8001,directional_relay,5_to_6,e9a54b27c389fd1895b20ced47e0f73710afac35e0bf6d510c7f42e8d6b6764b,1.0,True,0.00010076301110165926,0.11426544729950595,0.11476456411682859,0.10404585551356298,1.0,0.15212869487684702,0.0859995463223222,0.5653078559041183,0.0,2.3375990417529878e-07,0.0,2.1478288432661156e-07,6.056572627130151e-06,0.759765625,3.3306690738754696e-16
8001,directional_relay,6_to_7,e9a54b27c389fd1895b20ced47e0f73710afac35e0bf6d510c7f42e8d6b6764b,1.0,True,0.00010076301110165926,0.15212869487684702,0.1548783381958057,0.13909219479953364,1.0,0.19533701856409313,0.10683079756719563,0.5469050277950401,0.0,1.2978815257952908e-06,0.0,1.7060506116827676e-06,0.0007263855186823222,0.8115234375,3.3306690738754696e-16
8001,four_channel_crossbar,4_to_5,ac953f35d237b2ad9979de4bff77557fc035b0361400095c64841161b70e3749,1.0,True,0.00010690614949248608,0.032612409137792356,0.030372622247956532,0.03278988345907151,1.0,0.06325555263494076,0.029213072177297107,0.46182621067103835,1.0,9.615400031633084e-08,0.0,4.0671409054332116e-08,1.1725726393262965e-07,0.952392578125,2.498001805406602e-16
8001,four_channel_crossbar,5_to_6,ac953f35d237b2ad9979de4bff77557fc035b0361400095c64841161b70e3749,1.0,True,0.00010690614949248608,0.06325555263494076,0.06666523922881441,0.05592274848243077,1.0,0.09712730863671708,0.04347822876296567,0.44764165066681955,1.0,1.529300291038882e-07,0.0,5.180322028573715e-08,2.7666599805262694e-07,0.99853515625,3.3306690738754696e-16
8001,four_channel_crossbar,6_to_7,ac953f35d237b2ad9979de4bff77557fc035b0361400095c64841161b70e3749,1.0,True,0.00010690614949248608,0.09712730863671708,0.09781335786972684,0.09111853632135367,1.0,0.13279913455431147,0.06313707082135164,0.47543284851401035,1.0,2.6255263814202325e-07,0.0,1.0249699357280505e-07,5.011415800092187e-07,0.998046875,3.3306690738754696e-16
8001,dual_independent_relay,4_to_5,29a962e669f3b82c34cc9caa2670c60852c979101a0f85215f5cf738e94a467f,1.0,True,4.149597032197627e-21,1.7604875525740744e-17,2.489705373239273e-17,0.0,0.0,2.3001839927774483e-17,1.980424695509101e-17,1.980424695509101e-05,0.0,2.1008448854286232e-22,1.0,0.0,0.0,0.0,2.220446049250313e-16
8001,dual_independent_relay,5_to_6,29a962e669f3b82c34cc9caa2670c60852c979101a0f85215f5cf738e94a467f,1.0,True,4.149597032197627e-21,2.3001839927774483e-17,3.2529513985393644e-17,0.0,0.0,2.4991304271585527e-17,2.489362423422319e-17,2.489362423422319e-05,0.96875,2.507542019933862e-22,0.65625,0.0,0.0,0.0,1.6653345369377348e-16
8001,dual_independent_relay,6_to_7,29a962e669f3b82c34cc9caa2670c60852c979101a0f85215f5cf738e94a467f,1.0,True,4.149597032197627e-21,2.4991304271585527e-17,3.5343041442268914e-17,0.0,0.0,2.907141336487053e-17,2.505299489861313e-17,2.505299489861313e-05,0.90625,2.5027598820175398e-22,1.0,0.0,0.0,0.0,2.220446049250313e-16
8002,distributed,4_to_5,affea47d972620c8511a898c96e494675c78dcc9a03f76900b0a506fe7a3698b,1.0,True,0.0001510076237861569,0.07535059478280023,0.0862346663252461,0.05402681508351774,1.0,0.14868632238937352,0.06345751241568197,0.4267878268553989,0.0,6.670536092692511e-06,0.125,9.914124051388272e-06,8.318032168409352e-05,0.9658203125,2.498001805406602e-16
8002,distributed,5_to_6,affea47d972620c8511a898c96e494675c78dcc9a03f76900b0a506fe7a3698b,1.0,True,0.0001510076237861569,0.14868632238937352,0.16050577954359635,0.12474925324550731,1.0,0.22214676311015957,0.1119992195652878,0.5041676862505032,0.0,2.4705627921006398e-05,0.0,3.808347860214808e-05,0.0009720905995724469,0.977294921875,3.3306690738754696e-16
8002,distributed,6_to_7,affea47d972620c8511a898c96e494675c78dcc9a03f76900b0a506fe7a3698b,1.0,True,0.0001510076237861569,0.22214676311015957,0.2509897601536557,0.17137657729984518,1.0,0.25068005081606076,0.14750708969679194,0.5884277157938941,0.0,1.1859276952234972e-06,0.0,1.4383141975454458e-06,0.0003028307071898352,0.988525390625,3.3306690738754696e-16
8002,central_shared,4_to_5,7439be1c745b5eb1f1ae6f179c271314b6c4a7ff7c9c46a4f344c80cf82505ed,1.0,True,0.00022397075775552815,0.11135156158915016,0.12094172355564732,0.09790061984325453,1.0,0.2040040412463954,0.0951939377353197,0.4666277057734596,0.0,1.266061362155205e-06,0.0,-1.1470595955607236e-06,0.00029603064533950755,0.989013671875,2.7755575615628914e-16
8002,central_shared,5_to_6,7439be1c745b5eb1f1ae6f179c271314b6c4a7ff7c9c46a4f344c80cf82505ed,1.0,True,0.00022397075775552815,0.2040040412463954,0.23933942004625697,0.15620933298223827,1.0,0.2730055435960586,0.14144917653450018,0.5181183307537139,0.0,1.485422443275047e-06,0.0,-1.6348847568589215e-06,0.000249641097348054,0.99755859375,3.3306690738754696e-16
8002,central_shared,6_to_7,7439be1c745b5eb1f1ae6f179c271314b6c4a7ff7c9c46a4f344c80cf82505ed,1.0,True,0.00022397075775552815,0.2730055435960586,0.33314424281767197,0.18247787292206363,1.0,0.2906185200707751,0.1603252500825992,0.5516690747842043,0.0,1.7257081924190286e-06,0.0,-1.3247875035851177e-06,0.00020786072729961382,0.996826171875,3.3306690738754696e-16
8002,directional_relay,4_to_5,985310ef189da8dea8b1a83afec963224ff6ea034f784ea31458e2e877d03fdf,1.0,True,5.550418659726245e-05,0.04641138065551657,0.041683414927936036,0.04841567398256873,1.0,0.09599293117486972,0.04008013292738734,0.4175321290520196,0.65625,4.888909068721843e-07,0.0,-5.41654841440429e-07,2.68189053410499e-06,0.6865234375,2.220446049250313e-16
8002,directional_relay,5_to_6,985310ef189da8dea8b1a83afec963224ff6ea034f784ea31458e2e877d03fdf,1.0,True,5.550418659726245e-05,0.09599293117486972,0.09424468630026867,0.09046942402807931,1.0,0.1819498502876951,0.08225580456247938,0.4520795396776547,1.0,1.3608038293786866e-06,0.0,-1.4635600743584411e-06,4.693136068981999e-06,0.84765625,3.0531133177191805e-16
8002,directional_relay,6_to_7,985310ef189da8dea8b1a83afec963224ff6ea034f784ea31458e2e877d03fdf,1.0,True,5.550418659726245e-05,0.1819498502876951,0.18187259753947332,0.1744713593927259,1.0,0.237078386030735,0.11811325750010129,0.4982033979461502,1.0,1.6037315584428285e-06,0.0,4.354958561695257e-07,0.0002448586036440296,0.91259765625,2.220446049250313e-16
8002,four_channel_crossbar,4_to_5,6a7cc8460e323b85c397114dc29f560733b7e92394ccb5e0e3fc95ed14b1c0e9,1.0,True,8.875567058928145e-05,0.05108051818847427,0.059095689550763594,0.034909472020140095,1.0,0.09523128882130233,0.04003181427704336,0.42036409222772825,1.0,1.5616026536298562e-06,1.0,1.7184084014270992e-06,3.647480948418576e-06,0.978759765625,2.220446049250313e-16
8002,four_channel_crossbar,5_to_6,6a7cc8460e323b85c397114dc29f560733b7e92394ccb5e0e3fc95ed14b1c0e9,1.0,True,8.875567058928145e-05,0.09523128882130233,0.11309412720909669,0.07075151307232813,1.0,0.14685201820625626,0.07142348828516656,0.48636368200844887,1.0,6.562896466140774e-06,0.21875,8.383551115712308e-06,4.434295216233528e-05,0.984130859375,2.498001805406602e-16
8002,four_channel_crossbar,6_to_7,6a7cc8460e323b85c397114dc29f560733b7e92394ccb5e0e3fc95ed14b1c0e9,1.0,True,8.875567058928145e-05,0.14685201820625626,0.1569497747572769,0.12687421211194402,1.0,0.17438207127801997,0.10831402575236261,0.6211305150727102,1.0,1.0874425443956177e-05,0.21875,1.4534623477927889e-05,0.00030691099754021805,0.97705078125,3.3306690738754696e-16
8002,dual_independent_relay,4_to_5,4b0be89743fb42dd31890d6289529cee8deeb8fea92ebb944bb7f8a0c461b4bf,1.0,True,5.396152265309462e-20,1.2146630773473893e-17,1.7177929976985177e-17,0.0,0.0,1.9943708993049254e-17,1.4582355266413593e-17,1.4582355266413593e-05,1.0,1.5394946627895536e-24,0.125,0.0,0.0,0.0,2.220446049250313e-16
8002,dual_independent_relay,5_to_6,4b0be89743fb42dd31890d6289529cee8deeb8fea92ebb944bb7f8a0c461b4bf,1.0,True,5.396152265309462e-20,1.9943708993049254e-17,2.820466374199252e-17,0.0,0.0,2.6554724617769048e-17,2.1818850494594273e-17,2.1818850494594273e-05,1.0,6.5796132350389025e-24,1.0,0.0,0.0,0.0,1.6653345369377348e-16
8002,dual_independent_relay,6_to_7,4b0be89743fb42dd31890d6289529cee8deeb8fea92ebb944bb7f8a0c461b4bf,1.0,True,5.396152265309462e-20,2.6554724617769048e-17,3.7554051699531696e-17,0.0,0.0,3.039276027354204e-17,2.2015408426819747e-17,2.2015408426819747e-05,1.0,5.281244951982824e-24,0.0,0.0,0.0,0.0,2.220446049250313e-16
8003,distributed,4_to_5,ab77edf665aee87578782dab3ab9f7ee6e2bfc163944a845032034275da8451b,1.0,True,0.00012000503289758118,0.08631389531185343,0.08789845807876598,0.08001360880545355,1.0,0.15113604667600056,0.06077972350992908,0.4021523974371662,0.0,1.7679869888797867e-06,0.0,3.361921601046617e-08,0.0002080579026559447,1.0,3.3306690738754696e-16
8003,distributed,5_to_6,ab77edf665aee87578782dab3ab9f7ee6e2bfc163944a845032034275da8451b,1.0,True,0.00012000503289758118,0.15113604667600056,0.15712655902595307,0.1349422886797065,1.0,0.2145428619734118,0.09741938243010669,0.4540788797819795,0.0,4.173101435575359e-06,0.0,1.9990973743975956e-06,6.521916866264819e-05,1.0,3.3306690738754696e-16
8003,distributed,6_to_7,ab77edf665aee87578782dab3ab9f7ee6e2bfc163944a845032034275da8451b,1.0,True,0.00012000503289758118,0.2145428619734118,0.22444188514054875,0.19725790364263696,1.0,0.23558430213098167,0.14721760093268918,0.6249041196761836,0.0,6.655491488745175e-06,0.0,6.000182314651957e-06,0.0005177366795276243,1.0,3.3306690738754696e-16
8003,central_shared,4_to_5,37bd41ba4782deea4bcab2bf1c8f5b640b20f17de10376d182649c708c616686,0.99951171875,True,0.0003131640078741998,0.0678375226450772,0.07871101389133195,0.050824617051577536,1.0,0.10717543221465778,0.046590215573228365,0.43470984544213936,0.0,1.2837558753235922e-06,0.0,-8.063469027856903e-07,4.507972633667509e-06,0.997802734375,3.885780586188048e-16
8003,central_shared,5_to_6,37bd41ba4782deea4bcab2bf1c8f5b640b20f17de10376d182649c708c616686,0.99951171875,True,0.0003131640078741998,0.10717543221465778,0.1310030129507736,0.07087357688457366,1.0,0.1344956281080742,0.06331839601260035,0.47078404631651477,0.0,1.3672700745504487e-06,0.0,-1.3398872282658107e-06,6.333851402941921e-06,0.9990234375,3.885780586188048e-16
8003,central_shared,6_to_7,37bd41ba4782deea4bcab2bf1c8f5b640b20f17de10376d182649c708c616686,0.99951171875,True,0.0003131640078741998,0.1344956281080742,0.1618638495549647,0.092676263213429,1.0,0.14992960304691683,0.08108457726152082,0.5408176611802765,0.0,1.6802585163238625e-06,0.0,-1.179765538993281e-06,1.7447397382638918e-05,1.0,3.3306690738754696e-16
8003,directional_relay,4_to_5,624c86213a07938c15179b3b63d331eeae71d27ad9af8d118174baf045cd8c7e,1.0,True,0.0001517563995645498,0.03878949985291477,0.03249857722950791,0.04012061402279418,1.0,0.06604049253722559,0.02918921972517025,0.4419897339305415,1.0,3.1334225105941518e-09,0.0,-3.6263938787916585e-10,1.3265614128458354e-09,0.656005859375,2.220446049250313e-16
8003,directional_relay,5_to_6,624c86213a07938c15179b3b63d331eeae71d27ad9af8d118174baf045cd8c7e,1.0,True,0.0001517563995645498,0.06604049253722559,0.0647294697358419,0.060157043203213856,1.0,0.10246164026170074,0.036713976726554375,0.3583192366702501,0.0,4.1976785191571505e-09,0.0,-2.2157430196540816e-09,6.86446957863708e-10,0.789306640625,2.220446049250313e-16
8003,directional_relay,6_to_7,624c86213a07938c15179b3b63d331eeae71d27ad9af8d118174baf045cd8c7e,1.0,True,0.0001517563995645498,0.10246164026170074,0.11754884755481833,0.07952112255578647,1.0,0.15017351992176659,0.05826303386183944,0.3879714206085851,1.0,7.337025078555833e-09,0.0,5.80608803511843e-10,1.6147899019946558e-08,0.876708984375,2.220446049250313e-16
8003,four_channel_crossbar,4_to_5,f0c70f51d1d53ce4002a1f051a626a537f725a2bfcf43281ad9a81fd12c7c935,1.0,True,9.788675242104346e-05,0.05008799490884776,0.056578969436231176,0.03416688202276834,1.0,0.09185175015682803,0.024977083584062046,0.27192822718583015,0.0,2.190826357585356e-07,0.0,2.1947646700896335e-07,1.9315798923718328e-07,0.9638671875,3.3306690738754696e-16
8003,four_channel_crossbar,5_to_6,f0c70f51d1d53ce4002a1f051a626a537f725a2bfcf43281ad9a81fd12c7c935,1.0,True,9.788675242104346e-05,0.09185175015682803,0.08034404344928275,0.09042184001079381,1.0,0.1456420998182264,0.057511999994952594,0.394885819874421,1.0,4.0422843686487904e-07,0.0,2.696103642246372e-07,3.862278166694719e-06,0.99853515625,3.3306690738754696e-16
8003,four_channel_crossbar,6_to_7,f0c70f51d1d53ce4002a1f051a626a537f725a2bfcf43281ad9a81fd12c7c935,1.0,True,9.788675242104346e-05,0.1456420998182264,0.10529352354870278,0.16634721606830732,1.0,0.1802627778235171,0.11169311040766083,0.619612721806672,1.0,1.245548108492834e-06,0.0,1.481394758480799e-06,1.359710670771567e-05,0.99853515625,3.3306690738754696e-16
8003,dual_independent_relay,4_to_5,4c721c0d5578445f885bb1f6fa3e35ea84cf2713c85c98469a7e30ae72f85e6d,1.0,True,9.012406054304221e-21,1.9352802197603025e-17,2.7368995337774035e-17,0.0,0.0,2.5554293313138963e-17,2.274774351488725e-17,2.2747743514887253e-05,1.0,2.430650842941465e-23,1.0,0.0,0.0,0.0,2.220446049250313e-16
8003,dual_independent_relay,5_to_6,4c721c0d5578445f885bb1f6fa3e35ea84cf2713c85c98469a7e30ae72f85e6d,1.0,True,9.012406054304221e-21,2.5554293313138963e-17,3.613922818030122e-17,0.0,0.0,2.524201643931688e-17,2.1233935257582446e-17,2.1233935257582447e-05,0.0,3.122068283343049e-23,0.96875,0.0,0.0,0.0,2.220446049250313e-16
8003,dual_independent_relay,6_to_7,4c721c0d5578445f885bb1f6fa3e35ea84cf2713c85c98469a7e30ae72f85e6d,1.0,True,9.012406054304221e-21,2.524201643931688e-17,3.569760199012656e-17,0.0,0.0,2.712329947070736e-17,2.2900502782121363e-17,2.2900502782121364e-05,0.46875,2.425050140877304e-23,0.0,0.0,0.0,0.0,2.220446049250313e-16
8004,distributed,4_to_5,96a8fbb863996b9e896cfa114d94e00f765c2fae6b9e99645d8470ab905bf8ff,1.0,True,0.00016014997600035888,0.09092133873495661,0.09008072003613019,0.08670687954285906,1.0,0.16169038744635444,0.07550760859500506,0.4669888531255882,0.0,4.724829079836861e-07,0.0,2.0623355064812333e-07,2.8484001508907835e-06,0.979736328125,2.7755575615628914e-16
8004,distributed,5_to_6,96a8fbb863996b9e896cfa114d94e00f765c2fae6b9e99645d8470ab905bf8ff,1.0,True,0.00016014997600035888,0.16169038744635444,0.16015015043772668,0.15856937749856645,1.0,0.2300540477174775,0.12436370717061557,0.5405847382583023,1.0,1.5472152792229963e-06,0.0,1.4164218367716605e-06,7.384859317503229e-06,0.990234375,2.220446049250313e-16
8004,distributed,6_to_7,96a8fbb863996b9e896cfa114d94e00f765c2fae6b9e99645d8470ab905bf8ff,1.0,True,0.00016014997600035888,0.2300540477174775,0.23988901460616746,0.20736513295919076,1.0,0.2733859306119923,0.17647642995206558,0.6455212583800913,1.0,1.0946034144093665e-06,0.0,6.102652464847547e-07,0.00012204687153616807,0.99853515625,3.3306690738754696e-16
8004,central_shared,4_to_5,e82c9bbbc57a2dd867aa6db0a313ba7c5a39a2b1e3c4074e45212e03911b6607,0.999755859375,True,0.00019965896425586127,0.08938906561514119,0.11049379128343395,0.057548963102588946,1.0,0.13671475093870078,0.07805750679432459,0.5709516073311173,1.0,3.247913221583814e-05,0.0,4.0733973194096956e-05,0.00018235067128525973,0.99755859375,2.7755575615628914e-16
8004,central_shared,5_to_6,e82c9bbbc57a2dd867aa6db0a313ba7c5a39a2b1e3c4074e45212e03911b6607,0.999755859375,True,0.00019965896425586127,0.13671475093870078,0.15549339931699205,0.10933771932000985,1.0,0.17273986194796664,0.10392138295379237,0.601606263788123,0.0,3.6592164514824376e-05,0.0,4.145016621123315e-05,0.0002862714704694808,1.0,2.498001805406602e-16
8004,central_shared,6_to_7,e82c9bbbc57a2dd867aa6db0a313ba7c5a39a2b1e3c4074e45212e03911b6607,0.999755859375,True,0.00019965896425586127,0.17273986194796664,0.1951475950248039,0.13925225914025585,1.0,0.2091933022005045,0.12500926823194386,0.5975777757555871,0.0,3.069151247292139e-05,0.0,2.8635417412431387e-05,0.00042165074662718936,1.0,3.3306690738754696e-16
8004,directional_relay,4_to_5,b4f376ef1ef85cb854152228154f8805cb26ce33b49ecb584e4f12385aed46f5,1.0,True,0.0001748664376989366,0.025256563921214767,0.02117974248938668,0.022982113157176312,1.0,0.07054244831966311,0.016629105124534204,0.23573189647713122,0.0,2.1050114529169114e-09,0.0,8.844971203593446e-11,1.0505344489271354e-09,0.305419921875,2.220446049250313e-16
8004,directional_relay,5_to_6,b4f376ef1ef85cb854152228154f8805cb26ce33b49ecb584e4f12385aed46f5,1.0,True,0.0001748664376989366,0.07054244831966311,0.07209865732969564,0.0593479915807356,1.0,0.1134877798012054,0.04028238586703036,0.3549491049837465,0.0,5.213181635583494e-09,0.0,3.1630103306503652e-09,9.946995625955076e-09,0.71044921875,2.220446049250313e-16
8004,directional_relay,6_to_7,b4f376ef1ef85cb854152228154f8805cb26ce33b49ecb584e4f12385aed46f5,1.0,True,0.0001748664376989366,0.1134877798012054,0.13307244986945854,0.08464050866799443,1.0,0.14080354381517465,0.06807723698162702,0.4834909345107705,0.0,7.713115165008081e-09,0.0,-1.7115356718775482e-10,2.4988361267075587e-08,0.858154296875,2.220446049250313e-16
8004,four_channel_crossbar,4_to_5,ad42102933d73ddaaa988890bce76555e93079180162a625a73cffa0715dbb43,1.0,True,0.00015389594601275135,0.05740239179988563,0.07289515965729068,0.029526378552748096,1.0,0.10508715273025679,0.04270818194018382,0.40640726131204086,0.0,6.387178922724689e-07,0.0,6.900970013325693e-07,5.1257361785427755e-05,0.991943359375,3.3306690738754696e-16
8004,four_channel_crossbar,5_to_6,ad42102933d73ddaaa988890bce76555e93079180162a625a73cffa0715dbb43,1.0,True,0.00015389594601275135,0.10508715273025679,0.11626527525158996,0.08287739018601309,1.0,0.19245152872317214,0.08260516041266772,0.4292257949870036,1.0,2.422994815814256e-06,0.0,3.234196922876331e-06,0.00030745985518308336,1.0,3.3306690738754696e-16
8004,four_channel_crossbar,6_to_7,ad42102933d73ddaaa988890bce76555e93079180162a625a73cffa0715dbb43,1.0,True,0.00015389594601275135,0.19245152872317214,0.1690154593288104,0.19799963617951127,1.0,0.23957656176687442,0.11742809695370576,0.490148519069123,0.0,2.420253033091601e-06,0.0,2.7573861592520892e-06,0.0006838088830004306,1.0,3.3306690738754696e-16
8004,dual_independent_relay,4_to_5,0ac5a00869f3118eee7c071e8feced36519e1cc17642d4994d7eac58d3355ad5,1.0,True,2.2260490699988027e-20,1.784278627254536e-17,2.5233510337158133e-17,0.0,0.0,2.4272051154797084e-17,2.0610449297598253e-17,2.0610449297598252e-05,1.0,7.441380875483348e-23,0.625,0.0,0.0,0.0,2.220446049250313e-16
8004,dual_independent_relay,5_to_6,0ac5a00869f3118eee7c071e8feced36519e1cc17642d4994d7eac58d3355ad5,1.0,True,2.2260490699988027e-20,2.4272051154797084e-17,3.432586392972758e-17,0.0,0.0,2.9813641722397177e-17,2.2680897682942148e-17,2.268089768294215e-05,0.28125,6.498322275751871e-23,0.0,0.0,0.0,0.0,2.220446049250313e-16
8004,dual_independent_relay,6_to_7,0ac5a00869f3118eee7c071e8feced36519e1cc17642d4994d7eac58d3355ad5,1.0,True,2.2260490699988027e-20,2.9813641722397177e-17,4.216285646754645e-17,0.0,0.0,3.2698273051308506e-17,2.632275315931451e-17,2.632275315931451e-05,0.0,8.404243880831125e-23,0.0,0.0,0.0,0.0,2.220446049250313e-16
8005,distributed,4_to_5,5c4c71822786426154bacc23be8827c4c736837ef52ba3e1c17f7e27762c2461,1.0,True,8.92172706322998e-05,0.09085379567849956,0.08522584334855299,0.0929236902998699,1.0,0.14359227560939258,0.07299715319816516,0.5083640668578575,0.0,5.925823487874221e-07,0.0,6.793142612298627e-07,7.973772472449949e-05,0.99853515625,2.220446049250313e-16
8005,distributed,5_to_6,5c4c71822786426154bacc23be8827c4c736837ef52ba3e1c17f7e27762c2461,1.0,True,8.92172706322998e-05,0.14359227560939258,0.12800204381284536,0.15335495843144026,1.0,0.20049590726256555,0.11670844242032583,0.5820988767989499,0.53125,1.3848467804851717e-06,0.0,1.788470964127027e-06,0.00015106583307737125,1.0,3.3306690738754696e-16
8005,distributed,6_to_7,5c4c71822786426154bacc23be8827c4c736837ef52ba3e1c17f7e27762c2461,1.0,True,8.92172706322998e-05,0.20049590726256555,0.1992624553143461,0.18846365919739172,1.0,0.24053583585559585,0.13694573703130625,0.5693361097076642,0.0,5.6229440078500645e-06,0.0,7.959437361508336e-06,0.00015512533300477842,1.0,3.3306690738754696e-16
8005,central_shared,4_to_5,f565744f66d64f06679fd8abad8e4c6d95173e732432c563ba6a0fde8d3db0ea,1.0,True,0.00012918389663949198,0.09578934159236864,0.10472506872461324,0.07808200511049496,1.0,0.14875091433156118,0.07015705858943688,0.4716411922891376,0.0,2.2550388028147952e-06,0.0,-2.221819209648021e-06,6.760459149164115e-06,0.998046875,2.220446049250313e-16
8005,central_shared,5_to_6,f565744f66d64f06679fd8abad8e4c6d95173e732432c563ba6a0fde8d3db0ea,1.0,True,0.00012918389663949198,0.14875091433156118,0.15626562025954055,0.12917847656942927,1.0,0.18321548762868156,0.1001471112467414,0.5466083274013775,0.0,2.92965255723441e-06,0.0,-2.499898785082566e-06,0.0004638045074055582,1.0,2.7755575615628914e-16
8005,central_shared,6_to_7,f565744f66d64f06679fd8abad8e4c6d95173e732432c563ba6a0fde8d3db0ea,1.0,True,0.00012918389663949198,0.18321548762868156,0.18546411438016885,0.15345447099257253,1.0,0.1878782832824569,0.12479015554030079,0.6642074504837305,1.0,3.6278164585991056e-06,0.0,-1.1079344227610165e-06,0.0007188387208494362,1.0,3.3306690738754696e-16
8005,directional_relay,4_to_5,0e615abb6924b6101238db72215ad729c23638c2ea4d7b656b360bf85f34fe5e,1.0,True,8.067042673106633e-05,0.04722778195524721,0.04105649832144323,0.04359218806586432,1.0,0.07269876406037935,0.035471874718962744,0.4879295429218284,0.0,5.35291260841417e-07,0.0,-4.065971452750246e-07,2.6621771134402157e-06,1.0,3.3306690738754696e-16
8005,directional_relay,5_to_6,0e615abb6924b6101238db72215ad729c23638c2ea4d7b656b360bf85f34fe5e,1.0,True,8.067042673106633e-05,0.07269876406037935,0.07190260077824195,0.06561902464350551,1.0,0.0883656477785697,0.04953528050486054,0.5605716899058795,0.03125,7.592892121312395e-07,0.0,-5.948598444069117e-07,1.3859880958819888e-06,1.0,2.220446049250313e-16
8005,directional_relay,6_to_7,0e615abb6924b6101238db72215ad729c23638c2ea4d7b656b360bf85f34fe5e,1.0,True,8.067042673106633e-05,0.0883656477785697,0.09358492048630455,0.07870221229891433,1.0,0.11975891201570385,0.0690891123805372,0.5769016369443772,1.0,1.2263337331047743e-06,0.1875,-4.626284541764756e-07,1.7331056640728243e-06,1.0,3.3306690738754696e-16
8005,four_channel_crossbar,4_to_5,3b081b6325a610b46dc5a4f2bfaa884d2da638b8c35190c73d31426aa72149f7,1.0,True,0.0001130658541278427,0.05190994030041782,0.032211130502224614,0.05913961309252509,1.0,0.10095633173146097,0.0402391335616106,0.3985795924979206,0.0,4.802386259564344e-07,0.0,-4.632100826889262e-07,9.63286468794251e-06,0.96875,3.3306690738754696e-16
8005,four_channel_crossbar,5_to_6,3b081b6325a610b46dc5a4f2bfaa884d2da638b8c35190c73d31426aa72149f7,1.0,True,0.0001130658541278427,0.10095633173146097,0.06362506116906144,0.12596294112748532,1.0,0.15624882348457902,0.09230370016443068,0.5907481292077734,1.0,1.2558044978295752e-06,0.0,8.211057617407359e-08,0.00027367285170786415,0.995361328125,2.636779683484747e-16
8005,four_channel_crossbar,6_to_7,3b081b6325a610b46dc5a4f2bfaa884d2da638b8c35190c73d31426aa72149f7,1.0,True,0.0001130658541278427,0.15624882348457902,0.11030863442969624,0.1871151493635236,1.0,0.21540981387298497,0.1482065750496316,0.6880214619052625,1.0,1.7038148311602957e-06,0.0,3.18238944803185e-07,0.00019595106394757587,0.998291015625,3.3306690738754696e-16
8005,dual_independent_relay,4_to_5,bf54e3316db743b8668314feb470dd45bf3e417c7f9cae2c025aaac6d1f46f6c,0.999755859375,True,1.818150262154299e-20,2.1297967492583905e-17,3.011987447899346e-17,0.0,0.0,2.2457133102176246e-17,1.870767111765982e-17,1.870767111765982e-05,0.03125,5.538453786400313e-22,1.0,0.0,0.0,0.0,2.220446049250313e-16
8005,dual_independent_relay,5_to_6,bf54e3316db743b8668314feb470dd45bf3e417c7f9cae2c025aaac6d1f46f6c,0.999755859375,True,1.818150262154299e-20,2.2457133102176246e-17,3.175918220511542e-17,0.0,0.0,2.520815433081293e-17,1.8475388507294945e-17,1.8475388507294944e-05,0.96875,2.231682662523357e-22,0.0625,0.0,0.0,0.0,2.220446049250313e-16
8005,dual_independent_relay,6_to_7,bf54e3316db743b8668314feb470dd45bf3e417c7f9cae2c025aaac6d1f46f6c,0.999755859375,True,1.818150262154299e-20,2.520815433081293e-17,3.564971373702971e-17,0.0,0.0,2.6055547436770234e-17,1.7668278934620912e-17,1.7668278934620912e-05,0.4375,2.353312260857136e-22,0.25,0.0,0.0,0.0,1.6653345369377348e-16
8006,distributed,4_to_5,83fdf8ac5475490e9416f1cc118f549f98b8c7c7afb1bb704db0dc4ee38f8668,0.999755859375,True,0.00015792750712637736,0.0747700714883266,0.07755549675690696,0.06881257159609672,1.0,0.12428476429624863,0.056616735224747694,0.45554043205001754,0.0,1.8402547528150026e-06,0.0,-2.107321782930635e-06,-6.598174865394068e-07,0.98681640625,2.220446049250313e-16
8006,distributed,5_to_6,83fdf8ac5475490e9416f1cc118f549f98b8c7c7afb1bb704db0dc4ee38f8668,0.999755859375,True,0.00015792750712637736,0.12428476429624863,0.1138881236864666,0.1284642194848366,1.0,0.20910213462482985,0.09513791210025084,0.4549829788727259,0.0,2.7155280956020994e-06,0.0,-3.69361233191915e-06,-8.102997580836715e-07,0.99755859375,2.3592239273284576e-16
8006,distributed,6_to_7,83fdf8ac5475490e9416f1cc118f549f98b8c7c7afb1bb704db0dc4ee38f8668,0.999755859375,True,0.00015792750712637736,0.20910213462482985,0.2062627269259887,0.19225604543356378,1.0,0.28447277725206,0.14002582768008878,0.49222927069755246,0.0,3.367158257508525e-06,0.0,-4.278457135642696e-06,2.730526321589658e-06,0.998779296875,3.3306690738754696e-16
8006,central_shared,4_to_5,7c34028d561bc261ef99a616f8ff592c98ded196c5c232a31d24a3af85e059a8,1.0,True,0.00021574734180304552,0.07887039222019451,0.06904925703868933,0.0788900734303668,1.0,0.1226821381880138,0.06516244386479382,0.5311485830555916,1.0,1.2392766164847618e-07,0.0,-1.0151303212547179e-07,7.985164265879183e-07,0.972900390625,2.220446049250313e-16
8006,central_shared,5_to_6,7c34028d561bc261ef99a616f8ff592c98ded196c5c232a31d24a3af85e059a8,1.0,True,0.00021574734180304552,0.1226821381880138,0.12107900635226099,0.11825241599206965,1.0,0.16491682839514454,0.08365608439272426,0.5072622679371589,0.0,1.483913102901748e-07,0.0,-1.547226149543651e-07,2.00036619145056e-06,0.96337890625,2.7755575615628914e-16
8006,central_shared,6_to_7,7c34028d561bc261ef99a616f8ff592c98ded196c5c232a31d24a3af85e059a8,1.0,True,0.00021574734180304552,0.16491682839514454,0.16735367128820045,0.1541686804074952,1.0,0.19485360436899424,0.10641354217899526,0.5461204709227752,1.0,3.2203135679775964e-07,0.0,1.437405201247396e-08,1.640768525243466e-05,0.97705078125,2.498001805406602e-16
8006,directional_relay,4_to_5,2c62dc457a6290c7085026fb0706fdc6ab8cb8c01cb5aa1fd32f501813a3140d,1.0,True,0.00014472855912850798,0.032149052042909854,0.031861319197930504,0.026111053562094463,1.0,0.053518020250678124,0.03332949303056841,0.6227714118432117,1.0,4.4043601822341415e-07,0.0,-9.755262456074747e-08,1.832616780258226e-06,0.96728515625,2.220446049250313e-16
8006,directional_relay,5_to_6,2c62dc457a6290c7085026fb0706fdc6ab8cb8c01cb5aa1fd32f501813a3140d,1.0,True,0.00014472855912850798,0.053518020250678124,0.062170005913971135,0.04065142489876858,1.0,0.09405586523311407,0.056883528219251876,0.6047844871584361,1.0,1.1079151656436907e-06,0.375,9.553120966764657e-07,6.033609847673866e-06,0.968994140625,3.3306690738754696e-16
8006,directional_relay,6_to_7,2c62dc457a6290c7085026fb0706fdc6ab8cb8c01cb5aa1fd32f501813a3140d,1.0,True,0.00014472855912850798,0.09405586523311407,0.10156768942142448,0.07970731352917544,1.0,0.12622072858017133,0.07811387871641182,0.6188672779431502,1.0,1.8662514333631448e-06,0.0,1.8867485115955145e-06,5.763388537493306e-06,0.984130859375,3.3306690738754696e-16
8006,four_channel_crossbar,4_to_5,935b42cee708260acef09aa607a00a62ecd5a57ecaf42b9da09daeb0ecd1f288,1.0,True,0.00014697193297092206,0.06953828123333297,0.08722474377156358,0.04263235660128717,1.0,0.1016659333145831,0.06272197155649145,0.6169418753321426,0.0,8.511131785708148e-08,0.0,4.150612093978349e-08,4.0802634806431163e-07,0.99169921875,2.498001805406602e-16
8006,four_channel_crossbar,5_to_6,935b42cee708260acef09aa607a00a62ecd5a57ecaf42b9da09daeb0ecd1f288,1.0,True,0.00014697193297092206,0.1016659333145831,0.12099177636643382,0.07384574032388994,1.0,0.13427164083818827,0.07249559587723287,0.5399174049313796,0.0,6.863671013822612e-08,0.0,-4.132802224342418e-08,2.5041820720169066e-07,0.98974609375,2.220446049250313e-16
8006,four_channel_crossbar,6_to_7,935b42cee708260acef09aa607a00a62ecd5a57ecaf42b9da09daeb0ecd1f288,1.0,True,0.00014697193297092206,0.13427164083818827,0.1613760504055301,0.09603102663765806,1.0,0.15861915396309956,0.10029906739863503,0.6323263294038761,0.0,9.014098094023708e-06,0.9375,1.3376924023523443e-05,1.1614663820612083e-05,1.0,3.3306690738754696e-16
8006,dual_independent_relay,4_to_5,7bfe5329545118abdba7be9290a0ac88e141e491b08ad73e81dbf3a18c5f9b94,0.9990234375,True,0.0,2.042826096179622e-17,2.888992370786906e-17,0.0,0.0,2.6156932256678747e-17,2.0141064606279693e-17,2.0141064606279693e-05,0.0,1.0971633138365796e-23,0.53125,0.0,0.0,0.0,1.6653345369377348e-16
8006,dual_independent_relay,5_to_6,7bfe5329545118abdba7be9290a0ac88e141e491b08ad73e81dbf3a18c5f9b94,0.9990234375,True,0.0,2.6156932256678747e-17,3.699148834746937e-17,0.0,0.0,3.043998107379954e-17,2.332661609021993e-17,2.332661609021993e-05,0.03125,1.1722010253186506e-23,0.0,0.0,0.0,0.0,2.220446049250313e-16
8006,dual_independent_relay,6_to_7,7bfe5329545118abdba7be9290a0ac88e141e491b08ad73e81dbf3a18c5f9b94,0.9990234375,True,0.0,3.043998107379954e-17,4.3048634072947634e-17,0.0,0.0,3.112657468581368e-17,2.664035435692753e-17,2.664035435692753e-05,0.03125,1.4198978801224388e-23,0.03125,0.0,0.0,0.0,2.220446049250313e-16
8007,distributed,4_to_5,bbc5c45997b0b057f9864541eb8c4f0d2d437ffbb2057df5a261b06882030400,1.0,True,8.898255409794711e-05,0.05745176869475027,0.04232618059618454,0.06677355330896381,1.0,0.10563912295722154,0.04630681261925482,0.4383490824512687,0.0,2.4183387719502274e-07,0.0,-7.019643058259154e-08,1.5355628413601308e-07,0.998779296875,2.7755575615628914e-16
8007,distributed,5_to_6,bbc5c45997b0b057f9864541eb8c4f0d2d437ffbb2057df5a261b06882030400,1.0,True,8.898255409794711e-05,0.10563912295722154,0.0957079280909974,0.10962943513263969,1.0,0.17307217430739003,0.07407063333115692,0.4279754017511882,0.0,6.634307724893561e-07,0.0,3.9468604192164986e-07,2.481256099752336e-06,0.998291015625,3.3306690738754696e-16
8007,distributed,6_to_7,bbc5c45997b0b057f9864541eb8c4f0d2d437ffbb2057df5a261b06882030400,1.0,True,8.898255409794711e-05,0.17307217430739003,0.16876886990038048,0.16842005183940026,1.0,0.22530331265002082,0.11487051894326171,0.5098483355266863,0.0,5.377726128866088e-07,0.0,7.04383813494032e-08,3.2272218868615458e-06,1.0,3.3306690738754696e-16
8007,central_shared,4_to_5,c778b9a59c1ff622801f39a5f17a8fe696eeb73795849ef5bfab44ef9936c76b,1.0,True,0.0002655585403699141,0.11278757375142605,0.12847601559365848,0.08990573839737606,1.0,0.17601872701339882,0.10088701460437313,0.5731606875937323,0.0,9.10091321895717e-06,0.0,3.7785881323296486e-06,0.0012360387418440246,1.0,2.7755575615628914e-16
8007,central_shared,5_to_6,c778b9a59c1ff622801f39a5f17a8fe696eeb73795849ef5bfab44ef9936c76b,1.0,True,0.0002655585403699141,0.17601872701339882,0.19350430906177601,0.1460842068331798,1.0,0.24405937768423602,0.15321417677238125,0.6277741844060986,1.0,1.9002047591202486e-05,0.0,1.6869232369482482e-05,0.0023655744295792845,1.0,3.0531133177191805e-16
8007,central_shared,6_to_7,c778b9a59c1ff622801f39a5f17a8fe696eeb73795849ef5bfab44ef9936c76b,1.0,True,0.0002655585403699141,0.24405937768423602,0.2584880956083092,0.21565376029792718,1.0,0.28047152156098254,0.18385935337559348,0.6555366204465689,0.0,4.9810158234366954e-05,0.0,6.162276251294338e-05,0.001512586145330066,1.0,3.885780586188048e-16
8007,directional_relay,4_to_5,d5a9261e14c0391c0a5f4ceddcdb2fbb55f19c5927e2d19b181683c2bb193164,1.0,True,0.00013089763236254302,0.04139047778756558,0.03609247928600688,0.03999828064240766,1.0,0.09489627948356934,0.031022513518523254,0.3269096922171179,0.0,4.601311381887493e-07,0.0,2.801742259797955e-07,4.1658591489640216e-07,0.998779296875,2.220446049250313e-16
8007,directional_relay,5_to_6,d5a9261e14c0391c0a5f4ceddcdb2fbb55f19c5927e2d19b181683c2bb193164,1.0,True,0.00013089763236254302,0.09489627948356934,0.10297243961967706,0.0753742583510561,1.0,0.1522828878867785,0.06397789091549438,0.4201252800187346,0.0,1.1625528646409155e-06,0.0,5.963409313218721e-07,1.8850462852683136e-06,1.0,2.220446049250313e-16
8007,directional_relay,6_to_7,d5a9261e14c0391c0a5f4ceddcdb2fbb55f19c5927e2d19b181683c2bb193164,1.0,True,0.00013089763236254302,0.1522828878867785,0.17000855882963503,0.1209301014291446,1.0,0.189888897058402,0.10173791069393427,0.5357759841147736,0.0,1.8619122914329888e-06,0.0,9.843290290926334e-07,6.560407583110644e-06,1.0,2.7755575615628914e-16
8007,four_channel_crossbar,4_to_5,d46553ffb3502054d02ef768bbe8e2d2644b87d0bdf75a47f4db6c67430b1316,1.0,True,0.00015708955188896862,0.08261780664160018,0.056833676325437926,0.09708180741128297,1.0,0.14372514953467175,0.06405879181364088,0.44570342783458067,0.0,5.991804930171048e-06,0.0,-1.6702653115434436e-06,0.002457263306435617,1.0,3.3306690738754696e-16
8007,four_channel_crossbar,5_to_6,d46553ffb3502054d02ef768bbe8e2d2644b87d0bdf75a47f4db6c67430b1316,1.0,True,0.00015708955188896862,0.14372514953467175,0.12459912732313715,0.15056046280462956,1.0,0.20649317879611087,0.11200266066960504,0.5424036828848243,0.0,2.9045276029355545e-05,0.0,3.068870452444154e-05,0.002972679625198097,0.997802734375,3.3306690738754696e-16
8007,four_channel_crossbar,6_to_7,d46553ffb3502054d02ef768bbe8e2d2644b87d0bdf75a47f4db6c67430b1316,1.0,True,0.00015708955188896862,0.20649317879611087,0.19685566964850126,0.19288964185215518,1.0,0.2695020083225622,0.1551363390434024,0.575640753139481,1.0,0.00013119543864446775,0.0,0.00018684171430440982,0.009835045125552956,1.0,3.3306690738754696e-16
8007,dual_independent_relay,4_to_5,9d25eaf9af9cc0e16d9994b2e2fa2d8c2c90e3f00e7218f98229fa34a7696ad7,0.999755859375,True,0.0,1.6453546247299837e-17,2.3268828252064373e-17,0.0,0.0,2.077199659009595e-17,1.783539414778891e-17,1.7835394147788908e-05,1.0,1.3398500814768729e-21,0.0,0.0,0.0,0.0,2.220446049250313e-16
8007,dual_independent_relay,5_to_6,9d25eaf9af9cc0e16d9994b2e2fa2d8c2c90e3f00e7218f98229fa34a7696ad7,0.999755859375,True,0.0,2.077199659009595e-17,2.937603929528137e-17,0.0,0.0,2.346894632674665e-17,1.499648712517231e-17,1.499648712517231e-05,0.0,1.541466323855216e-21,0.0,0.0,0.0,0.0,2.220446049250313e-16
8007,dual_independent_relay,6_to_7,9d25eaf9af9cc0e16d9994b2e2fa2d8c2c90e3f00e7218f98229fa34a7696ad7,0.999755859375,True,0.0,2.346894632674665e-17,3.319010218989134e-17,0.0,0.0,2.4290374205115097e-17,1.9927277752252814e-17,1.9927277752252815e-05,1.0,3.459443176122127e-21,1.0,0.0,0.0,0.0,2.220446049250313e-16
8008,distributed,4_to_5,57cd549201cc5fbf824589e808e446bddb524d94e81e1533c23e15836177547b,1.0,True,0.00029125577801855526,0.05234311899528087,0.05303925000164713,0.043533200114443976,1.0,0.12203750888414455,0.03903215571395478,0.3198373686159858,0.0,6.718585581991045e-07,0.0,-7.028190300277171e-07,2.6581916449261602e-06,1.0,3.608224830031759e-16
8008,distributed,5_to_6,57cd549201cc5fbf824589e808e446bddb524d94e81e1533c23e15836177547b,1.0,True,0.00029125577801855526,0.12203750888414455,0.13102453836799974,0.09698498033195015,1.0,0.18781510153788605,0.08525227470212766,0.45391597376385934,0.0,1.0551553498369882e-06,0.0,-6.758354813356849e-07,2.101233572627053e-06,1.0,2.7755575615628914e-16
8008,distributed,6_to_7,57cd549201cc5fbf824589e808e446bddb524d94e81e1533c23e15836177547b,1.0,True,0.00029125577801855526,0.18781510153788605,0.22462293078347548,0.13011255848129508,1.0,0.25771824831810153,0.10527285693680748,0.4084804146537161,0.0,1.5039996570736405e-06,0.0,-4.784448415128046e-07,5.749257407656318e-06,1.0,3.3306690738754696e-16
8008,central_shared,4_to_5,fc95b36b7a4098cf543e840545c6ee439ae1485aedc2faa5d0787444c55c1e32,1.0,True,0.0002287302726636882,0.07207154447856234,0.06525568875964646,0.0734767658282163,1.0,0.11920523947796373,0.05071718065389127,0.42546100218410987,0.0,7.637049833168205e-07,0.0,-6.175118737314263e-08,2.006091614510807e-06,1.0,3.3306690738754696e-16
8008,central_shared,5_to_6,fc95b36b7a4098cf543e840545c6ee439ae1485aedc2faa5d0787444c55c1e32,1.0,True,0.0002287302726636882,0.11920523947796373,0.11928634639612816,0.11393673616440095,1.0,0.16458985014489655,0.09206108841627308,0.55933636451596,0.125,1.8075783305277397e-06,0.0,6.502869724155011e-07,0.00011799125562588605,1.0,3.3306690738754696e-16
8008,central_shared,6_to_7,fc95b36b7a4098cf543e840545c6ee439ae1485aedc2faa5d0787444c55c1e32,1.0,True,0.0002287302726636882,0.16458985014489655,0.18913263916141893,0.1299393528793597,1.0,0.21153725001607604,0.11793296174554951,0.5575044666439932,1.0,3.5643528858180096e-06,0.0,3.152217050688543e-06,0.0003871838860810686,1.0,2.220446049250313e-16
8008,directional_relay,4_to_5,82e17aaf91444ded9c8a710c01055247013b5cc4169f19192f139184c4f529e5,1.0,True,0.0001444862699235377,0.04794215724099382,0.04792528911606571,0.04581451913626833,1.0,0.0962404701870727,0.04158202922908119,0.43206386199333646,0.0,1.2677091141273802e-07,0.0,-1.0175064750088429e-08,7.865416450859918e-08,0.849853515625,2.220446049250313e-16
8008,directional_relay,5_to_6,82e17aaf91444ded9c8a710c01055247013b5cc4169f19192f139184c4f529e5,1.0,True,0.0001444862699235377,0.0962404701870727,0.09259832114224209,0.09066093583586038,1.0,0.15611845812324254,0.0770671363359145,0.493645256700373,0.0,2.13389079362175e-07,0.0,6.644661559859249e-08,5.956906899974538e-07,0.880859375,3.3306690738754696e-16
8008,directional_relay,6_to_7,82e17aaf91444ded9c8a710c01055247013b5cc4169f19192f139184c4f529e5,1.0,True,0.0001444862699235377,0.15611845812324254,0.17073651047511018,0.12001596272788376,1.0,0.2133853210097278,0.11168385491309574,0.523390523699633,0.0,2.225048841036164e-07,0.0,-3.3393064276438315e-08,1.534164860515748e-06,0.9375,3.885780586188048e-16
8008,four_channel_crossbar,4_to_5,a03a4d12097222b9e66610c0efee21b81217049a7a25dca78de70aefdfc4f3c1,1.0,True,0.000173530375491035,0.03901496965196616,0.04213834652711858,0.029118736679652632,1.0,0.07648040401972139,0.03699968112990197,0.48377988589549237,1.0,4.517332252920059e-08,0.0,-3.0721136003870614e-08,-5.609891458190386e-10,0.775390625,3.3306690738754696e-16
8008,four_channel_crossbar,5_to_6,a03a4d12097222b9e66610c0efee21b81217049a7a25dca78de70aefdfc4f3c1,1.0,True,0.000173530375491035,0.07648040401972139,0.07873273154938107,0.06636068016395943,1.0,0.11262781831553995,0.06724798828846484,0.5970815140897232,1.0,6.538704530489184e-08,0.0,-4.121074415616406e-08,1.5849157113545064e-06,0.883056640625,3.3306690738754696e-16
8008,four_channel_crossbar,6_to_7,a03a4d12097222b9e66610c0efee21b81217049a7a25dca78de70aefdfc4f3c1,1.0,True,0.000173530375491035,0.11262781831553995,0.10763459294765453,0.10874489691831415,1.0,0.1486197851007962,0.08224656279441006,0.5534025146021385,1.0,1.3806142647713484e-07,0.0,5.1388511815422456e-08,2.2978261808565027e-06,0.8955078125,3.3306690738754696e-16
8008,dual_independent_relay,4_to_5,9da205350888d81fe0e3cf815b328f6a7413fadc2a85c3d013899c115edf4ff2,1.0,True,1.2221860008894573e-20,1.4527614104735043e-17,2.0545148895838966e-17,0.0,0.0,2.137072944039146e-17,2.0216609429411094e-17,2.0216609429411095e-05,0.8125,1.282065999133143e-22,1.0,0.0,0.0,0.0,1.6653345369377348e-16
8008,dual_independent_relay,5_to_6,9da205350888d81fe0e3cf815b328f6a7413fadc2a85c3d013899c115edf4ff2,1.0,True,1.2221860008894573e-20,2.137072944039146e-17,3.022277541240758e-17,0.0,0.0,2.521941684043854e-17,2.9390398073153927e-17,2.9390398073153926e-05,1.0,1.28936407742985e-22,0.0,0.0,0.0,0.0,2.220446049250313e-16
8008,dual_independent_relay,6_to_7,9da205350888d81fe0e3cf815b328f6a7413fadc2a85c3d013899c115edf4ff2,1.0,True,1.2221860008894573e-20,2.521941684043854e-17,3.566564133088861e-17,0.0,0.0,2.797523423514633e-17,2.705458549227444e-17,2.705458549227444e-05,0.125,1.9999568542074745e-22,1.0,0.0,0.0,0.0,2.220446049250313e-16
8009,distributed,4_to_5,d612b84ecdabb87a6c8c90b83b11dcde4e4b892b25691ae8390d37961dbb89fb,1.0,True,0.00019910371331150866,0.10237382534509859,0.09344267502334197,0.10905987669787906,1.0,0.20957072764411716,0.09144993110425984,0.4363678655520807,0.0,4.640716099098434e-06,0.0,-1.334622972843582e-06,0.003298378232491174,1.0,2.220446049250313e-16
8009,distributed,5_to_6,d612b84ecdabb87a6c8c90b83b11dcde4e4b892b25691ae8390d37961dbb89fb,1.0,True,0.00019910371331150866,0.20957072764411716,0.17761870611789987,0.2313485951774912,1.0,0.3163412263757923,0.15759998934876324,0.4981961761807958,0.0,7.2327001048578595e-06,0.0,1.2155481555933152e-06,0.017220158240285312,1.0,3.3306690738754696e-16
8009,distributed,6_to_7,d612b84ecdabb87a6c8c90b83b11dcde4e4b892b25691ae8390d37961dbb89fb,1.0,True,0.00019910371331150866,0.3163412263757923,0.2803857089773027,0.3373246190395954,1.0,0.39112104463868713,0.21938573122636898,0.5609151801817129,0.0,1.8076215131231986e-05,0.0,1.1782309685038128e-05,0.03840494255463618,1.0,3.3306690738754696e-16
8009,central_shared,4_to_5,89c550753914d47796eb102a37b3e32be0b9ef1768c7b076c62e87f6ee91d301,1.0,True,0.00021316557263999138,0.07180170408387716,0.06448413917229226,0.07528078250350817,1.0,0.09160276058278534,0.05353259117251881,0.584399321941167,0.0,2.572757628677089e-06,0.0,4.1427571026158895e-07,1.0865229140557039e-05,0.991455078125,2.220446049250313e-16
8009,central_shared,5_to_6,89c550753914d47796eb102a37b3e32be0b9ef1768c7b076c62e87f6ee91d301,1.0,True,0.00021316557263999138,0.09160276058278534,0.09356376820893145,0.08693302054276679,1.0,0.11923874784856178,0.07198213731875425,0.6036807549352546,1.0,4.183517971543117e-06,0.03125,1.9475833192446696e-06,0.00013282454044376594,0.998046875,2.220446049250313e-16
8009,central_shared,6_to_7,89c550753914d47796eb102a37b3e32be0b9ef1768c7b076c62e87f6ee91d301,1.0,True,0.00021316557263999138,0.11923874784856178,0.13007694247636908,0.10252513925733231,1.0,0.1489828390794363,0.08764193598575301,0.5882686658899225,1.0,4.1831737610398665e-06,0.0,1.2598304829867278e-06,0.00028955462997307335,1.0,2.220446049250313e-16
8009,directional_relay,4_to_5,90b017a6fcbc3f5efa2061dce873056bc53285a8d89721971635e24fd01a6f6a,1.0,True,0.00010499308025301569,0.05515459604400354,0.027335589228650873,0.069662761080904,1.0,0.10574555139033659,0.04397511918122325,0.4158578644968119,0.0,1.400473953353278e-06,0.0,1.1676575936150972e-07,2.8164234527458316e-05,0.99560546875,2.7755575615628914e-16
8009,directional_relay,5_to_6,90b017a6fcbc3f5efa2061dce873056bc53285a8d89721971635e24fd01a6f6a,1.0,True,0.00010499308025301569,0.10574555139033659,0.06987570818596678,0.12553775955906726,1.0,0.14217970495232646,0.08197308232409561,0.5765455931392007,0.03125,3.826010150886961e-06,0.0,1.6522313853038822e-06,0.0003738061477745654,1.0,2.7755575615628914e-16
8009,directional_relay,6_to_7,90b017a6fcbc3f5efa2061dce873056bc53285a8d89721971635e24fd01a6f6a,1.0,True,0.00010499308025301569,0.14217970495232646,0.12634685410611582,0.14895571842436856,1.0,0.17120465002356833,0.10511547773256372,0.6139756000674826,1.0,3.2048900741502235e-05,0.53125,4.3430118066615325e-05,0.0012305492362713127,1.0,2.740863092043355e-16
8009,four_channel_crossbar,4_to_5,64a808375ddd0cef4d37ba517f1db94e646e7310ea7cd4f59c80fce0925ff0e3,1.0,True,0.0001404420471372608,0.05389163260922448,0.050093178090924714,0.04784321895962113,1.0,0.10750817541119272,0.037122844847283086,0.3453025289034736,0.0,1.7094250845044643e-06,0.28125,1.668085446074223e-06,6.641635668507113e-06,0.99853515625,3.3306690738754696e-16
8009,four_channel_crossbar,5_to_6,64a808375ddd0cef4d37ba517f1db94e646e7310ea7cd4f59c80fce0925ff0e3,1.0,True,0.0001404420471372608,0.10750817541119272,0.11424330960787252,0.08709132885282941,1.0,0.1512787237159532,0.08867235069848896,0.5861521602005554,1.0,2.7899953485162526e-06,0.0,2.97096057432947e-06,0.00016289464710146306,1.0,4.440892098500626e-16
8009,four_channel_crossbar,6_to_7,64a808375ddd0cef4d37ba517f1db94e646e7310ea7cd4f59c80fce0925ff0e3,1.0,True,0.0001404420471372608,0.1512787237159532,0.17831126973798647,0.10786314918228629,1.0,0.17705167560983465,0.11269455470284805,0.6365065697044905,1.0,9.818654770420278e-06,0.0,1.2511382771044332e-05,0.0005752797992160593,1.0,2.7755575615628914e-16
8009,dual_independent_relay,4_to_5,683ec11854e34fb37ac8fa1f05778538b9fa1afa3e00ad1e0e70bb0cb092f42e,1.0,True,0.0,1.9449251543871358e-17,2.750539531134873e-17,0.0,0.0,2.632428481897426e-17,2.0617538383086528e-17,2.0617538383086528e-05,1.0,1.0071937402178976e-21,0.0,0.0,0.0,0.0,2.220446049250313e-16
8009,dual_independent_relay,5_to_6,683ec11854e34fb37ac8fa1f05778538b9fa1afa3e00ad1e0e70bb0cb092f42e,1.0,True,0.0,2.632428481897426e-17,3.722816061076557e-17,0.0,0.0,3.025516703188244e-17,2.6811589905079974e-17,2.6811589905079975e-05,0.0,1.0097488249282142e-21,0.0,0.0,0.0,0.0,2.220446049250313e-16
8009,dual_independent_relay,6_to_7,683ec11854e34fb37ac8fa1f05778538b9fa1afa3e00ad1e0e70bb0cb092f42e,1.0,True,0.0,3.025516703188244e-17,4.278726754835147e-17,0.0,0.0,3.183650114822376e-17,2.9050228952288786e-17,2.9050228952288787e-05,0.0,1.9170978329747396e-21,0.0,0.0,0.0,0.0,2.220446049250313e-16
8010,distributed,4_to_5,f646999db7fea49aea0602d4a693e8978c9367402499ce269c107b52f14901d4,1.0,True,9.664686207390878e-05,0.10789567134331605,0.097384527597661,0.11270696757935064,1.0,0.16243192213252633,0.08874795686723821,0.5463701697430495,0.0,8.238860020041661e-07,0.0,4.1629215331560464e-07,2.6026285161590656e-06,1.0,3.3306690738754696e-16
8010,distributed,5_to_6,f646999db7fea49aea0602d4a693e8978c9367402499ce269c107b52f14901d4,1.0,True,9.664686207390878e-05,0.16243192213252633,0.14984422294127597,0.17059980663569693,1.0,0.1984024441322759,0.12149759479053776,0.6123795264817137,0.0,9.02685107196705e-07,0.0,5.120810221025434e-07,0.0002104945278818658,0.9990234375,3.3306690738754696e-16
8010,distributed,6_to_7,f646999db7fea49aea0602d4a693e8978c9367402499ce269c107b52f14901d4,1.0,True,9.664686207390878e-05,0.1984024441322759,0.20443343977690642,0.17707538051311653,1.0,0.2465485730750185,0.14736063727736037,0.5976941396960438,0.0,2.758460484182332e-06,0.0,3.397422744351572e-06,0.0002781618045010873,0.99755859375,2.7755575615628914e-16
8010,central_shared,4_to_5,b6321d7c586e18478abaea6fdb8ae6971bcd8511f678ae1ca2c5536872637e3c,1.0,True,0.0001303797576085114,0.05679712581030287,0.0482085960358588,0.05755234449044844,1.0,0.10204816190743501,0.04902755704138313,0.4804354740446441,0.0,3.082180549445153e-07,0.0,3.0248340528601244e-08,6.03604280632169e-06,0.96826171875,3.3306690738754696e-16
8010,central_shared,5_to_6,b6321d7c586e18478abaea6fdb8ae6971bcd8511f678ae1ca2c5536872637e3c,1.0,True,0.0001303797576085114,0.10204816190743501,0.0769145125306794,0.1131687281189536,1.0,0.16497812302304574,0.08727295055533321,0.528997111593651,0.53125,8.321438854769486e-07,0.0,6.70148979952669e-07,6.642661940001221e-05,0.97509765625,3.5388358909926865e-16
8010,central_shared,6_to_7,b6321d7c586e18478abaea6fdb8ae6971bcd8511f678ae1ca2c5536872637e3c,1.0,True,0.0001303797576085114,0.16497812302304574,0.12022508315085559,0.19341682923732678,1.0,0.20340314179632601,0.11088374442380197,0.5451427320372139,0.0,2.6336391624165577e-06,0.0,3.4188064893176097e-06,5.7248105300354446e-05,0.994140625,3.3306690738754696e-16
8010,directional_relay,4_to_5,ca8e589afa532ba06dbdacf722e8be2110206795a24d5a6af618f18830ee8959,1.0,True,7.97891018613299e-05,0.032130030422112356,0.010781552116594715,0.042906620998373425,1.0,0.07988212461939101,0.027469325509894314,0.34387324624596005,1.0,6.028556057361157e-07,0.0,-6.747102267464174e-07,1.2620692972124893e-06,0.95556640625,3.3306690738754696e-16
8010,directional_relay,5_to_6,ca8e589afa532ba06dbdacf722e8be2110206795a24d5a6af618f18830ee8959,1.0,True,7.97891018613299e-05,0.07988212461939101,0.03945273763054915,0.09668090566142269,1.0,0.1385399521073412,0.05137997094140856,0.37086753791858673,0.1875,9.223691155148131e-07,0.0,2.0655392950957832e-07,4.781424626379943e-05,1.0,3.3306690738754696e-16
8010,directional_relay,6_to_7,ca8e589afa532ba06dbdacf722e8be2110206795a24d5a6af618f18830ee8959,1.0,True,7.97891018613299e-05,0.1385399521073412,0.09272718368748306,0.15594244997495332,1.0,0.18045310498512449,0.08256726405665105,0.45755524164273825,0.0,1.0309358909460848e-05,0.0,1.3789971210535154e-05,7.242880127276455e-05,1.0,3.3306690738754696e-16
8010,four_channel_crossbar,4_to_5,224304bbedaa85d48db3dcdbc96776c4864a4785b5dbf0da209017f458f8e503,1.0,True,0.00015760199638408518,0.01760611189361151,0.017074733963870988,0.015619086157837293,1.0,0.058406722932598486,0.018566509760937322,0.31788309339599696,1.0,1.305379014385282e-08,0.0,2.847295163598336e-09,2.0213922434981124e-08,0.93505859375,2.220446049250313e-16
8010,four_channel_crossbar,5_to_6,224304bbedaa85d48db3dcdbc96776c4864a4785b5dbf0da209017f458f8e503,1.0,True,0.00015760199638408518,0.058406722932598486,0.06869008414141589,0.040949695225285576,1.0,0.13403996205179597,0.04911920096788168,0.3664519163986405,1.0,4.0195916175101865e-08,0.0,-1.1133767082279299e-08,5.811438998070448e-08,0.989990234375,2.220446049250313e-16
8010,four_channel_crossbar,6_to_7,224304bbedaa85d48db3dcdbc96776c4864a4785b5dbf0da209017f458f8e503,1.0,True,0.00015760199638408518,0.13403996205179597,0.13246899284541624,0.1300359657178251,1.0,0.21703276264634153,0.09064892497399211,0.4176739210646553,0.0,5.823182738312679e-08,0.0,-3.8807631846380385e-08,6.334749835510797e-06,0.99755859375,3.3306690738754696e-16
8010,dual_independent_relay,4_to_5,2a8d01a781b31650fdc459bf9f5bc7df65f1d1471438ca7206f495edfde58258,1.0,True,2.8634178557482027e-19,2.0424112567270243e-17,2.888405699206835e-17,0.0,0.0,2.2187581847002242e-17,2.4414153770135847e-17,2.4414153770135846e-05,0.0,2.0027558589169435e-24,0.0,0.0,0.0,0.0,2.220446049250313e-16
8010,dual_independent_relay,5_to_6,2a8d01a781b31650fdc459bf9f5bc7df65f1d1471438ca7206f495edfde58258,1.0,True,2.8634178557482027e-19,2.2187581847002242e-17,3.137797916429366e-17,0.0,0.0,2.6990157809374383e-17,2.6800007590094307e-17,2.680000759009431e-05,1.0,2.905633460305899e-24,0.96875,0.0,0.0,0.0,2.220446049250313e-16
8010,dual_independent_relay,6_to_7,2a8d01a781b31650fdc459bf9f5bc7df65f1d1471438ca7206f495edfde58258,1.0,True,2.8634178557482027e-19,2.6990157809374383e-17,3.8169847224607354e-17,0.0,0.0,2.716115961740343e-17,3.011610959990776e-17,3.0116109599907757e-05,1.0,3.4666460925501155e-24,1.0,0.0,0.0,0.0,2.220446049250313e-16
8011,distributed,4_to_5,9767ec5bcbc3dbcec970af0a08702b1efb1c1e36e21da42a41a72fffc0025227,1.0,True,0.00018126600985367308,0.08723661102559851,0.08973301243579064,0.08251633561999075,1.0,0.1763489195288988,0.0771603533007765,0.43754366914696075,1.0,1.3450995653143396e-05,0.0,1.1410540818117863e-05,0.005855248414380892,0.988037109375,2.7755575615628914e-16
8011,distributed,5_to_6,9767ec5bcbc3dbcec970af0a08702b1efb1c1e36e21da42a41a72fffc0025227,1.0,True,0.00018126600985367308,0.1763489195288988,0.16861100897656578,0.17593131186475106,1.0,0.2796050490591153,0.12974692207476074,0.4640364060354614,0.0,2.0589008693071354e-05,0.0,1.64705795067959e-05,0.03172238435353955,0.99658203125,3.3306690738754696e-16
8011,distributed,6_to_7,9767ec5bcbc3dbcec970af0a08702b1efb1c1e36e21da42a41a72fffc0025227,1.0,True,0.00018126600985367308,0.2796050490591153,0.2875239494299017,0.2529114433046441,1.0,0.36625258755886514,0.20220056098331024,0.5520795425119338,0.0,2.7426481837477013e-05,0.0,1.9838562827944043e-05,0.037750338956811604,1.0,3.3306690738754696e-16
8011,central_shared,4_to_5,89f5bf7af1fc3627ba88c4eef7ed1ae478f11001b445650e3ade77b5064fface,1.0,True,0.0002791078404785006,0.06107201399773683,0.06298164119556171,0.056090832130702435,1.0,0.09238440880682494,0.049895104544330326,0.5400814400258878,0.96875,7.409178317422885e-07,0.0,1.8785707205117144e-08,1.1639087124012584e-06,0.98779296875,2.220446049250313e-16
8011,central_shared,5_to_6,89f5bf7af1fc3627ba88c4eef7ed1ae478f11001b445650e3ade77b5064fface,1.0,True,0.0002791078404785006,0.09238440880682494,0.10094050503512064,0.07719741578610025,1.0,0.11220386015522765,0.06142135777532348,0.5474085979782739,0.0,1.5609242846430178e-06,0.0,9.062300039588587e-07,5.5806041039280836e-06,0.995849609375,3.3306690738754696e-16
8011,central_shared,6_to_7,89f5bf7af1fc3627ba88c4eef7ed1ae478f11001b445650e3ade77b5064fface,1.0,True,0.0002791078404785006,0.11220386015522765,0.11597528232945234,0.10336074328672172,1.0,0.14211133666109674,0.06697334006987964,0.471273732577689,0.15625,2.409620667521573e-06,0.0,1.673831124700314e-06,0.00012659823638499335,1.0,2.3592239273284576e-16
8011,directional_relay,4_to_5,b23fe9a3dcf64dd4ae9adbd2e76f1efe863e12835c16d81a25ff5d03222dbb60,1.0,True,0.00011131306309276156,0.047390975084303844,0.046958624011846015,0.03794219894523611,1.0,0.08980231836763064,0.037406318934941604,0.4165406819655645,0.0,1.5043141537538942e-05,0.0,1.2237736552036049e-05,3.0313509544910327e-05,0.94384765625,2.220446049250313e-16
8011,directional_relay,5_to_6,b23fe9a3dcf64dd4ae9adbd2e76f1efe863e12835c16d81a25ff5d03222dbb60,1.0,True,0.00011131306309276156,0.08980231836763064,0.10074534419675463,0.06849623544937067,1.0,0.12836231651448698,0.06782566865042447,0.528392370067345,1.0,2.3851583817161254e-05,0.0,2.329279017880331e-06,0.00024545044641176533,0.9931640625,2.220446049250313e-16
8011,directional_relay,6_to_7,b23fe9a3dcf64dd4ae9adbd2e76f1efe863e12835c16d81a25ff5d03222dbb60,1.0,True,0.00011131306309276156,0.12836231651448698,0.15426459822919325,0.08991428947401359,1.0,0.1725920495267531,0.09552814421934476,0.553490989192623,1.0,4.383385215347773e-05,0.0,3.4674693977346265e-05,0.0016669064461111798,0.99462890625,3.3306690738754696e-16
8011,four_channel_crossbar,4_to_5,71eed192ed62e8df8b35857c058293078236f5405fd252f434be565d42380e47,1.0,True,0.00011002521525628577,0.04519269164267456,0.054481351342644244,0.03092832298913095,1.0,0.09329826756816749,0.03895565069780063,0.41753884303733785,1.0,1.176053635675994e-06,0.0,-2.777615452161872e-07,6.572529025629348e-07,1.0,2.498001805406602e-16
8011,four_channel_crossbar,5_to_6,71eed192ed62e8df8b35857c058293078236f5405fd252f434be565d42380e47,1.0,True,0.00011002521525628577,0.09329826756816749,0.10695537844244846,0.07136882959902174,1.0,0.13415314960718716,0.0632459069123946,0.4714455612677337,0.0,2.5408739287259686e-06,0.0,1.0513390203883012e-06,1.039296011178798e-05,1.0,2.7755575615628914e-16
8011,four_channel_crossbar,6_to_7,71eed192ed62e8df8b35857c058293078236f5405fd252f434be565d42380e47,1.0,True,0.00011002521525628577,0.13415314960718716,0.1366003109081456,0.12682338333567778,1.0,0.18741345995948705,0.08591577451242097,0.45842905056548916,0.0,3.3328445226157472e-06,0.0,1.5820346208136277e-06,0.0001899288436753988,1.0,3.3306690738754696e-16
8011,dual_independent_relay,4_to_5,c8b27e16af2a7400009e62cffd374d5f7ead1c03981ae06f4462ee38d77a91cd,1.0,True,3.962762771135224e-20,1.6930595330655374e-17,2.3943477535663425e-17,0.0,0.0,1.8270212967695568e-17,1.9191819544194514e-17,1.9191819544194515e-05,0.0,3.9975818776516973e-23,0.0,0.0,0.0,0.0,1.6653345369377348e-16
8011,dual_independent_relay,5_to_6,c8b27e16af2a7400009e62cffd374d5f7ead1c03981ae06f4462ee38d77a91cd,1.0,True,3.962762771135224e-20,1.8270212967695568e-17,2.5837982966359863e-17,0.0,0.0,2.3534398648615954e-17,2.4245766228009206e-17,2.4245766228009205e-05,1.0,8.518560133780145e-23,1.0,0.0,0.0,0.0,2.220446049250313e-16
8011,dual_independent_relay,6_to_7,c8b27e16af2a7400009e62cffd374d5f7ead1c03981ae06f4462ee38d77a91cd,1.0,True,3.962762771135224e-20,2.3534398648615954e-17,3.328266575116772e-17,0.0,0.0,2.5473272466970613e-17,2.6912720446638512e-17,2.6912720446638513e-05,0.0,6.73409029149127e-23,0.0,0.0,0.0,0.0,1.1102230246251565e-16
8012,distributed,4_to_5,ea0bf946f1b4e9b6da471c49c96bcf72bade8d0f99e1a949ce2c7140253df7c0,1.0,True,0.0001067240209064566,0.07811388052379759,0.07711028346117452,0.07644261983848089,1.0,0.1131837658400579,0.06071684327063739,0.5364448056661898,0.0,2.3178087875993727e-07,0.0,1.2619737401711044e-07,2.404972745309146e-05,0.969970703125,3.3306690738754696e-16
8012,distributed,5_to_6,ea0bf946f1b4e9b6da471c49c96bcf72bade8d0f99e1a949ce2c7140253df7c0,1.0,True,0.0001067240209064566,0.1131837658400579,0.10844164566201976,0.11097209443236225,1.0,0.15412475177701032,0.09662978078585205,0.6269582248908161,1.0,4.3707171558652686e-07,0.0,2.66352162459022e-07,1.735482176689902e-05,0.9951171875,3.3306690738754696e-16
8012,distributed,6_to_7,ea0bf946f1b4e9b6da471c49c96bcf72bade8d0f99e1a949ce2c7140253df7c0,1.0,True,0.0001067240209064566,0.15412475177701032,0.13848948027024358,0.1618167531373087,1.0,0.22598484978662725,0.10733185045009716,0.4749515312705205,1.0,7.473552005324962e-07,0.0,5.000363661153236e-07,0.0005436150928669961,0.9892578125,3.3306690738754696e-16
8012,central_shared,4_to_5,d7bf647533f8d1c58050a763c73599184d91d0985257f2174060be1e4d70439a,1.0,True,0.00011200727942901743,0.11872500358107811,0.10358539566251149,0.12600074736788672,1.0,0.19718806038061942,0.09859418565401648,0.5000007884032455,0.0,9.094643159854444e-07,0.0,3.5539954152016203e-07,7.12899373557196e-05,0.953857421875,2.220446049250313e-16
8012,central_shared,5_to_6,d7bf647533f8d1c58050a763c73599184d91d0985257f2174060be1e4d70439a,1.0,True,0.00011200727942901743,0.19718806038061942,0.17332004125798317,0.21333419753904814,1.0,0.2501753691015918,0.1479263864924889,0.5912907694458865,0.0,1.2776843310604617e-06,0.0,4.011055052151263e-07,0.0011464432236171303,0.9599609375,3.7470027081099033e-16
8012,central_shared,6_to_7,d7bf647533f8d1c58050a763c73599184d91d0985257f2174060be1e4d70439a,1.0,True,0.00011200727942901743,0.2501753691015918,0.21330524957433805,0.274074333734323,1.0,0.2835913813519292,0.16707586433712213,0.5891429546999721,0.0,4.484895327405909e-06,0.0,5.4473824165761885e-06,0.002014228652709642,0.97900390625,3.3306690738754696e-16
8012,directional_relay,4_to_5,a3298ca3fa144afa9af24888ebc3d29de9e5088daa27fd52bd2c37d0462cf76c,1.0,True,9.79949907326762e-05,0.05615386852893836,0.05512666026692696,0.04954669702702977,1.0,0.0937778708867553,0.04720519848245033,0.5033724698170489,1.0,3.87727993173003e-07,0.0,9.845205655141986e-08,1.0311655192472116e-06,0.98486328125,3.0531133177191805e-16
8012,directional_relay,5_to_6,a3298ca3fa144afa9af24888ebc3d29de9e5088daa27fd52bd2c37d0462cf76c,1.0,True,9.79949907326762e-05,0.0937778708867553,0.0896830797792039,0.08671109704895925,1.0,0.14472042800177898,0.07832690454881092,0.541229083069379,1.0,8.916890373519887e-07,0.0,6.516021927123104e-07,7.284575780836465e-06,0.99560546875,3.3306690738754696e-16
8012,directional_relay,6_to_7,a3298ca3fa144afa9af24888ebc3d29de9e5088daa27fd52bd2c37d0462cf76c,1.0,True,9.79949907326762e-05,0.14472042800177898,0.1633435451216994,0.11262554796670378,1.0,0.16674623777162761,0.10720848628105176,0.6429439591187802,1.0,4.203474782603092e-06,0.5625,5.343841495702969e-06,0.001242555285990453,1.0,3.3306690738754696e-16
8012,four_channel_crossbar,4_to_5,79675cec12f8d754f208a219fc9d8ec852040a25945cf24ce3ff1b540232e104,1.0,True,0.00010628729294541128,0.07054288596204981,0.051803377137495776,0.08216289791882939,1.0,0.13019185536017291,0.06346364660303483,0.48746249469649267,1.0,5.42903169560726e-07,0.0,2.2981387697640944e-07,7.090874085201695e-07,0.98779296875,3.0531133177191805e-16
8012,four_channel_crossbar,5_to_6,79675cec12f8d754f208a219fc9d8ec852040a25945cf24ce3ff1b540232e104,1.0,True,0.00010628729294541128,0.13019185536017291,0.09370295064829738,0.1544709043097756,1.0,0.16267608201002062,0.10627890169053106,0.6533160891100416,1.0,7.722134985523567e-07,0.0,2.1360133648046222e-07,2.215565709978054e-06,1.0,3.3306690738754696e-16
8012,four_channel_crossbar,6_to_7,79675cec12f8d754f208a219fc9d8ec852040a25945cf24ce3ff1b540232e104,1.0,True,0.00010628729294541128,0.16267608201002062,0.1431606109554096,0.17543486231955008,1.0,0.1870560187971495,0.12127918910408483,0.6483575876572274,1.0,1.3031180607848084e-06,0.0,3.5657904875267043e-07,5.028712702748695e-05,0.99853515625,3.3306690738754696e-16
8012,dual_independent_relay,4_to_5,83518d564dca0a8064659bdfc43e86d4feca73b470a4f70062ef7ec7c079d673,0.999755859375,True,2.328416151957995e-19,1.9157248697447367e-17,2.7092440925684372e-17,0.0,0.0,2.1587848574863245e-17,2.0479929281514247e-17,2.047992928151425e-05,0.90625,1.4389052795817182e-21,1.0,0.0,0.0,0.0,2.220446049250313e-16
8012,dual_independent_relay,5_to_6,83518d564dca0a8064659bdfc43e86d4feca73b470a4f70062ef7ec7c079d673,0.999755859375,True,2.328416151957995e-19,2.1587848574863245e-17,3.052982823702829e-17,0.0,0.0,2.2938756405079773e-17,1.7654443222740367e-17,1.7654443222740367e-05,0.0,4.664042030931495e-22,0.46875,0.0,0.0,0.0,2.220446049250313e-16
8012,dual_independent_relay,6_to_7,83518d564dca0a8064659bdfc43e86d4feca73b470a4f70062ef7ec7c079d673,0.999755859375,True,2.328416151957995e-19,2.2938756405079773e-17,3.244030041203652e-17,0.0,0.0,2.500126431387777e-17,1.4219126826215754e-17,1.4219126826215754e-05,0.0,4.46411463772522e-22,0.0,0.0,0.0,0.0,2.220446049250313e-16
8013,distributed,4_to_5,b2b1df162f01abde434516ca045357743e8c7e14350db2cec140e1513f5df0c5,1.0,True,0.00015125850776611017,0.06717999034670658,0.06261419954836982,0.06708610808369697,1.0,0.1256489809113074,0.05850678255263114,0.4656367455453512,0.0,5.671178556416178e-06,0.0,2.775245224517626e-07,0.0003482692176163432,0.9931640625,2.7755575615628914e-16
8013,distributed,5_to_6,b2b1df162f01abde434516ca045357743e8c7e14350db2cec140e1513f5df0c5,1.0,True,0.00015125850776611017,0.1256489809113074,0.12146600660785514,0.12351270114590183,1.0,0.1945686930146306,0.10443860234926373,0.5367698201139197,0.0,4.7629442064150896e-06,0.0,-2.9201824609408087e-06,0.00375810955313123,1.0,3.3306690738754696e-16
8013,distributed,6_to_7,b2b1df162f01abde434516ca045357743e8c7e14350db2cec140e1513f5df0c5,1.0,True,0.00015125850776611017,0.1945686930146306,0.16292495144627245,0.21173711152321675,1.0,0.2476064283436505,0.14311318668280731,0.5779865556809453,0.0,7.109755004969327e-06,0.0,-1.707766370454792e-06,0.008422348715890421,1.0,3.3306690738754696e-16
8013,central_shared,4_to_5,9821c58dffb7f14e9f8a6f8f673edcb3dcac7b0c2b2f361da5696fe515870127,1.0,True,0.00022973265484813187,0.07918277365969512,0.08607529202779635,0.06456769499600264,1.0,0.15215294701178206,0.07300326806822592,0.4798018671473571,1.0,3.223197021095274e-06,0.0,-3.6923278018561866e-06,0.000531778086771074,0.9677734375,2.7755575615628914e-16
8013,central_shared,5_to_6,9821c58dffb7f14e9f8a6f8f673edcb3dcac7b0c2b2f361da5696fe515870127,1.0,True,0.00022973265484813187,0.15215294701178206,0.1425717054757239,0.14461874360620458,1.0,0.19874071157492548,0.11397638722130521,0.5734929009667754,0.0,4.8088808069053985e-06,0.0,-4.917861967537836e-06,0.0018758185548024128,0.99658203125,2.498001805406602e-16
8013,central_shared,6_to_7,9821c58dffb7f14e9f8a6f8f673edcb3dcac7b0c2b2f361da5696fe515870127,1.0,True,0.00022973265484813187,0.19874071157492548,0.1902625157851143,0.19371661246213528,1.0,0.2535239702209,0.1534726663668159,0.6053576166115274,1.0,7.72211698277717e-06,0.0,-1.6629732152946674e-06,0.004027944852562146,0.99267578125,3.3306690738754696e-16
8013,directional_relay,4_to_5,6da41cc3bf351e3bd249bb709fdecc41b8b4f5273695c4c5ae52e78ef8b61c77,1.0,True,0.0001335245406074016,0.0309878232182099,0.021034373767245294,0.03670375865209278,1.0,0.09103821645686375,0.0322660806047909,0.3544234702805212,1.0,1.2431207106489083e-06,0.53125,2.4018267143989235e-08,7.265326876016308e-07,1.0,2.220446049250313e-16
8013,directional_relay,5_to_6,6da41cc3bf351e3bd249bb709fdecc41b8b4f5273695c4c5ae52e78ef8b61c77,1.0,True,0.0001335245406074016,0.09103821645686375,0.09970806128210369,0.07594751806762912,1.0,0.15901821431160695,0.07439455479080508,0.46783668847534604,1.0,2.2424077135640683e-06,0.0,1.3226481402775765e-06,4.170601820780907e-06,1.0,2.498001805406602e-16
8013,directional_relay,6_to_7,6da41cc3bf351e3bd249bb709fdecc41b8b4f5273695c4c5ae52e78ef8b61c77,1.0,True,0.0001335245406074016,0.15901821431160695,0.181886705735183,0.12463052848239348,1.0,0.22737175473512855,0.11106738865889779,0.48848366758783723,1.0,4.2732874937499e-06,0.0,3.7206969359913058e-06,2.1748448505179125e-05,1.0,2.7755575615628914e-16
8013,four_channel_crossbar,4_to_5,7c02a2df8ffcbd3e0964b4ecd2a52c0129ed72861f0696e03d31a5271977bb8c,1.0,True,0.00012232987580222364,0.03541561446187616,0.021029762817523875,0.043696920404419484,1.0,0.06687276690444947,0.026797765052174807,0.4007276249009487,0.0,1.1203550914999668e-08,0.0,-2.040599592326791e-09,3.039052846840838e-09,0.70166015625,2.7755575615628914e-16
8013,four_channel_crossbar,5_to_6,7c02a2df8ffcbd3e0964b4ecd2a52c0129ed72861f0696e03d31a5271977bb8c,1.0,True,0.00012232987580222364,0.06687276690444947,0.05757625884819645,0.06767668238256233,1.0,0.10031162919282868,0.042588145374963325,0.42455840581650095,0.0,2.1483143181719842e-08,0.09375,-1.0419708199301039e-09,1.9108633879164197e-08,0.84814453125,2.7755575615628914e-16
8013,four_channel_crossbar,6_to_7,7c02a2df8ffcbd3e0964b4ecd2a52c0129ed72861f0696e03d31a5271977bb8c,1.0,True,0.00012232987580222364,0.10031162919282868,0.0961473353093478,0.09877812565078317,1.0,0.14152357738313365,0.06353490939054178,0.44893515670918643,1.0,3.039750776704958e-08,0.0,-7.109986040914515e-09,4.5776633449958347e-08,0.95263671875,2.7755575615628914e-16
8013,dual_independent_relay,4_to_5,6062ea2fffa9b0d5cbd2c1d1d9f964d4bc9aa5a2a5179cffd173bda2da612558,1.0,True,7.565739052492314e-20,2.1280398803062334e-17,3.009502859999893e-17,0.0,0.0,2.6143079506605222e-17,2.5979167187283382e-17,2.5979167187283382e-05,1.0,2.4262079783232604e-24,0.34375,0.0,0.0,0.0,2.220446049250313e-16
8013,dual_independent_relay,5_to_6,6062ea2fffa9b0d5cbd2c1d1d9f964d4bc9aa5a2a5179cffd173bda2da612558,1.0,True,7.565739052492314e-20,2.6143079506605222e-17,3.697189760043923e-17,0.0,0.0,2.9351126314205555e-17,2.8647130436615775e-17,2.8647130436615775e-05,1.0,3.248137932691137e-24,0.09375,0.0,0.0,0.0,2.220446049250313e-16
8013,dual_independent_relay,6_to_7,6062ea2fffa9b0d5cbd2c1d1d9f964d4bc9aa5a2a5179cffd173bda2da612558,1.0,True,7.565739052492314e-20,2.9351126314205555e-17,4.150876090447533e-17,0.0,0.0,2.9883885784439526e-17,2.7374597311237775e-17,2.7374597311237776e-05,1.0,4.5835553311145555e-24,0.0,0.0,0.0,0.0,2.220446049250313e-16
8014,distributed,4_to_5,ae49b0b3af659510e9901f1811dca0c9a7fa61f1270ac06e9bd201e16c54532f,0.999755859375,True,0.00012512352051642623,0.11229832776102319,0.0993272356087122,0.11782158173118219,1.0,0.2121727241915326,0.08977213982766241,0.42310876748994036,0.0,1.4708387166618729e-05,0.0,1.260002702403963e-05,0.0010359770681856856,1.0,4.440892098500626e-16
8014,distributed,5_to_6,ae49b0b3af659510e9901f1811dca0c9a7fa61f1270ac06e9bd201e16c54532f,0.999755859375,True,0.00012512352051642623,0.2121727241915326,0.21423372737906016,0.18922992275202072,1.0,0.2989028718686605,0.18776370529042152,0.6281763173320258,1.0,9.08446096604322e-05,0.0,0.00011903497312564755,0.04695887222615731,1.0,3.3306690738754696e-16
8014,distributed,6_to_7,ae49b0b3af659510e9901f1811dca0c9a7fa61f1270ac06e9bd201e16c54532f,0.999755859375,True,0.00012512352051642623,0.2989028718686605,0.3312330058130019,0.2511938634117104,1.0,0.3648885882334256,0.2240773834921529,0.6140980856019719,1.0,0.0026381161513065175,0.0,0.007481566950977934,0.01848413214336807,1.0,3.885780586188048e-16
8014,central_shared,4_to_5,be7c7a4ca11047d5d552b7354b9a05d4aef36becf01bf08da9a6ae9148123018,1.0,True,0.00014631192793130034,0.05949780393622105,0.059306164862803115,0.05693571007154252,1.0,0.10481772692358202,0.05510386438088364,0.5257113085562086,1.0,6.834103968474306e-07,0.0,-7.031148291558867e-07,1.5984972737846614e-06,1.0,3.3306690738754696e-16
8014,central_shared,5_to_6,be7c7a4ca11047d5d552b7354b9a05d4aef36becf01bf08da9a6ae9148123018,1.0,True,0.00014631192793130034,0.10481772692358202,0.11290110566167155,0.08607140229881008,1.0,0.15647741257290645,0.07677002660651056,0.4906141106515397,1.0,1.337430451615468e-06,0.0,-9.259907729748258e-07,1.9227508750941173e-05,1.0,2.220446049250313e-16
8014,central_shared,6_to_7,be7c7a4ca11047d5d552b7354b9a05d4aef36becf01bf08da9a6ae9148123018,1.0,True,0.00014631192793130034,0.15647741257290645,0.17330795484275377,0.12716517473424294,1.0,0.1932078325747855,0.10862525435503947,0.5622197242598516,1.0,1.9914898835003844e-06,0.0,-7.27502160894474e-07,0.00017591460374964657,1.0,3.3306690738754696e-16
8014,directional_relay,4_to_5,7c26fa5e66b6bf747412d9a69643b81a3b4c42badaff8a114917a7827dfc85a5,1.0,True,0.00010383804849653538,0.06406215873404111,0.042606046196438166,0.07642770156208711,1.0,0.13210412587375736,0.04493942547090286,0.3401818465068102,0.0,5.128232850175602e-06,0.0,5.3822031685233905e-06,1.0593728048206329e-05,1.0,2.220446049250313e-16
8014,directional_relay,5_to_6,7c26fa5e66b6bf747412d9a69643b81a3b4c42badaff8a114917a7827dfc85a5,1.0,True,0.00010383804849653538,0.13210412587375736,0.08683592810850427,0.16213635717034497,1.0,0.22645325399297708,0.09888185668882335,0.43665460727665206,0.0,1.660752179798672e-05,0.0,2.1544408118793882e-05,0.00022343369193186425,1.0,2.7755575615628914e-16
8014,directional_relay,6_to_7,7c26fa5e66b6bf747412d9a69643b81a3b4c42badaff8a114917a7827dfc85a5,1.0,True,0.00010383804849653538,0.22645325399297708,0.19810197812373068,0.23336240511206818,1.0,0.25814156456667126,0.14667898149039027,0.5682114065459106,0.0,2.7651839149541012e-05,0.0,3.7873527717838274e-05,0.00038041583663106493,1.0,3.3306690738754696e-16
8014,four_channel_crossbar,4_to_5,1c3d185cb362b86db32d380578cb8bed26530abd80776c324714561822a51d44,0.999755859375,True,7.59685244222796e-05,0.04570857667137658,0.026571965520819918,0.05367038629620491,1.0,0.09234605594882708,0.03885084394098659,0.42070929334021057,1.0,8.011199705392043e-07,0.0,2.425608264993253e-07,5.189922878302603e-07,0.866943359375,2.220446049250313e-16
8014,four_channel_crossbar,5_to_6,1c3d185cb362b86db32d380578cb8bed26530abd80776c324714561822a51d44,0.999755859375,True,7.59685244222796e-05,0.09234605594882708,0.054571027607108906,0.11420223667669196,1.0,0.1491401596008191,0.07576970211407752,0.5080435901160278,1.0,1.0800935912687987e-06,0.0,4.5453064090507506e-07,0.0004631380853064201,0.947265625,3.3306690738754696e-16
8014,four_channel_crossbar,6_to_7,1c3d185cb362b86db32d380578cb8bed26530abd80776c324714561822a51d44,0.999755859375,True,7.59685244222796e-05,0.1491401596008191,0.13649263015824728,0.15141671910547846,1.0,0.21625174571423658,0.11311109192140593,0.5230528500374527,1.0,1.5572049724443678e-06,0.0,1.1888537908913517e-06,0.0013817003804050647,0.993896484375,3.3306690738754696e-16
8014,dual_independent_relay,4_to_5,6374dd89b90aab1fc8c53b773e6773f6b02d642764473f9f8ee27d90f727f882,1.0,True,4.0869208270238086e-20,1.625150492247359e-17,2.2983098670335266e-17,0.0,0.0,2.117563991362939e-17,2.1079485746335767e-17,2.107948574633577e-05,0.0,1.2296497050417713e-22,0.96875,0.0,0.0,0.0,2.220446049250313e-16
8014,dual_independent_relay,5_to_6,6374dd89b90aab1fc8c53b773e6773f6b02d642764473f9f8ee27d90f727f882,1.0,True,4.0869208270238086e-20,2.117563991362939e-17,2.9946877157783714e-17,0.0,0.0,2.4876230411865478e-17,2.45745384257619e-17,2.45745384257619e-05,0.0,9.37929068508786e-23,0.0,0.0,0.0,0.0,2.220446049250313e-16
8014,dual_independent_relay,6_to_7,6374dd89b90aab1fc8c53b773e6773f6b02d642764473f9f8ee27d90f727f882,1.0,True,4.0869208270238086e-20,2.4876230411865478e-17,3.5180302429178207e-17,0.0,0.0,2.898909780147442e-17,2.5617804533532725e-17,2.5617804533532726e-05,0.0,1.1072162206320632e-22,0.0,0.0,0.0,0.0,2.220446049250313e-16
8015,distributed,4_to_5,b055c040ca957f56ed2245b5e4cc46a7b0a12f1ab4073fee37153147b0cdd31f,1.0,True,0.00021283255891219554,0.08024288825920511,0.07371837323434716,0.08337947227023876,1.0,0.1368760264319448,0.07426159441082189,0.5425463928684765,0.0,2.9799703537659767e-06,0.0,-1.931600419749378e-06,2.2172947516564264e-05,0.9951171875,2.220446049250313e-16
8015,distributed,5_to_6,b055c040ca957f56ed2245b5e4cc46a7b0a12f1ab4073fee37153147b0cdd31f,1.0,True,0.00021283255891219554,0.1368760264319448,0.1345250626107644,0.13399316617868223,1.0,0.1908883030844481,0.11319316452171309,0.5929811449559429,0.0,4.127091822342763e-06,0.0,-4.998331059143602e-07,0.0001389138603509195,0.996826171875,2.220446049250313e-16
8015,distributed,6_to_7,b055c040ca957f56ed2245b5e4cc46a7b0a12f1ab4073fee37153147b0cdd31f,1.0,True,0.00021283255891219554,0.1908883030844481,0.1829030491338508,0.19109778745906886,1.0,0.2648426278087314,0.1459930324449035,0.5512444641288609,0.0,1.1207672527792677e-05,0.0,9.487373046656463e-06,0.0018346529517079765,1.0,2.671474153004283e-16
8015,central_shared,4_to_5,0d1f5ea6e45bcf1acab11af5f6fa9853c0f12728bc7e6eb35cc27c9e0290d76a,1.0,True,0.0002341078891522335,0.09057970857668388,0.09067528057110757,0.08597676460829173,1.0,0.18293534008456916,0.08493493554892478,0.46428937956799504,1.0,4.5242197787025716e-07,0.0,9.152435871490803e-08,1.2824248886051847e-05,1.0,2.7755575615628914e-16
8015,central_shared,5_to_6,0d1f5ea6e45bcf1acab11af5f6fa9853c0f12728bc7e6eb35cc27c9e0290d76a,1.0,True,0.0002341078891522335,0.18293534008456916,0.1864695208844293,0.16917353331445184,1.0,0.2621861539115945,0.1523498929385449,0.581075280542523,1.0,5.989585267815708e-07,0.0,2.227937162258468e-07,3.0788210114609336e-05,1.0,3.3306690738754696e-16
8015,central_shared,6_to_7,0d1f5ea6e45bcf1acab11af5f6fa9853c0f12728bc7e6eb35cc27c9e0290d76a,1.0,True,0.0002341078891522335,0.2621861539115945,0.2850263762171947,0.21838455161532314,1.0,0.2787567029869984,0.19374750922028028,0.69504161566051,1.0,8.891016212398145e-06,0.0,1.2644284223196427e-05,0.0015821062094738946,1.0,2.7755575615628914e-16
8015,directional_relay,4_to_5,5feac09b9d29ab023d486f6eee2e245f988d2be5185001ccb7f0e7eaf6194343,1.0,True,0.00013589026964420467,0.08018214098663384,0.08941189663559757,0.06219668275800961,1.0,0.1281500851041173,0.09067176534299246,0.707543543723166,1.0,7.491217341364138e-06,0.0,7.168279378087058e-06,0.03563336201163472,0.98974609375,2.7755575615628914e-16
8015,directional_relay,5_to_6,5feac09b9d29ab023d486f6eee2e245f988d2be5185001ccb7f0e7eaf6194343,1.0,True,0.00013589026964420467,0.1281500851041173,0.1338957907988077,0.11386643739199552,1.0,0.19392559664249043,0.11456609187434409,0.5907734402155856,1.0,7.599466387952457e-06,0.0,6.218835545483289e-06,0.013193038109478293,1.0,3.885780586188048e-16
8015,directional_relay,6_to_7,5feac09b9d29ab023d486f6eee2e245f988d2be5185001ccb7f0e7eaf6194343,1.0,True,0.00013589026964420467,0.19392559664249043,0.19817159030394715,0.1796573981582365,1.0,0.2803893611184173,0.14713518236997977,0.5247530854347927,1.0,3.845885874886525e-05,0.0,5.191571987500887e-05,0.012922277170716714,1.0,3.3306690738754696e-16
8015,four_channel_crossbar,4_to_5,b683f6caf5b6ed1671172e190bbf7c9255026f6c7d634e4c387638ff677395ae,1.0,True,0.00021027958377020927,0.0638738688761546,0.054146848309120255,0.0667005301926265,1.0,0.10891666114472828,0.04424122208514453,0.4061933373660515,0.0,8.102146003427615e-08,0.0,-1.2574836787010001e-08,1.889392192458434e-07,0.965087890625,3.3306690738754696e-16
8015,four_channel_crossbar,5_to_6,b683f6caf5b6ed1671172e190bbf7c9255026f6c7d634e4c387638ff677395ae,1.0,True,0.00021027958377020927,0.10891666114472828,0.0991356188778797,0.11177911526333889,1.0,0.13731615199742778,0.07030051679070792,0.5119610167347597,0.0,9.823811338757167e-08,0.0,-2.751472695498566e-08,2.8762150165280514e-07,0.99365234375,3.3306690738754696e-16
8015,four_channel_crossbar,6_to_7,b683f6caf5b6ed1671172e190bbf7c9255026f6c7d634e4c387638ff677395ae,1.0,True,0.00021027958377020927,0.13731615199742778,0.13051118640013362,0.13961893688519292,1.0,0.1693038123120259,0.09390898300368111,0.5546773089232475,1.0,1.4787514663595071e-07,0.0,2.774736458216028e-08,2.2530354692650973e-06,1.0,3.3306690738754696e-16
8015,dual_independent_relay,4_to_5,e53ffc20a73d610122e9fdfb6ba9f9f0356d7148afd2706c8c03a289e6c2c683,0.99951171875,True,1.9726439776767967e-20,1.9027283434147548e-17,2.690864228768838e-17,0.0,0.0,2.354479481077517e-17,2.2250529501832565e-17,2.2250529501832566e-05,1.0,2.6549481900302254e-24,0.0,0.0,0.0,0.0,2.220446049250313e-16
8015,dual_independent_relay,5_to_6,e53ffc20a73d610122e9fdfb6ba9f9f0356d7148afd2706c8c03a289e6c2c683,0.99951171875,True,1.9726439776767967e-20,2.354479481077517e-17,3.329736814468992e-17,0.0,0.0,2.6895839162859782e-17,2.130607735064195e-17,2.130607735064195e-05,0.0,5.7846097329025695e-24,0.03125,0.0,0.0,0.0,1.1102230246251565e-16
8015,dual_independent_relay,6_to_7,e53ffc20a73d610122e9fdfb6ba9f9f0356d7148afd2706c8c03a289e6c2c683,0.99951171875,True,1.9726439776767967e-20,2.6895839162859782e-17,3.803646051552173e-17,0.0,0.0,2.917223850483842e-17,2.2290034475736802e-17,2.22900344757368e-05,0.28125,1.3097834158989885e-23,1.0,0.0,0.0,0.0,2.220446049250313e-16
8016,distributed,4_to_5,4618b0d2b2691500d83f624a40b23ad101b40e1f6f1e8b05133ee60ad62f63a1,1.0,True,0.0002269715602710799,0.08177828841091286,0.0777416344770554,0.0807792229116672,1.0,0.1629911998793419,0.07912702782904296,0.4854680982017349,1.0,1.2430905582827383e-05,0.0,1.6580609514253817e-05,0.0006144397089211709,0.98779296875,4.440892098500626e-16
8016,distributed,5_to_6,4618b0d2b2691500d83f624a40b23ad101b40e1f6f1e8b05133ee60ad62f63a1,1.0,True,0.0002269715602710799,0.1629911998793419,0.17196296259574667,0.1477406390165328,1.0,0.2740843884906955,0.13305639312641201,0.4854577594116746,0.0,5.111164469907238e-06,0.0,5.10703356864306e-06,0.0009339172379994841,0.996826171875,4.163336342344337e-16
8016,distributed,6_to_7,4618b0d2b2691500d83f624a40b23ad101b40e1f6f1e8b05133ee60ad62f63a1,1.0,True,0.0002269715602710799,0.2740843884906955,0.31239983517215875,0.21819986651953066,1.0,0.3525708244958189,0.2023547162612727,0.5739406161886558,0.0,0.00011985446085556181,0.0,0.00018778283251604734,0.003400006703501025,0.998291015625,3.3306690738754696e-16
8016,central_shared,4_to_5,de26598fe1ea64da7e05cb1932a9637e3709ff368ab7bf0e156bce640629eb86,0.999755859375,True,0.0002014144609253553,0.05297104632330892,0.05265765848414996,0.04813206469100001,1.0,0.07779705582633675,0.04280750217339627,0.5502457865366234,1.0,5.174377391243735e-07,0.0,-4.1611936917997585e-07,4.6594290790247926e-07,0.98486328125,2.220446049250313e-16
8016,central_shared,5_to_6,de26598fe1ea64da7e05cb1932a9637e3709ff368ab7bf0e156bce640629eb86,0.999755859375,True,0.0002014144609253553,0.07779705582633675,0.07482642200818723,0.07474827746813101,1.0,0.10086996960211492,0.05542102594529516,0.5494303821435191,1.0,4.802446322749582e-07,0.0,-2.0900134312820514e-07,5.0700857566077855e-06,0.9951171875,2.3592239273284576e-16
8016,central_shared,6_to_7,de26598fe1ea64da7e05cb1932a9637e3709ff368ab7bf0e156bce640629eb86,0.999755859375,True,0.0002014144609253553,0.10086996960211492,0.10075983379345776,0.09734601674147048,1.0,0.1240135935157459,0.0605283394925026,0.48807826445910846,0.0,9.347773488186654e-07,0.0,4.433689560918996e-07,1.7348330662253696e-05,1.0,2.7755575615628914e-16
8016,directional_relay,4_to_5,5d73bef13476069753d61b4c979641a892f9277f5654505cd853665ece8764c6,1.0,True,0.0001772159326763863,0.04390394217886952,0.017373664316180065,0.053816059785647574,1.0,0.08015172913607917,0.03334105209882396,0.41597420864393997,1.0,5.7214128482152667e-08,0.0,-4.140507023486059e-08,2.231806194434148e-08,0.87158203125,3.3306690738754696e-16
8016,directional_relay,5_to_6,5d73bef13476069753d61b4c979641a892f9277f5654505cd853665ece8764c6,1.0,True,0.0001772159326763863,0.08015172913607917,0.05744937830265953,0.08867990464186777,1.0,0.12669992577110784,0.054554163986231016,0.43057771071458145,0.0,9.968758556416757e-08,0.0,7.185223384736588e-09,2.7732312917976065e-06,0.950439453125,3.3306690738754696e-16
8016,directional_relay,6_to_7,5d73bef13476069753d61b4c979641a892f9277f5654505cd853665ece8764c6,1.0,True,0.0001772159326763863,0.12669992577110784,0.09921138319042035,0.1376920214327083,1.0,0.14973366387325643,0.0907914455626043,0.6063529283532101,1.0,8.869972927320918e-07,0.875,1.1549831047561549e-06,2.358229771503985e-06,1.0,2.636779683484747e-16
8016,four_channel_crossbar,4_to_5,d1a1b82d31569a021b749ca532b645ecca11fde647851d7d4d413f1a4c003ede,1.0,True,0.00011429590158642191,0.02612998529360941,0.023890781615375375,0.025040505429210998,1.0,0.05243219871006423,0.021076900680665745,0.4019839182639519,1.0,5.693978293858322e-08,0.59375,5.1643298118497584e-08,1.0172595561810942e-07,0.981689453125,2.220446049250313e-16
8016,four_channel_crossbar,5_to_6,d1a1b82d31569a021b749ca532b645ecca11fde647851d7d4d413f1a4c003ede,1.0,True,0.00011429590158642191,0.05243219871006423,0.04537162543437134,0.05459686493791088,1.0,0.08931696411292732,0.03403987958380256,0.38111326243427235,1.0,9.76605386916334e-08,0.0,4.555764097050082e-08,2.839268879170116e-07,0.9951171875,2.220446049250313e-16
8016,four_channel_crossbar,6_to_7,d1a1b82d31569a021b749ca532b645ecca11fde647851d7d4d413f1a4c003ede,1.0,True,0.00011429590158642191,0.08931696411292732,0.07194663515682871,0.10039091043009143,1.0,0.10476866947360104,0.049053938850448946,0.4682119100768885,0.0,2.0128854033771743e-07,0.0,8.67301797134902e-08,4.815852408861667e-07,0.997314453125,3.3306690738754696e-16
8016,dual_independent_relay,4_to_5,e82e7c2d59fdbfb483460ea5d92e1154bda5fefb768cbc0dcccbbe3b78049846,1.0,True,3.509192099591867e-20,1.6338277495500522e-17,2.3105813619951962e-17,0.0,0.0,2.1871400539632763e-17,1.975078833241817e-17,1.975078833241817e-05,0.0,1.252672410715884e-23,0.0,0.0,0.0,0.0,2.220446049250313e-16
8016,dual_independent_relay,5_to_6,e82e7c2d59fdbfb483460ea5d92e1154bda5fefb768cbc0dcccbbe3b78049846,1.0,True,3.509192099591867e-20,2.1871400539632763e-17,3.093083127124288e-17,0.0,0.0,2.6040200978645205e-17,2.1887272642640474e-17,2.1887272642640475e-05,0.0,1.4851553992830336e-23,0.0,0.0,0.0,0.0,2.220446049250313e-16
8016,dual_independent_relay,6_to_7,e82e7c2d59fdbfb483460ea5d92e1154bda5fefb768cbc0dcccbbe3b78049846,1.0,True,3.509192099591867e-20,2.6040200978645205e-17,3.6826405390921185e-17,0.0,0.0,2.854707600397102e-17,2.41996946440036e-17,2.41996946440036e-05,0.0,1.5679811663472627e-23,0.0,0.0,0.0,0.0,2.220446049250313e-16
8017,distributed,4_to_5,a47224c5bc99b9ae4e05952d4b215d6a5832e3167712b505a1d30fbae6e6349c,1.0,True,0.00011721672660631304,0.09368558903352713,0.08852953161983126,0.0934453183488015,1.0,0.19163933653320298,0.07811965819169266,0.40763895140159717,0.25,1.2667198240592025e-05,0.0,4.523880451768896e-06,0.0015014912227495,0.998779296875,3.3306690738754696e-16
8017,distributed,5_to_6,a47224c5bc99b9ae4e05952d4b215d6a5832e3167712b505a1d30fbae6e6349c,1.0,True,0.00011721672660631304,0.19163933653320298,0.1952418695466201,0.18215630845280706,1.0,0.29208436667871973,0.16816375214298196,0.5757369148344555,1.0,1.3041143332093842e-05,0.0,2.62894984791632e-07,0.002576059893150053,1.0,4.440892098500626e-16
8017,distributed,6_to_7,a47224c5bc99b9ae4e05952d4b215d6a5832e3167712b505a1d30fbae6e6349c,1.0,True,0.00011721672660631304,0.29208436667871973,0.2981159597296055,0.2723406950934638,1.0,0.34586275077592576,0.20368919460930834,0.5889307077803025,0.0,9.927946785050219e-05,0.0,0.00013030784355716265,0.009650927140962435,1.0,3.3306690738754696e-16
8017,central_shared,4_to_5,dd66aa78c680766fa9559675552d946e80e1194c85e1f9106e16189758fe94f1,1.0,True,0.000142524619652107,0.10529469618051829,0.11054630938330659,0.08625110183080499,1.0,0.1696403517816918,0.0863931729254449,0.5092725405133756,0.90625,2.2644975947775814e-06,0.0,-5.14000248281556e-07,3.49008233853803e-05,0.997314453125,3.3306690738754696e-16
8017,central_shared,5_to_6,dd66aa78c680766fa9559675552d946e80e1194c85e1f9106e16189758fe94f1,1.0,True,0.000142524619652107,0.1696403517816918,0.17348395828092453,0.1456947415387922,1.0,0.2116632056306928,0.12568313789778784,0.593788313482685,0.84375,6.8799578460422085e-06,0.0,7.034980286318471e-06,0.001321096798897809,0.99609375,3.3306690738754696e-16
8017,central_shared,6_to_7,dd66aa78c680766fa9559675552d946e80e1194c85e1f9106e16189758fe94f1,1.0,True,0.000142524619652107,0.2116632056306928,0.23833456826770155,0.16204528778508206,1.0,0.24151474310637877,0.1467867858036183,0.6077756741291933,0.4375,1.5924524586782456e-05,0.0,2.0254969534082666e-05,0.002532031513779539,0.988525390625,3.3306690738754696e-16
8017,directional_relay,4_to_5,c84b271d8032f4f8a730056e6b55dd6273a01412a64b3e066b9830da0b450bc2,1.0,True,0.00011829144145394706,0.0389356252230869,0.03287323887300665,0.036716206786760464,1.0,0.0899221126319272,0.03368501832411387,0.37460216778930383,1.0,5.983225820028066e-08,1.0,6.226885308514794e-08,7.481321210568078e-08,0.7919921875,2.7755575615628914e-16
8017,directional_relay,5_to_6,c84b271d8032f4f8a730056e6b55dd6273a01412a64b3e066b9830da0b450bc2,1.0,True,0.00011829144145394706,0.0899221126319272,0.07520293692640169,0.08618347156933194,1.0,0.11938362998789842,0.07252251017982392,0.6074744936736747,0.8125,1.29209878716349e-07,0.0,1.218985191352382e-07,5.907546516920572e-07,0.873046875,2.220446049250313e-16
8017,directional_relay,6_to_7,c84b271d8032f4f8a730056e6b55dd6273a01412a64b3e066b9830da0b450bc2,1.0,True,0.00011829144145394706,0.11938362998789842,0.08872636683014351,0.139492057068054,1.0,0.15684740860649726,0.0838334502835451,0.5344905027654525,1.0,8.524063756084382e-08,0.0,4.126468087458899e-08,5.703055365531455e-07,0.95361328125,3.3306690738754696e-16
8017,four_channel_crossbar,4_to_5,8ab33f3bc5ae653a81e197f30b6080b6f57652fbc0a7b25804aaed89f60bd782,1.0,True,0.00011627918726579548,0.029432618225379285,0.02303141595938961,0.030199137555912404,1.0,0.06913425341228463,0.02702189527941746,0.39086117149875627,1.0,3.0657590679354144e-08,0.0,-4.10210844941092e-09,6.36179109091199e-08,0.877197265625,2.7755575615628914e-16
8017,four_channel_crossbar,5_to_6,8ab33f3bc5ae653a81e197f30b6080b6f57652fbc0a7b25804aaed89f60bd782,1.0,True,0.00011627918726579548,0.06913425341228463,0.05296528222869048,0.0785635859335618,1.0,0.12838412794749546,0.048978802128253035,0.38150200426865555,1.0,7.883715059726586e-08,0.0,1.7516369765235212e-08,1.4660535754509482e-07,0.982177734375,3.3306690738754696e-16
8017,four_channel_crossbar,6_to_7,8ab33f3bc5ae653a81e197f30b6080b6f57652fbc0a7b25804aaed89f60bd782,1.0,True,0.00011627918726579548,0.12838412794749546,0.10341996244108213,0.14508187336230446,1.0,0.18381881926442686,0.08214707696601722,0.4468915494873628,1.0,2.096653080800711e-07,0.0,2.046464586662634e-07,2.654388647128891e-06,0.997802734375,2.220446049250313e-16
8017,dual_independent_relay,4_to_5,58162ee0e1be75764bce4e15a974d008a73b4e55907f90c3be9bfd7149445004,1.0,True,0.0,1.886025859240373e-17,2.667243349124106e-17,0.0,0.0,2.3738323032156136e-17,2.5791663095166472e-17,2.5791663095166474e-05,1.0,8.911847895074075e-24,1.0,0.0,0.0,0.0,2.220446049250313e-16
8017,dual_independent_relay,5_to_6,58162ee0e1be75764bce4e15a974d008a73b4e55907f90c3be9bfd7149445004,1.0,True,0.0,2.3738323032156136e-17,3.357105838006882e-17,0.0,0.0,2.7306204596234e-17,2.6122859145608194e-17,2.6122859145608194e-05,0.25,9.877161207574923e-24,0.65625,0.0,0.0,0.0,2.220446049250313e-16
8017,dual_independent_relay,6_to_7,58162ee0e1be75764bce4e15a974d008a73b4e55907f90c3be9bfd7149445004,1.0,True,0.0,2.7306204596234e-17,3.861680487692866e-17,0.0,0.0,2.847840987495077e-17,2.656284176514823e-17,2.656284176514823e-05,0.0,8.70848586459534e-24,0.0,0.0,0.0,0.0,2.220446049250313e-16
8018,distributed,4_to_5,f413e819064e1faa6b2b6a1167415813422458256c5021f2b8739cf8d541ab58,1.0,True,0.00016682120136179323,0.07843628079655005,0.08390973669660409,0.06840815527639127,1.0,0.13971548656072297,0.0648776995645132,0.46435582168850076,0.0625,7.785164516187151e-07,0.0,-2.018558274462683e-07,3.731307287227221e-06,0.995849609375,3.3306690738754696e-16
8018,distributed,5_to_6,f413e819064e1faa6b2b6a1167415813422458256c5021f2b8739cf8d541ab58,1.0,True,0.00016682120136179323,0.13971548656072297,0.1546760113019304,0.1146022470670174,1.0,0.19007452640511985,0.0933599304191052,0.491175394119464,0.0,1.8832169335569751e-06,0.0,9.585077810136563e-07,0.0006609133630238945,1.0,2.7755575615628914e-16
8018,distributed,6_to_7,f413e819064e1faa6b2b6a1167415813422458256c5021f2b8739cf8d541ab58,1.0,True,0.00016682120136179323,0.19007452640511985,0.20959087227044865,0.16028613620190735,1.0,0.2270219886204497,0.1263343976320344,0.5564852920183365,0.0,1.808312596123543e-06,0.0,-3.5056703925250566e-07,1.1755799521246828e-05,1.0,3.3306690738754696e-16
8018,central_shared,4_to_5,768b65a82a9f8cf56b1048abbdef336d719c71c175f4f4c6037855d0a8fd56cc,0.999755859375,True,0.00014227266495647347,0.06967760324727973,0.05891545483943044,0.07640726085830007,1.0,0.11449748872244904,0.05623527435092093,0.4911485393993198,1.0,2.628128351453194e-06,0.0,2.8337245111785166e-06,2.4093579480127573e-05,1.0,2.220446049250313e-16
8018,central_shared,5_to_6,768b65a82a9f8cf56b1048abbdef336d719c71c175f4f4c6037855d0a8fd56cc,0.999755859375,True,0.00014227266495647347,0.11449748872244904,0.10484034370819033,0.11906472525454913,1.0,0.17238454853719853,0.07029607158062415,0.4077863832758485,0.0,1.1534567991823376e-05,0.0,1.5832199706233718e-05,0.0003736326531794011,1.0,2.498001805406602e-16
8018,central_shared,6_to_7,768b65a82a9f8cf56b1048abbdef336d719c71c175f4f4c6037855d0a8fd56cc,0.999755859375,True,0.00014227266495647347,0.17238454853719853,0.1561941554155926,0.17859360649784622,1.0,0.19925883912171594,0.1039949915043332,0.5219090503724583,0.0,5.853443747114713e-05,0.09375,8.747255595967204e-05,0.0008476206768458987,1.0,2.220446049250313e-16
8018,directional_relay,4_to_5,0599868dd36b2923a6f4031f787e645187167fda80aa2963a34a94d740fe9f30,1.0,True,9.302582498953532e-05,0.03564467551689034,0.028866118602684808,0.035502797996954695,1.0,0.07607313344057678,0.02897133209561468,0.3808352671346861,1.0,4.280618479520586e-09,0.0,-3.4335980901336763e-10,1.7356848905826185e-09,0.53125,2.220446049250313e-16
8018,directional_relay,5_to_6,0599868dd36b2923a6f4031f787e645187167fda80aa2963a34a94d740fe9f30,1.0,True,9.302582498953532e-05,0.07607313344057678,0.06664545235240157,0.07617245298244646,1.0,0.12182138561533193,0.04702923658236331,0.38605074424998503,0.0,8.052395828367756e-09,0.0,-3.946365997876798e-09,1.0192280148672387e-08,0.776611328125,3.885780586188048e-16
8018,directional_relay,6_to_7,0599868dd36b2923a6f4031f787e645187167fda80aa2963a34a94d740fe9f30,1.0,True,9.302582498953532e-05,0.12182138561533193,0.10762209096562164,0.1256632965159246,1.0,0.15202627029727053,0.07724905699717473,0.5081296597365886,1.0,1.7741032873079065e-08,0.0,-8.215079521390886e-09,9.223119025619494e-08,0.94873046875,3.3306690738754696e-16
8018,four_channel_crossbar,4_to_5,c25e084167d0d7003fbcf84aca0ef66b1ab23a070197f71414e712644102b5dd,1.0,True,0.0001585484347896716,0.05131629489657145,0.053634065829957125,0.04189278326232469,1.0,0.10254105193322552,0.03726062668458456,0.36337277589904765,0.0,2.5562342058355197e-08,0.0,1.30456507810166e-08,3.4026009965946125e-08,0.93603515625,2.498001805406602e-16
8018,four_channel_crossbar,5_to_6,c25e084167d0d7003fbcf84aca0ef66b1ab23a070197f71414e712644102b5dd,1.0,True,0.0001585484347896716,0.10254105193322552,0.09443301940307813,0.09631744841503576,1.0,0.10607310873768068,0.050457254999176214,0.47568375811401226,0.0,3.953213166010632e-08,0.0,1.0191674988152658e-08,1.2584406150772233e-07,0.990478515625,2.220446049250313e-16
8018,four_channel_crossbar,6_to_7,c25e084167d0d7003fbcf84aca0ef66b1ab23a070197f71414e712644102b5dd,1.0,True,0.0001585484347896716,0.10607310873768068,0.09842111523098941,0.10778659141908442,1.0,0.11569025748536327,0.05891867744160316,0.5092795082512228,0.90625,7.620545374344235e-08,0.0,5.427279995850784e-08,8.564644325231684e-07,0.99365234375,2.7755575615628914e-16
8018,dual_independent_relay,4_to_5,ac23485e69b81882157fb1370e8c381f11078ae9d27959e95b1101d8b701ef6b,1.0,True,0.0,2.0326895116225457e-17,2.874657075430147e-17,0.0,0.0,2.4936206654543323e-17,2.494552165418583e-17,2.494552165418583e-05,1.0,8.621381879753785e-21,0.0,0.0,5.421010862427522e-20,0.0,2.220446049250313e-16
8018,dual_independent_relay,5_to_6,ac23485e69b81882157fb1370e8c381f11078ae9d27959e95b1101d8b701ef6b,1.0,True,0.0,2.4936206654543323e-17,3.5265121644993386e-17,0.0,0.0,2.623187042557907e-17,3.2975730722425024e-17,3.297573072242503e-05,0.03125,1.1061517472934132e-20,0.0,0.0,1.6263032587282567e-19,0.0,2.220446049250313e-16
8018,dual_independent_relay,6_to_7,ac23485e69b81882157fb1370e8c381f11078ae9d27959e95b1101d8b701ef6b,1.0,True,0.0,2.623187042557907e-17,3.7097466922267616e-17,0.0,0.0,3.0855575939639975e-17,3.226423893576744e-17,3.226423893576744e-05,0.0,6.350992358002421e-21,0.0,0.0,1.0842021724855044e-19,0.0,2.220446049250313e-16
8019,distributed,4_to_5,3e79a9e8ccc4f732575e8933fb3332396247a971d8a0a6d746609e34ed116190,1.0,True,0.0003331524761775058,0.09568724315794959,0.10558013564196667,0.07740167441454582,1.0,0.17410658046040212,0.09080310728836988,0.5215374803654917,1.0,8.586514501443183e-06,0.0,5.302556255821401e-06,0.0001674298719160266,1.0,3.8163916471489756e-16
8019,distributed,5_to_6,3e79a9e8ccc4f732575e8933fb3332396247a971d8a0a6d746609e34ed116190,1.0,True,0.0003331524761775058,0.17410658046040212,0.17626577074746988,0.1620926112326861,1.0,0.2770705418392197,0.1382236837069837,0.49887542280547836,0.0,5.457361920712164e-05,0.0,7.244532036494669e-05,0.0007741088352203333,1.0,3.3306690738754696e-16
8019,distributed,6_to_7,3e79a9e8ccc4f732575e8933fb3332396247a971d8a0a6d746609e34ed116190,1.0,True,0.0003331524761775058,0.2770705418392197,0.2650403567993671,0.26751729390376733,1.0,0.33536137037227226,0.1933879481617879,0.5766554089014936,0.0,6.084462768401512e-05,0.0,7.943269578238367e-05,0.002992868913654106,1.0,3.3306690738754696e-16
8019,central_shared,4_to_5,f2656e93e86e5ef3fee2abb10c31fe56051d290f911dfb95bd28c52d1b931a38,1.0,True,0.0001664544045960106,0.08292705279698351,0.07191874414332389,0.08387947533343615,1.0,0.138627703425862,0.06585031333670871,0.4750155395304908,0.0,1.320276749045543e-07,0.0,-7.813006803789706e-09,8.862572313682863e-07,0.9873046875,2.220446049250313e-16
8019,central_shared,5_to_6,f2656e93e86e5ef3fee2abb10c31fe56051d290f911dfb95bd28c52d1b931a38,1.0,True,0.0001664544045960106,0.138627703425862,0.11425228275851651,0.1507444890973868,1.0,0.18906576896848026,0.09653641605767081,0.5105970085667104,0.0,1.9341684406735983e-07,0.0,-8.995564175780566e-08,2.4802609506320685e-06,0.9970703125,3.3306690738754696e-16
8019,central_shared,6_to_7,f2656e93e86e5ef3fee2abb10c31fe56051d290f911dfb95bd28c52d1b931a38,1.0,True,0.0001664544045960106,0.18906576896848026,0.15011875695389573,0.2092322946358213,1.0,0.20727744941385828,0.12638692512246755,0.6097475894259894,0.0,3.3624611308559945e-07,0.0,6.882853579992939e-09,9.962308606640475e-06,1.0,2.220446049250313e-16
8019,directional_relay,4_to_5,429e407ab21123c797eb7faa028c2e2cf9effaa0af83fda9a2d59c0b62b8c8dc,1.0,True,0.00014573484121284706,0.032729654531904344,0.014691530259688775,0.04277452367765398,1.0,0.0636711665518133,0.024639690347014624,0.38698349160861895,0.0,1.4623009596721782e-07,0.0,1.0662337176047733e-07,2.743755369059827e-07,0.944091796875,2.220446049250313e-16
8019,directional_relay,5_to_6,429e407ab21123c797eb7faa028c2e2cf9effaa0af83fda9a2d59c0b62b8c8dc,1.0,True,0.00014573484121284706,0.0636711665518133,0.04149729027706631,0.07269215913494839,1.0,0.10615998375796568,0.04249519974837,0.40029395487903313,1.0,4.808739668653366e-06,1.0,6.972830327167693e-06,1.2335536462998234e-05,0.97509765625,3.3306690738754696e-16
8019,directional_relay,6_to_7,429e407ab21123c797eb7faa028c2e2cf9effaa0af83fda9a2d59c0b62b8c8dc,1.0,True,0.00014573484121284706,0.10615998375796568,0.09656396355545707,0.10415205355294246,1.0,0.11536974674945868,0.06477537897126452,0.5614589681984237,1.0,6.010550730602862e-07,0.0,5.595409364148909e-07,1.6186633816970212e-06,0.99853515625,3.3306690738754696e-16
8019,four_channel_crossbar,4_to_5,c969d5a419efd3bc069a8771c6ad62f8b7c6ebf00043fa5621201cdf2ecd3d3d,0.998291015625,True,0.00012753543217360289,0.04966380353460446,0.03069312279336297,0.061609357104636345,1.0,0.1027863566145375,0.039009596921873446,0.3795211563745237,1.0,3.9650108798261424e-05,0.0,3.519405222432063e-05,0.001189846769491203,1.0,3.885780586188048e-16
8019,four_channel_crossbar,5_to_6,c969d5a419efd3bc069a8771c6ad62f8b7c6ebf00043fa5621201cdf2ecd3d3d,0.998291015625,True,0.00012753543217360289,0.1027863566145375,0.045951241359832994,0.13693459901374083,1.0,0.15356103083492917,0.07635401859695344,0.4972226233557288,1.0,3.702570888603746e-05,0.0,-3.6217022983419295e-05,0.0015110439131871712,0.9990234375,3.3306690738754696e-16
8019,four_channel_crossbar,6_to_7,c969d5a419efd3bc069a8771c6ad62f8b7c6ebf00043fa5621201cdf2ecd3d3d,0.998291015625,True,0.00012753543217360289,0.15356103083492917,0.09805529066298585,0.18751376502120654,1.0,0.2048637101783423,0.09531413075164774,0.4652562948736644,1.0,0.00010142435593403126,0.0,5.0989081778702715e-05,0.0021434185642606445,1.0,3.3306690738754696e-16
8019,dual_independent_relay,4_to_5,d0aaa50e14d8d9a0e49ce2aef8377686a30405e9749a11ef00f112557b75d261,0.999267578125,True,5.563053521289944e-20,2.083454743329744e-17,2.946449954607479e-17,0.0,0.0,2.727237724661529e-17,2.755408105728899e-17,2.755408105728899e-05,0.0,3.3405460457618126e-23,0.5,0.0,0.0,0.0,2.220446049250313e-16
8019,dual_independent_relay,5_to_6,d0aaa50e14d8d9a0e49ce2aef8377686a30405e9749a11ef00f112557b75d261,0.999267578125,True,5.563053521289944e-20,2.727237724661529e-17,3.8568965780318755e-17,0.0,0.0,3.027835032433583e-17,4.012005041279634e-17,4.012005041279634e-05,1.0,2.8472694284609414e-23,0.5,0.0,0.0,0.0,2.220446049250313e-16
8019,dual_independent_relay,6_to_7,d0aaa50e14d8d9a0e49ce2aef8377686a30405e9749a11ef00f112557b75d261,0.999267578125,True,5.563053521289944e-20,3.027835032433583e-17,4.2820053674959534e-17,0.0,0.0,3.2617325109642867e-17,4.171244134507514e-17,4.171244134507514e-05,0.0,2.4885075846336385e-23,0.0,0.0,0.0,0.0,2.220446049250313e-16
8020,distributed,4_to_5,da9a1e8b65e43d5418264b6e9688f85102740729348a8df2de575905b6ecd5a4,1.0,True,0.00020447077232489718,0.1172450394900272,0.11898031698110564,0.11118548274472968,1.0,0.19172748838622203,0.0869313937822481,0.45341121669069534,0.0,7.454025790416958e-06,0.0,6.211574704223289e-06,0.003933643346520269,0.98828125,3.3306690738754696e-16
8020,distributed,5_to_6,da9a1e8b65e43d5418264b6e9688f85102740729348a8df2de575905b6ecd5a4,1.0,True,0.00020447077232489718,0.19172748838622203,0.18606310850014254,0.19051083822433765,1.0,0.2773109982805015,0.1478297694994038,0.533082966113999,1.0,0.00040797505141507905,0.0,0.00075358600272633,0.015319322622667948,0.99609375,3.3306690738754696e-16
8020,distributed,6_to_7,da9a1e8b65e43d5418264b6e9688f85102740729348a8df2de575905b6ecd5a4,1.0,True,0.00020447077232489718,0.2773109982805015,0.2725138015921813,0.2731307725015995,1.0,0.3534987123332537,0.17351397640403482,0.4908475486622369,0.0,0.00037576434427763326,0.0,0.0006593011181516861,0.03393497626153853,0.996826171875,4.440892098500626e-16
8020,central_shared,4_to_5,c3281281dc9bb67c70145d283b89e13cb1114c6f6822e0e611f9655e63c08fe6,1.0,True,0.0002453108036781879,0.0673840624404701,0.07082296442658897,0.06090522105394233,1.0,0.0898275740310796,0.06375761827175869,0.7097778044155915,1.0,1.0683365139444002e-06,0.0,-4.7371680467209416e-07,3.644466986610717e-05,1.0,2.220446049250313e-16
8020,central_shared,5_to_6,c3281281dc9bb67c70145d283b89e13cb1114c6f6822e0e611f9655e63c08fe6,1.0,True,0.0002453108036781879,0.0898275740310796,0.0927179073270308,0.08216187718365248,1.0,0.11244778641435615,0.07052409992144792,0.6271719717236172,1.0,1.1266068373891628e-06,0.0,-8.40837499534326e-07,2.805834359454695e-06,1.0,2.636779683484747e-16
8020,central_shared,6_to_7,c3281281dc9bb67c70145d283b89e13cb1114c6f6822e0e611f9655e63c08fe6,1.0,True,0.0002453108036781879,0.11244778641435615,0.11500158071979269,0.10512697072125983,1.0,0.15212294953691213,0.07879912774409302,0.5179963180044223,1.0,1.2258824518085314e-06,0.0,-9.934844672580503e-07,1.3587442414370086e-05,1.0,2.220446049250313e-16
8020,directional_relay,4_to_5,81b1a16119c35a8a56f48c565cfaa61329f180cf9d2592599c0d3120b3e4ad28,1.0,True,0.0001466779696954554,0.03391671828754103,0.03796171402118032,0.02380309935624606,1.0,0.08132364334034581,0.029865119602957946,0.3672378459234799,1.0,2.082481702473766e-09,0.75,1.165694068561097e-09,3.195531248177878e-10,0.202880859375,2.914335439641036e-16
8020,directional_relay,5_to_6,81b1a16119c35a8a56f48c565cfaa61329f180cf9d2592599c0d3120b3e4ad28,1.0,True,0.0001466779696954554,0.08132364334034581,0.07595710855532302,0.07357820749366759,1.0,0.14423092399960263,0.060191181459270396,0.41732507696779525,0.0,3.656612869646879e-09,0.0,1.853824087221985e-09,5.348057973561165e-09,0.274658203125,2.7755575615628914e-16
8020,directional_relay,6_to_7,81b1a16119c35a8a56f48c565cfaa61329f180cf9d2592599c0d3120b3e4ad28,1.0,True,0.0001466779696954554,0.14423092399960263,0.12154463272459602,0.15188372535918382,1.0,0.17422412184180724,0.09777093155149263,0.5611790750781749,0.0,8.777458185713282e-09,0.0,7.950722668210915e-09,5.161807715141318e-08,0.44287109375,3.3306690738754696e-16
8020,four_channel_crossbar,4_to_5,c2a771fac286557fa548c189c3a6cbd262f3c7c65b61c2e47b3b830c5354a726,0.99951171875,True,0.00019628010675392906,0.09116575090725906,0.09029671736943576,0.08749393932564159,1.0,0.15632900054193094,0.07745358035693331,0.4954524118265473,0.0,5.1755558466416424e-05,0.0,4.915109506354069e-05,0.002189496600160253,1.0,3.3306690738754696e-16
8020,four_channel_crossbar,5_to_6,c2a771fac286557fa548c189c3a6cbd262f3c7c65b61c2e47b3b830c5354a726,0.99951171875,True,0.00019628010675392906,0.15632900054193094,0.13302451976989654,0.16871932448728483,1.0,0.2135636518543205,0.1348059654040406,0.6312214847121861,1.0,0.00013358634710528645,0.0,0.00016729925928175341,0.006859958432953094,1.0,3.7470027081099033e-16
8020,four_channel_crossbar,6_to_7,c2a771fac286557fa548c189c3a6cbd262f3c7c65b61c2e47b3b830c5354a726,0.99951171875,True,0.00019628010675392906,0.2135636518543205,0.17582645794910273,0.23738659251598365,1.0,0.24087059596300087,0.15795278815634578,0.6557578666870915,0.0,9.520914282056149e-05,0.0,0.00010613357989493777,0.005237885246772309,1.0,3.2612801348363973e-16
8020,dual_independent_relay,4_to_5,209aba24a072290ac5a4e4bda3bc4f39289cc9d5530fc16ffc2b43fe58c47073,1.0,True,0.0,2.0089876786667806e-17,2.841137621811003e-17,0.0,0.0,2.324837746409624e-17,2.0923365715763236e-17,2.0923365715763238e-05,0.0,1.0358403091095638e-22,0.71875,0.0,-8.131516293641283e-20,0.0,2.220446049250313e-16
8020,dual_independent_relay,5_to_6,209aba24a072290ac5a4e4bda3bc4f39289cc9d5530fc16ffc2b43fe58c47073,1.0,True,0.0,2.324837746409624e-17,3.287817071289393e-17,0.0,0.0,2.3735565124204373e-17,2.4844237673148607e-17,2.484423767314861e-05,1.0,2.690498831896278e-22,1.0,0.0,0.0,0.0,2.220446049250313e-16
8020,dual_independent_relay,6_to_7,209aba24a072290ac5a4e4bda3bc4f39289cc9d5530fc16ffc2b43fe58c47073,1.0,True,0.0,2.3735565124204373e-17,3.3567158109239665e-17,0.0,0.0,2.7638319360096456e-17,2.3221218660574676e-17,2.3221218660574676e-05,1.0,1.8674836552218086e-22,0.59375,0.0,0.0,0.0,2.220446049250313e-16
8021,distributed,4_to_5,04fff4ae869f61b0cdc14d75bacd79fb993791777891070aa471966996f0a596,1.0,True,0.00012425007980839797,0.07474864155005734,0.06879457239150583,0.07626639066430835,1.0,0.13517615466422486,0.060584808069802924,0.4481915336347191,0.0,4.6427996255877376e-07,0.0,-2.4470257578732314e-07,2.2042413083492037e-06,1.0,3.0531133177191805e-16
8021,distributed,5_to_6,04fff4ae869f61b0cdc14d75bacd79fb993791777891070aa471966996f0a596,1.0,True,0.00012425007980839797,0.13517615466422486,0.12948834629237724,0.12709545319246468,1.0,0.2272276702339458,0.09480922738355665,0.4172433193807089,0.0,6.833291771594126e-07,0.0,-4.831604295318564e-07,6.12445646081923e-06,1.0,3.3306690738754696e-16
8021,distributed,6_to_7,04fff4ae869f61b0cdc14d75bacd79fb993791777891070aa471966996f0a596,1.0,True,0.00012425007980839797,0.2272276702339458,0.24826734405998527,0.18381237313163645,1.0,0.2917164161853872,0.11946910638556933,0.4095385098576219,0.0,1.0736865202928744e-06,0.0,-8.210762051867187e-07,8.412743319354985e-05,1.0,3.3306690738754696e-16
8021,central_shared,4_to_5,8f78e224b1b698a3761b2638b37cdb45036b26d96b5585bb0a9b65d11c22a869,1.0,True,0.0002736271182708185,0.05822993619358766,0.057198732341335684,0.056269709609552916,1.0,0.08422221029985058,0.05028771067371231,0.5970837204898376,1.0,6.680562650931398e-07,0.0,-5.271401678263786e-07,-1.7454240673120762e-07,1.0,2.220446049250313e-16
8021,central_shared,5_to_6,8f78e224b1b698a3761b2638b37cdb45036b26d96b5585bb0a9b65d11c22a869,1.0,True,0.0002736271182708185,0.08422221029985058,0.08564303010310328,0.07983854682293212,1.0,0.10574689570065028,0.061889680391433895,0.5852623850692698,0.0,8.114089396791946e-07,0.0,-7.952281184709979e-07,-2.3159661874293836e-07,1.0,2.220446049250313e-16
8021,central_shared,6_to_7,8f78e224b1b698a3761b2638b37cdb45036b26d96b5585bb0a9b65d11c22a869,1.0,True,0.0002736271182708185,0.10574689570065028,0.11633913996465306,0.09063510011109349,1.0,0.13374262238340742,0.08157301019823276,0.6099253083611811,1.0,1.1846564381366753e-06,0.0,-5.41769232082514e-07,6.624130429361318e-07,1.0,2.498001805406602e-16
8021,directional_relay,4_to_5,33e6c19a2476b608a3adb3cca5ff124ceca153b319924d6b3bea975e40a8f814,0.999755859375,True,0.00014473530177590958,0.0652690246417653,0.0319469099884614,0.0850303257441068,1.0,0.13170373342796177,0.05060909175657844,0.38426467070700154,0.125,9.478561635382885e-07,0.0,-6.8236143632564e-07,0.00037649619250652286,0.915771484375,3.3306690738754696e-16
8021,directional_relay,5_to_6,33e6c19a2476b608a3adb3cca5ff124ceca153b319924d6b3bea975e40a8f814,0.999755859375,True,0.00014473530177590958,0.13170373342796177,0.06700115143479084,0.17083288706049926,1.0,0.16252216025282779,0.08373060826730021,0.5151950240942195,0.0,1.5056977487100655e-06,0.0,-1.240200126745213e-06,2.4344386949038145e-05,0.91357421875,2.7755575615628914e-16
8021,directional_relay,6_to_7,33e6c19a2476b608a3adb3cca5ff124ceca153b319924d6b3bea975e40a8f814,0.999755859375,True,0.00014473530177590958,0.16252216025282779,0.10657997793099369,0.19785093085060934,1.0,0.1847404736346286,0.11709238771725172,0.6338209782271739,0.0,9.315589215488235e-06,0.0,9.761236290648865e-06,0.0011662190737859893,0.934326171875,3.3306690738754696e-16
8021,four_channel_crossbar,4_to_5,0b945549c8d1624658f7b306c1e29247f5314f00d75655fed1c65b5c935fa262,1.0,True,0.00011929879057042363,0.05665886359322034,0.042376722532449444,0.06421328644744562,1.0,0.08688600116935967,0.051479807913965774,0.5924982991635265,1.0,4.058910796865276e-07,0.0,2.0550614610246032e-07,4.8308901623474624e-05,0.9873046875,3.3306690738754696e-16
8021,four_channel_crossbar,5_to_6,0b945549c8d1624658f7b306c1e29247f5314f00d75655fed1c65b5c935fa262,1.0,True,0.00011929879057042363,0.08688600116935967,0.08066421065497947,0.08907517568804368,1.0,0.1233692877336855,0.07708456617955899,0.6248278448843744,1.0,9.255895182291807e-07,0.0,8.932549894773349e-07,0.00012113939337759632,1.0,3.3306690738754696e-16
8021,four_channel_crossbar,6_to_7,0b945549c8d1624658f7b306c1e29247f5314f00d75655fed1c65b5c935fa262,1.0,True,0.00011929879057042363,0.1233692877336855,0.12497641376300295,0.11752597147180192,1.0,0.16243565246337519,0.10704290099959302,0.6589864932744878,1.0,1.5880767635988239e-06,0.0,1.7122573904634913e-06,0.00025324069348027603,1.0,2.498001805406602e-16
8021,dual_independent_relay,4_to_5,f56a7b004b43255c16085fb71a3c3ef695f9eb507205e83a5e3ae6b29fc3f092,1.0,True,2.686216020710113e-20,2.2571356404953613e-17,3.1920718349042225e-17,0.0,0.0,2.932334989833138e-17,2.560496979625873e-17,2.560496979625873e-05,1.0,4.357050014942808e-23,0.78125,0.0,0.0,0.0,2.220446049250313e-16
8021,dual_independent_relay,5_to_6,f56a7b004b43255c16085fb71a3c3ef695f9eb507205e83a5e3ae6b29fc3f092,1.0,True,2.686216020710113e-20,2.932334989833138e-17,4.1469479120431954e-17,0.0,0.0,3.2604505595955095e-17,2.662708567738202e-17,2.662708567738202e-05,0.8125,4.05918960035747e-23,0.0,0.0,0.0,0.0,2.220446049250313e-16
8021,dual_independent_relay,6_to_7,f56a7b004b43255c16085fb71a3c3ef695f9eb507205e83a5e3ae6b29fc3f092,1.0,True,2.686216020710113e-20,3.2604505595955095e-17,4.610973400826917e-17,0.0,0.0,3.4555148889296195e-17,2.5065506819573926e-17,2.5065506819573927e-05,0.0,4.178615147617425e-23,0.0,0.0,0.0,0.0,2.220446049250313e-16
8022,distributed,4_to_5,b6fd8a680fb4d2610f03b9f66fa7e34f774425e0ba9d6621b52a8d66ee5d566d,1.0,True,0.0001342633019756284,0.09791383635266347,0.09074225309368804,0.09941036592729884,1.0,0.1771177799656563,0.08700941136092938,0.49125170481360353,1.0,1.3225209498338492e-05,0.0,8.339764586150488e-06,0.0019704228541399375,0.99609375,3.3306690738754696e-16
8022,distributed,5_to_6,b6fd8a680fb4d2610f03b9f66fa7e34f774425e0ba9d6621b52a8d66ee5d566d,1.0,True,0.0001342633019756284,0.1771177799656563,0.17118991649007925,0.17538292666025224,1.0,0.28038111886082806,0.14907311755490832,0.5316803005872278,1.0,0.00011301675051192204,0.0,0.00015641733238808876,0.010364502365940723,0.99462890625,4.440892098500626e-16
8022,distributed,6_to_7,b6fd8a680fb4d2610f03b9f66fa7e34f774425e0ba9d6621b52a8d66ee5d566d,1.0,True,0.0001342633019756284,0.28038111886082806,0.26334024360749053,0.2808092967435038,1.0,0.35359355036051565,0.20860616600234141,0.5899603253216906,0.0,0.002878869174356128,0.0,0.008544184440039612,0.01954630012334309,1.0,3.3306690738754696e-16
8022,central_shared,4_to_5,71af03a786b9bed73a8b6503470c189d6a441f1c3fe355480d7c2f44f548e77b,1.0,True,0.0003092747711741768,0.08446878172259259,0.07677465786554108,0.08811551222439463,1.0,0.15816393176894455,0.06693471703331083,0.4231983631457336,0.0,9.92349137533235e-06,0.0,4.6952255837148125e-06,0.00028599145707371864,1.0,2.220446049250313e-16
8022,central_shared,5_to_6,71af03a786b9bed73a8b6503470c189d6a441f1c3fe355480d7c2f44f548e77b,1.0,True,0.0003092747711741768,0.15816393176894455,0.12586209173861845,0.18092571428151433,1.0,0.26700336574701794,0.12847092181997222,0.48115843581423867,1.0,1.0555349877417892e-05,0.0,-1.3423576431382475e-06,0.0016143618482795823,1.0,3.3306690738754696e-16
8022,central_shared,6_to_7,71af03a786b9bed73a8b6503470c189d6a441f1c3fe355480d7c2f44f548e77b,1.0,True,0.0003092747711741768,0.26700336574701794,0.24930240787294722,0.27299154284918864,1.0,0.29409908567581866,0.17281953787007723,0.5876235129155546,0.0,2.162694202558389e-05,0.0,8.511934162590846e-06,0.019446502223821778,1.0,3.3306690738754696e-16
8022,directional_relay,4_to_5,16498f3f231b7b33615fd54f428196df1305af98b43f94a62d2dbfa5676e3789,1.0,True,0.00012622964794587087,0.05759357764996158,0.03599779806780991,0.06639199142997926,1.0,0.1253187999901309,0.03977011873715409,0.3173515764616806,0.0,3.7604930353622617e-07,0.0,2.000042202068508e-07,4.982699758968338e-07,0.951416015625,3.3306690738754696e-16
8022,directional_relay,5_to_6,16498f3f231b7b33615fd54f428196df1305af98b43f94a62d2dbfa5676e3789,1.0,True,0.00012622964794587087,0.1253187999901309,0.0697669155997656,0.15719812467252728,1.0,0.1507736952127554,0.08399064462404361,0.5570643108900738,0.0,2.3497795350459027e-06,0.0,2.6499217514507092e-06,8.153497483073502e-06,0.997802734375,3.3306690738754696e-16
8022,directional_relay,6_to_7,16498f3f231b7b33615fd54f428196df1305af98b43f94a62d2dbfa5676e3789,1.0,True,0.00012622964794587087,0.1507736952127554,0.10488173382012705,0.18294519056286027,1.0,0.17157401405171982,0.1090956413927611,0.6358517750821809,0.0,5.316779477794441e-06,0.21875,6.937651872109351e-06,0.0003225837186175806,1.0,3.3306690738754696e-16
8022,four_channel_crossbar,4_to_5,029d7ab70fc40e6bf3424c15d5c8a8a2bbd2a4f16894757ef2ff93109247d7bb,1.0,True,7.782411029946969e-05,0.03666888857031621,0.031087730674660596,0.0395756705410102,1.0,0.06812132614747472,0.02892821190584813,0.4246572041657253,1.0,5.0391090941021013e-08,0.0,1.166890435292834e-08,7.333672499677609e-07,0.923095703125,2.220446049250313e-16
8022,four_channel_crossbar,5_to_6,029d7ab70fc40e6bf3424c15d5c8a8a2bbd2a4f16894757ef2ff93109247d7bb,1.0,True,7.782411029946969e-05,0.06812132614747472,0.06472599958664049,0.06311997473095324,1.0,0.10752413412390555,0.04990878175996365,0.4641635309748341,1.0,4.4755001676521964e-07,0.96875,5.550812386541118e-07,6.939693910515902e-05,0.958740234375,2.220446049250313e-16
8022,four_channel_crossbar,6_to_7,029d7ab70fc40e6bf3424c15d5c8a8a2bbd2a4f16894757ef2ff93109247d7bb,1.0,True,7.782411029946969e-05,0.10752413412390555,0.11211005236332572,0.09650558783964983,1.0,0.12419273011368237,0.0707253677639154,0.5694807393248822,1.0,4.020503724279639e-07,0.125,4.5470624075267045e-07,0.00035582527762058005,0.9931640625,2.220446049250313e-16
8022,dual_independent_relay,4_to_5,3696f955c4c11f84fde7a324ce6ec3e801f54d166eed8b5e8cd57e9550f26143,0.99951171875,True,4.856325276743785e-20,1.548495503987715e-17,2.1899033430131876e-17,0.0,0.0,2.283857463621972e-17,2.1094474395568324e-17,2.1094474395568325e-05,0.0,5.3100646703868985e-24,1.0,0.0,0.0,0.0,2.220446049250313e-16
8022,dual_independent_relay,5_to_6,3696f955c4c11f84fde7a324ce6ec3e801f54d166eed8b5e8cd57e9550f26143,0.99951171875,True,4.856325276743785e-20,2.283857463621972e-17,3.2298621995812104e-17,0.0,0.0,2.6271877842214585e-17,2.805694430090871e-17,2.8056944300908715e-05,0.875,3.1743762826093515e-24,0.0,0.0,0.0,0.0,2.220446049250313e-16
8022,dual_independent_relay,6_to_7,3696f955c4c11f84fde7a324ce6ec3e801f54d166eed8b5e8cd57e9550f26143,0.99951171875,True,4.856325276743785e-20,2.6271877842214585e-17,3.715404595346907e-17,0.0,0.0,2.819977710574762e-17,2.7158373627239633e-17,2.7158373627239634e-05,1.0,7.699041569427347e-24,1.0,0.0,0.0,0.0,2.220446049250313e-16
8023,distributed,4_to_5,a08e697467e7fa4bc36580e47a7096df88ae8bf5ca424b92078212e38b499825,1.0,True,7.473696799503799e-05,0.07599805031271634,0.06686448208927928,0.08091710085800946,1.0,0.1370468302522674,0.06309608710796316,0.4603980040386177,0.625,2.8546802251556534e-06,0.0,-2.297326968993874e-06,0.00015278110145644383,1.0,3.3306690738754696e-16
8023,distributed,5_to_6,a08e697467e7fa4bc36580e47a7096df88ae8bf5ca424b92078212e38b499825,1.0,True,7.473696799503799e-05,0.1370468302522674,0.10371501167318473,0.1612051345421674,1.0,0.19694195871662054,0.110824500353808,0.562726709310702,0.0,3.9524686983839e-06,0.0,-2.95647996806185e-06,1.3510001633445601e-05,1.0,3.3306690738754696e-16
8023,distributed,6_to_7,a08e697467e7fa4bc36580e47a7096df88ae8bf5ca424b92078212e38b499825,1.0,True,7.473696799503799e-05,0.19694195871662054,0.18684580523714095,0.20020421460212037,1.0,0.22290757604441885,0.12598090327072606,0.5651710251679459,0.0,7.8980392397423e-06,0.0,5.425054371864781e-07,0.00025881686313280843,1.0,3.3306690738754696e-16
8023,central_shared,4_to_5,d6dc9f69a7725b2e3fe523761d8f62a44dd9f1cb179b50a5c8c76acdd4c37381,1.0,True,0.00018123552486563058,0.04857443197430107,0.049905298541366036,0.0443638857534239,1.0,0.0790775128657425,0.034738775379436454,0.43930030321535046,1.0,3.231176634230448e-06,0.0,-3.1370193658467293e-06,-2.4539537882831303e-06,0.99658203125,2.220446049250313e-16
8023,central_shared,5_to_6,d6dc9f69a7725b2e3fe523761d8f62a44dd9f1cb179b50a5c8c76acdd4c37381,1.0,True,0.00018123552486563058,0.0790775128657425,0.08888164331671257,0.06315073575394109,1.0,0.12235165428147948,0.05271412501040213,0.43084113018308023,1.0,5.84075562212507e-06,0.0,-6.145443041424595e-07,1.3295905228536268e-05,1.0,3.3306690738754696e-16
8023,central_shared,6_to_7,d6dc9f69a7725b2e3fe523761d8f62a44dd9f1cb179b50a5c8c76acdd4c37381,1.0,True,0.00018123552486563058,0.12235165428147948,0.13593628304974312,0.09608766341467448,1.0,0.15916367379634033,0.08018336557916705,0.5037793088501248,1.0,7.15912398363943e-06,0.0,1.3549551652035916e-06,7.825777094351254e-05,1.0,3.3306690738754696e-16
8023,directional_relay,4_to_5,f655b6b2449d38283c182d6998ece2d02735dfca4eb712e07a33cc65bf405fd5,1.0,True,5.816435647009517e-05,0.04607525733153354,0.04836335759922249,0.03978569354512998,1.0,0.09305253857386334,0.038942799395956545,0.4185033529745617,0.4375,1.89984791602571e-06,0.0,8.205142448901965e-08,6.611574765259524e-07,0.804443359375,2.7755575615628914e-16
8023,directional_relay,5_to_6,f655b6b2449d38283c182d6998ece2d02735dfca4eb712e07a33cc65bf405fd5,1.0,True,5.816435647009517e-05,0.09305253857386334,0.0979872452690522,0.07839523256096703,1.0,0.16201894788754018,0.06389009831548531,0.3943372003614812,0.0,4.352022143558215e-06,0.0,1.5263986463347998e-06,0.0003260741053475847,0.981201171875,2.220446049250313e-16
8023,directional_relay,6_to_7,f655b6b2449d38283c182d6998ece2d02735dfca4eb712e07a33cc65bf405fd5,1.0,True,5.816435647009517e-05,0.16201894788754018,0.17933317977525445,0.13492130332491115,1.0,0.19805175855783297,0.1188618466557543,0.6001554720911279,1.0,2.2824749628002434e-05,0.0,2.7557429380581696e-05,0.0009651762259772279,0.988037109375,3.3306690738754696e-16
8023,four_channel_crossbar,4_to_5,1c9e80d1841bef8e310af034f6a997204f89b829ab7ff4037585d09f96afed8f,1.0,True,0.00012741790479805219,0.06726612075183086,0.08111740146652974,0.04443721876942987,1.0,0.10963121395603095,0.060927679001969444,0.55575120263108,1.0,1.6187690833658723e-07,0.0,-6.428588499097264e-08,1.874966151379301e-07,0.99462890625,2.220446049250313e-16
8023,four_channel_crossbar,5_to_6,1c9e80d1841bef8e310af034f6a997204f89b829ab7ff4037585d09f96afed8f,1.0,True,0.00012741790479805219,0.10963121395603095,0.13562494468521802,0.0698267719509137,1.0,0.15259894587810402,0.0776856527245895,0.5090838097049816,0.0,2.467190731531966e-07,0.0,-7.168952665707448e-08,7.240630957081534e-07,0.99560546875,4.440892098500626e-16
8023,four_channel_crossbar,6_to_7,1c9e80d1841bef8e310af034f6a997204f89b829ab7ff4037585d09f96afed8f,1.0,True,0.00012741790479805219,0.15259894587810402,0.19243160733111087,0.08954245346904169,1.0,0.1875576356623479,0.10609637370597552,0.565673443959255,0.0,2.9177286466366875e-06,0.0,3.792966000421912e-06,3.5734006780994135e-05,1.0,3.3306690738754696e-16
8023,dual_independent_relay,4_to_5,4a71ff4fad40d79b54fed4bb1200636546495dbfe3408cde37e13ab6b1d127e8,0.999755859375,True,2.1189643298552394e-20,1.833136277877959e-17,2.592446185853144e-17,0.0,0.0,2.07206429578494e-17,2.157271845287345e-17,2.157271845287345e-05,1.0,1.6206908027997313e-23,1.0,0.0,0.0,0.0,2.220446049250313e-16
8023,dual_independent_relay,5_to_6,4a71ff4fad40d79b54fed4bb1200636546495dbfe3408cde37e13ab6b1d127e8,0.999755859375,True,2.1189643298552394e-20,2.07206429578494e-17,2.930341429208118e-17,0.0,0.0,2.1202910565617196e-17,2.1325965954343775e-17,2.1325965954343775e-05,0.0,1.0444368118037354e-23,0.65625,0.0,0.0,0.0,2.220446049250313e-16
8023,dual_independent_relay,6_to_7,4a71ff4fad40d79b54fed4bb1200636546495dbfe3408cde37e13ab6b1d127e8,0.999755859375,True,2.1189643298552394e-20,2.1202910565617196e-17,2.9985443683679634e-17,0.0,0.0,2.2274309561986514e-17,1.9204701415476382e-17,1.920470141547638e-05,1.0,2.2699946747445023e-23,1.0,0.0,0.0,0.0,2.220446049250313e-16
8024,distributed,4_to_5,bc576015646558774dcbd83bfc9faf73e8f3e57fe4c77e67dbed2caa7e9b3de1,1.0,True,0.0002794077889671776,0.09481034019037664,0.08456716492784859,0.09697831304445197,1.0,0.17365709424063827,0.08472053398577073,0.4878610594990878,1.0,6.932797470634254e-06,0.0,-1.1141642158767263e-06,0.0008267180220290514,0.998046875,3.3306690738754696e-16
8024,distributed,5_to_6,bc576015646558774dcbd83bfc9faf73e8f3e57fe4c77e67dbed2caa7e9b3de1,1.0,True,0.0002794077889671776,0.17365709424063827,0.1583508831012078,0.1775812862281846,1.0,0.2251470677714898,0.12523834423568697,0.5562512782213804,0.0,6.943414586539125e-06,0.0,-5.1670230356766816e-06,0.00020403549214703665,1.0,3.3306690738754696e-16
8024,distributed,6_to_7,bc576015646558774dcbd83bfc9faf73e8f3e57fe4c77e67dbed2caa7e9b3de1,1.0,True,0.0002794077889671776,0.2251470677714898,0.21493103521892315,0.22788155684257919,1.0,0.2737058859844018,0.1522835097598344,0.5563764520888413,0.0,1.214837568508495e-05,0.0,-1.3586682438073435e-05,0.00023852206145093664,1.0,2.498001805406602e-16
8024,central_shared,4_to_5,89b7424101687053c09584d6b30e6d7a2732a324d50fe9ac0ac560ed3a231c42,0.999755859375,True,0.00024081810247978227,0.06753641077253969,0.04985544739073002,0.07455678769689636,1.0,0.12366650885938542,0.05805194320713797,0.46942332036837664,0.0,3.8464983046270086e-07,0.0,-1.927700662115088e-07,0.0001527611244615942,0.95166015625,2.7755575615628914e-16
8024,central_shared,5_to_6,89b7424101687053c09584d6b30e6d7a2732a324d50fe9ac0ac560ed3a231c42,0.999755859375,True,0.00024081810247978227,0.12366650885938542,0.08842529087629417,0.1379964295543678,1.0,0.16669816668169066,0.08532307624849503,0.5118417193598718,0.0,1.2962564757139416e-06,0.0,1.3089628215010875e-06,0.000980465075658685,0.99609375,2.7755575615628914e-16
8024,central_shared,6_to_7,89b7424101687053c09584d6b30e6d7a2732a324d50fe9ac0ac560ed3a231c42,0.999755859375,True,0.00024081810247978227,0.16669816668169066,0.14053089209691882,0.17378013942594778,1.0,0.1969798102850169,0.12694842217065858,0.6444742838718979,1.0,3.4371331046599516e-06,0.0,4.3181862123916045e-06,0.008038764999461549,1.0,3.3306690738754696e-16
8024,directional_relay,4_to_5,30827627fa908c363163e9c9af912c21eaf5eac33d0f76bda90159aaab8216b3,1.0,True,0.00019623467713510102,0.07094289603790949,0.06776035748276425,0.062057198043049974,1.0,0.14351043617953801,0.04885452122076544,0.34042486749636963,0.0,1.078164763060117e-06,0.0,-6.259450169807236e-07,9.984869071795824e-06,0.99755859375,2.5934115965853266e-16
8024,directional_relay,5_to_6,30827627fa908c363163e9c9af912c21eaf5eac33d0f76bda90159aaab8216b3,1.0,True,0.00019623467713510102,0.14351043617953801,0.14615609687854852,0.12749491858883377,1.0,0.21137569426036495,0.09268207593662862,0.4384708292073836,0.0,2.367505552404598e-06,0.0,-9.221121773545566e-07,4.399475865406649e-05,1.0,2.220446049250313e-16
8024,directional_relay,6_to_7,30827627fa908c363163e9c9af912c21eaf5eac33d0f76bda90159aaab8216b3,1.0,True,0.00019623467713510102,0.21137569426036495,0.219164736802202,0.18962271358246818,1.0,0.2504645567645646,0.1390056977943443,0.5549914909717504,0.0,1.166917257012491e-05,0.0,1.2890174525348516e-05,0.000379950885577657,1.0,3.3306690738754696e-16
8024,four_channel_crossbar,4_to_5,99e1b40d32ad993a9c7bd8640f7b45de5a36bb95274f128fdaa9cfec78bf368d,1.0,True,0.000208986925036672,0.07110556981093813,0.03648013811427943,0.0897161193682689,1.0,0.12009696288083814,0.05218258816963453,0.4345038119024776,0.0,1.5473522398900994e-07,0.0,-4.438800344639139e-08,1.4776795389162071e-06,0.90087890625,3.3306690738754696e-16
8024,four_channel_crossbar,5_to_6,99e1b40d32ad993a9c7bd8640f7b45de5a36bb95274f128fdaa9cfec78bf368d,1.0,True,0.000208986925036672,0.12009696288083814,0.08827520898415359,0.13967632129288865,1.0,0.17107019527851644,0.09491412730722495,0.5548256208669015,1.0,4.999101326353073e-07,0.0,4.864128519145556e-07,0.0004954800284406321,0.9755859375,3.3306690738754696e-16
8024,four_channel_crossbar,6_to_7,99e1b40d32ad993a9c7bd8640f7b45de5a36bb95274f128fdaa9cfec78bf368d,1.0,True,0.000208986925036672,0.17107019527851644,0.12986999977927763,0.19654934480176228,1.0,0.21060737923910003,0.11364652823745175,0.539613230305811,0.0,3.270245009337789e-06,0.0,4.388018807787162e-06,0.0011711821626230483,0.989013671875,2.914335439641036e-16
8024,dual_independent_relay,4_to_5,e3d67809109cf7748ff9987bfd17e28783f9f02b9e631d3853b7dc2fab7d4c11,0.99951171875,True,2.6441524057704605e-20,1.5204761291384036e-17,2.1502779630920754e-17,0.0,0.0,2.2560763318677544e-17,1.7166800798281276e-17,1.7166800798281278e-05,0.09375,1.9283648030142458e-23,0.96875,0.0,0.0,0.0,2.220446049250313e-16
8024,dual_independent_relay,5_to_6,e3d67809109cf7748ff9987bfd17e28783f9f02b9e631d3853b7dc2fab7d4c11,0.99951171875,True,2.6441524057704605e-20,2.2560763318677544e-17,3.190573746276322e-17,0.0,0.0,3.002075393683015e-17,2.4415862393941984e-17,2.4415862393941983e-05,0.6875,2.0306583950418808e-23,0.90625,0.0,0.0,0.0,2.220446049250313e-16
8024,dual_independent_relay,6_to_7,e3d67809109cf7748ff9987bfd17e28783f9f02b9e631d3853b7dc2fab7d4c11,0.99951171875,True,2.6441524057704605e-20,3.002075393683015e-17,4.245575737013068e-17,0.0,0.0,3.016528326472354e-17,2.9008402493471517e-17,2.9008402493471516e-05,0.9375,3.018495684834415e-23,1.0,0.0,0.0,0.0,2.220446049250313e-16
8025,distributed,4_to_5,4bb3f421a9deaf9ea1ff32256e45030460fb15e3f166b48963d413e02abf439b,1.0,True,0.00012309710927134332,0.06486530529403489,0.06735785552345584,0.057403347129441104,1.0,0.10650213212408126,0.06856525741431437,0.643792345250251,1.0,1.6743207152383621e-06,0.0,-2.1415576460119375e-06,1.9633962111043585e-05,0.9345703125,3.3306690738754696e-16
8025,distributed,5_to_6,4bb3f421a9deaf9ea1ff32256e45030460fb15e3f166b48963d413e02abf439b,1.0,True,0.00012309710927134332,0.10650213212408126,0.09081864776734495,0.11693685238845968,1.0,0.18309451602805463,0.09573196173933576,0.5228554290761349,1.0,1.9330233217500076e-06,0.0,-2.1956773204694086e-06,5.8798769076194434e-05,0.9951171875,2.7755575615628914e-16
8025,distributed,6_to_7,4bb3f421a9deaf9ea1ff32256e45030460fb15e3f166b48963d413e02abf439b,1.0,True,0.00012309710927134332,0.18309451602805463,0.13710290145258103,0.2073330918270484,1.0,0.24348590245411839,0.12980810506992504,0.5331236994075483,0.0,2.162034790892451e-06,0.0,-2.5387657093296163e-06,0.0008013776871885247,0.99755859375,3.0531133177191805e-16
8025,central_shared,4_to_5,5e9a72447e86cf0db25d2a7db9b6416478ff20db77b6cb08ef341cf13d955467,1.0,True,0.00013788869972956966,0.056681023673158075,0.05147277711414434,0.06014994858376718,1.0,0.10500215993904215,0.05084691040537434,0.4842463282173715,1.0,1.179360807059439e-06,0.0,-1.4451804250662911e-06,1.7689660512690203e-06,0.9892578125,2.220446049250313e-16
8025,central_shared,5_to_6,5e9a72447e86cf0db25d2a7db9b6416478ff20db77b6cb08ef341cf13d955467,1.0,True,0.00013788869972956966,0.10500215993904215,0.07828083865493131,0.11809109073857973,1.0,0.1417754898110522,0.08569872838672239,0.6044678702992687,1.0,1.679843170913465e-06,0.0,-1.8242499732258886e-06,0.0006742203774508117,0.998046875,2.498001805406602e-16
8025,central_shared,6_to_7,5e9a72447e86cf0db25d2a7db9b6416478ff20db77b6cb08ef341cf13d955467,1.0,True,0.00013788869972956966,0.1417754898110522,0.11789319647936258,0.14675149499675091,1.0,0.17607793561836094,0.09869164454145038,0.560499782070134,1.0,2.9702152003388e-06,0.0,-3.196495963322006e-07,0.001805048581481097,0.995849609375,2.220446049250313e-16
8025,directional_relay,4_to_5,4eaf116c718102d4ed9c08654690871b0c3e4c6d1f060bca3e79aca5494af86f,1.0,True,4.4733813985519606e-05,0.030132089035306564,0.026703505419807826,0.030519066507391546,1.0,0.08869540555042536,0.028336693157465325,0.3194832131564613,1.0,1.0802156572882853e-07,0.0,5.34513264416877e-09,1.3910044840307313e-07,0.99560546875,2.220446049250313e-16
8025,directional_relay,5_to_6,4eaf116c718102d4ed9c08654690871b0c3e4c6d1f060bca3e79aca5494af86f,1.0,True,4.4733813985519606e-05,0.08869540555042536,0.07274742736164747,0.09461825990413944,1.0,0.12219539225480464,0.060353503327108045,0.4939098129106009,0.0,2.391024437373411e-07,0.0,1.0533676199191213e-07,9.614626083569013e-07,1.0,2.220446049250313e-16
8025,directional_relay,6_to_7,4eaf116c718102d4ed9c08654690871b0c3e4c6d1f060bca3e79aca5494af86f,1.0,True,4.4733813985519606e-05,0.12219539225480464,0.08261907592964565,0.14796085862008312,1.0,0.16488799537551674,0.08429550829084956,0.5112288987374403,1.0,4.183818048598925e-07,0.0,2.4153031450060663e-07,7.087070874653089e-07,1.0,3.3306690738754696e-16
8025,four_channel_crossbar,4_to_5,5ef768e01a25612e60089117e966554cf43651beb5b23509f641626973265a6f,1.0,True,4.462836480255881e-05,0.035568763318854536,0.041068672660934356,0.025931327256206418,1.0,0.07048024026372914,0.0299067438955167,0.42432806391705,1.0,1.7623418155793354e-05,0.78125,2.4354089452212074e-05,2.2683834386282424e-05,0.87109375,2.220446049250313e-16
8025,four_channel_crossbar,5_to_6,5ef768e01a25612e60089117e966554cf43651beb5b23509f641626973265a6f,1.0,True,4.462836480255881e-05,0.07048024026372914,0.0771378111672282,0.052222239327054984,1.0,0.12951156941446346,0.05108147169534279,0.3944162820842025,1.0,8.53223234040886e-05,0.40625,0.00011704139645728919,0.00015720601959404978,0.975341796875,2.7755575615628914e-16
8025,four_channel_crossbar,6_to_7,5ef768e01a25612e60089117e966554cf43651beb5b23509f641626973265a6f,1.0,True,4.462836480255881e-05,0.12951156941446346,0.15551015946358143,0.09003054394412909,1.0,0.19303388542115318,0.09402225274081448,0.4870764142558738,1.0,6.862844679340762e-05,0.0,5.2661650783233044e-05,0.000351733600232175,0.987548828125,3.3306690738754696e-16
8025,dual_independent_relay,4_to_5,1066432ef9235f1cb1a6ecba003b114cde8b79b63ea74865afdb0946ac96c0dd,1.0,True,1.0395605065036764e-20,1.1441293762290107e-17,1.618043280972536e-17,0.0,0.0,1.681141541337836e-17,1.8021620573613772e-17,1.8021620573613773e-05,1.0,4.370987819779161e-24,1.0,0.0,0.0,0.0,2.220446049250313e-16
8025,dual_independent_relay,5_to_6,1066432ef9235f1cb1a6ecba003b114cde8b79b63ea74865afdb0946ac96c0dd,1.0,True,1.0395605065036764e-20,1.681141541337836e-17,2.377493168028777e-17,0.0,0.0,2.1612632030853618e-17,2.160716694682565e-17,2.160716694682565e-05,1.0,1.4238169410995767e-23,1.0,0.0,0.0,0.0,2.220446049250313e-16
8025,dual_independent_relay,6_to_7,1066432ef9235f1cb1a6ecba003b114cde8b79b63ea74865afdb0946ac96c0dd,1.0,True,1.0395605065036764e-20,2.1612632030853618e-17,3.056487733661235e-17,0.0,0.0,2.638359602517329e-17,2.1777059394121987e-17,2.1777059394121987e-05,1.0,5.907242893784607e-24,0.0,0.0,0.0,0.0,2.220446049250313e-16
8026,distributed,4_to_5,ae1ea1d85302cad21024b9646f6644c8ac1cb593435c80e9fd3923c95ce47c60,1.0,True,8.464022953480704e-05,0.07881171928039811,0.06727676842762259,0.08394313060636371,1.0,0.13759122793021933,0.07192453889115512,0.5227407297188474,1.0,3.1675546625419813e-06,0.0,3.2238742567425035e-06,0.0014206235031272863,1.0,2.949029909160572e-16
8026,distributed,5_to_6,ae1ea1d85302cad21024b9646f6644c8ac1cb593435c80e9fd3923c95ce47c60,1.0,True,8.464022953480704e-05,0.13759122793021933,0.1067671982875101,0.15796026612834188,1.0,0.2301000331811718,0.12064987105854338,0.5243366086937865,1.0,3.313103016305075e-05,0.03125,4.7807439883175185e-05,0.0032948043505686623,0.99853515625,3.3306690738754696e-16
8026,distributed,6_to_7,ae1ea1d85302cad21024b9646f6644c8ac1cb593435c80e9fd3923c95ce47c60,1.0,True,8.464022953480704e-05,0.2301000331811718,0.23220519968957176,0.21032269517719068,1.0,0.3375631724646208,0.17658216070115196,0.5231084878480312,0.0,2.33057003816879e-05,0.0,3.154123797676839e-05,0.006151403136752786,1.0,3.3306690738754696e-16
8026,central_shared,4_to_5,f4b7d87edca9bfbdfeb69b6467bf9b3277d10c4a8c59c541f698ee2aa98597d7,1.0,True,0.00014775856062176923,0.09797802331229558,0.09732404461595662,0.09404474479330778,1.0,0.1669113649331846,0.07974586823604352,0.4777737469702328,0.0,1.4643051386121017e-06,0.0,1.5827188909151706e-07,0.0010486087323712974,0.994384765625,2.7755575615628914e-16
8026,central_shared,5_to_6,f4b7d87edca9bfbdfeb69b6467bf9b3277d10c4a8c59c541f698ee2aa98597d7,1.0,True,0.00014775856062176923,0.1669113649331846,0.14901643731083847,0.17856783413092064,1.0,0.23725257979045067,0.12531277661300358,0.5281829884576343,0.03125,1.2145133930433812e-06,0.0,-1.4004553281607598e-06,0.0003311827949973662,0.998046875,3.3306690738754696e-16
8026,central_shared,6_to_7,f4b7d87edca9bfbdfeb69b6467bf9b3277d10c4a8c59c541f698ee2aa98597d7,1.0,True,0.00014775856062176923,0.23725257979045067,0.2064140941262773,0.25263683032856554,1.0,0.26613190017153876,0.15201703708244768,0.571209377697537,0.0,1.8624316698472027e-06,0.0,-1.581881519348465e-06,0.0004853254979817075,1.0,3.0531133177191805e-16
8026,directional_relay,4_to_5,3196ba39198cdd2ad0cc876657d3f6819ef9bd2d3550caa89642f1078e841efd,0.999755859375,True,7.222557692754708e-05,0.05220988420435836,0.04093743066813017,0.05353048193018995,1.0,0.10603327608681887,0.04241849074716195,0.40004885553503183,0.0,3.7453482311553125e-07,0.0,-3.671618720625638e-07,-7.95981351090654e-08,0.998779296875,3.3306690738754696e-16
8026,directional_relay,5_to_6,3196ba39198cdd2ad0cc876657d3f6819ef9bd2d3550caa89642f1078e841efd,0.999755859375,True,7.222557692754708e-05,0.10603327608681887,0.09718465400061707,0.0972913765030257,1.0,0.143584588010107,0.07449081684583332,0.5187939588654867,1.0,7.675847442070313e-07,0.0,-3.385434775368413e-07,5.676702739634692e-07,1.0,2.7755575615628914e-16
8026,directional_relay,6_to_7,3196ba39198cdd2ad0cc876657d3f6819ef9bd2d3550caa89642f1078e841efd,0.999755859375,True,7.222557692754708e-05,0.143584588010107,0.13388754853280524,0.1369195710008217,1.0,0.1750422800489269,0.09979216928994294,0.5701032302712782,1.0,1.4146742397436928e-06,0.0,2.7527442216627204e-07,2.1016510474352916e-05,1.0,3.3306690738754696e-16
8026,four_channel_crossbar,4_to_5,4bc06c0612ebf4239fe3e527a8057f44fa78eae0b7f175de78fce795376270ba,1.0,True,7.893853320555021e-05,0.09895694265240068,0.10054220296058367,0.09438422095087294,1.0,0.18076318485601703,0.08011146245029604,0.4431846147992307,0.0,8.168307392808182e-06,0.0,-1.7768540841490716e-06,0.0005011686961128982,0.99609375,2.914335439641036e-16
8026,four_channel_crossbar,5_to_6,4bc06c0612ebf4239fe3e527a8057f44fa78eae0b7f175de78fce795376270ba,1.0,True,7.893853320555021e-05,0.18076318485601703,0.20192881966678525,0.14701470356783602,1.0,0.2629409931974997,0.14680682063665806,0.5583261052276806,1.0,2.150417444606586e-05,0.0,1.3891753209666722e-05,0.0036895686291728096,1.0,4.440892098500626e-16
8026,four_channel_crossbar,6_to_7,4bc06c0612ebf4239fe3e527a8057f44fa78eae0b7f175de78fce795376270ba,1.0,True,7.893853320555021e-05,0.2629409931974997,0.2784983369557806,0.23152008627999873,1.0,0.308550312430204,0.19641325778083607,0.636568008095166,0.0,0.00013996169520997728,0.0,0.00019647387443929578,0.018307275978594235,1.0,3.3306690738754696e-16
8026,dual_independent_relay,4_to_5,2d7746df14f18c4cc40026f6200acc666c43f946519d5cdf91a4706649ae55ac,0.999267578125,True,2.1526177436646475e-20,1.400688707530044e-17,1.98087296685183e-17,0.0,0.0,2.1705984666104127e-17,1.933406787505236e-17,1.933406787505236e-05,0.9375,5.0286576644376445e-22,1.0,0.0,0.0,0.0,2.220446049250313e-16
8026,dual_independent_relay,5_to_6,2d7746df14f18c4cc40026f6200acc666c43f946519d5cdf91a4706649ae55ac,0.999267578125,True,2.1526177436646475e-20,2.1705984666104127e-17,3.0696897899466894e-17,0.0,0.0,2.5660011618247452e-17,2.7583428949144122e-17,2.7583428949144122e-05,0.375,3.3821360758988036e-22,0.0,0.0,0.0,0.0,2.220446049250313e-16
8026,dual_independent_relay,6_to_7,2d7746df14f18c4cc40026f6200acc666c43f946519d5cdf91a4706649ae55ac,0.999267578125,True,2.1526177436646475e-20,2.5660011618247452e-17,3.628873644117673e-17,0.0,0.0,2.922779653779865e-17,3.2205282897450954e-17,3.2205282897450956e-05,0.9375,9.072660745736524e-22,0.96875,0.0,0.0,0.0,2.220446049250313e-16
8027,distributed,4_to_5,36e91e1698364f2bab46ca807ad8fd31c787aa12950f8e40384a2badebf128f5,1.0,True,0.00015498129508967345,0.09628738025365793,0.08724817977876392,0.10248126770985452,1.0,0.17819890132931077,0.08113117271744903,0.4552843598486558,0.0,5.8670938014706225e-06,0.0,5.9504045405482994e-06,0.0003660572968867354,0.9990234375,3.3306690738754696e-16
8027,distributed,5_to_6,36e91e1698364f2bab46ca807ad8fd31c787aa12950f8e40384a2badebf128f5,1.0,True,0.00015498129508967345,0.17819890132931077,0.1669906520448948,0.18435940559679864,1.0,0.304919215388136,0.13312712705245786,0.4365980244406652,0.0,1.0553272293505986e-05,0.0,1.2471746037095705e-05,0.0016126879614814433,0.9951171875,3.885780586188048e-16
8027,distributed,6_to_7,36e91e1698364f2bab46ca807ad8fd31c787aa12950f8e40384a2badebf128f5,1.0,True,0.00015498129508967345,0.304919215388136,0.3003085730026219,0.3008860289733174,1.0,0.3883988866172762,0.20936987734346582,0.5390589019627559,0.0,3.3803100945603874e-05,0.0,4.597961687900935e-05,0.005879389188838681,1.0,4.440892098500626e-16
8027,central_shared,4_to_5,f1bd02702b29e6208a72ecdd3020e0c972f43e8b79e3b3978947cdb5932f5e45,1.0,True,0.000288043679901877,0.06459380587233257,0.06546798108887565,0.06205645312780457,1.0,0.11196375328987437,0.05813945140893668,0.519270296864857,0.0,1.8377805523005932e-07,0.0,-1.8449753009122135e-07,3.506145487978898e-07,0.98046875,2.220446049250313e-16
8027,central_shared,5_to_6,f1bd02702b29e6208a72ecdd3020e0c972f43e8b79e3b3978947cdb5932f5e45,1.0,True,0.000288043679901877,0.11196375328987437,0.10858487723647864,0.11044232692708726,1.0,0.15858200047498128,0.07967118536949847,0.5023974040614263,0.0,2.9648734362797437e-07,0.0,-2.175169020599649e-07,1.3348786472111059e-06,0.992919921875,2.220446049250313e-16
8027,central_shared,6_to_7,f1bd02702b29e6208a72ecdd3020e0c972f43e8b79e3b3978947cdb5932f5e45,1.0,True,0.000288043679901877,0.15858200047498128,0.16977857831956922,0.1382117907245695,1.0,0.1764766771883713,0.09596438362638024,0.5437794112813434,0.0,3.861651547668018e-07,0.0,-1.504591597503909e-07,1.533212241322646e-06,0.99560546875,3.3306690738754696e-16
8027,directional_relay,4_to_5,25b6c81b11429a9ce904818c045e4554be2699ab89bee2b1c91ab6ab63ad66c9,1.0,True,0.00010076237882367304,0.09557070831854357,0.07762671085509691,0.10555014672554101,1.0,0.16649270619126205,0.07649557465706734,0.4594530079245118,0.0,2.3014684711410963e-05,0.0,3.1745298272836424e-05,0.0010529932517618274,0.987548828125,3.3306690738754696e-16
8027,directional_relay,5_to_6,25b6c81b11429a9ce904818c045e4554be2699ab89bee2b1c91ab6ab63ad66c9,1.0,True,0.00010076237882367304,0.16649270619126205,0.1492874423916427,0.17333863417452966,1.0,0.2446072753179077,0.13844713965876504,0.5659976363288052,0.0,4.111958474381399e-05,0.0,5.719486494568624e-05,0.0027043467024570594,0.996337890625,3.608224830031759e-16
8027,directional_relay,6_to_7,25b6c81b11429a9ce904818c045e4554be2699ab89bee2b1c91ab6ab63ad66c9,1.0,True,0.00010076237882367304,0.2446072753179077,0.249020755718125,0.22940743081942772,1.0,0.3215000562299153,0.1871372015174653,0.582075175077535,0.0,5.4378376267355726e-05,0.0,7.441206864401267e-05,0.007794613233107612,0.99560546875,3.885780586188048e-16
8027,four_channel_crossbar,4_to_5,c14daaf641f19995afb072ab65a23d04db68a7417d3bb6f6613c48d180dd5354,1.0,True,0.00010450611126579771,0.08292763561778227,0.09498334671379363,0.0626341721366244,1.0,0.14579696860911062,0.07374414850491208,0.5058002865795107,1.0,8.87859135850041e-06,0.0,9.252585039498983e-06,0.002755433990652835,1.0,2.220446049250313e-16
8027,four_channel_crossbar,5_to_6,c14daaf641f19995afb072ab65a23d04db68a7417d3bb6f6613c48d180dd5354,1.0,True,0.00010450611126579771,0.14579696860911062,0.1796983744976752,0.09039108109488536,1.0,0.22439958418805542,0.12042981110455586,0.536675731999713,1.0,6.623164988060791e-06,0.0,3.909809507378218e-06,0.0003697437405083053,1.0,2.498001805406602e-16
8027,four_channel_crossbar,6_to_7,c14daaf641f19995afb072ab65a23d04db68a7417d3bb6f6613c48d180dd5354,1.0,True,0.00010450611126579771,0.22439958418805542,0.24820628240007236,0.1775377437231192,1.0,0.27833487440396026,0.16220409695190285,0.582765983958189,1.0,5.092450665725005e-06,0.0,-1.7734223144840303e-06,0.0001961479505080234,0.996826171875,3.3306690738754696e-16
8027,dual_independent_relay,4_to_5,56d8df9189ba14dd365ff52a1a677433116d3e4fde989d3f69210d4c9e54508e,1.0,True,7.810970902177511e-20,1.3971565434227497e-17,1.9758777324667668e-17,0.0,0.0,1.948628188180266e-17,2.064288762568557e-17,2.0642887625685572e-05,1.0,1.0111421341989354e-23,0.0,0.0,0.0,0.0,2.220446049250313e-16
8027,dual_independent_relay,5_to_6,56d8df9189ba14dd365ff52a1a677433116d3e4fde989d3f69210d4c9e54508e,1.0,True,7.810970902177511e-20,1.948628188180266e-17,2.7557764117470438e-17,0.0,0.0,2.476858892494318e-17,2.2026866690128953e-17,2.2026866690128955e-05,0.0,2.2336973080938374e-23,0.0,0.0,0.0,0.0,2.220446049250313e-16
8027,dual_independent_relay,6_to_7,56d8df9189ba14dd365ff52a1a677433116d3e4fde989d3f69210d4c9e54508e,1.0,True,7.810970902177511e-20,2.476858892494318e-17,3.502807437849868e-17,0.0,0.0,2.689165562501882e-17,2.3176803358743114e-17,2.3176803358743115e-05,1.0,3.139476234710742e-23,0.625,0.0,0.0,0.0,2.220446049250313e-16
8028,distributed,4_to_5,40d8970fb5ad154e1b3d723885c37fae31b969b26a8ba80d3a17e04af1c99ff8,1.0,True,0.0001714578161161211,0.12802678882475532,0.1226569581386156,0.12551891343790167,1.0,0.27386302782440075,0.10056314879449661,0.3672023551093471,0.0,6.6770475152665e-06,0.0,-3.3072454544924254e-06,0.0011237000826100033,0.980712890625,4.440892098500626e-16
8028,distributed,5_to_6,40d8970fb5ad154e1b3d723885c37fae31b969b26a8ba80d3a17e04af1c99ff8,1.0,True,0.0001714578161161211,0.27386302782440075,0.2465530868836694,0.2881139614157009,1.0,0.3680634326504191,0.17094612083394992,0.4644474448411502,0.0,6.489717024107349e-05,0.0,8.881907702573547e-05,0.007738607102471278,0.990478515625,3.885780586188048e-16
8028,distributed,6_to_7,40d8970fb5ad154e1b3d723885c37fae31b969b26a8ba80d3a17e04af1c99ff8,1.0,True,0.0001714578161161211,0.3680634326504191,0.32428947666246366,0.39443053914292264,1.0,0.4116246113290276,0.20182670617241277,0.4903173926378392,0.0,5.024204719632783e-05,0.0,6.701979647196781e-05,0.012202719189867614,0.98876953125,3.7470027081099033e-16
8028,central_shared,4_to_5,1d62466eb8666961ee798b458fa6a0f7e4baef0b3e28821d63b540f47a8d1788,1.0,True,0.00031591148811103357,0.10717341501512702,0.0945323143859351,0.1096805720771987,1.0,0.20110322440212305,0.07912868155426406,0.3934729629000851,0.0,1.5569799052221013e-06,0.0,-2.746379450033464e-09,2.049628653846933e-05,0.998046875,2.7755575615628914e-16
8028,central_shared,5_to_6,1d62466eb8666961ee798b458fa6a0f7e4baef0b3e28821d63b540f47a8d1788,1.0,True,0.00031591148811103357,0.20110322440212305,0.16452358133317652,0.21042267265329578,1.0,0.26039284244023697,0.12442936118950504,0.47785246331439757,0.0,1.5926186469878434e-06,0.0,-4.210544978962787e-07,0.0005936097755855569,1.0,2.7755575615628914e-16
8028,central_shared,6_to_7,1d62466eb8666961ee798b458fa6a0f7e4baef0b3e28821d63b540f47a8d1788,1.0,True,0.00031591148811103357,0.26039284244023697,0.20864108730027425,0.27276606138002135,1.0,0.2843703255313669,0.14997734569953938,0.5274015332622899,0.0,6.9549309666493795e-06,0.0,7.3120132406841945e-06,0.0016154066524675414,1.0,3.3306690738754696e-16
8028,directional_relay,4_to_5,49d2af68a287fe4137d99273e7fb67331f00268b3f1784f1c1ae12d9c044aab7,1.0,True,0.00014938699823565814,0.028015860596302296,0.025967159779894337,0.025506237845765056,1.0,0.075407850782477,0.025537404203769647,0.33865710186377485,1.0,4.0099756566349315e-07,0.0,-4.699231390944837e-08,3.5010940489908276e-07,0.9814453125,2.220446049250313e-16
8028,directional_relay,5_to_6,49d2af68a287fe4137d99273e7fb67331f00268b3f1784f1c1ae12d9c044aab7,1.0,True,0.00014938699823565814,0.075407850782477,0.07705193334862588,0.0638031266524263,1.0,0.10988812104834128,0.053901303486770996,0.4905107392186557,0.0,1.1899404395608204e-06,0.0,7.750734779505122e-07,3.970718140575951e-06,1.0,3.3306690738754696e-16
8028,directional_relay,6_to_7,49d2af68a287fe4137d99273e7fb67331f00268b3f1784f1c1ae12d9c044aab7,1.0,True,0.00014938699823565814,0.10988812104834128,0.11295803189426233,0.10243246157535973,1.0,0.14767047130141459,0.08239745422132409,0.557981927565872,1.0,1.5364508628140856e-06,0.0,5.276354242145441e-07,1.3825362475878222e-05,1.0,2.220446049250313e-16
8028,four_channel_crossbar,4_to_5,9c842e9e2935cdf0e182abbabbe26684563225048a3319d4f1de80b83086a5e1,1.0,True,0.00015326833233026386,0.04319095957231521,0.04054351606115616,0.03917679045376962,1.0,0.08789143014874934,0.03542731050628107,0.40308037366468075,0.0,3.301750906717471e-08,0.0,-1.6404224224127073e-08,2.4837808066901195e-08,0.978271484375,2.220446049250313e-16
8028,four_channel_crossbar,5_to_6,9c842e9e2935cdf0e182abbabbe26684563225048a3319d4f1de80b83086a5e1,1.0,True,0.00015326833233026386,0.08789143014874934,0.08549350270899028,0.08140361252692566,1.0,0.12682255256564487,0.059091781139085295,0.46594063866124036,0.0,7.367146914515674e-08,0.0,-3.665230119374702e-08,1.2017700212542487e-07,0.990966796875,3.3306690738754696e-16
8028,four_channel_crossbar,6_to_7,9c842e9e2935cdf0e182abbabbe26684563225048a3319d4f1de80b83086a5e1,1.0,True,0.00015326833233026386,0.12682255256564487,0.12589818080705772,0.12223086755987508,1.0,0.17353164473888766,0.08567988826998821,0.49374215520696746,0.0,1.405059786976989e-07,0.0,-4.13746694454379e-08,2.950693616977925e-07,0.993408203125,2.7755575615628914e-16
8028,dual_independent_relay,4_to_5,6111a3483fc5d4505d98bbec2bdea93a967b0f1a2552e4b4f94326d1633799ff,0.999755859375,True,1.0282139521187609e-20,1.968628109719812e-17,2.7840605720346673e-17,0.0,0.0,2.05032636231878e-17,2.224529167354121e-17,2.224529167354121e-05,1.0,3.943445754505742e-21,1.0,0.0,0.0,0.0,1.6653345369377348e-16
8028,dual_independent_relay,5_to_6,6111a3483fc5d4505d98bbec2bdea93a967b0f1a2552e4b4f94326d1633799ff,0.999755859375,True,1.0282139521187609e-20,2.05032636231878e-17,2.899599348882311e-17,0.0,0.0,2.6532497232717042e-17,2.3806412545725735e-17,2.3806412545725736e-05,1.0,4.9685122078323786e-21,1.0,0.0,0.0,0.0,2.220446049250313e-16
8028,dual_independent_relay,6_to_7,6111a3483fc5d4505d98bbec2bdea93a967b0f1a2552e4b4f94326d1633799ff,0.999755859375,True,1.0282139521187609e-20,2.6532497232717042e-17,3.7522617430135046e-17,0.0,0.0,2.6102649142426967e-17,2.5742140681658933e-17,2.5742140681658934e-05,0.0,5.6616766162073145e-21,1.0,0.0,0.0,0.0,2.220446049250313e-16
8029,distributed,4_to_5,aea3665a4e131ad18d24237846039299de2f86ca6438d04ccd0b40929677606d,1.0,True,8.810135214687929e-05,0.0712814967858377,0.07265153804448471,0.06367651798167943,1.0,0.10549575151698173,0.057623840453961746,0.546219536098437,0.1875,2.5828435323944755e-06,0.78125,3.005697609950698e-06,1.3536784639332303e-05,0.998291015625,2.220446049250313e-16
8029,distributed,5_to_6,aea3665a4e131ad18d24237846039299de2f86ca6438d04ccd0b40929677606d,1.0,True,8.810135214687929e-05,0.10549575151698173,0.10322691966350198,0.10435446359407924,1.0,0.14256087968802425,0.07491588820384606,0.5255010236173461,0.0,1.3866073538270405e-06,0.0,9.732604632583153e-07,1.151758848187922e-05,1.0,2.220446049250313e-16
8029,distributed,6_to_7,aea3665a4e131ad18d24237846039299de2f86ca6438d04ccd0b40929677606d,1.0,True,8.810135214687929e-05,0.14256087968802425,0.1532307190768573,0.1264578364368687,1.0,0.18535326305389938,0.09422930514838641,0.5083768345690532,0.0,4.034776119242589e-06,0.0,4.872686178321935e-06,5.291480659885521e-05,1.0,2.7755575615628914e-16
8029,central_shared,4_to_5,f2ade00b958c9fdcfe6e56c1efcba48275324e8236900bf953a8ac5dee26e3b4,1.0,True,0.00015201621426838015,0.05230905161392044,0.04138225667733034,0.05966787323629018,1.0,0.08929593846817384,0.04893784413170246,0.54804109762668,0.0,1.4144490471489248e-07,0.0,2.9273545721533838e-08,3.534987394982566e-07,0.91650390625,2.220446049250313e-16
8029,central_shared,5_to_6,f2ade00b958c9fdcfe6e56c1efcba48275324e8236900bf953a8ac5dee26e3b4,1.0,True,0.00015201621426838015,0.08929593846817384,0.0792048202745431,0.09146460002383805,1.0,0.1469456101494961,0.0761482850821818,0.5182072809436896,0.96875,3.0027666513057316e-07,0.0,2.1858230836031595e-07,8.480953181754961e-07,0.9970703125,2.220446049250313e-16
8029,central_shared,6_to_7,f2ade00b958c9fdcfe6e56c1efcba48275324e8236900bf953a8ac5dee26e3b4,1.0,True,0.00015201621426838015,0.1469456101494961,0.13570900949870293,0.13545896980091476,1.0,0.1762299224508041,0.11190430675591549,0.634990387555521,0.0,5.802486343873797e-07,0.0,4.694154961603693e-07,3.0921850019609605e-06,0.987548828125,2.220446049250313e-16
8029,directional_relay,4_to_5,3694f02d2abf604aebfbc86cb95fcc00daf5d5c612f325006c49846497819590,1.0,True,0.00019087190082206235,0.02632362855228623,0.024621950672761787,0.0228586002869445,1.0,0.0586071538496217,0.018801488660001024,0.3208053526749173,0.0,4.7422592901934615e-08,0.0,-1.623789876845729e-08,-1.3086315023117587e-08,0.638916015625,2.220446049250313e-16
8029,directional_relay,5_to_6,3694f02d2abf604aebfbc86cb95fcc00daf5d5c612f325006c49846497819590,1.0,True,0.00019087190082206235,0.0586071538496217,0.05839360591793041,0.05037947548843,1.0,0.10807516542804166,0.04346261678697137,0.4021517488761981,0.0,9.974918318707354e-08,0.0,-8.755755637629566e-08,-5.2652973079897676e-08,0.769287109375,2.7755575615628914e-16
8029,directional_relay,6_to_7,3694f02d2abf604aebfbc86cb95fcc00daf5d5c612f325006c49846497819590,1.0,True,0.00019087190082206235,0.10807516542804166,0.12315046996294124,0.08524442717079342,1.0,0.16382666210018448,0.08382227737831935,0.5116522323274811,1.0,2.650168986190985e-07,0.0,1.9360426410844218e-08,5.868009594605358e-06,0.86083984375,2.220446049250313e-16
8029,four_channel_crossbar,4_to_5,32a58d587e4e5fdc05cdb448af91318efd0b122a268cbc7af3bb81a9a0baa4bc,1.0,True,0.0002688340034022788,0.08545367462152131,0.07855538513653454,0.08734245418515282,1.0,0.1358334057881001,0.07517805733749083,0.5534577956086036,0.78125,3.0656509366449555e-08,0.0,-6.277476312017639e-09,6.265384408981512e-05,0.81103515625,2.7755575615628914e-16
8029,four_channel_crossbar,5_to_6,32a58d587e4e5fdc05cdb448af91318efd0b122a268cbc7af3bb81a9a0baa4bc,1.0,True,0.0002688340034022788,0.1358334057881001,0.11042949084258025,0.15204046699949997,1.0,0.19752726836422352,0.1132501282755371,0.5733392114080851,1.0,1.0388740953470991e-07,0.0,9.223969938057254e-08,0.0005773331548497573,0.9677734375,3.3306690738754696e-16
8029,four_channel_crossbar,6_to_7,32a58d587e4e5fdc05cdb448af91318efd0b122a268cbc7af3bb81a9a0baa4bc,1.0,True,0.0002688340034022788,0.19752726836422352,0.16487806679424374,0.2133047224245787,1.0,0.2495522824712804,0.15668517384655353,0.6278651202662735,1.0,0.00010058305646810823,0.0,0.0001583945877193822,0.0007385970991904746,0.951416015625,3.3306690738754696e-16
8029,dual_independent_relay,4_to_5,977eff0ab8784bb3567b051cc78c008843366201984964d276ba9f16c51763e2,1.0,True,2.688440846296798e-20,1.7699067767082025e-17,2.5030261677567892e-17,0.0,0.0,2.1371352276152684e-17,2.3148156964650785e-17,2.3148156964650786e-05,0.0,4.0715017206403433e-22,0.0,0.0,0.0,0.0,2.220446049250313e-16
8029,dual_independent_relay,5_to_6,977eff0ab8784bb3567b051cc78c008843366201984964d276ba9f16c51763e2,1.0,True,2.688440846296798e-20,2.1371352276152684e-17,3.022365623518824e-17,0.0,0.0,2.4346248298155555e-17,2.4105458855125148e-17,2.4105458855125148e-05,0.09375,2.1467767008064963e-22,0.0,0.0,0.0,0.0,2.220446049250313e-16
8029,dual_independent_relay,6_to_7,977eff0ab8784bb3567b051cc78c008843366201984964d276ba9f16c51763e2,1.0,True,2.688440846296798e-20,2.4346248298155555e-17,3.443079453615447e-17,0.0,0.0,2.6866582395278186e-17,2.3295917825343228e-17,2.3295917825343227e-05,0.0,7.605608673450063e-22,0.25,0.0,0.0,0.0,2.220446049250313e-16
8030,distributed,4_to_5,a51460c37c8ca2057fe72cbc011e2830acde60f65fbbac18ff6a8f45707ad6df,1.0,True,0.00015803967741600164,0.06105537454644543,0.05106212118838818,0.06650860800906355,1.0,0.133570401298439,0.05298094401680989,0.3966518293108479,0.09375,9.087577649565599e-07,0.0,2.802888492141407e-07,1.359855161678404e-05,1.0,2.220446049250313e-16
8030,distributed,5_to_6,a51460c37c8ca2057fe72cbc011e2830acde60f65fbbac18ff6a8f45707ad6df,1.0,True,0.00015803967741600164,0.133570401298439,0.11792768565872612,0.13921629713407727,1.0,0.22561535882986727,0.10687561785208564,0.4737071908862319,0.96875,2.8425140056773267e-06,0.0,2.7369520520555403e-06,0.000583345746273097,1.0,3.3306690738754696e-16
8030,distributed,6_to_7,a51460c37c8ca2057fe72cbc011e2830acde60f65fbbac18ff6a8f45707ad6df,1.0,True,0.00015803967741600164,0.22561535882986727,0.23585235946603006,0.19446218337843066,1.0,0.2945338842211415,0.14601859611625417,0.49576162179907524,0.0,3.3515633305362587e-06,0.0,2.757358350342535e-06,0.0003547320760544436,1.0,3.3306690738754696e-16
8030,central_shared,4_to_5,1ef14de4eee4a9ae601cfcabd146fde3aa1912f7a91be14b76303311183d77a5,1.0,True,0.0003314961115814814,0.08309777902418228,0.05972491291172498,0.09794552709836865,1.0,0.130285887779301,0.06883608624851548,0.5283464496563205,0.0,1.0080393632677569e-05,0.0,6.563595098900267e-06,0.0021486806957571407,1.0,3.3306690738754696e-16
8030,central_shared,5_to_6,1ef14de4eee4a9ae601cfcabd146fde3aa1912f7a91be14b76303311183d77a5,1.0,True,0.0003314961115814814,0.130285887779301,0.08542966557593758,0.1593878881923131,1.0,0.15760382755285224,0.09830985712483753,0.6237783602804281,0.0,1.0309817328989786e-05,0.0,3.2431066822242077e-06,0.0009831787496430457,0.995849609375,3.3306690738754696e-16
8030,central_shared,6_to_7,1ef14de4eee4a9ae601cfcabd146fde3aa1912f7a91be14b76303311183d77a5,1.0,True,0.0003314961115814814,0.15760382755285224,0.12009682293047852,0.1823467327628976,1.0,0.17972107444504554,0.12953413031558517,0.7207509231489357,1.0,2.3024956482039258e-05,0.0,2.296175887886283e-05,0.0010516429146618825,1.0,3.3306690738754696e-16
8030,directional_relay,4_to_5,05d0d080ecb3be6e8bbe27fa389859820a03a95f6739d61f3c90d28d9602c03a,1.0,True,8.556009656157178e-05,0.05551741205516645,0.0585314281472302,0.04088707222773968,1.0,0.09436498753506287,0.04277292240264548,0.45327110743009946,0.9375,2.8304799877209507e-07,0.0,4.212467429414418e-08,4.024353953236472e-07,0.88818359375,2.7755575615628914e-16
8030,directional_relay,5_to_6,05d0d080ecb3be6e8bbe27fa389859820a03a95f6739d61f3c90d28d9602c03a,1.0,True,8.556009656157178e-05,0.09436498753506287,0.09719261371196157,0.08107694420606237,1.0,0.13304829784216785,0.06183037034497923,0.464721242945379,0.0,6.993751788049345e-07,0.0,5.294752293579131e-07,1.3767067899142343e-06,0.9892578125,2.220446049250313e-16
8030,directional_relay,6_to_7,05d0d080ecb3be6e8bbe27fa389859820a03a95f6739d61f3c90d28d9602c03a,1.0,True,8.556009656157178e-05,0.13304829784216785,0.14896910920960948,0.11027741108839906,1.0,0.17085771515821405,0.08074209932235804,0.4725692325195321,1.0,8.511400430235118e-07,0.0,5.36900572163916e-07,6.874230995537732e-06,0.99853515625,2.220446049250313e-16
8030,four_channel_crossbar,4_to_5,946688a7d46eb7357e3e2500e69896762dd239ac614e0d12791fbc587c448268,1.0,True,7.088356762361263e-05,0.030117547231701847,0.03317242822081965,0.02086336876067834,1.0,0.06776255758781546,0.02211653844031926,0.3263828761430351,0.0,3.118044605504948e-08,0.0,1.8205431434545476e-08,3.216535296701535e-08,0.852783203125,2.7755575615628914e-16
8030,four_channel_crossbar,5_to_6,946688a7d46eb7357e3e2500e69896762dd239ac614e0d12791fbc587c448268,1.0,True,7.088356762361263e-05,0.06776255758781546,0.0703053144485834,0.05468402132121486,1.0,0.09741417100424343,0.04239802274257695,0.4352346512370368,0.0,1.0722461264784323e-07,0.0,1.0416591541160573e-07,1.7244520108297513e-07,0.975341796875,2.220446049250313e-16
8030,four_channel_crossbar,6_to_7,946688a7d46eb7357e3e2500e69896762dd239ac614e0d12791fbc587c448268,1.0,True,7.088356762361263e-05,0.09741417100424343,0.09414815222004846,0.09543307800599812,1.0,0.13429012275428817,0.05893672970346871,0.43887613247108104,1.0,2.1307357873374554e-07,0.0,1.826554077108871e-07,8.891562965828272e-07,1.0,2.220446049250313e-16
8030,dual_independent_relay,4_to_5,0e276cd59ed623b69748916d2e9a044e4f2f4dea121e9be4cd091836e23604d0,0.999755859375,True,1.8983866110190577e-20,1.5555885658806075e-17,2.1999344473408683e-17,0.0,0.0,2.0155716664204008e-17,1.92074176616078e-17,1.92074176616078e-05,0.0,1.4124157426956964e-21,0.0,0.0,0.0,0.0,2.220446049250313e-16
8030,dual_independent_relay,5_to_6,0e276cd59ed623b69748916d2e9a044e4f2f4dea121e9be4cd091836e23604d0,0.999755859375,True,1.8983866110190577e-20,2.0155716664204008e-17,2.8504487865866705e-17,0.0,0.0,2.2229699355253978e-17,2.7534897857134773e-17,2.7534897857134775e-05,1.0,1.1191425185125239e-21,0.0,0.0,0.0,0.0,2.220446049250313e-16
8030,dual_independent_relay,6_to_7,0e276cd59ed623b69748916d2e9a044e4f2f4dea121e9be4cd091836e23604d0,0.999755859375,True,1.8983866110190577e-20,2.2229699355253978e-17,3.143754231567662e-17,0.0,0.0,2.7339715665007265e-17,2.624597296307845e-17,2.624597296307845e-05,0.84375,1.6761064893992055e-21,0.15625,0.0,0.0,0.0,2.220446049250313e-16
8031,distributed,4_to_5,fa7d8de07194c0b1857e5df04b724d37b727389eea23cb44a3f4ca5af342e27b,1.0,True,0.00011280984435802891,0.08043483879840853,0.07101051528434571,0.0835059331322,1.0,0.1612320452321322,0.06930366060714063,0.4298380046433164,0.0,4.269256189996994e-06,0.0,4.822263482636732e-06,5.576905408499031e-05,1.0,3.3306690738754696e-16
8031,distributed,5_to_6,fa7d8de07194c0b1857e5df04b724d37b727389eea23cb44a3f4ca5af342e27b,1.0,True,0.00011280984435802891,0.1612320452321322,0.1466894810196985,0.16164621719786393,1.0,0.24196880648564323,0.12541665388945336,0.518317446413882,0.0,6.71791395210461e-06,0.0,8.056245313886628e-06,9.410815300789692e-05,1.0,3.3306690738754696e-16
8031,distributed,6_to_7,fa7d8de07194c0b1857e5df04b724d37b727389eea23cb44a3f4ca5af342e27b,1.0,True,0.00011280984435802891,0.24196880648564323,0.2556345932247174,0.21681238584738804,1.0,0.2765796299949358,0.15710911316682333,0.568042965310569,0.0,3.740053540344828e-05,0.0,5.505543014961842e-05,0.0002296265671126496,1.0,4.440892098500626e-16
8031,central_shared,4_to_5,dc877bb609486a6d0a9d8af49d9f5161a2fa1b42db91f11f07c2fc0a73915b39,0.999755859375,True,0.0001486977694985253,0.09642528830709751,0.09952254398189052,0.0840332293978636,1.0,0.16550046919657835,0.0894749626902313,0.5406326829439656,1.0,6.39563973743034e-05,0.0,7.226397734878709e-05,0.0004282115329431644,1.0,3.3306690738754696e-16
8031,central_shared,5_to_6,dc877bb609486a6d0a9d8af49d9f5161a2fa1b42db91f11f07c2fc0a73915b39,0.999755859375,True,0.0001486977694985253,0.16550046919657835,0.18321590097451185,0.13278053079918858,1.0,0.22323775201526855,0.1391782788323856,0.6234531461455783,1.0,0.00011627815156339074,0.0,0.0001493166460812175,0.0005589712743192961,1.0,4.440892098500626e-16
8031,central_shared,6_to_7,dc877bb609486a6d0a9d8af49d9f5161a2fa1b42db91f11f07c2fc0a73915b39,0.999755859375,True,0.0001486977694985253,0.22323775201526855,0.25030685376387496,0.1777633923958088,1.0,0.26277976207676745,0.16333348118498492,0.6215603511250205,1.0,8.467013958391241e-05,0.0,9.272310814516409e-05,0.0041568201142118824,1.0,4.440892098500626e-16
8031,directional_relay,4_to_5,a82113afe822c7721a862a67e4b1491da51a4ec7560594de1126f343b66aad4f,1.0,True,0.0003801186534017817,0.06131428525767381,0.07277180774720562,0.03981490998069941,1.0,0.1264623912306689,0.044612753170663384,0.3527748663971504,0.0,4.550229710319952e-06,0.0,2.6750912251651145e-06,2.73856919705722e-05,0.997802734375,2.220446049250313e-16
8031,directional_relay,5_to_6,a82113afe822c7721a862a67e4b1491da51a4ec7560594de1126f343b66aad4f,1.0,True,0.0003801186534017817,0.1264623912306689,0.14886805161950972,0.08540472563364415,1.0,0.17136257501520008,0.08854252466006632,0.5166969780432658,1.0,8.228179815591177e-06,0.0,5.746142692337461e-06,0.00033117105523329445,1.0,3.3306690738754696e-16
8031,directional_relay,6_to_7,a82113afe822c7721a862a67e4b1491da51a4ec7560594de1126f343b66aad4f,1.0,True,0.0003801186534017817,0.17136257501520008,0.19671311489538756,0.12426405636852436,1.0,0.18583973175532573,0.09435252583136401,0.5077091154844507,0.0,1.2386362940635648e-05,0.0,6.302147042051666e-06,0.0003687896799831288,0.998779296875,3.3306690738754696e-16
8031,four_channel_crossbar,4_to_5,ae0ed1c8d6ea944e05f7a553685629283bf9f03a543705900341cffc00fe3079,1.0,True,0.00029591280132436435,0.05695962012496719,0.05559230263915771,0.05099446767836888,1.0,0.1033506074993698,0.04895935324372049,0.47372100104993603,1.0,6.267024126883318e-06,0.0,2.1375797569667622e-06,1.8650361310444792e-05,1.0,2.220446049250313e-16
8031,four_channel_crossbar,5_to_6,ae0ed1c8d6ea944e05f7a553685629283bf9f03a543705900341cffc00fe3079,1.0,True,0.00029591280132436435,0.1033506074993698,0.10488267714714897,0.09639212227525115,1.0,0.1759546776702593,0.0842717350573784,0.47894000985472185,1.0,1.4542041575264726e-05,0.0,3.872828483907698e-06,5.8153387928315844e-05,1.0,3.3306690738754696e-16
8031,four_channel_crossbar,6_to_7,ae0ed1c8d6ea944e05f7a553685629283bf9f03a543705900341cffc00fe3079,1.0,True,0.00029591280132436435,0.1759546776702593,0.1852264074231882,0.15813065259242765,1.0,0.23129502051897832,0.11891840785191102,0.5141416688741618,1.0,3.225361619617166e-05,0.0,2.0074315121508644e-05,0.000267512082936727,1.0,3.3306690738754696e-16
8031,dual_independent_relay,4_to_5,e590773f0d49d4fa3f1a6803b2d675e6fd26f47e3ebc9f138c40c79c8e4d2995,1.0,True,7.434694682687415e-21,1.527574052399279e-17,2.1603159424322894e-17,0.0,0.0,2.3023325372445877e-17,1.773066141304476e-17,1.773066141304476e-05,1.0,1.925906081344853e-23,0.0,0.0,0.0,0.0,2.220446049250313e-16
8031,dual_independent_relay,5_to_6,e590773f0d49d4fa3f1a6803b2d675e6fd26f47e3ebc9f138c40c79c8e4d2995,1.0,True,7.434694682687415e-21,2.3023325372445877e-17,3.2559898992641546e-17,0.0,0.0,2.8146395938842414e-17,2.3059068915737532e-17,2.305906891573753e-05,0.9375,6.45893897355671e-23,1.0,0.0,0.0,0.0,2.220446049250313e-16
8031,dual_independent_relay,6_to_7,e590773f0d49d4fa3f1a6803b2d675e6fd26f47e3ebc9f138c40c79c8e4d2995,1.0,True,7.434694682687415e-21,2.8146395938842414e-17,3.9805014868633943e-17,0.0,0.0,3.2097590098552636e-17,2.12776736327633e-17,2.1277673632763303e-05,0.0,1.365374759434275e-23,0.0,0.0,0.0,0.0,2.220446049250313e-16
8032,distributed,4_to_5,37c8b1d846eddee987a671ee1f4c52db8a20b1a684507bbe13bcc13e6f2cac50,0.99951171875,True,0.00011933794177598508,0.11119118657465679,0.10999466611320081,0.10714220216007336,1.0,0.1827744304674262,0.08500527095788432,0.4650829480934087,0.0,6.45875964267404e-05,0.0,-4.405468995602341e-05,0.0047649892337242655,1.0,3.3306690738754696e-16
8032,distributed,5_to_6,37c8b1d846eddee987a671ee1f4c52db8a20b1a684507bbe13bcc13e6f2cac50,0.99951171875,True,0.00011933794177598508,0.1827744304674262,0.18362699330374535,0.1691708533096127,1.0,0.2626582704241239,0.14258712309122654,0.5428617300379917,1.0,0.0001366280363498969,0.0,4.3941875826738694e-05,0.030990029160996888,1.0,4.0939474033052647e-16
8032,distributed,6_to_7,37c8b1d846eddee987a671ee1f4c52db8a20b1a684507bbe13bcc13e6f2cac50,0.99951171875,True,0.00011933794177598508,0.2626582704241239,0.226631103397213,0.2855130490274987,1.0,0.3185473999718339,0.1920824686109705,0.6029949345935786,1.0,0.0025398604414281893,0.0,0.011537425273088079,0.08334115678215116,1.0,3.885780586188048e-16
8032,central_shared,4_to_5,4a19f4072757c4eb10e5478b1c7282fae6890ff46bda2da60fbb17ffeb96c797,1.0,True,0.00015183788219214457,0.07210079559872087,0.07988932627022799,0.061106646860273145,1.0,0.13030286009101005,0.0612993604869825,0.4704375670968999,0.0,4.251227171734877e-07,0.0,-5.235251908278204e-07,6.572199997907664e-05,0.893798828125,2.220446049250313e-16
8032,central_shared,5_to_6,4a19f4072757c4eb10e5478b1c7282fae6890ff46bda2da60fbb17ffeb96c797,1.0,True,0.00015183788219214457,0.13030286009101005,0.13259600599447469,0.12117764503641018,1.0,0.17688368200509635,0.10581438232114737,0.5982144939638845,1.0,3.103296199849068e-07,0.0,-1.445946354845043e-07,0.00019481253466815786,0.9384765625,3.3306690738754696e-16
8032,central_shared,6_to_7,4a19f4072757c4eb10e5478b1c7282fae6890ff46bda2da60fbb17ffeb96c797,1.0,True,0.00015183788219214457,0.17688368200509635,0.1554627591597862,0.1877047896572755,1.0,0.23248820661907937,0.12881818174972814,0.5540848012165643,1.0,7.294601491500401e-07,0.0,-4.646714893740972e-07,0.0015919857991822817,0.989013671875,3.3306690738754696e-16
8032,directional_relay,4_to_5,fd05e82eaabe51e677ca574ed8a68327892d018e21d0847a65d66a4edc8dc1a7,1.0,True,9.497985788684697e-05,0.03983054849174969,0.043279840575477985,0.02839901837621604,1.0,0.05312196582046534,0.033541554490559844,0.6314064995997926,0.9375,7.428421570896074e-07,0.0,-1.0072414909944055e-06,1.0062258453829837e-06,0.885009765625,2.220446049250313e-16
8032,directional_relay,5_to_6,fd05e82eaabe51e677ca574ed8a68327892d018e21d0847a65d66a4edc8dc1a7,1.0,True,9.497985788684697e-05,0.05312196582046534,0.06418150249323351,0.031671617135725055,1.0,0.057144617241325676,0.040368646174968596,0.706429548814528,1.0,9.111998227117183e-07,0.0,-1.2899380120583516e-06,3.6148061094238923e-06,0.93505859375,2.220446049250313e-16
8032,directional_relay,6_to_7,fd05e82eaabe51e677ca574ed8a68327892d018e21d0847a65d66a4edc8dc1a7,1.0,True,9.497985788684697e-05,0.057144617241325676,0.0644046301505555,0.045718652722765825,1.0,0.07564889443426925,0.039513905376556586,0.5223328863171942,1.0,1.409813173783982e-06,0.0,-1.8782850314907725e-06,9.771327552021222e-07,0.983154296875,2.220446049250313e-16
8032,four_channel_crossbar,4_to_5,b0b43287b15994649d87eeddfc58dd3726b185cb67ad01cab40c57c42da1b192,1.0,True,9.53702892451311e-05,0.06657853056890316,0.06852440673972482,0.053689560748951495,1.0,0.1368310970342014,0.0502801248709311,0.36746124207688996,0.0,2.459528864625344e-07,0.0,4.562241408124044e-08,3.438385831550437e-05,0.959716796875,3.3306690738754696e-16
8032,four_channel_crossbar,5_to_6,b0b43287b15994649d87eeddfc58dd3726b185cb67ad01cab40c57c42da1b192,1.0,True,9.53702892451311e-05,0.1368310970342014,0.13062429975391662,0.13356641070611172,1.0,0.22119550687589506,0.108926361980372,0.49244382726764296,1.0,1.3428938845324868e-06,0.0,1.5155127504600397e-06,0.003486127452836607,0.99072265625,3.608224830031759e-16
8032,four_channel_crossbar,6_to_7,b0b43287b15994649d87eeddfc58dd3726b185cb67ad01cab40c57c42da1b192,1.0,True,9.53702892451311e-05,0.22119550687589506,0.23319750752416307,0.1986652639223469,1.0,0.2712001494987655,0.1688588594101776,0.6226355690520968,1.0,0.0005918594876762355,1.0,0.0012070187678892316,0.0062666388324620044,0.996337890625,3.885780586188048e-16
8032,dual_independent_relay,4_to_5,19e37832d4816c7f9808f751effab3cfa1ca50dc063ae8eee83f0a8f0cb4a8e7,1.0,True,8.007425523068858e-21,1.7898906635865252e-17,2.5312876516090427e-17,0.0,0.0,2.2684659389267645e-17,2.37545291535439e-17,2.37545291535439e-05,0.25,3.9026153308932094e-24,0.0,0.0,0.0,0.0,2.220446049250313e-16
8032,dual_independent_relay,5_to_6,19e37832d4816c7f9808f751effab3cfa1ca50dc063ae8eee83f0a8f0cb4a8e7,1.0,True,8.007425523068858e-21,2.2684659389267645e-17,3.208095296611648e-17,0.0,0.0,2.43287824014909e-17,2.3415596950309997e-17,2.3415596950309996e-05,0.0,6.178561872850877e-24,0.0,0.0,0.0,0.0,2.220446049250313e-16
8032,dual_independent_relay,6_to_7,19e37832d4816c7f9808f751effab3cfa1ca50dc063ae8eee83f0a8f0cb4a8e7,1.0,True,8.007425523068858e-21,2.43287824014909e-17,3.440609402821231e-17,0.0,0.0,2.3345567058337527e-17,2.5560324722163722e-17,2.5560324722163722e-05,0.0625,9.091447331458472e-24,0.625,0.0,0.0,0.0,2.220446049250313e-16
8033,distributed,4_to_5,a18d7bd4fb4696f0452857000cc8b9a0c39748150d73543ae4930a82aba932f6,1.0,True,0.00022177654521784047,0.09455628217437176,0.08052239844264308,0.10242927131316673,1.0,0.19008806271363682,0.09143772416954635,0.48102822904400433,1.0,7.218223472889318e-06,0.0,6.430509169796947e-06,7.007284761355041e-05,0.99853515625,3.3306690738754696e-16
8033,distributed,5_to_6,a18d7bd4fb4696f0452857000cc8b9a0c39748150d73543ae4930a82aba932f6,1.0,True,0.00022177654521784047,0.19008806271363682,0.1847083385260746,0.189955583087407,1.0,0.29988977216084356,0.159910928728007,0.5332323525933389,0.84375,4.3322076306714544e-05,0.0,6.113957651396874e-05,0.0005648731708572149,1.0,4.440892098500626e-16
8033,distributed,6_to_7,a18d7bd4fb4696f0452857000cc8b9a0c39748150d73543ae4930a82aba932f6,1.0,True,0.00022177654521784047,0.29988977216084356,0.2956239352212976,0.277808944297918,1.0,0.35331672594658475,0.22526322340751537,0.6375673917050029,0.0,0.006442006510785796,1.0,0.018691791379090973,0.006183961804520208,1.0,4.440892098500626e-16
8033,central_shared,4_to_5,3a24ef45a0ac433dc2a6164ee0331a41ddf87674bc81bffa7eb73c3fd00c0b2c,0.999267578125,True,0.0004776536046758748,0.06469785955915328,0.07340248678555063,0.0485535020910686,1.0,0.10945350472041977,0.06156591905961342,0.5624846752680329,1.0,4.633699676459176e-06,0.0,9.523907999503504e-07,3.4844796952594386e-06,1.0,2.3592239273284576e-16
8033,central_shared,5_to_6,3a24ef45a0ac433dc2a6164ee0331a41ddf87674bc81bffa7eb73c3fd00c0b2c,0.999267578125,True,0.0004776536046758748,0.10945350472041977,0.12933615834776027,0.07722785615064826,1.0,0.16035176042312477,0.09268100793182409,0.5779855967110312,1.0,4.0610001250050476e-06,0.0,-3.5228884218934825e-06,1.0212848452751114e-05,1.0,2.220446049250313e-16
8033,central_shared,6_to_7,3a24ef45a0ac433dc2a6164ee0331a41ddf87674bc81bffa7eb73c3fd00c0b2c,0.999267578125,True,0.0004776536046758748,0.16035176042312477,0.19575199127985937,0.1073755180906018,1.0,0.1852060582802662,0.1076711569159875,0.5813587196648411,0.0,6.0117024314467925e-06,0.0,-4.695233273602587e-06,9.204284012845628e-05,1.0,3.3306690738754696e-16
8033,directional_relay,4_to_5,f8d5cf949d49da14c02688a386e4c1a52b88446a7ef1fe7cbfc95ab217364f25,1.0,True,0.00010567562597487643,0.04669828152050334,0.044119956744697084,0.04329851623190853,1.0,0.08113303438488198,0.0378626964174205,0.4666742308417309,1.0,2.172389330829288e-06,0.0,1.3712164112971375e-07,1.2068179850525437e-05,0.94384765625,2.220446049250313e-16
8033,directional_relay,5_to_6,f8d5cf949d49da14c02688a386e4c1a52b88446a7ef1fe7cbfc95ab217364f25,1.0,True,0.00010567562597487643,0.08113303438488198,0.08156029270824869,0.0736393267872884,1.0,0.11704298686198994,0.05980361675912066,0.5109542943366396,1.0,8.574613092764897e-06,0.0,-6.9328532862797355e-06,5.104435377219347e-06,0.998779296875,3.3306690738754696e-16
8033,directional_relay,6_to_7,f8d5cf949d49da14c02688a386e4c1a52b88446a7ef1fe7cbfc95ab217364f25,1.0,True,0.00010567562597487643,0.11704298686198994,0.11727579000197533,0.11058537495111913,1.0,0.1564685551135584,0.09390664217563763,0.6001630302490112,1.0,9.21807887815597e-06,0.0,-8.680420330849166e-06,2.1294730450350457e-05,1.0,2.7755575615628914e-16
8033,four_channel_crossbar,4_to_5,913a29c1b44e50af0a4de4d087ad0427aefeb591edd0766350d5aba05a14328b,1.0,True,0.0001018567423189836,0.041522428335610206,0.04381064685598965,0.03403622308697165,1.0,0.0634065831454591,0.031431156293278736,0.4957080910853291,0.0,1.6368444944749392e-07,0.0,-1.4318546795712486e-07,-1.3825292550979295e-08,0.99560546875,2.220446049250313e-16
8033,four_channel_crossbar,5_to_6,913a29c1b44e50af0a4de4d087ad0427aefeb591edd0766350d5aba05a14328b,1.0,True,0.0001018567423189836,0.0634065831454591,0.07535819096294008,0.04479477395231905,1.0,0.1001534281446036,0.045810193947566746,0.45740015889845564,0.25,2.146272031181118e-07,0.0,-1.842548260290722e-07,1.9674238377871113e-07,1.0,2.220446049250313e-16
8033,four_channel_crossbar,6_to_7,913a29c1b44e50af0a4de4d087ad0427aefeb591edd0766350d5aba05a14328b,1.0,True,0.0001018567423189836,0.1001534281446036,0.11258328281155808,0.0795426159674322,1.0,0.16127224553164485,0.07842303590091265,0.4862773234314796,1.0,4.455460641670961e-07,0.0,1.3696765522581454e-07,1.5771689467665843e-05,1.0,2.7755575615628914e-16
8033,dual_independent_relay,4_to_5,3fcede0b692d347cf0d406d30d56196d26273ecea33a293e62262de7e2e6d21c,1.0,True,2.0528480014742317e-19,2.017212294461411e-17,2.8527689850130764e-17,0.0,0.0,2.2086831819577063e-17,2.6762881384145213e-17,2.6762881384145212e-05,0.0,7.453275635756633e-24,0.0,0.0,0.0,0.0,2.220446049250313e-16
8033,dual_independent_relay,5_to_6,3fcede0b692d347cf0d406d30d56196d26273ecea33a293e62262de7e2e6d21c,1.0,True,2.0528480014742317e-19,2.2086831819577063e-17,3.1235497109099503e-17,0.0,0.0,2.5597843896915217e-17,2.5597660215313472e-17,2.5597660215313472e-05,1.0,4.8017572025794e-23,1.0,0.0,0.0,0.0,2.220446049250313e-16
8033,dual_independent_relay,6_to_7,3fcede0b692d347cf0d406d30d56196d26273ecea33a293e62262de7e2e6d21c,1.0,True,2.0528480014742317e-19,2.5597843896915217e-17,3.6200818006526856e-17,0.0,0.0,2.7953301730091293e-17,2.624997162153745e-17,2.624997162153745e-05,1.0,8.449409638643011e-23,1.0,0.0,0.0,0.0,2.220446049250313e-16
8034,distributed,4_to_5,45a20613eb4b425ee0f06565758210792104c8e8f78ff84dfb4b12b9190c81e2,1.0,True,0.00012653337308216446,0.09191962212794283,0.07680387004108008,0.10014260974670311,1.0,0.1551237688170915,0.07095894002995265,0.457434347882698,0.0,5.094470573674748e-06,0.0,1.3033798158478989e-06,0.00023499863721751675,1.0,3.3306690738754696e-16
8034,distributed,5_to_6,45a20613eb4b425ee0f06565758210792104c8e8f78ff84dfb4b12b9190c81e2,1.0,True,0.00012653337308216446,0.1551237688170915,0.134368502801898,0.16180924683127307,1.0,0.2203094785873854,0.10998979614154153,0.49925131159490377,0.0,7.57818051825959e-06,0.0,4.900291038052853e-06,0.0003077532102080972,1.0,3.3306690738754696e-16
8034,distributed,6_to_7,45a20613eb4b425ee0f06565758210792104c8e8f78ff84dfb4b12b9190c81e2,1.0,True,0.00012653337308216446,0.2203094785873854,0.19385789496575917,0.22886985039772711,1.0,0.2789486956646785,0.15057177864751725,0.5397830532554923,0.0,1.2839348450517142e-05,0.0,9.498230462232099e-06,0.0027547426246691984,1.0,3.3306690738754696e-16
8034,central_shared,4_to_5,a8021254e040ea9afeaaace02d8d9329cc96dd6db483d9aa52ba6ec4a1bc83ab,1.0,True,0.00018164021226480738,0.07656384350797718,0.08237431705659992,0.06263124877248094,1.0,0.09644224771841027,0.05674866599275402,0.5884212296507999,0.0,7.599420795352105e-08,0.0,-3.209839356437792e-08,4.382952672724265e-08,0.9716796875,2.220446049250313e-16
8034,central_shared,5_to_6,a8021254e040ea9afeaaace02d8d9329cc96dd6db483d9aa52ba6ec4a1bc83ab,1.0,True,0.00018164021226480738,0.09644224771841027,0.10294683693328141,0.08433712383288611,1.0,0.11867523336677667,0.06798112936061504,0.5728333320442113,1.0,1.1302197583394242e-07,0.0,-3.2203975873077414e-08,1.3331157140662706e-07,0.997802734375,2.498001805406602e-16
8034,central_shared,6_to_7,a8021254e040ea9afeaaace02d8d9329cc96dd6db483d9aa52ba6ec4a1bc83ab,1.0,True,0.00018164021226480738,0.11867523336677667,0.1260608931840765,0.10453684865395077,1.0,0.14449180925141775,0.07721629299183116,0.5343991011800104,0.0,1.5843673994381e-07,0.0,1.4072051577010538e-09,1.3857755158276888e-06,1.0,2.220446049250313e-16
8034,directional_relay,4_to_5,d18873afbddfdc137ec79f19571fbfaf0108f754a6be87052924ad2b322cb5b4,1.0,True,0.00015690478113600877,0.07663695914332688,0.06422160343807218,0.07908266665066113,1.0,0.1299907104410329,0.06050518887651268,0.4654577905700376,1.0,2.393988804938795e-07,0.0,-1.6753082431522722e-07,1.9320198237317847e-07,0.99609375,2.220446049250313e-16
8034,directional_relay,5_to_6,d18873afbddfdc137ec79f19571fbfaf0108f754a6be87052924ad2b322cb5b4,1.0,True,0.00015690478113600877,0.1299907104410329,0.11667279840930768,0.13537063179308056,1.0,0.1871525392660078,0.09365553877661166,0.5004235536633307,1.0,3.6901747364625924e-07,0.0,-1.3333469250569594e-07,1.1029736099584628e-06,1.0,3.677613769070831e-16
8034,directional_relay,6_to_7,d18873afbddfdc137ec79f19571fbfaf0108f754a6be87052924ad2b322cb5b4,1.0,True,0.00015690478113600877,0.1871525392660078,0.18134338495232621,0.17861839748319464,1.0,0.20659128119566617,0.12166517591670302,0.5889172825327117,0.0,8.28339138387784e-07,0.0,4.195389002521787e-07,1.2445843639223024e-05,1.0,2.220446049250313e-16
8034,four_channel_crossbar,4_to_5,18c1e1bd0f60b1758cc97ede38c7cba0835062411f57d2f62903629b08b4e086,1.0,True,8.817701390329416e-05,0.059656337092644715,0.07022418295604346,0.040617661556222956,1.0,0.10205355779493594,0.043804851142912035,0.42923394430728706,0.0,7.529481572157999e-08,0.0,-2.4453795512577898e-08,1.820212244690709e-07,0.94970703125,2.7755575615628914e-16
8034,four_channel_crossbar,5_to_6,18c1e1bd0f60b1758cc97ede38c7cba0835062411f57d2f62903629b08b4e086,1.0,True,8.817701390329416e-05,0.10205355779493594,0.11053583257258628,0.08504637824484304,1.0,0.15491016045390194,0.0686696618060191,0.4432870097404216,1.0,8.93649201262284e-08,0.0,-9.127340000394881e-08,4.9268245900998e-08,0.99267578125,2.220446049250313e-16
8034,four_channel_crossbar,6_to_7,18c1e1bd0f60b1758cc97ede38c7cba0835062411f57d2f62903629b08b4e086,1.0,True,8.817701390329416e-05,0.15491016045390194,0.1588536790804384,0.13784178628939425,1.0,0.1990368345370601,0.1054552567830859,0.5298278433153559,1.0,1.4742390717983679e-07,0.0,-1.3004767378132824e-08,8.01178580950797e-07,0.9990234375,2.220446049250313e-16
8034,dual_independent_relay,4_to_5,7a9e9a005f15b7213f2af7e4a060fee9db08013f164e02ce60de7c1fe5eaffa8,1.0,True,1.2102991343909745e-20,1.810727094027765e-17,2.560754814130488e-17,0.0,0.0,1.913019571837071e-17,2.7481744007215117e-17,2.7481744007215117e-05,0.0,1.4211680513612985e-23,0.0,0.0,0.0,0.0,2.220446049250313e-16
8034,dual_independent_relay,5_to_6,7a9e9a005f15b7213f2af7e4a060fee9db08013f164e02ce60de7c1fe5eaffa8,1.0,True,1.2102991343909745e-20,1.913019571837071e-17,2.7054182235771572e-17,0.0,0.0,2.1955905444215835e-17,2.4415624587241252e-17,2.4415624587241254e-05,0.0,9.896649227377503e-24,0.0,0.0,0.0,0.0,2.220446049250313e-16
8034,dual_independent_relay,6_to_7,7a9e9a005f15b7213f2af7e4a060fee9db08013f164e02ce60de7c1fe5eaffa8,1.0,True,1.2102991343909745e-20,2.1955905444215835e-17,3.1050339253391305e-17,0.0,0.0,2.4946612387553634e-17,2.2279053001013492e-17,2.227905300101349e-05,0.03125,1.9239976690429422e-23,1.0,0.0,0.0,0.0,1.1102230246251565e-16
8035,distributed,4_to_5,5b24131f258bf45eb23b72b7d22fd7bce460c89a7d95cb397cb740e29420cbb6,1.0,True,0.00019487742401732015,0.07138795736490391,0.06050819178411612,0.07856986793441081,1.0,0.13578370027203857,0.05873091077878796,0.432532849385621,1.0,2.456359375643253e-06,0.0,2.2352019717222327e-06,6.382111909905682e-06,0.995361328125,3.3306690738754696e-16
8035,distributed,5_to_6,5b24131f258bf45eb23b72b7d22fd7bce460c89a7d95cb397cb740e29420cbb6,1.0,True,0.00019487742401732015,0.13578370027203857,0.10383317322699034,0.15412008717765718,1.0,0.16687387011625704,0.09193450994325167,0.5509221418500277,0.0,1.82281598876742e-06,0.0,9.038611480585283e-07,6.5643149621940144e-06,0.99267578125,3.3306690738754696e-16
8035,distributed,6_to_7,5b24131f258bf45eb23b72b7d22fd7bce460c89a7d95cb397cb740e29420cbb6,1.0,True,0.00019487742401732015,0.16687387011625704,0.17526733867805644,0.15058557593366304,1.0,0.20923418437057814,0.1142712457271488,0.5461404218956932,0.0,1.6972097459206146e-06,0.0,6.423455304369673e-07,7.467495154422254e-06,0.9931640625,3.3306690738754696e-16
8035,central_shared,4_to_5,56932f080e22c41947acb51040cc8356ce22b65beb2c3eaf90fa8eab3f77f833,0.999755859375,True,0.000337063601545469,0.05979913445877057,0.0458684717884742,0.06877717539963697,1.0,0.10517467348960582,0.048589717631272164,0.4619906677064624,1.0,7.901983525844831e-07,0.0,-7.189511191770193e-07,-1.995718249166379e-08,0.974609375,2.498001805406602e-16
8035,central_shared,5_to_6,56932f080e22c41947acb51040cc8356ce22b65beb2c3eaf90fa8eab3f77f833,0.999755859375,True,0.000337063601545469,0.10517467348960582,0.10540380872261552,0.09381425530288891,1.0,0.15012702913735854,0.07514012448766247,0.5005103006395544,1.0,1.5363116994429542e-06,0.0,-4.878257667699566e-07,1.409226531751887e-05,1.0,2.7755575615628914e-16
8035,central_shared,6_to_7,56932f080e22c41947acb51040cc8356ce22b65beb2c3eaf90fa8eab3f77f833,0.999755859375,True,0.000337063601545469,0.15012702913735854,0.16120786304322843,0.13024447452098237,1.0,0.20179130382759108,0.08768375417374898,0.4345269221743336,0.0,3.0580988702901015e-06,0.0,2.42359341903061e-06,0.00027309196595849797,1.0,3.3306690738754696e-16
8035,directional_relay,4_to_5,5526bc9d1d33492397ce4b904a5b578d4685def8da0eaa90568213e537a339dc,1.0,True,4.9678886687302826e-05,0.06935883032426013,0.06634590595417858,0.06078076009375327,1.0,0.14003850759887973,0.06083870059013696,0.43444265176261887,1.0,2.7250843410072046e-07,0.0,1.836466500079467e-07,1.3551396046723892e-06,1.0,3.3306690738754696e-16
8035,directional_relay,5_to_6,5526bc9d1d33492397ce4b904a5b578d4685def8da0eaa90568213e537a339dc,1.0,True,4.9678886687302826e-05,0.14003850759887973,0.13653950863014414,0.12413868339211136,1.0,0.17563800832456056,0.09474281942073659,0.5394209392631112,0.0,4.4958395804973766e-07,0.0,8.526623699076848e-08,3.177902752211226e-06,1.0,3.3306690738754696e-16
8035,directional_relay,6_to_7,5526bc9d1d33492397ce4b904a5b578d4685def8da0eaa90568213e537a339dc,1.0,True,4.9678886687302826e-05,0.17563800832456056,0.1716588438032926,0.16882619281041686,1.0,0.20644022064262915,0.10972652590017443,0.5315171896184085,0.0,5.186336795970177e-07,0.0,2.289407795160661e-07,3.5529671673413557e-06,1.0,3.3306690738754696e-16
8035,four_channel_crossbar,4_to_5,c6b872bd4518b6430b9365c12961674f386c234848fa814620af72657d7ad568,1.0,True,5.050779950256369e-05,0.055040157673814746,0.06609356876801681,0.03685742067989578,1.0,0.09726339539375911,0.03742938497911567,0.38482498814263394,0.0,1.1342389933174726e-06,0.0,-1.380522724356331e-06,1.8610910255971631e-06,0.953857421875,2.220446049250313e-16
8035,four_channel_crossbar,5_to_6,c6b872bd4518b6430b9365c12961674f386c234848fa814620af72657d7ad568,1.0,True,5.050779950256369e-05,0.09726339539375911,0.1088600870011068,0.08077322931318043,1.0,0.14321646269997879,0.07338566627542248,0.5124108282799624,1.0,2.3148290588528927e-06,0.0,-2.0263820795414985e-06,8.123214387590645e-05,1.0,2.220446049250313e-16
8035,four_channel_crossbar,6_to_7,c6b872bd4518b6430b9365c12961674f386c234848fa814620af72657d7ad568,1.0,True,5.050779950256369e-05,0.14321646269997879,0.1473982755385203,0.129940323248318,1.0,0.18120604616046676,0.09310751792253111,0.5138212542868458,1.0,4.1814262530820815e-06,0.0,1.1796800337084725e-06,0.0006804855042607025,1.0,2.7755575615628914e-16
8035,dual_independent_relay,4_to_5,76ac036e57e7ed38b976af01106416963b80687c2943073043f752d62a9c9d77,1.0,True,3.7393644346097426e-20,1.8262855988894686e-17,2.5827578627161566e-17,0.0,0.0,2.2420816932649293e-17,2.651344800842619e-17,2.6513448008426193e-05,0.03125,3.5289850367243007e-25,1.0,0.0,0.0,0.0,2.220446049250313e-16
8035,dual_independent_relay,5_to_6,76ac036e57e7ed38b976af01106416963b80687c2943073043f752d62a9c9d77,1.0,True,3.7393644346097426e-20,2.2420816932649293e-17,3.170782338563697e-17,0.0,0.0,2.6229901295934667e-17,2.9683332681791455e-17,2.9683332681791454e-05,0.8125,3.0091362183290567e-25,0.5,0.0,0.0,0.0,2.220446049250313e-16
8035,dual_independent_relay,6_to_7,76ac036e57e7ed38b976af01106416963b80687c2943073043f752d62a9c9d77,1.0,True,3.7393644346097426e-20,2.6229901295934667e-17,3.709468215241843e-17,0.0,0.0,2.795347357452422e-17,3.170136941093891e-17,3.170136941093891e-05,0.96875,4.0412818267202286e-25,1.0,0.0,0.0,0.0,2.220446049250313e-16
8036,distributed,4_to_5,d83085eab468e3bd680c3b048fcc91130fba7bfc6bd1610f21507e2dd7a7e174,1.0,True,0.00012911535404540003,0.08394261443551232,0.08361833059708781,0.07965919483823355,1.0,0.1343141600000814,0.07112372513504188,0.529532590867551,0.0,1.3348790366380844e-06,0.0,-1.3820323428849125e-07,3.7996839674201955e-06,0.902099609375,2.220446049250313e-16
8036,distributed,5_to_6,d83085eab468e3bd680c3b048fcc91130fba7bfc6bd1610f21507e2dd7a7e174,1.0,True,0.00012911535404540003,0.1343141600000814,0.13697095616930002,0.12380441084000918,1.0,0.2072268655451157,0.09869368313187524,0.4762591127953362,0.0,1.1643203730954724e-06,0.0,-4.3526407372402714e-07,8.071289047273227e-06,0.969970703125,3.3306690738754696e-16
8036,distributed,6_to_7,d83085eab468e3bd680c3b048fcc91130fba7bfc6bd1610f21507e2dd7a7e174,1.0,True,0.00012911535404540003,0.2072268655451157,0.21308079260292434,0.18933076994300888,1.0,0.2595817572015331,0.1145275942446159,0.44120047371317933,0.0,3.9104402512242675e-06,0.0,2.985270127212871e-06,7.354738699370116e-05,0.98828125,3.3306690738754696e-16
8036,central_shared,4_to_5,740b709e2d08a20904484a32c9da9d95a85ca1c0423a50427c633a4a707d9dd4,1.0,True,0.0002109821789937115,0.05793937901145693,0.042466967115463994,0.06696096526510553,1.0,0.1083184318619208,0.05298407460156779,0.4891510492794926,0.78125,7.204076138678945e-07,0.0,2.4244748491284644e-08,1.010725031480987e-06,0.99853515625,3.3306690738754696e-16
8036,central_shared,5_to_6,740b709e2d08a20904484a32c9da9d95a85ca1c0423a50427c633a4a707d9dd4,1.0,True,0.0002109821789937115,0.1083184318619208,0.10571883364846474,0.10452832334168845,1.0,0.175748800817575,0.09236152393799454,0.5255314602906714,1.0,6.302781526697273e-07,0.0,-4.6296416188863197e-07,3.5074025632750093e-06,0.995361328125,3.3306690738754696e-16
8036,central_shared,6_to_7,740b709e2d08a20904484a32c9da9d95a85ca1c0423a50427c633a4a707d9dd4,1.0,True,0.0002109821789937115,0.175748800817575,0.18913164701823984,0.15215549856709615,1.0,0.22314329093875745,0.13557113626227985,0.6075519263516099,1.0,1.1912672852679872e-06,0.0,-4.215999397399735e-07,3.0302483100624916e-05,1.0,3.3306690738754696e-16
8036,directional_relay,4_to_5,bc16f1c2e13a1da7942da1d4d8e367b5c469aebde12ce0a87165a6e9ba676c8d,0.999755859375,True,0.00015690752119676196,0.028022871744278276,0.03597384258209075,0.012709073994327321,1.0,0.08519033941324661,0.020759372955944697,0.24368224259846924,0.0,3.8133803559890416e-06,0.0,1.908447920644927e-06,6.80643179978809e-06,0.904052734375,3.3306690738754696e-16
8036,directional_relay,5_to_6,bc16f1c2e13a1da7942da1d4d8e367b5c469aebde12ce0a87165a6e9ba676c8d,0.999755859375,True,0.00015690752119676196,0.08519033941324661,0.09784657176786121,0.052409084542380385,1.0,0.1542369086511035,0.04986260419452573,0.3232858116167189,0.0,3.119380984919198e-06,0.0,-1.4259074466946546e-06,0.00021584174340248384,0.875,3.3306690738754696e-16
8036,directional_relay,6_to_7,bc16f1c2e13a1da7942da1d4d8e367b5c469aebde12ce0a87165a6e9ba676c8d,0.999755859375,True,0.00015690752119676196,0.1542369086511035,0.1733929566953673,0.11733093085221105,1.0,0.22596219102415474,0.10319958836018281,0.45671175293724714,1.0,1.1376811710186527e-05,0.0,1.154437901521916e-05,0.00013617827020288417,0.988037109375,5.551115123125783e-16
8036,four_channel_crossbar,4_to_5,d33354fd6c4a23ca1275ebaa13cad5aeef19059a1f2134457fcb2b2836271823,1.0,True,0.00011821213264106932,0.06538826144485144,0.060829110283522815,0.0577945835016117,1.0,0.11515319869831167,0.043584477996830115,0.37849124895797737,0.0,1.4237846983758652e-08,0.0,5.801411385661561e-09,3.9524828420362695e-08,0.810791015625,2.220446049250313e-16
8036,four_channel_crossbar,5_to_6,d33354fd6c4a23ca1275ebaa13cad5aeef19059a1f2134457fcb2b2836271823,1.0,True,0.00011821213264106932,0.11515319869831167,0.1096310822011897,0.1100342478042092,1.0,0.1488609573158812,0.07020776699338288,0.4716331821271499,0.0,2.7123332508909274e-08,0.0,9.749912163739717e-10,1.0367721306820197e-07,0.9404296875,2.220446049250313e-16
8036,four_channel_crossbar,6_to_7,d33354fd6c4a23ca1275ebaa13cad5aeef19059a1f2134457fcb2b2836271823,1.0,True,0.00011821213264106932,0.1488609573158812,0.1351044706204486,0.15420058374330803,1.0,0.16926180347138797,0.08358713907349774,0.4938334423904878,0.0,6.449300702439903e-08,0.0,3.0149045702633065e-08,2.35993485251503e-07,0.94970703125,2.220446049250313e-16
8036,dual_independent_relay,4_to_5,7ff2678c3cd81c79c55b3c380fe2597bc71edd0d67ae871e493277788d883755,1.0,True,9.66019339955609e-20,1.9535076538476712e-17,2.7626770182710226e-17,0.0,0.0,2.3762387735413786e-17,2.2148788998120263e-17,2.214878899812026e-05,0.375,8.880343945963169e-24,0.0,0.0,0.0,0.0,2.220446049250313e-16
8036,dual_independent_relay,5_to_6,7ff2678c3cd81c79c55b3c380fe2597bc71edd0d67ae871e493277788d883755,1.0,True,9.66019339955609e-20,2.3762387735413786e-17,3.360509100979028e-17,0.0,0.0,2.8032379768159683e-17,2.3353048485281178e-17,2.3353048485281177e-05,0.03125,1.1286491717373928e-23,0.03125,0.0,0.0,0.0,1.6653345369377348e-16
8036,dual_independent_relay,6_to_7,7ff2678c3cd81c79c55b3c380fe2597bc71edd0d67ae871e493277788d883755,1.0,True,9.66019339955609e-20,2.8032379768159683e-17,3.964377165372458e-17,0.0,0.0,2.901153865010077e-17,2.2122464238835267e-17,2.2122464238835266e-05,0.0,8.798487531179275e-24,0.0,0.0,0.0,0.0,2.220446049250313e-16
8037,distributed,4_to_5,568d3903b69038c6b47b11c85d4f77f3b599af41b20825cb01c917c6a70153de,1.0,True,7.389300383936534e-05,0.10122163343637613,0.08405994222790353,0.11419652498721583,1.0,0.18399960957731554,0.07360799741835869,0.40004431306920274,0.0,8.656015067581426e-06,0.0,6.997361794796681e-06,0.00023325710616036225,1.0,3.3306690738754696e-16
8037,distributed,5_to_6,568d3903b69038c6b47b11c85d4f77f3b599af41b20825cb01c917c6a70153de,1.0,True,7.389300383936534e-05,0.18399960957731554,0.15560094299867,0.20273979469779618,1.0,0.24340726932292867,0.1262984792488176,0.518877187193852,0.0,3.958198988222338e-05,0.0,5.1119804052243646e-05,0.0023427703543166924,1.0,3.3306690738754696e-16
8037,distributed,6_to_7,568d3903b69038c6b47b11c85d4f77f3b599af41b20825cb01c917c6a70153de,1.0,True,7.389300383936534e-05,0.24340726932292867,0.19456584172558233,0.27037488800335174,1.0,0.286708166001988,0.16220870456434677,0.5657624155819198,0.0,1.0864158760568854e-05,0.0,6.311618589207114e-06,0.0034612826746580833,1.0,5.551115123125783e-16
8037,central_shared,4_to_5,bfac3e8c5ff9cce8823bc2b92ed6bc6e0fc1525e7da4215cbbd806f0af871704,1.0,True,0.00014616543454607457,0.06003756894195444,0.06475505059178252,0.04716969083346153,1.0,0.10913521845952709,0.043644713223445736,0.3999141050845234,0.0,2.0763071064984142e-07,0.0,-1.973170521884549e-08,4.6139408698805936e-07,0.884765625,2.7755575615628914e-16
8037,central_shared,5_to_6,bfac3e8c5ff9cce8823bc2b92ed6bc6e0fc1525e7da4215cbbd806f0af871704,1.0,True,0.00014616543454607457,0.10913521845952709,0.10830303703517263,0.09066434017667223,1.0,0.1821089431555359,0.08265398996935688,0.45387111987555506,0.0,3.142413990226965e-07,0.0,-1.631258248389504e-07,7.958307202035294e-07,0.93896484375,4.440892098500626e-16
8037,central_shared,6_to_7,bfac3e8c5ff9cce8823bc2b92ed6bc6e0fc1525e7da4215cbbd806f0af871704,1.0,True,0.00014616543454607457,0.1821089431555359,0.1678946314124905,0.16926470017286932,1.0,0.19742519110610118,0.1030687318394942,0.5220647439267389,0.0,5.700360311590725e-07,0.0,7.750476199167516e-08,4.6194539272088056e-05,0.947998046875,3.3306690738754696e-16
8037,directional_relay,4_to_5,eb020ee007f261ea021712d5a8c301be243cf464a857f86e8ea12d921ca5ad1c,1.0,True,5.7868018028030006e-05,0.05181264063624629,0.049237831202621166,0.049197896499648286,1.0,0.10252020881115279,0.042905645625596574,0.41850915173837444,0.09375,5.099287428728495e-07,0.03125,4.80212710003922e-07,9.385664320750353e-07,0.9833984375,3.3306690738754696e-16
8037,directional_relay,5_to_6,eb020ee007f261ea021712d5a8c301be243cf464a857f86e8ea12d921ca5ad1c,1.0,True,5.7868018028030006e-05,0.10252020881115279,0.09540454408633062,0.10115606000699351,1.0,0.13771990065000478,0.06632517709767208,0.4815947207675376,0.0,6.229199176980086e-07,0.0,4.913105418135534e-07,9.590867796626862e-07,0.984619140625,2.7755575615628914e-16
8037,directional_relay,6_to_7,eb020ee007f261ea021712d5a8c301be243cf464a857f86e8ea12d921ca5ad1c,1.0,True,5.7868018028030006e-05,0.13771990065000478,0.14252380874660914,0.1254434009563699,1.0,0.1807155440805198,0.09272039470803786,0.513073710287618,0.0,4.920472277976929e-07,0.0,2.8749034319154847e-08,2.4843705840048826e-05,0.9892578125,3.3306690738754696e-16
8037,four_channel_crossbar,4_to_5,f980d93c73680a69521df1da1ee7f1165aa484f4da7d099599afde13111b9209,1.0,True,6.436082792719101e-05,0.06425248590897728,0.06595774472759894,0.06055788616877494,1.0,0.10502840851618578,0.06739703618618832,0.6417029176996608,1.0,1.9377827534360724e-06,0.0,-8.887933478976978e-07,2.1772633732349893e-05,1.0,2.498001805406602e-16
8037,four_channel_crossbar,5_to_6,f980d93c73680a69521df1da1ee7f1165aa484f4da7d099599afde13111b9209,1.0,True,6.436082792719101e-05,0.10502840851618578,0.10487799889005336,0.10110363430215515,1.0,0.1489680717839284,0.09566932761643666,0.6422136399483024,1.0,3.870168048475962e-06,0.0,1.0203392135198674e-06,0.0004436242071863695,1.0,2.7755575615628914e-16
8037,four_channel_crossbar,6_to_7,f980d93c73680a69521df1da1ee7f1165aa484f4da7d099599afde13111b9209,1.0,True,6.436082792719101e-05,0.1489680717839284,0.14534028960786072,0.13805961642186865,1.0,0.18115762161242616,0.11390636634526302,0.6287693850880731,1.0,8.929070210035709e-06,0.0,8.270421955924429e-06,0.0013279806395035021,1.0,3.3306690738754696e-16
8037,dual_independent_relay,4_to_5,534e8b33427de90c0e28399b63c68bfca7957fcf765838bd4a39559f5ae47328,1.0,True,5.00707235642909e-20,2.1852378755610068e-17,3.0903930406297455e-17,0.0,0.0,2.772646884371197e-17,2.1891539773900243e-17,2.1891539773900243e-05,0.0,4.911788783817075e-24,0.75,0.0,0.0,0.0,2.220446049250313e-16
8037,dual_independent_relay,5_to_6,534e8b33427de90c0e28399b63c68bfca7957fcf765838bd4a39559f5ae47328,1.0,True,5.00707235642909e-20,2.772646884371197e-17,3.9211148275492526e-17,0.0,0.0,2.9470839652182584e-17,2.3396785977950718e-17,2.3396785977950717e-05,0.0,4.902499157797192e-24,0.53125,0.0,0.0,0.0,1.6653345369377348e-16
8037,dual_independent_relay,6_to_7,534e8b33427de90c0e28399b63c68bfca7957fcf765838bd4a39559f5ae47328,1.0,True,5.00707235642909e-20,2.9470839652182584e-17,4.167806113063941e-17,0.0,0.0,2.997684737152951e-17,2.3557765378452836e-17,2.3557765378452838e-05,0.0,6.12166159871092e-24,0.0,0.0,0.0,0.0,1.1102230246251565e-16
8038,distributed,4_to_5,a062ea556acb7a900d875a48b7b9230c1f5846231708f2a93023bdc05d220bda,1.0,True,8.764209640377339e-05,0.07779189453392336,0.07211694687468412,0.08131563855243704,1.0,0.13337169862358794,0.056507623286074574,0.4236852635847041,0.0,1.2245261331786074e-06,0.0,-3.405689686338973e-08,8.750424783770315e-07,1.0,3.3306690738754696e-16
8038,distributed,5_to_6,a062ea556acb7a900d875a48b7b9230c1f5846231708f2a93023bdc05d220bda,1.0,True,8.764209640377339e-05,0.13337169862358794,0.12394662834494309,0.1371197277938508,1.0,0.1703426392959012,0.09166433632236264,0.5381173891707351,0.0,2.151076385391272e-06,0.0,9.54592251115587e-07,5.27990578854483e-06,1.0,2.2898349882893854e-16
8038,distributed,6_to_7,a062ea556acb7a900d875a48b7b9230c1f5846231708f2a93023bdc05d220bda,1.0,True,8.764209640377339e-05,0.1703426392959012,0.1676353804032758,0.16586422436780757,1.0,0.19324646544427992,0.11135585708574869,0.5762374842393,0.0,1.9384738153534314e-06,0.0,-4.881211012710758e-07,3.733343480052419e-06,1.0,3.3306690738754696e-16
8038,central_shared,4_to_5,12f29bb915c0e6d972d6c481c2c65a8be87413eecbbf3233cfaa630d5125942d,1.0,True,0.00017705392426066715,0.06133775303194797,0.06967395988795393,0.047932988436710844,1.0,0.09778379850281921,0.05324539833161154,0.5445216809620709,1.0,5.04727329136747e-07,0.0,2.76081917954868e-07,0.0001658200102039523,0.997314453125,2.220446049250313e-16
8038,central_shared,5_to_6,12f29bb915c0e6d972d6c481c2c65a8be87413eecbbf3233cfaa630d5125942d,1.0,True,0.00017705392426066715,0.09778379850281921,0.10343841809985163,0.08812597879394443,1.0,0.1412106539097421,0.08232315620436659,0.5829811981253571,1.0,1.1785162219987053e-06,0.0,1.0018522810445706e-06,4.014522430026088e-05,0.997802734375,2.411265631607762e-16
8038,central_shared,6_to_7,12f29bb915c0e6d972d6c481c2c65a8be87413eecbbf3233cfaa630d5125942d,1.0,True,0.00017705392426066715,0.1412106539097421,0.14435735872517214,0.13377518783588171,1.0,0.20449441059973367,0.11663216513615998,0.5703440245339981,1.0,1.918106993543363e-06,0.0,1.8272463290684664e-06,1.9043480375832944e-05,1.0,2.220446049250313e-16
8038,directional_relay,4_to_5,c46434c439b7cd500d7630daf2cdc44767c97a135d4d0fe38948f9544d058afa,1.0,True,4.848825719810274e-05,0.042846300152834235,0.04986556246672538,0.03091579570894891,1.0,0.09347227793537616,0.033024595331438734,0.35330898166695923,0.0,1.0245072359257149e-07,0.0,-4.744303947644176e-08,-1.2092752111444365e-08,0.96728515625,2.7755575615628914e-16
8038,directional_relay,5_to_6,c46434c439b7cd500d7630daf2cdc44767c97a135d4d0fe38948f9544d058afa,1.0,True,4.848825719810274e-05,0.09347227793537616,0.09884303137964406,0.07482322438891084,1.0,0.13055315523386615,0.06171935107545451,0.4727526574512402,0.0,1.626852752030485e-07,0.0,-1.124039643504935e-07,2.1135819324992286e-06,1.0,2.498001805406602e-16
8038,directional_relay,6_to_7,c46434c439b7cd500d7630daf2cdc44767c97a135d4d0fe38948f9544d058afa,1.0,True,4.848825719810274e-05,0.13055315523386615,0.16152903154167697,0.07861212609317901,1.0,0.18654391894673025,0.08868680409679887,0.4754205047130183,0.0,4.497526727786174e-07,0.0,1.2282514814757778e-08,6.300860346416472e-06,1.0,2.220446049250313e-16
8038,four_channel_crossbar,4_to_5,9abdf870dc4419c9f9e52188328be5506987dcfb7a14f2d2ac0b338b5402e77a,1.0,True,0.00010159083241964312,0.04732221294974644,0.0565287156692668,0.032273323360445166,1.0,0.08087178605088849,0.046551508461338605,0.5756211249253987,0.40625,2.9472559561173463e-06,0.0,3.134941901616877e-06,1.238435647760824e-05,1.0,2.220446049250313e-16
8038,four_channel_crossbar,5_to_6,9abdf870dc4419c9f9e52188328be5506987dcfb7a14f2d2ac0b338b5402e77a,1.0,True,0.00010159083241964312,0.08087178605088849,0.09216178004194583,0.06124634711644408,1.0,0.14317275424704595,0.06920940280706861,0.48339785855936757,1.0,1.3047122590084377e-05,0.0,1.6526509006597007e-05,0.0016865793057160281,1.0,2.220446049250313e-16
8038,four_channel_crossbar,6_to_7,9abdf870dc4419c9f9e52188328be5506987dcfb7a14f2d2ac0b338b5402e77a,1.0,True,0.00010159083241964312,0.14317275424704595,0.15417184917290688,0.12701250744674317,1.0,0.19980250659799884,0.10119433111451726,0.506471779746585,0.28125,5.6208667326883505e-05,0.0,7.938383341934224e-05,0.003937704478658237,1.0,2.636779683484747e-16
8038,dual_independent_relay,4_to_5,8981141ec91b6505f19e4cd78c077f2c58758c87c998c251963203589816d2ad,1.0,True,5.2712849799635476e-20,1.6136379363267648e-17,2.2820286543130434e-17,0.0,0.0,2.4371464912423088e-17,2.6697968573830883e-17,2.6697968573830883e-05,1.0,7.153032230148803e-23,1.0,0.0,0.0,0.0,2.220446049250313e-16
8038,dual_independent_relay,5_to_6,8981141ec91b6505f19e4cd78c077f2c58758c87c998c251963203589816d2ad,1.0,True,5.2712849799635476e-20,2.4371464912423088e-17,3.446645621404875e-17,0.0,0.0,2.59551768113532e-17,2.9996102215684977e-17,2.9996102215684978e-05,0.0,6.949612980959076e-23,0.8125,0.0,0.0,0.0,2.220446049250313e-16
8038,dual_independent_relay,6_to_7,8981141ec91b6505f19e4cd78c077f2c58758c87c998c251963203589816d2ad,1.0,True,5.2712849799635476e-20,2.59551768113532e-17,3.6706163060407364e-17,0.0,0.0,2.875971737327339e-17,3.3045304094346034e-17,3.304530409434604e-05,0.1875,5.35880828053905e-23,0.9375,0.0,0.0,0.0,2.220446049250313e-16
8039,distributed,4_to_5,54139e30e48de572b4e972e373d77846a9b8a3bd291faec8e9e06e13100b46d1,1.0,True,0.00017746483570972406,0.10213408132713325,0.11533034411711987,0.08231600530563983,1.0,0.17419658749873593,0.0891058174102804,0.5115244718035995,1.0,1.008406848233823e-05,0.3125,1.2345555083803188e-05,7.746844065179794e-05,1.0,3.3306690738754696e-16
8039,distributed,5_to_6,54139e30e48de572b4e972e373d77846a9b8a3bd291faec8e9e06e13100b46d1,1.0,True,0.00017746483570972406,0.17419658749873593,0.1911861154706802,0.14920207866648497,1.0,0.23536912467725007,0.1320533028750581,0.5610476865057649,0.0,0.0022866218843614135,1.0,0.006658521063392687,0.011881117924218362,1.0,3.3306690738754696e-16
8039,distributed,6_to_7,54139e30e48de572b4e972e373d77846a9b8a3bd291faec8e9e06e13100b46d1,1.0,True,0.00017746483570972406,0.23536912467725007,0.22341593886318478,0.24172899688702065,1.0,0.27418521371048155,0.16115693883897966,0.5877667021429863,0.0,0.0035513385136538393,1.0,0.00898740883423975,0.013676943303834897,1.0,5.689893001203927e-16
8039,central_shared,4_to_5,5a017a2de52aec91afab19d7284809169a06d985170f92a4767b6ddc29cb8338,1.0,True,0.00017163540793615977,0.12009115460282638,0.09431705702896132,0.13621605594520853,1.0,0.20230095159196465,0.0966971470839468,0.47798661510491675,0.0,3.8980781924857875e-06,0.0,1.4429351993767464e-06,0.0018939436006099122,1.0,2.914335439641036e-16
8039,central_shared,5_to_6,5a017a2de52aec91afab19d7284809169a06d985170f92a4767b6ddc29cb8338,1.0,True,0.00017163540793615977,0.20230095159196465,0.18534839293682953,0.20919073266644894,1.0,0.2753303975617801,0.16271641680510457,0.5909860235050631,1.0,3.138905993275857e-05,0.0,4.204441300434312e-05,0.006564559107228316,1.0,2.7755575615628914e-16
8039,central_shared,6_to_7,5a017a2de52aec91afab19d7284809169a06d985170f92a4767b6ddc29cb8338,1.0,True,0.00017163540793615977,0.2753303975617801,0.2853079798463146,0.24980338790743167,1.0,0.3229810885134149,0.21299969390257747,0.6594803890312935,1.0,0.00843945456302886,1.0,0.0372887663935374,0.04361619283093254,1.0,3.885780586188048e-16
8039,directional_relay,4_to_5,97258474f70596448a31b8759718f337a5bb4e6f348ac351ec1eca533d866e01,0.99755859375,True,0.00011557536517248202,0.06563586739888587,0.03907715426310082,0.07794133213533318,1.0,0.09779938502329161,0.0476945120928117,0.4876770143437294,0.0,5.7155399092943545e-05,0.0,-4.7567832075661045e-05,0.0008326523339976437,0.997314453125,2.220446049250313e-16
8039,directional_relay,5_to_6,97258474f70596448a31b8759718f337a5bb4e6f348ac351ec1eca533d866e01,0.99755859375,True,0.00011557536517248202,0.09779938502329161,0.06441065024273009,0.11493713447424875,1.0,0.1262171318675948,0.07585473574651705,0.6009860517674472,0.0,8.055039442114068e-05,0.0,-7.493197308337796e-05,0.0010464719373603653,1.0,3.3306690738754696e-16
8039,directional_relay,6_to_7,97258474f70596448a31b8759718f337a5bb4e6f348ac351ec1eca533d866e01,0.99755859375,True,0.00011557536517248202,0.1262171318675948,0.10297066849746728,0.13857702878555067,1.0,0.15014579217632196,0.0842318659201744,0.5610005095664465,0.0,0.000448054384703713,0.0,0.00045734530429426156,0.006575835372840682,1.0,2.498001805406602e-16
8039,four_channel_crossbar,4_to_5,a6184f567b10ac63efdfa9ce3c8562055a3365eb9bb5a33cd0f0f467ad3454dd,1.0,True,9.888857121855112e-05,0.05324299434826409,0.05074752443296737,0.05175116689125602,1.0,0.10767651147753322,0.040189119308768444,0.3732394257326393,0.0,1.5492986126459522e-07,0.0,-4.745768335938495e-10,9.302569013759846e-07,0.998779296875,2.7755575615628914e-16
8039,four_channel_crossbar,5_to_6,a6184f567b10ac63efdfa9ce3c8562055a3365eb9bb5a33cd0f0f467ad3454dd,1.0,True,9.888857121855112e-05,0.10767651147753322,0.08624275965670862,0.11984200934669414,1.0,0.15515769983733838,0.07095598102086947,0.4573152418169199,0.0,2.4140675858835346e-07,0.0,-9.137643147071721e-09,1.4704179538025937e-06,0.994873046875,3.3306690738754696e-16
8039,four_channel_crossbar,6_to_7,a6184f567b10ac63efdfa9ce3c8562055a3365eb9bb5a33cd0f0f467ad3454dd,1.0,True,9.888857121855112e-05,0.15515769983733838,0.11543088523222877,0.18218270341449844,1.0,0.18158055727366113,0.0902188813119921,0.4968532020530298,0.0,3.2835893185880723e-07,0.0,-2.828050999997992e-08,7.2208344093883885e-06,0.997802734375,3.3306690738754696e-16
8039,dual_independent_relay,4_to_5,268988fa171a3e434b4a490f2fd5e988db1983250cbb2a08d2a154be7971ae8f,0.97509765625,True,2.0143525195857383e-19,2.3003375455077056e-17,3.253168554893034e-17,0.0,0.0,2.60423947292645e-17,1.8623300058012503e-17,1.8623300058012502e-05,1.0,1.4461620938792413e-18,1.0,0.0,0.0,0.0,2.220446049250313e-16
8039,dual_independent_relay,5_to_6,268988fa171a3e434b4a490f2fd5e988db1983250cbb2a08d2a154be7971ae8f,0.97509765625,True,2.0143525195857383e-19,2.60423947292645e-17,3.682950782279946e-17,0.0,0.0,2.6859524933297317e-17,1.7124624060969598e-17,1.71246240609696e-05,0.96875,1.806051374819796e-21,0.0,0.0,0.0,0.0,2.220446049250313e-16
8039,dual_independent_relay,6_to_7,268988fa171a3e434b4a490f2fd5e988db1983250cbb2a08d2a154be7971ae8f,0.97509765625,True,2.0143525195857383e-19,2.6859524933297317e-17,3.798510443956737e-17,0.0,0.0,2.891124667500688e-17,1.8493920633673057e-17,1.8493920633673056e-05,0.0,4.5754143875468705e-21,0.0,0.0,0.0,0.0,2.220446049250313e-16
8040,distributed,4_to_5,af2ee1c269fed2ce6867223e187ca94fc2dc4903abeb83aca36e89faaa6400e7,1.0,True,0.0001293574990320471,0.09632543283034789,0.08712526958300182,0.10095119918465015,1.0,0.17797604757156577,0.08353741553661752,0.46937448424359673,0.0,7.1209339790210526e-06,0.0,5.945770955008199e-07,0.00016090116084111928,1.0,3.3306690738754696e-16
8040,distributed,5_to_6,af2ee1c269fed2ce6867223e187ca94fc2dc4903abeb83aca36e89faaa6400e7,1.0,True,0.0001293574990320471,0.17797604757156577,0.1584601282618889,0.19038737715961512,1.0,0.24428300990103863,0.13340632907439043,0.5461138256337786,0.0,7.100986598427213e-06,0.0,1.5605735901958857e-06,0.000849344015104379,1.0,3.7470027081099033e-16
8040,distributed,6_to_7,af2ee1c269fed2ce6867223e187ca94fc2dc4903abeb83aca36e89faaa6400e7,1.0,True,0.0001293574990320471,0.24428300990103863,0.24739693730797688,0.2274476135091943,1.0,0.27765348151999736,0.17126901747412543,0.6168444801647127,0.0,6.052473690605769e-05,0.0,8.482578441849206e-05,0.0033511372052326687,1.0,5.551115123125783e-16
8040,central_shared,4_to_5,95b054b54ccc6b391d2221ec4ef3f53641ec4f463c5e6bd69c23f3b47742b042,0.999755859375,True,0.00021683213052972074,0.06804307700836904,0.06418681766416195,0.06642494368489255,1.0,0.10662675281293237,0.054026761336846696,0.5066904872516571,0.0,2.055891168878784e-06,0.0,-4.369053184780942e-08,0.0014329290460547536,1.0,3.3306690738754696e-16
8040,central_shared,5_to_6,95b054b54ccc6b391d2221ec4ef3f53641ec4f463c5e6bd69c23f3b47742b042,0.999755859375,True,0.00021683213052972074,0.10662675281293237,0.09231839700458998,0.11514037040944407,1.0,0.1506924971672572,0.08626838705539464,0.5724796434930884,0.34375,3.935337809748778e-06,0.0,1.140013450120866e-06,0.00029803668189368985,1.0,3.885780586188048e-16
8040,central_shared,6_to_7,95b054b54ccc6b391d2221ec4ef3f53641ec4f463c5e6bd69c23f3b47742b042,0.999755859375,True,0.00021683213052972074,0.1506924971672572,0.140774091087235,0.15361708375391353,1.0,0.19138769482172335,0.11101028874443575,0.5800283495124452,0.0,6.375616552254285e-06,0.0,3.7896994003057737e-06,0.0001937580629641182,1.0,3.3306690738754696e-16
8040,directional_relay,4_to_5,f15e16da90776adf6d2f1b3711b2a8bcf2f6519250566567cc0bb43050dbebeb,1.0,True,0.00010902895024349844,0.048995757400236095,0.027953779848747057,0.058752807047297184,1.0,0.11823290237005699,0.04175376613891806,0.3531484493904498,1.0,4.091998710838131e-07,0.0,-3.20860118139116e-07,4.659172464832494e-07,0.921142578125,3.608224830031759e-16
8040,directional_relay,5_to_6,f15e16da90776adf6d2f1b3711b2a8bcf2f6519250566567cc0bb43050dbebeb,1.0,True,0.00010902895024349844,0.11823290237005699,0.07558899265702004,0.1425600679815237,1.0,0.1477218616783487,0.07567702790499636,0.5122940304514738,0.0,2.5975960300156694e-06,0.0,2.3643747966231556e-06,1.1622862124440063e-05,0.979736328125,2.498001805406602e-16
8040,directional_relay,6_to_7,f15e16da90776adf6d2f1b3711b2a8bcf2f6519250566567cc0bb43050dbebeb,1.0,True,0.00010902895024349844,0.1477218616783487,0.11976399926898162,0.16434536202510794,1.0,0.15015475226966596,0.08449672566240643,0.5627309451428953,0.0,1.5859486697735077e-06,0.0,-1.681453998689872e-06,3.882089505851707e-06,0.9912109375,3.3306690738754696e-16
8040,four_channel_crossbar,4_to_5,ab198acbf35623d2eb3eff8191b1044fa8030a97f255c29426bf60de9805be8d,1.0,True,7.776657798501188e-05,0.08805055472118235,0.10087228206905445,0.06914351032211406,1.0,0.1519394585964064,0.07292960985155392,0.47999124470540144,0.0,3.4171070704674808e-06,0.0,-2.1954670891619204e-06,2.4473310738024885e-05,1.0,2.7755575615628914e-16
8040,four_channel_crossbar,5_to_6,ab198acbf35623d2eb3eff8191b1044fa8030a97f255c29426bf60de9805be8d,1.0,True,7.776657798501188e-05,0.1519394585964064,0.12796542794767185,0.16287518775348214,1.0,0.21189649249567089,0.12073750041637261,0.5697947096450373,0.03125,5.014253398725718e-06,0.0,-3.0854449823247474e-06,4.9467758315682464e-05,1.0,3.3306690738754696e-16
8040,four_channel_crossbar,6_to_7,ab198acbf35623d2eb3eff8191b1044fa8030a97f255c29426bf60de9805be8d,1.0,True,7.776657798501188e-05,0.21189649249567089,0.15842408129109958,0.2481598163446586,1.0,0.25770471124831185,0.15576548960911793,0.6044340006614385,0.0,1.6644657486135735e-05,0.0,1.3283809444094607e-05,0.00209286030931309,1.0,2.7755575615628914e-16
8040,dual_independent_relay,4_to_5,0bb28b520c9297f7c91973686fb912e96133a203d690a75a4e67816f1fae600b,1.0,True,4.8560923270406215e-20,1.6353452434350722e-17,2.3127274224282097e-17,0.0,0.0,2.240756629746484e-17,1.771478953873162e-17,1.771478953873162e-05,0.25,5.750968496645785e-24,1.0,0.0,0.0,0.0,2.220446049250313e-16
8040,dual_independent_relay,5_to_6,0bb28b520c9297f7c91973686fb912e96133a203d690a75a4e67816f1fae600b,1.0,True,4.8560923270406215e-20,2.240756629746484e-17,3.168908415764906e-17,0.0,0.0,2.5441491779704354e-17,2.5056416999751954e-17,2.5056416999751954e-05,1.0,7.247372421348546e-24,1.0,0.0,0.0,0.0,2.220446049250313e-16
8040,dual_independent_relay,6_to_7,0bb28b520c9297f7c91973686fb912e96133a203d690a75a4e67816f1fae600b,1.0,True,4.8560923270406215e-20,2.5441491779704354e-17,3.597970272186151e-17,0.0,0.0,2.8869434174044567e-17,2.2357047684216767e-17,2.2357047684216767e-05,0.71875,2.7902536124937334e-24,0.0,0.0,0.0,0.0,2.220446049250313e-16
8041,distributed,4_to_5,dccf9d53cb0970426656b062efc8d0b0a0d7a32f3813a0fd239c95077ba9b131,1.0,True,0.0003839769354240879,0.08441890772137811,0.0774735072296027,0.08466179358387123,1.0,0.15241915427649105,0.08260723166442792,0.5419740849275212,1.0,7.697292878960588e-06,0.0,7.121112018708525e-06,0.0011290593273128112,1.0,3.0531133177191805e-16
8041,distributed,5_to_6,dccf9d53cb0970426656b062efc8d0b0a0d7a32f3813a0fd239c95077ba9b131,1.0,True,0.0003839769354240879,0.15241915427649105,0.13817710651751702,0.16020299951183098,1.0,0.2513930516108288,0.12621150690572233,0.5020485096823804,0.0,2.0475166897446316e-05,0.0,2.6234610408521106e-05,0.009151564170349943,1.0,4.440892098500626e-16
8041,distributed,6_to_7,dccf9d53cb0970426656b062efc8d0b0a0d7a32f3813a0fd239c95077ba9b131,1.0,True,0.0003839769354240879,0.2513930516108288,0.23902426476071878,0.2494768944061116,1.0,0.3216241638554599,0.19751721312232928,0.6141242957450638,0.0,1.586087003108864e-05,0.0,1.9162273103791335e-05,0.013567258711594705,1.0,3.608224830031759e-16
8041,central_shared,4_to_5,481e033a363f1f725812838002f2769fb7257268f25b51a74a35760c747eb195,1.0,True,0.00023394301131319086,0.08957660361296099,0.07930400835010809,0.094170590679738,1.0,0.16203406142635712,0.07945987473070021,0.49038994660276375,1.0,2.9855301139929512e-06,0.0,2.26347035685237e-06,0.0003905001548161804,0.998046875,3.3306690738754696e-16
8041,central_shared,5_to_6,481e033a363f1f725812838002f2769fb7257268f25b51a74a35760c747eb195,1.0,True,0.00023394301131319086,0.16203406142635712,0.15556811534219345,0.15346598101849762,1.0,0.20801448020143853,0.12178016992996638,0.5854408299462424,0.0,4.645673944640766e-06,0.0,3.96865524259905e-06,0.0008229619425238791,0.998046875,3.3306690738754696e-16
8041,central_shared,6_to_7,481e033a363f1f725812838002f2769fb7257268f25b51a74a35760c747eb195,1.0,True,0.00023394301131319086,0.20801448020143853,0.21103563912243611,0.18460565640553467,1.0,0.23532052844216617,0.1477987201067802,0.6280740617285505,0.0,2.6920801032803026e-06,0.0,4.5156806566717623e-07,0.001625727181156914,1.0,2.7755575615628914e-16
8041,directional_relay,4_to_5,503fcd155c35b31f84d43fe56d78abea8c7415f5b31a4845d145041f9868cc5d,1.0,True,0.00014066556409609996,0.042431819357117914,0.038265930483579534,0.04332486325217483,1.0,0.08979850558507135,0.04120079759530278,0.45881384469445163,1.0,4.352621246985523e-07,0.0,-1.3612544797784654e-07,4.174716387696049e-07,0.980224609375,2.220446049250313e-16
8041,directional_relay,5_to_6,503fcd155c35b31f84d43fe56d78abea8c7415f5b31a4845d145041f9868cc5d,1.0,True,0.00014066556409609996,0.08979850558507135,0.1042239011263269,0.06670455426043378,1.0,0.15596275913965058,0.08032633700784857,0.5150353677439342,1.0,4.510355644516756e-06,0.78125,5.2060908467632725e-06,0.0005673661434790449,0.996337890625,4.440892098500626e-16
8041,directional_relay,6_to_7,503fcd155c35b31f84d43fe56d78abea8c7415f5b31a4845d145041f9868cc5d,1.0,True,0.00014066556409609996,0.15596275913965058,0.19513318020444076,0.09325635592096654,1.0,0.20271975675980236,0.101333965966934,0.4998721761836076,1.0,1.7447038992749158e-06,0.0,9.896915806118868e-07,3.7515196319325084e-05,1.0,3.3306690738754696e-16
8041,four_channel_crossbar,4_to_5,a91f61de5981ce6397bb1393aca79b4eb976ed7a173de04504373060627c35d0,1.0,True,0.00022294774066895177,0.050904711760736514,0.05843718564646282,0.03237950054833905,1.0,0.0955707222067936,0.036894725757991506,0.3860463215728306,0.0,4.064843639632767e-08,0.0,-1.8979825725515935e-08,2.012810150548449e-08,0.98583984375,2.220446049250313e-16
8041,four_channel_crossbar,5_to_6,a91f61de5981ce6397bb1393aca79b4eb976ed7a173de04504373060627c35d0,1.0,True,0.00022294774066895177,0.0955707222067936,0.1157359063105923,0.06057994923900566,1.0,0.11665856225381523,0.054385215035422554,0.4661913706522123,0.0,6.272414674562423e-08,0.0,-3.5099405209968194e-08,8.679734822438863e-08,0.994140625,2.220446049250313e-16
8041,four_channel_crossbar,6_to_7,a91f61de5981ce6397bb1393aca79b4eb976ed7a173de04504373060627c35d0,1.0,True,0.00022294774066895177,0.11665856225381523,0.1333741189471847,0.09365700963319129,1.0,0.141159313631935,0.06485668273416582,0.45945733983430936,0.0,1.1320726974893245e-07,0.0,-3.7560722417292315e-08,2.0738772851792028e-07,1.0,2.7755575615628914e-16
8041,dual_independent_relay,4_to_5,a5976a991b5acce70b4dc616de655d4342e806063513125bb4315a466f002efb,1.0,True,5.22237585559602e-20,1.730532561281299e-17,2.4473426182922627e-17,0.0,0.0,2.2424711539061043e-17,2.196118517989484e-17,2.1961185179894837e-05,0.0,1.7119101553766407e-21,1.0,0.0,0.0,0.0,2.220446049250313e-16
8041,dual_independent_relay,5_to_6,a5976a991b5acce70b4dc616de655d4342e806063513125bb4315a466f002efb,1.0,True,5.22237585559602e-20,2.2424711539061043e-17,3.1713331190844565e-17,0.0,0.0,2.6013342599385928e-17,2.94288192927844e-17,2.94288192927844e-05,0.0,2.482242834184866e-21,1.0,0.0,0.0,0.0,2.220446049250313e-16
8041,dual_independent_relay,6_to_7,a5976a991b5acce70b4dc616de655d4342e806063513125bb4315a466f002efb,1.0,True,5.22237585559602e-20,2.6013342599385928e-17,3.678842190670936e-17,0.0,0.0,2.8082489620531934e-17,2.998539682360821e-17,2.9985396823608212e-05,0.0,1.3605593841784797e-21,0.0,0.0,0.0,0.0,2.220446049250313e-16
8042,distributed,4_to_5,9fb0bc270b7b0779f08eeed36f42eb830b7f834701a47b0173868e029a54bb6f,0.999755859375,True,9.542535984955722e-05,0.08269559039864233,0.0842932299440178,0.07747808956304841,1.0,0.1560188307808852,0.07400680918468032,0.47434536468624366,0.0,4.4275359994623804e-05,0.0,2.1435451885330696e-05,0.000512328909657426,1.0,2.498001805406602e-16
8042,distributed,5_to_6,9fb0bc270b7b0779f08eeed36f42eb830b7f834701a47b0173868e029a54bb6f,0.999755859375,True,9.542535984955722e-05,0.1560188307808852,0.16630287024076035,0.13711080005537857,1.0,0.25593669901255894,0.13350598769669875,0.5216367492891183,1.0,4.54803438243222e-05,0.0,1.267767405593783e-05,0.004249202912437294,1.0,3.3306690738754696e-16
8042,distributed,6_to_7,9fb0bc270b7b0779f08eeed36f42eb830b7f834701a47b0173868e029a54bb6f,0.999755859375,True,9.542535984955722e-05,0.25593669901255894,0.26006641282124365,0.2414246957737961,1.0,0.325024206907767,0.18653785849979782,0.5739198943810735,0.4375,8.297383997699967e-05,0.0,6.912511972728603e-05,0.018258255899790583,1.0,3.3306690738754696e-16
8042,central_shared,4_to_5,739077e1d839b3b9935b584e0d7637ca15d0dd13231a062752e75d7f11a8f10e,1.0,True,0.00023020212025284852,0.08291761523204755,0.056496890444651615,0.09851625573842707,1.0,0.14272330570403438,0.05627740174328677,0.3943112266470995,0.0,1.1136191540408258e-07,0.0,-1.3691429652474135e-07,2.181218758914011e-08,0.995361328125,2.220446049250313e-16
8042,central_shared,5_to_6,739077e1d839b3b9935b584e0d7637ca15d0dd13231a062752e75d7f11a8f10e,1.0,True,0.00023020212025284852,0.14272330570403438,0.0866572769338215,0.17765860659707494,1.0,0.16846110165583392,0.0802873752091315,0.47659296074863994,0.0,2.478827991489015e-07,0.0,4.854497893737763e-09,3.160611587431695e-05,1.0,2.220446049250313e-16
8042,central_shared,6_to_7,739077e1d839b3b9935b584e0d7637ca15d0dd13231a062752e75d7f11a8f10e,1.0,True,0.00023020212025284852,0.16846110165583392,0.10367375549429368,0.20979993192968854,1.0,0.15001431738768026,0.08949771026836421,0.5965944572948749,0.0,5.751887592184269e-07,0.0,5.377021626607423e-07,8.60284521504777e-05,1.0,2.220446049250313e-16
8042,directional_relay,4_to_5,b9042f271442912ec894e841a9bd55454957fc1b6d3f848b9d55de88ca540953,1.0,True,0.00013699286314011828,0.07903065217009375,0.06845345213444409,0.08314259723027272,1.0,0.1446757742370256,0.051683573388064896,0.3572372338121414,0.0,2.745611989845361e-06,0.0,6.42391604196485e-07,3.6323157991491805e-06,0.99755859375,3.0878077872387166e-16
8042,directional_relay,5_to_6,b9042f271442912ec894e841a9bd55454957fc1b6d3f848b9d55de88ca540953,1.0,True,0.00013699286314011828,0.1446757742370256,0.11949716137767988,0.1612989387115964,1.0,0.19297623761068228,0.09509410761963144,0.4927762547193918,0.21875,1.2978292787448939e-05,0.0,1.4203788705395649e-05,0.0030132890239179103,1.0,3.3306690738754696e-16
8042,directional_relay,6_to_7,b9042f271442912ec894e841a9bd55454957fc1b6d3f848b9d55de88ca540953,1.0,True,0.00013699286314011828,0.19297623761068228,0.1526403577473714,0.22152414183058045,1.0,0.20732147124062775,0.11831818714811798,0.5706991487186194,0.0,1.3385180766060201e-05,0.0,1.37083754311722e-05,0.003258556363831693,1.0,3.3306690738754696e-16
8042,four_channel_crossbar,4_to_5,ec61d85966ee0d720b0bf512a17048754076068eab1ca5eb36e6973f5cf83a8c,1.0,True,5.524816603288542e-05,0.05158706276275296,0.045742408269624495,0.049433339988611796,1.0,0.08652660952347549,0.04361581576397696,0.5040740184341047,1.0,2.6323156194780875e-07,0.0,1.199317154623386e-07,5.989677265941353e-07,0.992431640625,2.220446049250313e-16
8042,four_channel_crossbar,5_to_6,ec61d85966ee0d720b0bf512a17048754076068eab1ca5eb36e6973f5cf83a8c,1.0,True,5.524816603288542e-05,0.08652660952347549,0.08689485834404159,0.07866775734270451,1.0,0.13186456116811301,0.0682018583079368,0.5172114304539097,1.0,6.024942326866503e-07,0.0,2.9016733531848987e-07,3.3399282659000237e-06,0.99853515625,2.220446049250313e-16
8042,four_channel_crossbar,6_to_7,ec61d85966ee0d720b0bf512a17048754076068eab1ca5eb36e6973f5cf83a8c,1.0,True,5.524816603288542e-05,0.13186456116811301,0.14145585767596536,0.11476933403670489,1.0,0.16046518046439973,0.0915429113471994,0.5704845816535806,1.0,1.0313855660113023e-06,0.0,8.246197482942721e-07,2.160592311799533e-05,1.0,3.3306690738754696e-16
8042,dual_independent_relay,4_to_5,c041098b45c79a5822c222546dd1cbe110d1e424ec837e7dbde576df81fea1a6,1.0,True,2.0891427026601572e-20,1.5481393615549145e-17,2.189399681554584e-17,0.0,0.0,1.8592178123077638e-17,1.4667164300726587e-17,1.4667164300726587e-05,0.0,7.371926448016651e-22,0.125,0.0,0.0,0.0,2.220446049250313e-16
8042,dual_independent_relay,5_to_6,c041098b45c79a5822c222546dd1cbe110d1e424ec837e7dbde576df81fea1a6,1.0,True,2.0891427026601572e-20,1.8592178123077638e-17,2.6293310455712748e-17,0.0,0.0,2.2753480804513316e-17,2.0970054733638365e-17,2.0970054733638365e-05,1.0,1.2673719480568346e-21,1.0,0.0,0.0,0.0,2.220446049250313e-16
8042,dual_independent_relay,6_to_7,c041098b45c79a5822c222546dd1cbe110d1e424ec837e7dbde576df81fea1a6,1.0,True,2.0891427026601572e-20,2.2753480804513316e-17,3.2178281144938606e-17,0.0,0.0,2.6559587729141244e-17,2.3641179723830734e-17,2.3641179723830734e-05,1.0,1.6455510245681554e-21,1.0,0.0,0.0,0.0,2.220446049250313e-16
8043,distributed,4_to_5,7a4479ff32d1e6d8ae06edbf4fc8a85deff3763ee604aa169dbc56c379b752ef,1.0,True,0.00013371435982151083,0.08503863412936913,0.07131628531571454,0.09448577497039459,1.0,0.1367892301947334,0.07869921240119851,0.5753319343135579,0.0,1.5364999740222843e-06,0.0,-1.0869646779925172e-07,9.24342909983558e-05,1.0,3.3306690738754696e-16
8043,distributed,5_to_6,7a4479ff32d1e6d8ae06edbf4fc8a85deff3763ee604aa169dbc56c379b752ef,1.0,True,0.00013371435982151083,0.1367892301947334,0.12357940201253562,0.14639862624153682,1.0,0.2217130235800709,0.12638693498240577,0.5700474105742442,1.0,2.7969898301286315e-06,0.0,1.1744863692161255e-06,0.00033255939111088365,1.0,3.3306690738754696e-16
8043,distributed,6_to_7,7a4479ff32d1e6d8ae06edbf4fc8a85deff3763ee604aa169dbc56c379b752ef,1.0,True,0.00013371435982151083,0.2217130235800709,0.22284320520470668,0.2079326950891476,1.0,0.26250443413192165,0.16234742211211567,0.6184559230360579,0.0,6.279066419089936e-05,0.0,9.402573529459745e-05,0.00412420033269671,1.0,4.440892098500626e-16
8043,central_shared,4_to_5,5addf01a82b50c9dd21d7bfc4dbf466a62ddbc8c3069824501876f7da33c1d0a,1.0,True,0.00017073981838985642,0.08153350219949321,0.06420654812956363,0.09292858198461629,1.0,0.13544700920634373,0.08244451806647325,0.6086846697432424,1.0,2.4528882501661317e-06,0.0,-1.1469658051116776e-06,0.00036233493068491804,1.0,3.0531133177191805e-16
8043,central_shared,5_to_6,5addf01a82b50c9dd21d7bfc4dbf466a62ddbc8c3069824501876f7da33c1d0a,1.0,True,0.00017073981838985642,0.13544700920634373,0.12035778711354633,0.14578771548828418,1.0,0.2067669261425215,0.11889765262442588,0.5750322589913215,1.0,4.958498115781781e-05,0.0,6.929405485430864e-05,0.0009017906979128859,1.0,3.3306690738754696e-16
8043,central_shared,6_to_7,5addf01a82b50c9dd21d7bfc4dbf466a62ddbc8c3069824501876f7da33c1d0a,1.0,True,0.00017073981838985642,0.2067669261425215,0.18827991743521572,0.21503575980822823,1.0,0.2744592645890902,0.15796944837235982,0.5755660994314241,0.34375,3.707455923121311e-05,0.0,4.8416951355161443e-05,0.0032833339559390404,1.0,3.3306690738754696e-16
8043,directional_relay,4_to_5,ddeb103c48cd00fbb0ec8485930040ec6d24542aa645be778ad15698fe70cbec,0.999755859375,True,0.00012457550091664096,0.060266142830110205,0.06299306954195792,0.048769340752061296,1.0,0.12023932353069222,0.04528503342084865,0.37662415332276233,0.71875,2.0817458859524325e-06,0.25,2.63529814619497e-06,5.4632145503965115e-06,1.0,2.3592239273284576e-16
8043,directional_relay,5_to_6,ddeb103c48cd00fbb0ec8485930040ec6d24542aa645be778ad15698fe70cbec,0.999755859375,True,0.00012457550091664096,0.12023932353069222,0.12156571336457964,0.10728930245822202,1.0,0.17762607220832682,0.08056245195162272,0.45355082702687877,1.0,9.30040520277864e-07,0.0,8.773595616055409e-07,0.00011679348693671956,1.0,2.7755575615628914e-16
8043,directional_relay,6_to_7,ddeb103c48cd00fbb0ec8485930040ec6d24542aa645be778ad15698fe70cbec,0.999755859375,True,0.00012457550091664096,0.17762607220832682,0.1618584000849804,0.18202204102389433,1.0,0.2294242101162312,0.11498655581650091,0.5011962589224837,0.0,1.3286595340793164e-06,0.0,3.819156424269172e-07,0.00035345837041543483,0.998046875,3.3306690738754696e-16
8043,four_channel_crossbar,4_to_5,266af2f31002bfd1d14a6e991a1cbe4e85ab911db8971eff0b51a3b63b8f583a,0.99755859375,True,0.0001065345321046062,0.038658972426116656,0.03414554911163163,0.03592962896621121,1.0,0.09172964421176047,0.03144293109444253,0.34277829555138833,0.0,1.4735562632817276e-05,0.75,2.047904470267176e-05,0.00010940725155138646,0.9990234375,2.220446049250313e-16
8043,four_channel_crossbar,5_to_6,266af2f31002bfd1d14a6e991a1cbe4e85ab911db8971eff0b51a3b63b8f583a,0.99755859375,True,0.0001065345321046062,0.09172964421176047,0.08301554879131645,0.09247958532185657,1.0,0.13457194975597214,0.05929639377046399,0.4406296696896337,0.0,5.0268613576925474e-05,1.0,6.751108627526318e-05,0.0003633589327556237,0.99755859375,2.7755575615628914e-16
8043,four_channel_crossbar,6_to_7,266af2f31002bfd1d14a6e991a1cbe4e85ab911db8971eff0b51a3b63b8f583a,0.99755859375,True,0.0001065345321046062,0.13457194975597214,0.14843737314076347,0.10987590974608116,1.0,0.21132141852841557,0.07840059343513657,0.3710016428107326,0.0,4.010296466500013e-05,0.40625,4.842679727127607e-05,0.0003072587197857412,0.995361328125,3.885780586188048e-16
8043,dual_independent_relay,4_to_5,6566f555b88d87b2771b031845c87e3ac770f2fcc59c3ed9a25cb77ff7d98c7d,0.99658203125,True,8.083069218968295e-21,1.8343540376720892e-17,2.5941683582697157e-17,0.0,0.0,2.573486766104556e-17,1.9910927064995022e-17,1.9910927064995023e-05,0.34375,6.043830688535642e-23,1.0,0.0,0.0,0.0,2.220446049250313e-16
8043,dual_independent_relay,5_to_6,6566f555b88d87b2771b031845c87e3ac770f2fcc59c3ed9a25cb77ff7d98c7d,0.99658203125,True,8.083069218968295e-21,2.573486766104556e-17,3.63945988721274e-17,0.0,0.0,2.855353643848649e-17,2.541249760488476e-17,2.541249760488476e-05,0.0,2.772939903708851e-23,0.0,0.0,0.0,0.0,1.3877787807814457e-16
8043,dual_independent_relay,6_to_7,6566f555b88d87b2771b031845c87e3ac770f2fcc59c3ed9a25cb77ff7d98c7d,0.99658203125,True,8.083069218968295e-21,2.855353643848649e-17,4.038079848502196e-17,0.0,0.0,3.079183464335668e-17,2.1520745616277933e-17,2.1520745616277932e-05,0.0,5.699145173519649e-23,0.125,0.0,0.0,0.0,2.220446049250313e-16
8044,distributed,4_to_5,6f30c1720ad1788240fe57b0980392c0ad9798634deebbd14478c739e3072ff0,1.0,True,0.0001151943862413628,0.1200716434580717,0.12522035519883504,0.108851711062907,1.0,0.2200534684814195,0.08291672160745545,0.37680261156372835,0.0,1.0667969495662796e-06,0.0,4.520314697578842e-07,0.00022948869307359208,0.9970703125,3.3306690738754696e-16
8044,distributed,5_to_6,6f30c1720ad1788240fe57b0980392c0ad9798634deebbd14478c739e3072ff0,1.0,True,0.0001151943862413628,0.2200534684814195,0.23583097854841648,0.18854131415210795,1.0,0.3243540291637606,0.15156508845213076,0.46728289099072123,0.0,4.4767871578371955e-06,0.0,4.429298885367844e-06,0.009181734899537764,1.0,5.551115123125783e-16
8044,distributed,6_to_7,6f30c1720ad1788240fe57b0980392c0ad9798634deebbd14478c739e3072ff0,1.0,True,0.0001151943862413628,0.3243540291637606,0.34708175972832567,0.28594388130571635,1.0,0.3880246637978322,0.1870014888768067,0.4819319654748489,0.0,2.2960553023952093e-05,0.0,3.209264788097174e-05,0.019584256046918234,0.998291015625,3.885780586188048e-16
8044,central_shared,4_to_5,a000e608c30ae4b1b8feba0926954621355403aae5d8b52176fa29ce74ef6a18,1.0,True,0.0002230261110074346,0.07639461112356334,0.08777090187320208,0.05793264580150581,1.0,0.1389631537708727,0.06963251407195606,0.501086166961701,1.0,4.305086540953137e-07,0.0,-3.2643382064814435e-07,1.839099506760644e-06,0.99658203125,2.220446049250313e-16
8044,central_shared,5_to_6,a000e608c30ae4b1b8feba0926954621355403aae5d8b52176fa29ce74ef6a18,1.0,True,0.0002230261110074346,0.1389631537708727,0.16542591803079137,0.09120859171317613,1.0,0.2046948003885978,0.10475866586079947,0.5117798090714711,1.0,5.681187530495679e-07,0.0,-2.0278516821104543e-07,1.8636278845032745e-06,0.997314453125,3.191891195797325e-16
8044,central_shared,6_to_7,a000e608c30ae4b1b8feba0926954621355403aae5d8b52176fa29ce74ef6a18,1.0,True,0.0002230261110074346,0.2046948003885978,0.22560211531661922,0.15327233097995163,1.0,0.24474066918916326,0.14420094742519954,0.5891989586485307,1.0,1.6147859798536706e-06,0.0,1.2783817384074152e-06,7.744704844182427e-05,0.9990234375,3.3306690738754696e-16
8044,directional_relay,4_to_5,2d4cf03f00a537732c752014705ac1478305c6476220aaa5e9431514dff43a12,0.999755859375,True,0.0002065944600945613,0.08461612792845266,0.08712342056294314,0.07314809508392464,1.0,0.1420609476586535,0.06875851208837983,0.48400713370991977,0.0,3.6519989237202587e-06,0.0,5.042445701787255e-07,9.472208406665996e-06,0.9951171875,5.551115123125783e-16
8044,directional_relay,5_to_6,2d4cf03f00a537732c752014705ac1478305c6476220aaa5e9431514dff43a12,0.999755859375,True,0.0002065944600945613,0.1420609476586535,0.11656886220804445,0.15628506046266552,1.0,0.232168073594534,0.10988138046970755,0.4732837670936962,0.0,8.742815266583926e-06,0.0,-9.892459560027707e-07,0.0004846000753419035,1.0,5.551115123125783e-16
8044,directional_relay,6_to_7,2d4cf03f00a537732c752014705ac1478305c6476220aaa5e9431514dff43a12,0.999755859375,True,0.0002065944600945613,0.232168073594534,0.2538298825230433,0.19428490288561884,1.0,0.29501037814070935,0.1566946748288569,0.5311497033305017,0.0,0.000365515263089266,0.0,0.0007010930256874001,0.03345486825776025,1.0,3.885780586188048e-16
8044,four_channel_crossbar,4_to_5,e027c732cf87831fcdb77cb681d062fcbab653466b8cc3851b893c647c269eec,1.0,True,0.00012087480465892805,0.07384958180690093,0.0854389263245855,0.04886077313652715,1.0,0.10594724528357297,0.04428240036138086,0.41796651005749946,0.0,2.0402442769186132e-06,0.0,1.0957281357000122e-06,6.130246796841215e-06,0.99853515625,3.3306690738754696e-16
8044,four_channel_crossbar,5_to_6,e027c732cf87831fcdb77cb681d062fcbab653466b8cc3851b893c647c269eec,1.0,True,0.00012087480465892805,0.10594724528357297,0.1150512630165292,0.08995543148412782,1.0,0.14315774178155788,0.06554412894492263,0.45784550754464526,0.0,5.6339820897838124e-06,0.0,4.9501047757024295e-06,1.104947764789543e-05,0.994384765625,3.3306690738754696e-16
8044,four_channel_crossbar,6_to_7,e027c732cf87831fcdb77cb681d062fcbab653466b8cc3851b893c647c269eec,1.0,True,0.00012087480465892805,0.14315774178155788,0.1282256496576517,0.14983117656571687,1.0,0.19937302711734925,0.10226443137768242,0.5129301232783633,1.0,1.2105198872648115e-05,0.0,1.2397472602254125e-05,0.00028931626711637965,1.0,3.3306690738754696e-16
8044,dual_independent_relay,4_to_5,d9f0c1295110136c51cfaec50021f1cfa32a8d4bec5463cd32399208fe9d5988,0.99951171875,True,2.1742159449952152e-20,2.0401155398193123e-17,2.885159065220579e-17,0.0,0.0,2.7039571983849777e-17,2.4023243956486396e-17,2.4023243956486397e-05,0.0,7.814864231160978e-22,0.0625,0.0,0.0,0.0,2.220446049250313e-16
8044,dual_independent_relay,5_to_6,d9f0c1295110136c51cfaec50021f1cfa32a8d4bec5463cd32399208fe9d5988,0.99951171875,True,2.1742159449952152e-20,2.7039571983849777e-17,3.8239729420323935e-17,0.0,0.0,3.0601654124780444e-17,2.9993208450563065e-17,2.9993208450563067e-05,0.0625,3.200663904761702e-22,0.0,0.0,0.0,0.0,2.220446049250313e-16
8044,dual_independent_relay,6_to_7,d9f0c1295110136c51cfaec50021f1cfa32a8d4bec5463cd32399208fe9d5988,0.99951171875,True,2.1742159449952152e-20,3.0601654124780444e-17,4.327727429431507e-17,0.0,0.0,2.6926705073848754e-17,3.567703154833436e-17,3.567703154833436e-05,0.03125,1.0011120307426854e-21,1.0,0.0,0.0,0.0,2.220446049250313e-16
8045,distributed,4_to_5,d8f9c7ae08afda5b11fba29129ea3cc902a37471848cf1ac5d58de800510aebb,1.0,True,7.97114091855471e-05,0.10505916336056581,0.10096076710859009,0.10420874311700615,1.0,0.2275227070868058,0.08682473360886354,0.38160909177182767,0.15625,5.4935143986455254e-05,0.0,5.4521840500560185e-05,0.00046460597064850714,0.998291015625,3.3306690738754696e-16
8045,distributed,5_to_6,d8f9c7ae08afda5b11fba29129ea3cc902a37471848cf1ac5d58de800510aebb,1.0,True,7.97114091855471e-05,0.2275227070868058,0.1788604899028453,0.2603724457342854,1.0,0.31495814422483376,0.17138758020673467,0.5441598617128921,0.0,0.0008256463946049059,0.0,0.0018440813366883391,0.02165324012376395,1.0,3.3306690738754696e-16
8045,distributed,6_to_7,d8f9c7ae08afda5b11fba29129ea3cc902a37471848cf1ac5d58de800510aebb,1.0,True,7.97114091855471e-05,0.31495814422483376,0.30035506980952387,0.3204276909517213,1.0,0.4343376722626263,0.23198833335903146,0.5341197602098801,1.0,0.0009731287144553253,0.0,0.001593428080244158,0.042421487486912005,1.0,4.440892098500626e-16
8045,central_shared,4_to_5,30669f20f7d667d2af15a7eaa6df7dc09edcc099af351405549736dd572f0d67,1.0,True,0.00011895269829263037,0.07014385668387606,0.059205486853290565,0.07487226776310286,1.0,0.14659875416769372,0.06308290736285657,0.4303099826530333,1.0,1.9889628481901956e-07,0.0,-3.175118773734654e-08,9.364999677053808e-07,0.9296875,2.7755575615628914e-16
8045,central_shared,5_to_6,30669f20f7d667d2af15a7eaa6df7dc09edcc099af351405549736dd572f0d67,1.0,True,0.00011895269829263037,0.14659875416769372,0.12341443518631584,0.15590143664520634,1.0,0.2324296958003253,0.11717354069152838,0.5041246570842193,0.0,2.819548508804295e-07,0.0,-6.336534519917754e-08,6.366160437384112e-05,0.97705078125,3.3306690738754696e-16
8045,central_shared,6_to_7,30669f20f7d667d2af15a7eaa6df7dc09edcc099af351405549736dd572f0d67,1.0,True,0.00011895269829263037,0.2324296958003253,0.21086226133113484,0.22376269046420377,1.0,0.2569566101125338,0.1663662185146812,0.6474486818682008,0.0,5.148738316750241e-07,0.0,3.304182565099706e-08,0.0007996662389376681,0.990478515625,4.163336342344337e-16
8045,directional_relay,4_to_5,e72b628c14831cd7625e1f15304930050f1f79c99a9766749338d1f9ab143460,1.0,True,0.00019963276724171888,0.06378823870120992,0.03582417325598795,0.07863345925428236,1.0,0.09342769031160685,0.05315965942034634,0.5689925464607374,1.0,3.4361771326762485e-06,0.0,-1.818135278765683e-06,0.033394730110049946,0.9990234375,2.7755575615628914e-16
8045,directional_relay,5_to_6,e72b628c14831cd7625e1f15304930050f1f79c99a9766749338d1f9ab143460,1.0,True,0.00019963276724171888,0.09342769031160685,0.07877426463979267,0.1015729570296368,1.0,0.1054976409077793,0.07228360868996418,0.6851680100899209,1.0,4.235216589071407e-06,0.0,-1.7628445908567464e-06,0.01715205006567084,1.0,3.3306690738754696e-16
8045,directional_relay,6_to_7,e72b628c14831cd7625e1f15304930050f1f79c99a9766749338d1f9ab143460,1.0,True,0.00019963276724171888,0.1054976409077793,0.11196545935643332,0.09422417049812942,1.0,0.13652676458690083,0.07517839064672836,0.5506494706309141,1.0,6.949037888996512e-06,0.0,1.860295071987954e-06,0.0059695857462278516,0.998291015625,2.220446049250313e-16
8045,four_channel_crossbar,4_to_5,3f40c9d7df8e3649afc8a9d2f264dc1d8b7fb5730d21c45915304da4355e66ea,0.99951171875,True,0.00013296765857331746,0.041349111117473886,0.03680425932257553,0.041155262845193705,1.0,0.102963250702622,0.024345539185560122,0.2364488205201951,0.0,4.119479870509831e-06,0.0,-2.42109849389301e-06,1.4004923678627817e-05,0.993896484375,3.3306690738754696e-16
8045,four_channel_crossbar,5_to_6,3f40c9d7df8e3649afc8a9d2f264dc1d8b7fb5730d21c45915304da4355e66ea,0.99951171875,True,0.00013296765857331746,0.102963250702622,0.0665635633895105,0.1204532662091661,1.0,0.17754102040100775,0.07097403990786383,0.3997613607692263,1.0,1.3319786587698995e-05,0.0,-5.060536287050076e-06,1.3229253553615392e-05,0.998291015625,3.3306690738754696e-16
8045,four_channel_crossbar,6_to_7,3f40c9d7df8e3649afc8a9d2f264dc1d8b7fb5730d21c45915304da4355e66ea,0.99951171875,True,0.00013296765857331746,0.17754102040100775,0.17518040695266596,0.17039977125302186,1.0,0.26040923660060133,0.1018975845671879,0.39129788903560186,0.0,1.4811783536135943e-05,0.0,-1.7837816759455017e-06,0.00045044751566715094,1.0,3.3306690738754696e-16
8045,dual_independent_relay,4_to_5,f5845e70516af637deea2944793b7fe0117250f96477c3c9a0e6e2ba3e3d7e3d,0.997314453125,True,7.060277519787789e-20,2.0519382635571434e-17,2.90187892147481e-17,0.0,0.0,2.0913066671664707e-17,1.4710018255197338e-17,1.4710018255197338e-05,0.0,2.114531895605988e-21,0.03125,0.0,-2.168404344971009e-19,0.0,2.220446049250313e-16
8045,dual_independent_relay,5_to_6,f5845e70516af637deea2944793b7fe0117250f96477c3c9a0e6e2ba3e3d7e3d,0.997314453125,True,7.060277519787789e-20,2.0913066671664707e-17,2.9575542517880986e-17,0.0,0.0,2.5609823945967784e-17,2.0481680740129844e-17,2.0481680740129843e-05,1.0,1.741482162174032e-21,0.0,0.0,-3.2526065174565133e-19,0.0,2.220446049250313e-16
8045,dual_independent_relay,6_to_7,f5845e70516af637deea2944793b7fe0117250f96477c3c9a0e6e2ba3e3d7e3d,0.997314453125,True,7.060277519787789e-20,2.5609823945967784e-17,3.621776035437489e-17,0.0,0.0,2.2354513098072427e-17,2.4290832022011974e-17,2.4290832022011976e-05,1.0,6.204617926067791e-21,0.9375,0.0,-2.168404344971009e-19,0.0,2.220446049250313e-16
8046,distributed,4_to_5,582fc5c9c0d179eb071e605b469045069821842f0bce0291963aa2fc1cb7e20d,1.0,True,0.00010524260718548044,0.10025793557616682,0.10289589073547686,0.08945068160405682,1.0,0.15570054919937826,0.08042736208252557,0.5165515632159808,0.0,0.00019960651474413454,0.0,0.0002986799171187882,0.0018932312463483475,0.96728515625,3.3306690738754696e-16
8046,distributed,5_to_6,582fc5c9c0d179eb071e605b469045069821842f0bce0291963aa2fc1cb7e20d,1.0,True,0.00010524260718548044,0.15570054919937826,0.14789808959397516,0.15494949082399118,1.0,0.23622029954362606,0.12728792339766565,0.5388526034535726,0.0,0.000378900184367861,0.0,0.000617170877902243,0.0036273892537305613,0.9755859375,4.440892098500626e-16
8046,distributed,6_to_7,582fc5c9c0d179eb071e605b469045069821842f0bce0291963aa2fc1cb7e20d,1.0,True,0.00010524260718548044,0.23622029954362606,0.2258532566760408,0.23742389073753958,1.0,0.2991967983386815,0.1804297003568925,0.6030468954171483,0.0,0.00033694041951914445,0.0,0.0005110619165673254,0.009784032364710229,0.994873046875,3.5388358909926865e-16
8046,central_shared,4_to_5,c1fec94801fd420cecd0df45db415ecce15a441154940a8131e49870b5368504,1.0,True,0.00011935118305234314,0.08070791133088265,0.04955474700611529,0.0987124294402822,1.0,0.14404008695057785,0.06280512180100765,0.4360252977530968,0.0,6.146473999664004e-07,0.0,-9.318487527986106e-08,2.5068759036797376e-06,0.998291015625,3.3306690738754696e-16
8046,central_shared,5_to_6,c1fec94801fd420cecd0df45db415ecce15a441154940a8131e49870b5368504,1.0,True,0.00011935118305234314,0.14404008695057785,0.10931784905609666,0.1646135136941565,1.0,0.19861495041311644,0.10199343105787516,0.5135234323787318,0.0,5.6354314781642155e-06,0.0,7.284296349010449e-06,0.0009094453819737891,0.998291015625,3.3306690738754696e-16
8046,central_shared,6_to_7,c1fec94801fd420cecd0df45db415ecce15a441154940a8131e49870b5368504,1.0,True,0.00011935118305234314,0.19861495041311644,0.17287973660234945,0.2133745603564694,1.0,0.21960177584532156,0.1382236504823396,0.6294286553479359,1.0,4.7011389336389945e-05,0.0,6.988832312315782e-05,0.00025684692447040737,1.0,3.3306690738754696e-16
8046,directional_relay,4_to_5,5fb5241d00a0cf2577ea5fa1644ae134b314197b2409a731de44c72c895ea08d,1.0,True,0.00012312188865662817,0.03586906198892645,0.022619692958383633,0.04197835376101369,1.0,0.08847818635895172,0.03243102550137278,0.36654261164216995,0.96875,3.864155280441382e-07,0.59375,-3.8290959763053e-07,-1.6815183235579059e-07,0.962158203125,3.3306690738754696e-16
8046,directional_relay,5_to_6,5fb5241d00a0cf2577ea5fa1644ae134b314197b2409a731de44c72c895ea08d,1.0,True,0.00012312188865662817,0.08847818635895172,0.054579553745752935,0.10931408064318228,1.0,0.18372640020606976,0.06755126876695178,0.36767317430257956,0.0,5.257288530831065e-07,0.0,8.984240015968502e-08,2.0689915909512226e-05,0.986328125,3.608224830031759e-16
8046,directional_relay,6_to_7,5fb5241d00a0cf2577ea5fa1644ae134b314197b2409a731de44c72c895ea08d,1.0,True,0.00012312188865662817,0.18372640020606976,0.14802688463885116,0.20366831599820837,1.0,0.2521104088902211,0.1315760033687554,0.5218983379065829,0.0,1.6153414591424006e-05,0.0,2.2406857979591455e-05,0.007779951302523453,0.99853515625,4.440892098500626e-16
8046,four_channel_crossbar,4_to_5,86ed1cd808c2d5533f03679234d2ed1cd3bbc1c7388db4d034370e44c43e4c68,1.0,True,0.00010848974313834548,0.10153134304651235,0.06124675250147563,0.12697143389862625,1.0,0.18444867828535336,0.07674456504603472,0.4160754403851363,0.0,6.887543331133844e-05,0.0,9.077714233032502e-05,0.0011268095845197814,1.0,3.3306690738754696e-16
8046,four_channel_crossbar,5_to_6,86ed1cd808c2d5533f03679234d2ed1cd3bbc1c7388db4d034370e44c43e4c68,1.0,True,0.00010848974313834548,0.18444867828535336,0.1284136857380957,0.21904942529664434,1.0,0.219529421858249,0.12096659434149525,0.551026797763827,0.0,0.00015312546525338445,0.0,0.00019813387711275108,0.004588019341334239,1.0,3.3306690738754696e-16
8046,four_channel_crossbar,6_to_7,86ed1cd808c2d5533f03679234d2ed1cd3bbc1c7388db4d034370e44c43e4c68,1.0,True,0.00010848974313834548,0.219529421858249,0.1965274933202706,0.2295414427267709,1.0,0.2522117344498679,0.13262059744007285,0.5258304009103661,0.0,0.00015056855322355875,0.0,0.00019907709312932386,0.011459976859637596,1.0,3.0531133177191805e-16
8046,dual_independent_relay,4_to_5,394d427b667116250e19519afa61b1545d49a3fbb66d6fc9c3f9b6519a23cc09,0.999755859375,True,4.4759455487923365e-20,1.0268516936873716e-17,1.452187591758464e-17,0.0,0.0,1.6341029056377623e-17,1.3805040269424977e-17,1.3805040269424977e-05,0.0,2.0622178799605147e-23,1.0,0.0,0.0,0.0,1.6653345369377348e-16
8046,dual_independent_relay,5_to_6,394d427b667116250e19519afa61b1545d49a3fbb66d6fc9c3f9b6519a23cc09,0.999755859375,True,4.4759455487923365e-20,1.6341029056377623e-17,2.3109704914662055e-17,0.0,0.0,2.2461063060460444e-17,2.3907106811520905e-17,2.3907106811520905e-05,0.0,1.3045462209399532e-23,0.0625,0.0,0.0,0.0,2.220446049250313e-16
8046,dual_independent_relay,6_to_7,394d427b667116250e19519afa61b1545d49a3fbb66d6fc9c3f9b6519a23cc09,0.999755859375,True,4.4759455487923365e-20,2.2461063060460444e-17,3.17647400054205e-17,0.0,0.0,2.7448363429165253e-17,2.3602855981547763e-17,2.3602855981547764e-05,0.0,2.0509845006701675e-23,1.0,0.0,0.0,0.0,2.220446049250313e-16
8047,distributed,4_to_5,54066931f79f5975db7f14d9671202abf33ba803349d9002a951f587d6248a15,1.0,True,0.0003449797454462855,0.0897862607452698,0.06591646715107446,0.10630287566594553,1.0,0.15530133539903773,0.07190951797657257,0.4630321934567095,0.0,2.3884861666896086e-06,0.0,-2.1164271420395575e-07,0.0011725498996754688,1.0,2.7755575615628914e-16
8047,distributed,5_to_6,54066931f79f5975db7f14d9671202abf33ba803349d9002a951f587d6248a15,1.0,True,0.0003449797454462855,0.15530133539903773,0.12208561355503225,0.17967615278628776,1.0,0.21397628599997962,0.10958944343857283,0.5121569566759527,0.0,3.596206120615138e-06,0.0,-2.3400656605234335e-06,0.00043080722587451246,1.0,2.220446049250313e-16
8047,distributed,6_to_7,54066931f79f5975db7f14d9671202abf33ba803349d9002a951f587d6248a15,1.0,True,0.0003449797454462855,0.21397628599997962,0.17883386293454057,0.24080371585147464,1.0,0.249255084775813,0.13183530068010854,0.5289171966087869,0.0,7.304910914729918e-06,0.0,1.9965744096779824e-06,8.056406477259047e-05,1.0,3.3306690738754696e-16
8047,central_shared,4_to_5,e33f8e6ac1860be3363f8e46749eabee7c8e803ce7ee7cfff2ab444d3b8148e9,1.0,True,0.0009250760231271848,0.09319561760315033,0.059948702532054934,0.11474436011846767,1.0,0.1524352624238078,0.0952300965145142,0.624724850407322,1.0,6.395408590128715e-07,0.0,5.810115869198921e-07,0.00010114244226574921,0.969970703125,3.885780586188048e-16
8047,central_shared,5_to_6,e33f8e6ac1860be3363f8e46749eabee7c8e803ce7ee7cfff2ab444d3b8148e9,1.0,True,0.0009250760231271848,0.1524352624238078,0.1103526771899715,0.18155807894944023,1.0,0.23208909345375772,0.12610073581210685,0.5433290032529323,1.0,9.143919922656805e-07,0.0,8.014053110725911e-07,0.0004927216804217644,0.981201171875,3.3306690738754696e-16
8047,central_shared,6_to_7,e33f8e6ac1860be3363f8e46749eabee7c8e803ce7ee7cfff2ab444d3b8148e9,1.0,True,0.0009250760231271848,0.23208909345375772,0.20303484588632728,0.250039234251096,1.0,0.27789341374792575,0.16458011223121705,0.5922418599690382,0.0,6.391068241132766e-06,0.0,8.492457952510306e-06,0.00470275095117585,0.9931640625,3.3306690738754696e-16
8047,directional_relay,4_to_5,26e9e02dcb315c1d51070181bf8d3146f34513684a5759ff6209af56d8a40905,1.0,True,0.00026793393866533506,0.04907592592917816,0.049199887050284816,0.04213491608286328,1.0,0.10109208932446388,0.03819921464153564,0.37786551743857943,0.4375,5.581755327107943e-07,0.0,3.6949261593089156e-07,9.216784449343065e-07,0.997314453125,2.220446049250313e-16
8047,directional_relay,5_to_6,26e9e02dcb315c1d51070181bf8d3146f34513684a5759ff6209af56d8a40905,1.0,True,0.00026793393866533506,0.10109208932446388,0.09641041158930092,0.09651831037250715,1.0,0.15514089714292212,0.07152199534406387,0.46101316068950465,1.0,7.8206497647041e-07,0.0,3.2057718685397754e-07,3.208116525597593e-06,0.994873046875,2.7755575615628914e-16
8047,directional_relay,6_to_7,26e9e02dcb315c1d51070181bf8d3146f34513684a5759ff6209af56d8a40905,1.0,True,0.00026793393866533506,0.15514089714292212,0.15556737328925546,0.14265439905664284,1.0,0.22279646031649453,0.09529166775983557,0.42770727876227727,0.0,7.218768990698937e-07,0.0,-2.2190571215377768e-07,4.108006517416546e-06,1.0,2.7755575615628914e-16
8047,four_channel_crossbar,4_to_5,174f8657e5505b60ad43ca3992cadaa658b14795c471fe10bfd4b03b6ef4cabd,1.0,True,0.00015632282364444418,0.031143390091181652,0.029616857434071688,0.02881561756852528,1.0,0.08107217095998549,0.02157980564844232,0.266180187269111,1.0,4.526516318620814e-07,0.0,-4.821052478272192e-07,-3.323481936260848e-07,0.986083984375,3.3306690738754696e-16
8047,four_channel_crossbar,5_to_6,174f8657e5505b60ad43ca3992cadaa658b14795c471fe10bfd4b03b6ef4cabd,1.0,True,0.00015632282364444418,0.08107217095998549,0.07600736672250241,0.0818834282997068,1.0,0.12323091269560205,0.05457759693195863,0.4428888477582982,1.0,8.507003273164277e-07,0.0,-7.226534038758528e-07,0.0005158172570135168,1.0,2.220446049250313e-16
8047,four_channel_crossbar,6_to_7,174f8657e5505b60ad43ca3992cadaa658b14795c471fe10bfd4b03b6ef4cabd,1.0,True,0.00015632282364444418,0.12323091269560205,0.10912577614116235,0.13280219676141353,1.0,0.1589935969472705,0.0797188137939858,0.5013963790027606,1.0,6.891097486131883e-06,0.5,7.871523148652873e-06,0.000854740960735738,1.0,3.3306690738754696e-16
8047,dual_independent_relay,4_to_5,7c89def9bc8a1ab86666113f5911babc7e8a2bedb08762d2ece53226d813ccfd,0.999755859375,True,2.718850555471154e-20,2.0004137487601793e-17,2.829012253854251e-17,0.0,0.0,2.759439857662729e-17,2.06010675145637e-17,2.06010675145637e-05,0.03125,8.211733210601702e-23,0.0,0.0,0.0,0.0,2.220446049250313e-16
8047,dual_independent_relay,5_to_6,7c89def9bc8a1ab86666113f5911babc7e8a2bedb08762d2ece53226d813ccfd,0.999755859375,True,2.718850555471154e-20,2.759439857662729e-17,3.9024372712595135e-17,0.0,0.0,2.8760988835275647e-17,2.5691556927572428e-17,2.5691556927572427e-05,0.0,3.518161780959505e-22,0.96875,0.0,0.0,0.0,2.220446049250313e-16
8047,dual_independent_relay,6_to_7,7c89def9bc8a1ab86666113f5911babc7e8a2bedb08762d2ece53226d813ccfd,0.999755859375,True,2.718850555471154e-20,2.8760988835275647e-17,4.067418047810799e-17,0.0,0.0,3.013382710549751e-17,2.7987064045727164e-17,2.7987064045727165e-05,0.0,4.860367337990496e-22,1.0,0.0,0.0,0.0,2.220446049250313e-16
