profile,basis,b_angstrom,temperature,removal_steps,radius,intact,removed,mismatched_return,correct_return,causal_margin,causal_pass,mismatch_overlap
6-31g_b0.7,6-31g,0.7,0.0005,10,0.15,0.9874999999999999,0.173125,0.0,0.98625,0.813125,True,0.06706788535163427
6-31g_b0.7,6-31g,0.7,0.0005,10,0.25,1.0,0.29312499999999997,0.0075,1.0,0.706875,True,0.06706788535163427
6-31g_b0.7,6-31g,0.7,0.0005,10,0.35,1.0,0.395,0.5062500000000001,1.0,0.4937499999999999,True,0.06706788535163427
6-31g_b0.7,6-31g,0.7,0.0005,10,0.45,1.0,0.494375,0.969375,1.0,0.030625000000000013,True,0.06706788535163427
6-31g_b0.7,6-31g,0.7,0.0005,10,0.55,1.0,0.59125,0.984375,1.0,0.015625,True,0.06706788535163427
6-31g_b0.7,6-31g,0.7,0.0005,20,0.15,0.9874999999999999,0.173125,0.0,0.9824999999999999,0.809375,True,0.06706788535163427
6-31g_b0.7,6-31g,0.7,0.0005,20,0.25,1.0,0.29312499999999997,0.004375,1.0,0.706875,True,0.06706788535163427
6-31g_b0.7,6-31g,0.7,0.0005,20,0.35,1.0,0.395,0.44125,1.0,0.5587500000000001,True,0.06706788535163427
6-31g_b0.7,6-31g,0.7,0.0005,20,0.45,1.0,0.494375,0.8418749999999999,1.0,0.15812500000000007,True,0.06706788535163427
6-31g_b0.7,6-31g,0.7,0.0005,20,0.55,1.0,0.59125,0.859375,1.0,0.140625,True,0.06706788535163427
6-31g_b0.7,6-31g,0.7,0.0005,40,0.15,0.9874999999999999,0.173125,0.0,0.98125,0.808125,True,0.06706788535163427
6-31g_b0.7,6-31g,0.7,0.0005,40,0.25,1.0,0.29312499999999997,0.00125,1.0,0.706875,True,0.06706788535163427
6-31g_b0.7,6-31g,0.7,0.0005,40,0.35,1.0,0.395,0.40375000000000005,1.0,0.59625,True,0.06706788535163427
6-31g_b0.7,6-31g,0.7,0.0005,40,0.45,1.0,0.494375,0.7806249999999999,1.0,0.2193750000000001,True,0.06706788535163427
6-31g_b0.7,6-31g,0.7,0.0005,40,0.55,1.0,0.59125,0.796875,1.0,0.203125,True,0.06706788535163427
6-31g_b0.7,6-31g,0.7,0.001,10,0.15,0.901875,0.173125,0.0,0.8881249999999999,0.715,True,0.06706788535163427
6-31g_b0.7,6-31g,0.7,0.001,10,0.25,0.9924999999999999,0.29312499999999997,0.044375,0.99,0.696875,True,0.06706788535163427
6-31g_b0.7,6-31g,0.7,0.001,10,0.35,0.999375,0.395,0.46375,0.999375,0.535625,True,0.06706788535163427
6-31g_b0.7,6-31g,0.7,0.001,10,0.45,1.0,0.494375,0.8737499999999999,1.0,0.12625000000000008,True,0.06706788535163427
6-31g_b0.7,6-31g,0.7,0.001,10,0.55,1.0,0.59125,0.973125,1.0,0.026874999999999982,True,0.06706788535163427
6-31g_b0.7,6-31g,0.7,0.001,20,0.15,0.901875,0.173125,0.0,0.8881249999999999,0.715,True,0.06706788535163427
6-31g_b0.7,6-31g,0.7,0.001,20,0.25,0.9924999999999999,0.29312499999999997,0.039375,0.98375,0.690625,True,0.06706788535163427
6-31g_b0.7,6-31g,0.7,0.001,20,0.35,0.999375,0.395,0.4125,1.0,0.586875,True,0.06706788535163427
6-31g_b0.7,6-31g,0.7,0.001,20,0.45,1.0,0.494375,0.765625,1.0,0.234375,True,0.06706788535163427
6-31g_b0.7,6-31g,0.7,0.001,20,0.55,1.0,0.59125,0.8474999999999999,1.0,0.15250000000000008,True,0.06706788535163427
6-31g_b0.7,6-31g,0.7,0.001,40,0.15,0.901875,0.173125,0.0,0.89625,0.723125,True,0.06706788535163427
6-31g_b0.7,6-31g,0.7,0.001,40,0.25,0.9924999999999999,0.29312499999999997,0.045625,0.985,0.691875,True,0.06706788535163427
6-31g_b0.7,6-31g,0.7,0.001,40,0.35,0.999375,0.395,0.393125,1.0,0.604375,True,0.06706788535163427
6-31g_b0.7,6-31g,0.7,0.001,40,0.45,1.0,0.494375,0.719375,1.0,0.280625,True,0.06706788535163427
6-31g_b0.7,6-31g,0.7,0.001,40,0.55,1.0,0.59125,0.785625,1.0,0.21437499999999998,True,0.06706788535163427
6-31g_b0.7,6-31g,0.7,0.002,10,0.15,0.80125,0.173125,0.003125,0.7974999999999999,0.6243749999999999,True,0.06706788535163427
6-31g_b0.7,6-31g,0.7,0.002,10,0.25,0.93625,0.29312499999999997,0.10062499999999999,0.93625,0.6431250000000001,True,0.06706788535163427
6-31g_b0.7,6-31g,0.7,0.002,10,0.35,0.978125,0.395,0.448125,0.97875,0.53,True,0.06706788535163427
6-31g_b0.7,6-31g,0.7,0.002,10,0.45,0.993125,0.494375,0.7925,0.9937499999999999,0.20062500000000005,True,0.06706788535163427
6-31g_b0.7,6-31g,0.7,0.002,10,0.55,0.99875,0.59125,0.92,0.99875,0.07874999999999999,True,0.06706788535163427
6-31g_b0.7,6-31g,0.7,0.002,20,0.15,0.80125,0.173125,0.004375,0.7975,0.624375,True,0.06706788535163427
6-31g_b0.7,6-31g,0.7,0.002,20,0.25,0.93625,0.29312499999999997,0.10125,0.935,0.6418750000000001,True,0.06706788535163427
6-31g_b0.7,6-31g,0.7,0.002,20,0.35,0.978125,0.395,0.4125,0.97625,0.56375,True,0.06706788535163427
6-31g_b0.7,6-31g,0.7,0.002,20,0.45,0.993125,0.494375,0.69625,0.9924999999999999,0.2962499999999999,True,0.06706788535163427
6-31g_b0.7,6-31g,0.7,0.002,20,0.55,0.99875,0.59125,0.804375,0.999375,0.19437500000000008,True,0.06706788535163427
6-31g_b0.7,6-31g,0.7,0.002,40,0.15,0.80125,0.173125,0.0075,0.79125,0.618125,True,0.06706788535163427
6-31g_b0.7,6-31g,0.7,0.002,40,0.25,0.93625,0.29312499999999997,0.095,0.9425,0.6431250000000001,True,0.06706788535163427
6-31g_b0.7,6-31g,0.7,0.002,40,0.35,0.978125,0.395,0.37812500000000004,0.984375,0.583125,True,0.06706788535163427
6-31g_b0.7,6-31g,0.7,0.002,40,0.45,0.993125,0.494375,0.648125,0.996875,0.3450000000000001,True,0.06706788535163427
6-31g_b0.7,6-31g,0.7,0.002,40,0.55,0.99875,0.59125,0.7575,1.0,0.24125000000000008,True,0.06706788535163427
6-31g_b0.7,6-31g,0.7,0.004,10,0.15,0.598125,0.173125,0.031249999999999997,0.6212500000000001,0.42500000000000004,True,0.06706788535163427
6-31g_b0.7,6-31g,0.7,0.004,10,0.25,0.8168749999999999,0.29312499999999997,0.16875,0.8306249999999998,0.5237499999999999,True,0.06706788535163427
6-31g_b0.7,6-31g,0.7,0.004,10,0.35,0.9168749999999999,0.395,0.395625,0.921875,0.5212499999999999,True,0.06706788535163427
6-31g_b0.7,6-31g,0.7,0.004,10,0.45,0.96125,0.494375,0.6425000000000001,0.964375,0.31875,True,0.06706788535163427
6-31g_b0.7,6-31g,0.7,0.004,10,0.55,0.98125,0.59125,0.8231249999999999,0.983125,0.15812500000000007,True,0.06706788535163427
6-31g_b0.7,6-31g,0.7,0.004,20,0.15,0.598125,0.173125,0.025625000000000002,0.6437499999999999,0.42500000000000004,True,0.06706788535163427
6-31g_b0.7,6-31g,0.7,0.004,20,0.25,0.8168749999999999,0.29312499999999997,0.15375,0.840625,0.5237499999999999,True,0.06706788535163427
6-31g_b0.7,6-31g,0.7,0.004,20,0.35,0.9168749999999999,0.395,0.35375,0.92125,0.5218749999999999,True,0.06706788535163427
6-31g_b0.7,6-31g,0.7,0.004,20,0.45,0.96125,0.494375,0.564375,0.96375,0.3968750000000001,True,0.06706788535163427
6-31g_b0.7,6-31g,0.7,0.004,20,0.55,0.98125,0.59125,0.7193750000000001,0.979375,0.2599999999999999,True,0.06706788535163427
6-31g_b0.7,6-31g,0.7,0.004,40,0.15,0.598125,0.173125,0.04125,0.6200000000000001,0.42500000000000004,True,0.06706788535163427
6-31g_b0.7,6-31g,0.7,0.004,40,0.25,0.8168749999999999,0.29312499999999997,0.16812500000000002,0.8299999999999998,0.5237499999999999,True,0.06706788535163427
6-31g_b0.7,6-31g,0.7,0.004,40,0.35,0.9168749999999999,0.395,0.365,0.9256249999999999,0.5218749999999999,True,0.06706788535163427
6-31g_b0.7,6-31g,0.7,0.004,40,0.45,0.96125,0.494375,0.55125,0.9681249999999999,0.41000000000000003,True,0.06706788535163427
6-31g_b0.7,6-31g,0.7,0.004,40,0.55,0.98125,0.59125,0.6799999999999999,0.984375,0.30125,True,0.06706788535163427
6-31g_b0.7,6-31g,0.7,0.008,10,0.15,0.5062500000000001,0.173125,0.07625,0.505,0.33187500000000003,True,0.06706788535163427
6-31g_b0.7,6-31g,0.7,0.008,10,0.25,0.706875,0.29312499999999997,0.21875,0.7281249999999999,0.41375000000000006,True,0.06706788535163427
6-31g_b0.7,6-31g,0.7,0.008,10,0.35,0.823125,0.395,0.40375,0.838125,0.419375,True,0.06706788535163427
6-31g_b0.7,6-31g,0.7,0.008,10,0.45,0.885,0.494375,0.5856250000000001,0.8899999999999999,0.29937499999999995,True,0.06706788535163427
6-31g_b0.7,6-31g,0.7,0.008,10,0.55,0.931875,0.59125,0.735625,0.9299999999999999,0.19437499999999996,True,0.06706788535163427
6-31g_b0.7,6-31g,0.7,0.008,20,0.15,0.5062500000000001,0.173125,0.079375,0.48187500000000005,0.3087500000000001,True,0.06706788535163427
6-31g_b0.7,6-31g,0.7,0.008,20,0.25,0.706875,0.29312499999999997,0.216875,0.6912499999999999,0.39812499999999995,True,0.06706788535163427
6-31g_b0.7,6-31g,0.7,0.008,20,0.35,0.823125,0.395,0.376875,0.8118749999999999,0.4168749999999999,True,0.06706788535163427
6-31g_b0.7,6-31g,0.7,0.008,20,0.45,0.885,0.494375,0.53,0.8725,0.3425,True,0.06706788535163427
6-31g_b0.7,6-31g,0.7,0.008,20,0.55,0.931875,0.59125,0.6581250000000001,0.915625,0.25749999999999995,True,0.06706788535163427
6-31g_b0.7,6-31g,0.7,0.008,40,0.15,0.5062500000000001,0.173125,0.07625,0.5006250000000001,0.3275000000000001,True,0.06706788535163427
6-31g_b0.7,6-31g,0.7,0.008,40,0.25,0.706875,0.29312499999999997,0.19999999999999998,0.7024999999999999,0.40937499999999993,True,0.06706788535163427
6-31g_b0.7,6-31g,0.7,0.008,40,0.35,0.823125,0.395,0.350625,0.81,0.41500000000000004,True,0.06706788535163427
6-31g_b0.7,6-31g,0.7,0.008,40,0.45,0.885,0.494375,0.48875,0.865625,0.37124999999999997,True,0.06706788535163427
6-31g_b0.7,6-31g,0.7,0.008,40,0.55,0.931875,0.59125,0.603125,0.90375,0.30062500000000003,True,0.06706788535163427
6-31g_b0.8,6-31g,0.8,0.0005,10,0.15,0.998125,0.180625,0.0,0.998125,0.8175,True,0.1093895984264179
6-31g_b0.8,6-31g,0.8,0.0005,10,0.25,1.0,0.28687500000000005,0.070625,1.0,0.713125,True,0.1093895984264179
6-31g_b0.8,6-31g,0.8,0.0005,10,0.35,1.0,0.38375000000000004,0.80125,1.0,0.19874999999999998,True,0.1093895984264179
6-31g_b0.8,6-31g,0.8,0.0005,10,0.45,1.0,0.48875,0.996875,1.0,0.0031250000000000444,True,0.1093895984264179
6-31g_b0.8,6-31g,0.8,0.0005,10,0.55,1.0,0.591875,1.0,1.0,0.0,False,0.1093895984264179
6-31g_b0.8,6-31g,0.8,0.0005,20,0.15,0.998125,0.180625,0.0,0.993125,0.8125,True,0.1093895984264179
6-31g_b0.8,6-31g,0.8,0.0005,20,0.25,1.0,0.28687500000000005,0.069375,1.0,0.713125,True,0.1093895984264179
6-31g_b0.8,6-31g,0.8,0.0005,20,0.35,1.0,0.38375000000000004,0.68625,1.0,0.31375,True,0.1093895984264179
6-31g_b0.8,6-31g,0.8,0.0005,20,0.45,1.0,0.48875,0.8556250000000001,1.0,0.14437499999999992,True,0.1093895984264179
6-31g_b0.8,6-31g,0.8,0.0005,20,0.55,1.0,0.591875,0.859375,1.0,0.140625,True,0.1093895984264179
6-31g_b0.8,6-31g,0.8,0.0005,40,0.15,0.998125,0.180625,0.0,0.995625,0.815,True,0.1093895984264179
6-31g_b0.8,6-31g,0.8,0.0005,40,0.25,1.0,0.28687500000000005,0.0675,1.0,0.713125,True,0.1093895984264179
6-31g_b0.8,6-31g,0.8,0.0005,40,0.35,1.0,0.38375000000000004,0.670625,1.0,0.329375,True,0.1093895984264179
6-31g_b0.8,6-31g,0.8,0.0005,40,0.45,1.0,0.48875,0.856875,1.0,0.14312499999999995,True,0.1093895984264179
6-31g_b0.8,6-31g,0.8,0.0005,40,0.55,1.0,0.591875,0.859375,1.0,0.140625,True,0.1093895984264179
6-31g_b0.8,6-31g,0.8,0.001,10,0.15,0.941875,0.180625,0.00125,0.9324999999999999,0.7518749999999998,True,0.1093895984264179
6-31g_b0.8,6-31g,0.8,0.001,10,0.25,0.99875,0.28687500000000005,0.14375,0.998125,0.7112499999999999,True,0.1093895984264179
6-31g_b0.8,6-31g,0.8,0.001,10,0.35,1.0,0.38375000000000004,0.635,1.0,0.365,True,0.1093895984264179
6-31g_b0.8,6-31g,0.8,0.001,10,0.45,1.0,0.48875,0.936875,1.0,0.06312499999999999,True,0.1093895984264179
6-31g_b0.8,6-31g,0.8,0.001,10,0.55,1.0,0.591875,0.996875,1.0,0.0031250000000000444,True,0.1093895984264179
6-31g_b0.8,6-31g,0.8,0.001,20,0.15,0.941875,0.180625,0.003125,0.939375,0.7587499999999999,True,0.1093895984264179
6-31g_b0.8,6-31g,0.8,0.001,20,0.25,0.99875,0.28687500000000005,0.13999999999999999,0.9962500000000001,0.7093750000000001,True,0.1093895984264179
6-31g_b0.8,6-31g,0.8,0.001,20,0.35,1.0,0.38375000000000004,0.5874999999999999,1.0,0.4125000000000001,True,0.1093895984264179
6-31g_b0.8,6-31g,0.8,0.001,20,0.45,1.0,0.48875,0.811875,1.0,0.188125,True,0.1093895984264179
6-31g_b0.8,6-31g,0.8,0.001,20,0.55,1.0,0.591875,0.855,1.0,0.14500000000000002,True,0.1093895984264179
6-31g_b0.8,6-31g,0.8,0.001,40,0.15,0.941875,0.180625,0.005,0.951875,0.76125,True,0.1093895984264179
6-31g_b0.8,6-31g,0.8,0.001,40,0.25,0.99875,0.28687500000000005,0.14500000000000002,0.9962500000000001,0.7093750000000001,True,0.1093895984264179
6-31g_b0.8,6-31g,0.8,0.001,40,0.35,1.0,0.38375000000000004,0.593125,1.0,0.406875,True,0.1093895984264179
6-31g_b0.8,6-31g,0.8,0.001,40,0.45,1.0,0.48875,0.8225,1.0,0.1775,True,0.1093895984264179
6-31g_b0.8,6-31g,0.8,0.001,40,0.55,1.0,0.591875,0.855,1.0,0.14500000000000002,True,0.1093895984264179
6-31g_b0.8,6-31g,0.8,0.002,10,0.15,0.811875,0.180625,0.02875,0.815625,0.63125,True,0.1093895984264179
6-31g_b0.8,6-31g,0.8,0.002,10,0.25,0.94875,0.28687500000000005,0.22875,0.954375,0.661875,True,0.1093895984264179
6-31g_b0.8,6-31g,0.8,0.002,10,0.35,0.981875,0.38375000000000004,0.579375,0.98375,0.4025000000000001,True,0.1093895984264179
6-31g_b0.8,6-31g,0.8,0.002,10,0.45,0.993125,0.48875,0.8356250000000001,0.993125,0.15749999999999997,True,0.1093895984264179
6-31g_b0.8,6-31g,0.8,0.002,10,0.55,0.99875,0.591875,0.955,0.99875,0.04375000000000007,True,0.1093895984264179
6-31g_b0.8,6-31g,0.8,0.002,20,0.15,0.811875,0.180625,0.03125,0.8206249999999999,0.63125,True,0.1093895984264179
6-31g_b0.8,6-31g,0.8,0.002,20,0.25,0.94875,0.28687500000000005,0.21375,0.959375,0.661875,True,0.1093895984264179
6-31g_b0.8,6-31g,0.8,0.002,20,0.35,0.981875,0.38375000000000004,0.5231250000000001,0.985,0.45875,True,0.1093895984264179
6-31g_b0.8,6-31g,0.8,0.002,20,0.45,0.993125,0.48875,0.74625,0.995625,0.24687500000000007,True,0.1093895984264179
6-31g_b0.8,6-31g,0.8,0.002,20,0.55,0.99875,0.591875,0.8325,0.999375,0.16625,True,0.1093895984264179
6-31g_b0.8,6-31g,0.8,0.002,40,0.15,0.811875,0.180625,0.030625,0.8274999999999999,0.63125,True,0.1093895984264179
6-31g_b0.8,6-31g,0.8,0.002,40,0.25,0.94875,0.28687500000000005,0.20875,0.97375,0.661875,True,0.1093895984264179
6-31g_b0.8,6-31g,0.8,0.002,40,0.35,0.981875,0.38375000000000004,0.5162500000000001,0.99375,0.46562499999999996,True,0.1093895984264179
6-31g_b0.8,6-31g,0.8,0.002,40,0.45,0.993125,0.48875,0.7481249999999999,1.0,0.2450000000000001,True,0.1093895984264179
6-31g_b0.8,6-31g,0.8,0.002,40,0.55,0.99875,0.591875,0.845,1.0,0.15375000000000005,True,0.1093895984264179
6-31g_b0.8,6-31g,0.8,0.004,10,0.15,0.63375,0.180625,0.07375000000000001,0.636875,0.453125,True,0.1093895984264179
6-31g_b0.8,6-31g,0.8,0.004,10,0.25,0.858125,0.28687500000000005,0.234375,0.8525,0.565625,True,0.1093895984264179
6-31g_b0.8,6-31g,0.8,0.004,10,0.35,0.929375,0.38375000000000004,0.48312499999999997,0.925,0.4418750000000001,True,0.1093895984264179
6-31g_b0.8,6-31g,0.8,0.004,10,0.45,0.9668749999999999,0.48875,0.7193750000000001,0.965,0.24562499999999987,True,0.1093895984264179
6-31g_b0.8,6-31g,0.8,0.004,10,0.55,0.989375,0.591875,0.860625,0.984375,0.12375000000000003,True,0.1093895984264179
6-31g_b0.8,6-31g,0.8,0.004,20,0.15,0.63375,0.180625,0.0675,0.6256250000000001,0.44500000000000006,True,0.1093895984264179
6-31g_b0.8,6-31g,0.8,0.004,20,0.25,0.858125,0.28687500000000005,0.213125,0.8418749999999999,0.5549999999999999,True,0.1093895984264179
6-31g_b0.8,6-31g,0.8,0.004,20,0.35,0.929375,0.38375000000000004,0.41000000000000003,0.92125,0.51125,True,0.1093895984264179
6-31g_b0.8,6-31g,0.8,0.004,20,0.45,0.9668749999999999,0.48875,0.60375,0.95625,0.35250000000000004,True,0.1093895984264179
6-31g_b0.8,6-31g,0.8,0.004,20,0.55,0.989375,0.591875,0.733125,0.975,0.24187499999999995,True,0.1093895984264179
6-31g_b0.8,6-31g,0.8,0.004,40,0.15,0.63375,0.180625,0.08,0.620625,0.43999999999999995,True,0.1093895984264179
6-31g_b0.8,6-31g,0.8,0.004,40,0.25,0.858125,0.28687500000000005,0.246875,0.8474999999999999,0.5606249999999999,True,0.1093895984264179
6-31g_b0.8,6-31g,0.8,0.004,40,0.35,0.929375,0.38375000000000004,0.4618749999999999,0.938125,0.4675,True,0.1093895984264179
6-31g_b0.8,6-31g,0.8,0.004,40,0.45,0.9668749999999999,0.48875,0.640625,0.96875,0.32624999999999993,True,0.1093895984264179
6-31g_b0.8,6-31g,0.8,0.004,40,0.55,0.989375,0.591875,0.7618750000000001,0.9837499999999999,0.22187499999999982,True,0.1093895984264179
6-31g_b0.8,6-31g,0.8,0.008,10,0.15,0.49312500000000004,0.180625,0.144375,0.47562499999999996,0.29499999999999993,True,0.1093895984264179
6-31g_b0.8,6-31g,0.8,0.008,10,0.25,0.7081249999999999,0.28687500000000005,0.301875,0.6968749999999999,0.3949999999999999,True,0.1093895984264179
6-31g_b0.8,6-31g,0.8,0.008,10,0.35,0.8300000000000001,0.38375000000000004,0.47125000000000006,0.8318749999999999,0.35875,True,0.1093895984264179
6-31g_b0.8,6-31g,0.8,0.008,10,0.45,0.89125,0.48875,0.6300000000000001,0.8975,0.26124999999999987,True,0.1093895984264179
6-31g_b0.8,6-31g,0.8,0.008,10,0.55,0.93875,0.591875,0.781875,0.9368749999999999,0.15499999999999992,True,0.1093895984264179
6-31g_b0.8,6-31g,0.8,0.008,20,0.15,0.49312500000000004,0.180625,0.130625,0.42500000000000004,0.24437500000000004,True,0.1093895984264179
6-31g_b0.8,6-31g,0.8,0.008,20,0.25,0.7081249999999999,0.28687500000000005,0.266875,0.665,0.378125,True,0.1093895984264179
6-31g_b0.8,6-31g,0.8,0.008,20,0.35,0.8300000000000001,0.38375000000000004,0.415625,0.805625,0.39,True,0.1093895984264179
6-31g_b0.8,6-31g,0.8,0.008,20,0.45,0.89125,0.48875,0.550625,0.875625,0.32499999999999996,True,0.1093895984264179
6-31g_b0.8,6-31g,0.8,0.008,20,0.55,0.93875,0.591875,0.6824999999999999,0.9156250000000001,0.23312500000000025,True,0.1093895984264179
6-31g_b0.8,6-31g,0.8,0.008,40,0.15,0.49312500000000004,0.180625,0.16562500000000002,0.45125000000000004,0.270625,True,0.1093895984264179
6-31g_b0.8,6-31g,0.8,0.008,40,0.25,0.7081249999999999,0.28687500000000005,0.3,0.685,0.38500000000000006,True,0.1093895984264179
6-31g_b0.8,6-31g,0.8,0.008,40,0.35,0.8300000000000001,0.38375000000000004,0.434375,0.828125,0.39375,True,0.1093895984264179
6-31g_b0.8,6-31g,0.8,0.008,40,0.45,0.89125,0.48875,0.5606249999999999,0.893125,0.33062500000000006,True,0.1093895984264179
6-31g_b0.8,6-31g,0.8,0.008,40,0.55,0.93875,0.591875,0.67125,0.924375,0.25312499999999993,True,0.1093895984264179
6-31g_b0.9,6-31g,0.9,0.0005,10,0.15,0.995625,0.18125000000000002,0.0025,0.99625,0.814375,True,0.20668485557767086
6-31g_b0.9,6-31g,0.9,0.0005,10,0.25,1.0,0.288125,0.303125,1.0,0.696875,True,0.20668485557767086
6-31g_b0.9,6-31g,0.9,0.0005,10,0.35,1.0,0.3875,0.9306249999999999,1.0,0.06937500000000008,True,0.20668485557767086
6-31g_b0.9,6-31g,0.9,0.0005,10,0.45,1.0,0.494375,0.983125,1.0,0.016874999999999973,True,0.20668485557767086
6-31g_b0.9,6-31g,0.9,0.0005,10,0.55,1.0,0.6000000000000001,0.984375,1.0,0.015625,True,0.20668485557767086
6-31g_b0.9,6-31g,0.9,0.0005,20,0.15,0.995625,0.18125000000000002,0.000625,0.966875,0.785625,True,0.20668485557767086
6-31g_b0.9,6-31g,0.9,0.0005,20,0.25,1.0,0.288125,0.28,0.96875,0.680625,True,0.20668485557767086
6-31g_b0.9,6-31g,0.9,0.0005,20,0.35,1.0,0.3875,0.805625,0.96875,0.16312499999999996,True,0.20668485557767086
6-31g_b0.9,6-31g,0.9,0.0005,20,0.45,1.0,0.494375,0.858125,0.96875,0.11062499999999997,True,0.20668485557767086
6-31g_b0.9,6-31g,0.9,0.0005,20,0.55,1.0,0.6000000000000001,0.859375,0.96875,0.109375,True,0.20668485557767086
6-31g_b0.9,6-31g,0.9,0.0005,40,0.15,0.995625,0.18125000000000002,0.0025,0.9375,0.75625,True,0.20668485557767086
6-31g_b0.9,6-31g,0.9,0.0005,40,0.25,1.0,0.288125,0.260625,0.9375,0.649375,True,0.20668485557767086
6-31g_b0.9,6-31g,0.9,0.0005,40,0.35,1.0,0.3875,0.71875,0.9375,0.21875,True,0.20668485557767086
6-31g_b0.9,6-31g,0.9,0.0005,40,0.45,1.0,0.494375,0.765625,0.9375,0.171875,True,0.20668485557767086
6-31g_b0.9,6-31g,0.9,0.0005,40,0.55,1.0,0.6000000000000001,0.765625,0.9375,0.171875,True,0.20668485557767086
6-31g_b0.9,6-31g,0.9,0.001,10,0.15,0.953125,0.18125000000000002,0.023125,0.94875,0.7675,True,0.20668485557767086
6-31g_b0.9,6-31g,0.9,0.001,10,0.25,0.9975,0.288125,0.32625000000000004,0.996875,0.6706249999999999,True,0.20668485557767086
6-31g_b0.9,6-31g,0.9,0.001,10,0.35,0.999375,0.3875,0.7918749999999999,0.999375,0.20750000000000013,True,0.20668485557767086
6-31g_b0.9,6-31g,0.9,0.001,10,0.45,1.0,0.494375,0.956875,1.0,0.04312499999999997,True,0.20668485557767086
6-31g_b0.9,6-31g,0.9,0.001,10,0.55,1.0,0.6000000000000001,0.98125,1.0,0.018750000000000044,True,0.20668485557767086
6-31g_b0.9,6-31g,0.9,0.001,20,0.15,0.953125,0.18125000000000002,0.021875000000000002,0.9199999999999999,0.7387499999999999,True,0.20668485557767086
6-31g_b0.9,6-31g,0.9,0.001,20,0.25,0.9975,0.288125,0.29937500000000006,0.968125,0.66875,True,0.20668485557767086
6-31g_b0.9,6-31g,0.9,0.001,20,0.35,0.999375,0.3875,0.714375,0.96875,0.254375,True,0.20668485557767086
6-31g_b0.9,6-31g,0.9,0.001,20,0.45,1.0,0.494375,0.84375,0.96875,0.125,True,0.20668485557767086
6-31g_b0.9,6-31g,0.9,0.001,20,0.55,1.0,0.6000000000000001,0.85875,0.96875,0.10999999999999999,True,0.20668485557767086
6-31g_b0.9,6-31g,0.9,0.001,40,0.15,0.953125,0.18125000000000002,0.036875000000000005,0.8875,0.7062499999999999,True,0.20668485557767086
6-31g_b0.9,6-31g,0.9,0.001,40,0.25,0.9975,0.288125,0.3125,0.93625,0.62375,True,0.20668485557767086
6-31g_b0.9,6-31g,0.9,0.001,40,0.35,0.999375,0.3875,0.660625,0.9375,0.276875,True,0.20668485557767086
6-31g_b0.9,6-31g,0.9,0.001,40,0.45,1.0,0.494375,0.76125,0.9375,0.17625000000000002,True,0.20668485557767086
6-31g_b0.9,6-31g,0.9,0.001,40,0.55,1.0,0.6000000000000001,0.765625,0.9375,0.171875,True,0.20668485557767086
6-31g_b0.9,6-31g,0.9,0.002,10,0.15,0.803125,0.18125000000000002,0.084375,0.815,0.621875,True,0.20668485557767086
6-31g_b0.9,6-31g,0.9,0.002,10,0.25,0.96,0.288125,0.37625000000000003,0.963125,0.58375,True,0.20668485557767086
6-31g_b0.9,6-31g,0.9,0.002,10,0.35,0.9824999999999999,0.3875,0.7168749999999999,0.985,0.265625,True,0.20668485557767086
6-31g_b0.9,6-31g,0.9,0.002,10,0.45,0.995,0.494375,0.8899999999999999,0.995625,0.1050000000000001,True,0.20668485557767086
6-31g_b0.9,6-31g,0.9,0.002,10,0.55,0.999375,0.6000000000000001,0.959375,0.999375,0.040000000000000036,True,0.20668485557767086
6-31g_b0.9,6-31g,0.9,0.002,20,0.15,0.803125,0.18125000000000002,0.083125,0.8062499999999999,0.621875,True,0.20668485557767086
6-31g_b0.9,6-31g,0.9,0.002,20,0.25,0.96,0.288125,0.34875,0.940625,0.591875,True,0.20668485557767086
6-31g_b0.9,6-31g,0.9,0.002,20,0.35,0.9824999999999999,0.3875,0.6587500000000001,0.9606250000000001,0.301875,True,0.20668485557767086
6-31g_b0.9,6-31g,0.9,0.002,20,0.45,0.995,0.494375,0.815625,0.96875,0.15312499999999996,True,0.20668485557767086
6-31g_b0.9,6-31g,0.9,0.002,20,0.55,0.999375,0.6000000000000001,0.864375,0.96875,0.104375,True,0.20668485557767086
6-31g_b0.9,6-31g,0.9,0.002,40,0.15,0.803125,0.18125000000000002,0.090625,0.7662500000000001,0.5850000000000001,True,0.20668485557767086
6-31g_b0.9,6-31g,0.9,0.002,40,0.25,0.96,0.288125,0.3325,0.919375,0.586875,True,0.20668485557767086
6-31g_b0.9,6-31g,0.9,0.002,40,0.35,0.9824999999999999,0.3875,0.5831249999999999,0.93625,0.35312500000000013,True,0.20668485557767086
6-31g_b0.9,6-31g,0.9,0.002,40,0.45,0.995,0.494375,0.7112499999999999,0.9375,0.22625000000000006,True,0.20668485557767086
6-31g_b0.9,6-31g,0.9,0.002,40,0.55,0.999375,0.6000000000000001,0.76,0.9375,0.1775,True,0.20668485557767086
6-31g_b0.9,6-31g,0.9,0.004,10,0.15,0.61375,0.18125000000000002,0.14125,0.624375,0.4325,True,0.20668485557767086
6-31g_b0.9,6-31g,0.9,0.004,10,0.25,0.85375,0.288125,0.34187500000000004,0.8574999999999999,0.511875,True,0.20668485557767086
6-31g_b0.9,6-31g,0.9,0.004,10,0.35,0.944375,0.3875,0.569375,0.94875,0.375,True,0.20668485557767086
6-31g_b0.9,6-31g,0.9,0.004,10,0.45,0.9775,0.494375,0.7775,0.9781249999999999,0.20000000000000007,True,0.20668485557767086
6-31g_b0.9,6-31g,0.9,0.004,10,0.55,0.989375,0.6000000000000001,0.9043749999999999,0.989375,0.08500000000000008,True,0.20668485557767086
6-31g_b0.9,6-31g,0.9,0.004,20,0.15,0.61375,0.18125000000000002,0.1525,0.6143749999999999,0.4325,True,0.20668485557767086
6-31g_b0.9,6-31g,0.9,0.004,20,0.25,0.85375,0.288125,0.34750000000000003,0.8568749999999999,0.50625,True,0.20668485557767086
6-31g_b0.9,6-31g,0.9,0.004,20,0.35,0.944375,0.3875,0.556875,0.944375,0.38749999999999996,True,0.20668485557767086
6-31g_b0.9,6-31g,0.9,0.004,20,0.45,0.9775,0.494375,0.73375,0.9706250000000001,0.23687500000000006,True,0.20668485557767086
6-31g_b0.9,6-31g,0.9,0.004,20,0.55,0.989375,0.6000000000000001,0.834375,0.9825,0.14812500000000006,True,0.20668485557767086
6-31g_b0.9,6-31g,0.9,0.004,40,0.15,0.61375,0.18125000000000002,0.16999999999999998,0.598125,0.416875,True,0.20668485557767086
6-31g_b0.9,6-31g,0.9,0.004,40,0.25,0.85375,0.288125,0.369375,0.84375,0.474375,True,0.20668485557767086
6-31g_b0.9,6-31g,0.9,0.004,40,0.35,0.944375,0.3875,0.5387500000000001,0.94,0.4012499999999999,True,0.20668485557767086
6-31g_b0.9,6-31g,0.9,0.004,40,0.45,0.9775,0.494375,0.66875,0.96125,0.2925000000000001,True,0.20668485557767086
6-31g_b0.9,6-31g,0.9,0.004,40,0.55,0.989375,0.6000000000000001,0.7437499999999999,0.968125,0.2243750000000001,True,0.20668485557767086
6-31g_b0.9,6-31g,0.9,0.008,10,0.15,0.435,0.18125000000000002,0.22624999999999998,0.44125000000000003,0.20875000000000002,True,0.20668485557767086
6-31g_b0.9,6-31g,0.9,0.008,10,0.25,0.6793750000000001,0.288125,0.385625,0.686875,0.29375000000000007,True,0.20668485557767086
6-31g_b0.9,6-31g,0.9,0.008,10,0.35,0.8331249999999999,0.3875,0.54625,0.83875,0.2868749999999999,True,0.20668485557767086
6-31g_b0.9,6-31g,0.9,0.008,10,0.45,0.915,0.494375,0.70625,0.91375,0.2074999999999999,True,0.20668485557767086
6-31g_b0.9,6-31g,0.9,0.008,10,0.55,0.9612499999999999,0.6000000000000001,0.8374999999999999,0.951875,0.11437500000000012,True,0.20668485557767086
6-31g_b0.9,6-31g,0.9,0.008,20,0.15,0.435,0.18125000000000002,0.214375,0.43875,0.220625,True,0.20668485557767086
6-31g_b0.9,6-31g,0.9,0.008,20,0.25,0.6793750000000001,0.288125,0.36625,0.6812499999999999,0.31312500000000004,True,0.20668485557767086
6-31g_b0.9,6-31g,0.9,0.008,20,0.35,0.8331249999999999,0.3875,0.520625,0.826875,0.30625,True,0.20668485557767086
6-31g_b0.9,6-31g,0.9,0.008,20,0.45,0.915,0.494375,0.675,0.895,0.21999999999999997,True,0.20668485557767086
6-31g_b0.9,6-31g,0.9,0.008,20,0.55,0.9612499999999999,0.6000000000000001,0.793125,0.9356249999999999,0.14249999999999996,True,0.20668485557767086
6-31g_b0.9,6-31g,0.9,0.008,40,0.15,0.435,0.18125000000000002,0.23875000000000005,0.441875,0.19624999999999995,True,0.20668485557767086
6-31g_b0.9,6-31g,0.9,0.008,40,0.25,0.6793750000000001,0.288125,0.374375,0.6849999999999999,0.30500000000000005,True,0.20668485557767086
6-31g_b0.9,6-31g,0.9,0.008,40,0.35,0.8331249999999999,0.3875,0.49874999999999997,0.8331249999999999,0.3343749999999999,True,0.20668485557767086
6-31g_b0.9,6-31g,0.9,0.008,40,0.45,0.915,0.494375,0.609375,0.895,0.285625,True,0.20668485557767086
6-31g_b0.9,6-31g,0.9,0.008,40,0.55,0.9612499999999999,0.6000000000000001,0.700625,0.9368749999999999,0.23624999999999985,True,0.20668485557767086
6-31g_b1.0,6-31g,1.0,0.0005,10,0.15,0.994375,0.18125000000000002,0.0,0.990625,0.809375,True,0.04776511117678022
6-31g_b1.0,6-31g,1.0,0.0005,10,0.25,1.0,0.288125,0.0,1.0,0.711875,True,0.04776511117678022
6-31g_b1.0,6-31g,1.0,0.0005,10,0.35,1.0,0.3875,0.06,1.0,0.6125,True,0.04776511117678022
6-31g_b1.0,6-31g,1.0,0.0005,10,0.45,1.0,0.494375,0.630625,1.0,0.369375,True,0.04776511117678022
6-31g_b1.0,6-31g,1.0,0.0005,10,0.55,1.0,0.6000000000000001,0.989375,1.0,0.010624999999999996,True,0.04776511117678022
6-31g_b1.0,6-31g,1.0,0.0005,20,0.15,0.994375,0.18125000000000002,0.0,0.93875,0.7575,True,0.04776511117678022
6-31g_b1.0,6-31g,1.0,0.0005,20,0.25,1.0,0.288125,0.0,0.953125,0.665,True,0.04776511117678022
6-31g_b1.0,6-31g,1.0,0.0005,20,0.35,1.0,0.3875,0.05562500000000001,0.953125,0.565625,True,0.04776511117678022
6-31g_b1.0,6-31g,1.0,0.0005,20,0.45,1.0,0.494375,0.52,0.953125,0.433125,True,0.04776511117678022
6-31g_b1.0,6-31g,1.0,0.0005,20,0.55,1.0,0.6000000000000001,0.846875,0.953125,0.10624999999999996,True,0.04776511117678022
6-31g_b1.0,6-31g,1.0,0.0005,40,0.15,0.994375,0.18125000000000002,0.0,0.865,0.68375,True,0.04776511117678022
6-31g_b1.0,6-31g,1.0,0.0005,40,0.25,1.0,0.288125,0.0,0.875,0.586875,True,0.04776511117678022
6-31g_b1.0,6-31g,1.0,0.0005,40,0.35,1.0,0.3875,0.065625,0.875,0.4875,True,0.04776511117678022
6-31g_b1.0,6-31g,1.0,0.0005,40,0.45,1.0,0.494375,0.5237499999999999,0.875,0.35125000000000006,True,0.04776511117678022
6-31g_b1.0,6-31g,1.0,0.0005,40,0.55,1.0,0.6000000000000001,0.7887500000000001,0.875,0.08624999999999994,True,0.04776511117678022
6-31g_b1.0,6-31g,1.0,0.001,10,0.15,0.9149999999999999,0.18125000000000002,0.0,0.9149999999999999,0.7337499999999999,True,0.04776511117678022
6-31g_b1.0,6-31g,1.0,0.001,10,0.25,0.995,0.288125,0.001875,0.99625,0.7068749999999999,True,0.04776511117678022
6-31g_b1.0,6-31g,1.0,0.001,10,0.35,0.999375,0.3875,0.1275,0.999375,0.611875,True,0.04776511117678022
6-31g_b1.0,6-31g,1.0,0.001,10,0.45,1.0,0.494375,0.525625,1.0,0.474375,True,0.04776511117678022
6-31g_b1.0,6-31g,1.0,0.001,10,0.55,1.0,0.6000000000000001,0.9275,1.0,0.07250000000000001,True,0.04776511117678022
6-31g_b1.0,6-31g,1.0,0.001,20,0.15,0.9149999999999999,0.18125000000000002,0.0,0.8825,0.7012499999999999,True,0.04776511117678022
6-31g_b1.0,6-31g,1.0,0.001,20,0.25,0.995,0.288125,0.00125,0.9475,0.659375,True,0.04776511117678022
6-31g_b1.0,6-31g,1.0,0.001,20,0.35,0.999375,0.3875,0.10875000000000001,0.953125,0.565625,True,0.04776511117678022
6-31g_b1.0,6-31g,1.0,0.001,20,0.45,1.0,0.494375,0.44625000000000004,0.953125,0.45875,True,0.04776511117678022
6-31g_b1.0,6-31g,1.0,0.001,20,0.55,1.0,0.6000000000000001,0.80875,0.953125,0.14437500000000003,True,0.04776511117678022
6-31g_b1.0,6-31g,1.0,0.001,40,0.15,0.9149999999999999,0.18125000000000002,0.0,0.82875,0.6475,True,0.04776511117678022
6-31g_b1.0,6-31g,1.0,0.001,40,0.25,0.995,0.288125,0.008124999999999999,0.869375,0.58125,True,0.04776511117678022
6-31g_b1.0,6-31g,1.0,0.001,40,0.35,0.999375,0.3875,0.1325,0.875,0.4875,True,0.04776511117678022
6-31g_b1.0,6-31g,1.0,0.001,40,0.45,1.0,0.494375,0.466875,0.875,0.380625,True,0.04776511117678022
6-31g_b1.0,6-31g,1.0,0.001,40,0.55,1.0,0.6000000000000001,0.76875,0.875,0.10624999999999996,True,0.04776511117678022
6-31g_b1.0,6-31g,1.0,0.002,10,0.15,0.79125,0.18125000000000002,0.0,0.788125,0.6068749999999999,True,0.04776511117678022
6-31g_b1.0,6-31g,1.0,0.002,10,0.25,0.948125,0.288125,0.033125,0.95,0.6599999999999999,True,0.04776511117678022
6-31g_b1.0,6-31g,1.0,0.002,10,0.35,0.98375,0.3875,0.198125,0.986875,0.59625,True,0.04776511117678022
6-31g_b1.0,6-31g,1.0,0.002,10,0.45,0.990625,0.494375,0.48375,0.99375,0.49624999999999997,True,0.04776511117678022
6-31g_b1.0,6-31g,1.0,0.002,10,0.55,0.996875,0.6000000000000001,0.850625,0.99875,0.14625,True,0.04776511117678022
6-31g_b1.0,6-31g,1.0,0.002,20,0.15,0.79125,0.18125000000000002,0.000625,0.755625,0.574375,True,0.04776511117678022
6-31g_b1.0,6-31g,1.0,0.002,20,0.25,0.948125,0.288125,0.033125,0.9143749999999999,0.62625,True,0.04776511117678022
6-31g_b1.0,6-31g,1.0,0.002,20,0.35,0.98375,0.3875,0.184375,0.9456249999999999,0.558125,True,0.04776511117678022
6-31g_b1.0,6-31g,1.0,0.002,20,0.45,0.990625,0.494375,0.4375,0.949375,0.45499999999999996,True,0.04776511117678022
6-31g_b1.0,6-31g,1.0,0.002,20,0.55,0.996875,0.6000000000000001,0.746875,0.9525,0.20562500000000006,True,0.04776511117678022
6-31g_b1.0,6-31g,1.0,0.002,40,0.15,0.79125,0.18125000000000002,0.000625,0.6912499999999999,0.5099999999999999,True,0.04776511117678022
6-31g_b1.0,6-31g,1.0,0.002,40,0.25,0.948125,0.288125,0.031875,0.83625,0.548125,True,0.04776511117678022
6-31g_b1.0,6-31g,1.0,0.002,40,0.35,0.98375,0.3875,0.18812500000000001,0.869375,0.481875,True,0.04776511117678022
6-31g_b1.0,6-31g,1.0,0.002,40,0.45,0.990625,0.494375,0.41375,0.87375,0.379375,True,0.04776511117678022
6-31g_b1.0,6-31g,1.0,0.002,40,0.55,0.996875,0.6000000000000001,0.6968749999999999,0.875,0.1781250000000001,True,0.04776511117678022
6-31g_b1.0,6-31g,1.0,0.004,10,0.15,0.5987500000000001,0.18125000000000002,0.014375,0.586875,0.405625,True,0.04776511117678022
6-31g_b1.0,6-31g,1.0,0.004,10,0.25,0.829375,0.288125,0.0775,0.82375,0.535625,True,0.04776511117678022
6-31g_b1.0,6-31g,1.0,0.004,10,0.35,0.9275,0.3875,0.215,0.92125,0.53375,True,0.04776511117678022
6-31g_b1.0,6-31g,1.0,0.004,10,0.45,0.9606250000000001,0.494375,0.43562500000000004,0.9568749999999999,0.4624999999999999,True,0.04776511117678022
6-31g_b1.0,6-31g,1.0,0.004,10,0.55,0.98125,0.6000000000000001,0.705,0.97875,0.27375000000000005,True,0.04776511117678022
6-31g_b1.0,6-31g,1.0,0.004,20,0.15,0.5987500000000001,0.18125000000000002,0.009375000000000001,0.5618749999999999,0.3806249999999999,True,0.04776511117678022
6-31g_b1.0,6-31g,1.0,0.004,20,0.25,0.829375,0.288125,0.07250000000000001,0.788125,0.49999999999999994,True,0.04776511117678022
6-31g_b1.0,6-31g,1.0,0.004,20,0.35,0.9275,0.3875,0.19187500000000002,0.8868750000000001,0.49937500000000007,True,0.04776511117678022
6-31g_b1.0,6-31g,1.0,0.004,20,0.45,0.9606250000000001,0.494375,0.36,0.918125,0.42374999999999996,True,0.04776511117678022
6-31g_b1.0,6-31g,1.0,0.004,20,0.55,0.98125,0.6000000000000001,0.579375,0.93875,0.3387499999999999,True,0.04776511117678022
6-31g_b1.0,6-31g,1.0,0.004,40,0.15,0.5987500000000001,0.18125000000000002,0.018125000000000002,0.51,0.32875,True,0.04776511117678022
6-31g_b1.0,6-31g,1.0,0.004,40,0.25,0.829375,0.288125,0.09187500000000001,0.723125,0.435,True,0.04776511117678022
6-31g_b1.0,6-31g,1.0,0.004,40,0.35,0.9275,0.3875,0.22625,0.8224999999999999,0.4349999999999999,True,0.04776511117678022
6-31g_b1.0,6-31g,1.0,0.004,40,0.45,0.9606250000000001,0.494375,0.380625,0.849375,0.355,True,0.04776511117678022
6-31g_b1.0,6-31g,1.0,0.004,40,0.55,0.98125,0.6000000000000001,0.594375,0.8625,0.26249999999999996,True,0.04776511117678022
6-31g_b1.0,6-31g,1.0,0.008,10,0.15,0.4675,0.18125000000000002,0.08125,0.44250000000000006,0.26125000000000004,True,0.04776511117678022
6-31g_b1.0,6-31g,1.0,0.008,10,0.25,0.7,0.288125,0.1775,0.67875,0.39062499999999994,True,0.04776511117678022
6-31g_b1.0,6-31g,1.0,0.008,10,0.35,0.835625,0.3875,0.326875,0.831875,0.444375,True,0.04776511117678022
6-31g_b1.0,6-31g,1.0,0.008,10,0.45,0.90625,0.494375,0.5,0.9075,0.40625,True,0.04776511117678022
6-31g_b1.0,6-31g,1.0,0.008,10,0.55,0.9456249999999999,0.6000000000000001,0.650625,0.9475,0.29499999999999993,True,0.04776511117678022
6-31g_b1.0,6-31g,1.0,0.008,20,0.15,0.4675,0.18125000000000002,0.059375000000000004,0.406875,0.22562499999999996,True,0.04776511117678022
6-31g_b1.0,6-31g,1.0,0.008,20,0.25,0.7,0.288125,0.14,0.6225,0.33437500000000003,True,0.04776511117678022
6-31g_b1.0,6-31g,1.0,0.008,20,0.35,0.835625,0.3875,0.26125000000000004,0.771875,0.38437499999999997,True,0.04776511117678022
6-31g_b1.0,6-31g,1.0,0.008,20,0.45,0.90625,0.494375,0.40937500000000004,0.8525,0.358125,True,0.04776511117678022
6-31g_b1.0,6-31g,1.0,0.008,20,0.55,0.9456249999999999,0.6000000000000001,0.5493750000000001,0.895,0.29499999999999993,True,0.04776511117678022
6-31g_b1.0,6-31g,1.0,0.008,40,0.15,0.4675,0.18125000000000002,0.06437499999999999,0.405,0.22375,True,0.04776511117678022
6-31g_b1.0,6-31g,1.0,0.008,40,0.25,0.7,0.288125,0.144375,0.60375,0.315625,True,0.04776511117678022
6-31g_b1.0,6-31g,1.0,0.008,40,0.35,0.835625,0.3875,0.27437500000000004,0.7275,0.34,True,0.04776511117678022
6-31g_b1.0,6-31g,1.0,0.008,40,0.45,0.90625,0.494375,0.41625,0.7887500000000001,0.29437500000000005,True,0.04776511117678022
6-31g_b1.0,6-31g,1.0,0.008,40,0.55,0.9456249999999999,0.6000000000000001,0.555,0.8325,0.23249999999999993,True,0.04776511117678022
6-31g_b1.1,6-31g,1.1,0.0005,10,0.15,0.985625,0.17375,0.01125,0.9824999999999999,0.80875,True,0.21467401335657704
6-31g_b1.1,6-31g,1.1,0.0005,10,0.25,1.0,0.30125,0.41625,1.0,0.58375,True,0.21467401335657704
6-31g_b1.1,6-31g,1.1,0.0005,10,0.35,1.0,0.406875,0.875,1.0,0.125,True,0.21467401335657704
6-31g_b1.1,6-31g,1.1,0.0005,10,0.45,1.0,0.514375,0.920625,1.0,0.07937499999999997,True,0.21467401335657704
6-31g_b1.1,6-31g,1.1,0.0005,10,0.55,1.0,0.624375,0.921875,1.0,0.078125,True,0.21467401335657704
6-31g_b1.1,6-31g,1.1,0.0005,20,0.15,0.985625,0.17375,0.015625,0.9325,0.75875,True,0.21467401335657704
6-31g_b1.1,6-31g,1.1,0.0005,20,0.25,1.0,0.30125,0.353125,0.953125,0.6,True,0.21467401335657704
6-31g_b1.1,6-31g,1.1,0.0005,20,0.35,1.0,0.406875,0.7506250000000001,0.953125,0.2024999999999999,True,0.21467401335657704
6-31g_b1.1,6-31g,1.1,0.0005,20,0.45,1.0,0.514375,0.795625,0.953125,0.15749999999999997,True,0.21467401335657704
6-31g_b1.1,6-31g,1.1,0.0005,20,0.55,1.0,0.624375,0.796875,0.953125,0.15625,True,0.21467401335657704
6-31g_b1.1,6-31g,1.1,0.0005,40,0.15,0.985625,0.17375,0.015625,0.80875,0.635,True,0.21467401335657704
6-31g_b1.1,6-31g,1.1,0.0005,40,0.25,1.0,0.30125,0.36,0.828125,0.468125,True,0.21467401335657704
6-31g_b1.1,6-31g,1.1,0.0005,40,0.35,1.0,0.406875,0.718125,0.828125,0.10999999999999999,True,0.21467401335657704
6-31g_b1.1,6-31g,1.1,0.0005,40,0.45,1.0,0.514375,0.75,0.828125,0.078125,True,0.21467401335657704
6-31g_b1.1,6-31g,1.1,0.0005,40,0.55,1.0,0.624375,0.75,0.828125,0.078125,True,0.21467401335657704
6-31g_b1.1,6-31g,1.1,0.001,10,0.15,0.9206249999999999,0.17375,0.04875,0.9199999999999999,0.74625,True,0.21467401335657704
6-31g_b1.1,6-31g,1.1,0.001,10,0.25,0.996875,0.30125,0.385625,0.996875,0.61125,True,0.21467401335657704
6-31g_b1.1,6-31g,1.1,0.001,10,0.35,0.999375,0.406875,0.7625,0.999375,0.23687500000000006,True,0.21467401335657704
6-31g_b1.1,6-31g,1.1,0.001,10,0.45,1.0,0.514375,0.905625,1.0,0.09437499999999999,True,0.21467401335657704
6-31g_b1.1,6-31g,1.1,0.001,10,0.55,1.0,0.624375,0.92125,1.0,0.07874999999999999,True,0.21467401335657704
6-31g_b1.1,6-31g,1.1,0.001,20,0.15,0.9206249999999999,0.17375,0.050625,0.875,0.70125,True,0.21467401335657704
6-31g_b1.1,6-31g,1.1,0.001,20,0.25,0.996875,0.30125,0.34625000000000006,0.95125,0.605,True,0.21467401335657704
6-31g_b1.1,6-31g,1.1,0.001,20,0.35,0.999375,0.406875,0.6756249999999999,0.953125,0.2775000000000001,True,0.21467401335657704
6-31g_b1.1,6-31g,1.1,0.001,20,0.45,1.0,0.514375,0.784375,0.953125,0.16874999999999996,True,0.21467401335657704
6-31g_b1.1,6-31g,1.1,0.001,20,0.55,1.0,0.624375,0.79625,0.953125,0.156875,True,0.21467401335657704
6-31g_b1.1,6-31g,1.1,0.001,40,0.15,0.9206249999999999,0.17375,0.05875,0.7474999999999999,0.57375,True,0.21467401335657704
6-31g_b1.1,6-31g,1.1,0.001,40,0.25,0.996875,0.30125,0.364375,0.824375,0.45999999999999996,True,0.21467401335657704
6-31g_b1.1,6-31g,1.1,0.001,40,0.35,0.999375,0.406875,0.6599999999999999,0.828125,0.16812500000000008,True,0.21467401335657704
6-31g_b1.1,6-31g,1.1,0.001,40,0.45,1.0,0.514375,0.74125,0.828125,0.08687500000000004,True,0.21467401335657704
6-31g_b1.1,6-31g,1.1,0.001,40,0.55,1.0,0.624375,0.75,0.828125,0.078125,True,0.21467401335657704
6-31g_b1.1,6-31g,1.1,0.002,10,0.15,0.7725,0.17375,0.116875,0.7787499999999999,0.59875,True,0.21467401335657704
6-31g_b1.1,6-31g,1.1,0.002,10,0.25,0.9593749999999999,0.30125,0.39875000000000005,0.9537499999999999,0.5549999999999998,True,0.21467401335657704
6-31g_b1.1,6-31g,1.1,0.002,10,0.35,0.988125,0.406875,0.6925000000000001,0.9874999999999999,0.2949999999999998,True,0.21467401335657704
6-31g_b1.1,6-31g,1.1,0.002,10,0.45,0.9975,0.514375,0.848125,0.995625,0.14749999999999996,True,0.21467401335657704
6-31g_b1.1,6-31g,1.1,0.002,10,0.55,1.0,0.624375,0.903125,1.0,0.09687500000000004,True,0.21467401335657704
6-31g_b1.1,6-31g,1.1,0.002,20,0.15,0.7725,0.17375,0.11,0.7481249999999999,0.574375,True,0.21467401335657704
6-31g_b1.1,6-31g,1.1,0.002,20,0.25,0.9593749999999999,0.30125,0.351875,0.9224999999999999,0.5706249999999999,True,0.21467401335657704
6-31g_b1.1,6-31g,1.1,0.002,20,0.35,0.988125,0.406875,0.606875,0.95,0.3431249999999999,True,0.21467401335657704
6-31g_b1.1,6-31g,1.1,0.002,20,0.45,0.9975,0.514375,0.744375,0.951875,0.20750000000000002,True,0.21467401335657704
6-31g_b1.1,6-31g,1.1,0.002,20,0.55,1.0,0.624375,0.79,0.953125,0.16312499999999996,True,0.21467401335657704
6-31g_b1.1,6-31g,1.1,0.002,40,0.15,0.7725,0.17375,0.1225,0.63625,0.4625,True,0.21467401335657704
6-31g_b1.1,6-31g,1.1,0.002,40,0.25,0.9593749999999999,0.30125,0.3675,0.79875,0.43124999999999997,True,0.21467401335657704
6-31g_b1.1,6-31g,1.1,0.002,40,0.35,0.988125,0.406875,0.591875,0.826875,0.235,True,0.21467401335657704
6-31g_b1.1,6-31g,1.1,0.002,40,0.45,0.9975,0.514375,0.7,0.828125,0.12812500000000004,True,0.21467401335657704
6-31g_b1.1,6-31g,1.1,0.002,40,0.55,1.0,0.624375,0.74125,0.828125,0.08687500000000004,True,0.21467401335657704
6-31g_b1.1,6-31g,1.1,0.004,10,0.15,0.6125,0.17375,0.18812500000000001,0.6112500000000001,0.4231250000000001,True,0.21467401335657704
6-31g_b1.1,6-31g,1.1,0.004,10,0.25,0.8531249999999999,0.30125,0.4125,0.855,0.44062499999999993,True,0.21467401335657704
6-31g_b1.1,6-31g,1.1,0.004,10,0.35,0.951875,0.406875,0.629375,0.95375,0.3225,True,0.21467401335657704
6-31g_b1.1,6-31g,1.1,0.004,10,0.45,0.985625,0.514375,0.79,0.983125,0.193125,True,0.21467401335657704
6-31g_b1.1,6-31g,1.1,0.004,10,0.55,0.9937499999999999,0.624375,0.865,0.99125,0.12624999999999997,True,0.21467401335657704
6-31g_b1.1,6-31g,1.1,0.004,20,0.15,0.6125,0.17375,0.17062500000000003,0.5818749999999999,0.40812499999999996,True,0.21467401335657704
6-31g_b1.1,6-31g,1.1,0.004,20,0.25,0.8531249999999999,0.30125,0.37312500000000004,0.818125,0.44499999999999995,True,0.21467401335657704
6-31g_b1.1,6-31g,1.1,0.004,20,0.35,0.951875,0.406875,0.56125,0.911875,0.35062499999999996,True,0.21467401335657704
6-31g_b1.1,6-31g,1.1,0.004,20,0.45,0.985625,0.514375,0.694375,0.9412499999999999,0.24687499999999996,True,0.21467401335657704
6-31g_b1.1,6-31g,1.1,0.004,20,0.55,0.9937499999999999,0.624375,0.75625,0.950625,0.19437500000000008,True,0.21467401335657704
6-31g_b1.1,6-31g,1.1,0.004,40,0.15,0.6125,0.17375,0.181875,0.48062499999999997,0.29874999999999996,True,0.21467401335657704
6-31g_b1.1,6-31g,1.1,0.004,40,0.25,0.8531249999999999,0.30125,0.36812500000000004,0.6937500000000001,0.32562500000000005,True,0.21467401335657704
6-31g_b1.1,6-31g,1.1,0.004,40,0.35,0.951875,0.406875,0.5349999999999999,0.785625,0.2506250000000001,True,0.21467401335657704
6-31g_b1.1,6-31g,1.1,0.004,40,0.45,0.985625,0.514375,0.650625,0.815625,0.16500000000000004,True,0.21467401335657704
6-31g_b1.1,6-31g,1.1,0.004,40,0.55,0.9937499999999999,0.624375,0.715,0.825625,0.11062500000000008,True,0.21467401335657704
6-31g_b1.1,6-31g,1.1,0.008,10,0.15,0.42000000000000004,0.17375,0.27375000000000005,0.414375,0.14062499999999994,True,0.21467401335657704
6-31g_b1.1,6-31g,1.1,0.008,10,0.25,0.67875,0.30125,0.4425,0.663125,0.22062499999999996,True,0.21467401335657704
6-31g_b1.1,6-31g,1.1,0.008,10,0.35,0.84625,0.406875,0.595,0.82375,0.22875,True,0.21467401335657704
6-31g_b1.1,6-31g,1.1,0.008,10,0.45,0.93875,0.514375,0.7237499999999999,0.92125,0.19750000000000012,True,0.21467401335657704
6-31g_b1.1,6-31g,1.1,0.008,10,0.55,0.97375,0.624375,0.815625,0.9612499999999999,0.1456249999999999,True,0.21467401335657704
6-31g_b1.1,6-31g,1.1,0.008,20,0.15,0.42000000000000004,0.17375,0.24562499999999998,0.415625,0.17000000000000004,True,0.21467401335657704
6-31g_b1.1,6-31g,1.1,0.008,20,0.25,0.67875,0.30125,0.40125,0.6443749999999999,0.24312499999999992,True,0.21467401335657704
6-31g_b1.1,6-31g,1.1,0.008,20,0.35,0.84625,0.406875,0.5418749999999999,0.7949999999999999,0.25312500000000004,True,0.21467401335657704
6-31g_b1.1,6-31g,1.1,0.008,20,0.45,0.93875,0.514375,0.660625,0.8837499999999999,0.2231249999999999,True,0.21467401335657704
6-31g_b1.1,6-31g,1.1,0.008,20,0.55,0.97375,0.624375,0.740625,0.923125,0.1825,True,0.21467401335657704
6-31g_b1.1,6-31g,1.1,0.008,40,0.15,0.42000000000000004,0.17375,0.24625,0.33875,0.0925,True,0.21467401335657704
6-31g_b1.1,6-31g,1.1,0.008,40,0.25,0.67875,0.30125,0.38687499999999997,0.539375,0.15250000000000008,True,0.21467401335657704
6-31g_b1.1,6-31g,1.1,0.008,40,0.35,0.84625,0.406875,0.518125,0.6775,0.15937500000000004,True,0.21467401335657704
6-31g_b1.1,6-31g,1.1,0.008,40,0.45,0.93875,0.514375,0.628125,0.75125,0.12312499999999993,True,0.21467401335657704
6-31g_b1.1,6-31g,1.1,0.008,40,0.55,0.97375,0.624375,0.7018749999999999,0.795625,0.09375000000000011,True,0.21467401335657704
6-31g_b1.2,6-31g,1.2,0.0005,10,0.15,1.0,0.22250000000000003,0.203125,0.890625,0.668125,True,0.07386576153953604
6-31g_b1.2,6-31g,1.2,0.0005,10,0.25,1.0,0.30125,0.96875,0.890625,-0.078125,False,0.07386576153953604
6-31g_b1.2,6-31g,1.2,0.0005,10,0.35,1.0,0.379375,0.96875,0.890625,-0.078125,False,0.07386576153953604
6-31g_b1.2,6-31g,1.2,0.0005,10,0.45,1.0,0.45312499999999994,0.96875,0.890625,-0.078125,False,0.07386576153953604
6-31g_b1.2,6-31g,1.2,0.0005,10,0.55,1.0,0.5137499999999999,0.96875,0.890625,-0.078125,False,0.07386576153953604
6-31g_b1.2,6-31g,1.2,0.0005,20,0.15,1.0,0.22250000000000003,0.170625,0.78125,0.55875,True,0.07386576153953604
6-31g_b1.2,6-31g,1.2,0.0005,20,0.25,1.0,0.30125,0.921875,0.78125,-0.140625,False,0.07386576153953604
6-31g_b1.2,6-31g,1.2,0.0005,20,0.35,1.0,0.379375,0.921875,0.78125,-0.140625,False,0.07386576153953604
6-31g_b1.2,6-31g,1.2,0.0005,20,0.45,1.0,0.45312499999999994,0.921875,0.78125,-0.140625,False,0.07386576153953604
6-31g_b1.2,6-31g,1.2,0.0005,20,0.55,1.0,0.5137499999999999,0.921875,0.78125,-0.140625,False,0.07386576153953604
6-31g_b1.2,6-31g,1.2,0.0005,40,0.15,1.0,0.22250000000000003,0.1875,0.671875,0.44937499999999997,True,0.07386576153953604
6-31g_b1.2,6-31g,1.2,0.0005,40,0.25,1.0,0.30125,0.8125,0.671875,-0.140625,False,0.07386576153953604
6-31g_b1.2,6-31g,1.2,0.0005,40,0.35,1.0,0.379375,0.8125,0.671875,-0.140625,False,0.07386576153953604
6-31g_b1.2,6-31g,1.2,0.0005,40,0.45,1.0,0.45312499999999994,0.8125,0.671875,-0.140625,False,0.07386576153953604
6-31g_b1.2,6-31g,1.2,0.0005,40,0.55,1.0,0.5137499999999999,0.8125,0.671875,-0.140625,False,0.07386576153953604
6-31g_b1.2,6-31g,1.2,0.001,10,0.15,1.0,0.22250000000000003,0.028124999999999997,0.890625,0.668125,True,0.07386576153953604
6-31g_b1.2,6-31g,1.2,0.001,10,0.25,1.0,0.30125,0.961875,0.890625,-0.07125000000000004,False,0.07386576153953604
6-31g_b1.2,6-31g,1.2,0.001,10,0.35,1.0,0.379375,0.96875,0.890625,-0.078125,False,0.07386576153953604
6-31g_b1.2,6-31g,1.2,0.001,10,0.45,1.0,0.45312499999999994,0.96875,0.890625,-0.078125,False,0.07386576153953604
6-31g_b1.2,6-31g,1.2,0.001,10,0.55,1.0,0.5137499999999999,0.96875,0.890625,-0.078125,False,0.07386576153953604
6-31g_b1.2,6-31g,1.2,0.001,20,0.15,1.0,0.22250000000000003,0.013125,0.78125,0.55875,True,0.07386576153953604
6-31g_b1.2,6-31g,1.2,0.001,20,0.25,1.0,0.30125,0.92,0.78125,-0.13875000000000004,False,0.07386576153953604
6-31g_b1.2,6-31g,1.2,0.001,20,0.35,1.0,0.379375,0.921875,0.78125,-0.140625,False,0.07386576153953604
6-31g_b1.2,6-31g,1.2,0.001,20,0.45,1.0,0.45312499999999994,0.921875,0.78125,-0.140625,False,0.07386576153953604
6-31g_b1.2,6-31g,1.2,0.001,20,0.55,1.0,0.5137499999999999,0.921875,0.78125,-0.140625,False,0.07386576153953604
6-31g_b1.2,6-31g,1.2,0.001,40,0.15,1.0,0.22250000000000003,0.0525,0.671875,0.44937499999999997,True,0.07386576153953604
6-31g_b1.2,6-31g,1.2,0.001,40,0.25,1.0,0.30125,0.808125,0.671875,-0.13624999999999998,False,0.07386576153953604
6-31g_b1.2,6-31g,1.2,0.001,40,0.35,1.0,0.379375,0.8125,0.671875,-0.140625,False,0.07386576153953604
6-31g_b1.2,6-31g,1.2,0.001,40,0.45,1.0,0.45312499999999994,0.8125,0.671875,-0.140625,False,0.07386576153953604
6-31g_b1.2,6-31g,1.2,0.001,40,0.55,1.0,0.5137499999999999,0.8125,0.671875,-0.140625,False,0.07386576153953604
6-31g_b1.2,6-31g,1.2,0.002,10,0.15,1.0,0.22250000000000003,0.0,0.890625,0.668125,True,0.07386576153953604
6-31g_b1.2,6-31g,1.2,0.002,10,0.25,1.0,0.30125,0.9143749999999999,0.890625,-0.023749999999999938,False,0.07386576153953604
6-31g_b1.2,6-31g,1.2,0.002,10,0.35,1.0,0.379375,0.96875,0.890625,-0.078125,False,0.07386576153953604
6-31g_b1.2,6-31g,1.2,0.002,10,0.45,1.0,0.45312499999999994,0.96875,0.890625,-0.078125,False,0.07386576153953604
6-31g_b1.2,6-31g,1.2,0.002,10,0.55,1.0,0.5137499999999999,0.96875,0.890625,-0.078125,False,0.07386576153953604
6-31g_b1.2,6-31g,1.2,0.002,20,0.15,1.0,0.22250000000000003,0.0,0.78125,0.55875,True,0.07386576153953604
6-31g_b1.2,6-31g,1.2,0.002,20,0.25,1.0,0.30125,0.8731249999999999,0.78125,-0.09187499999999993,False,0.07386576153953604
6-31g_b1.2,6-31g,1.2,0.002,20,0.35,1.0,0.379375,0.921875,0.78125,-0.140625,False,0.07386576153953604
6-31g_b1.2,6-31g,1.2,0.002,20,0.45,1.0,0.45312499999999994,0.921875,0.78125,-0.140625,False,0.07386576153953604
6-31g_b1.2,6-31g,1.2,0.002,20,0.55,1.0,0.5137499999999999,0.921875,0.78125,-0.140625,False,0.07386576153953604
6-31g_b1.2,6-31g,1.2,0.002,40,0.15,1.0,0.22250000000000003,0.000625,0.671875,0.44937499999999997,True,0.07386576153953604
6-31g_b1.2,6-31g,1.2,0.002,40,0.25,1.0,0.30125,0.7737499999999999,0.671875,-0.10187499999999994,False,0.07386576153953604
6-31g_b1.2,6-31g,1.2,0.002,40,0.35,1.0,0.379375,0.8125,0.671875,-0.140625,False,0.07386576153953604
6-31g_b1.2,6-31g,1.2,0.002,40,0.45,1.0,0.45312499999999994,0.8125,0.671875,-0.140625,False,0.07386576153953604
6-31g_b1.2,6-31g,1.2,0.002,40,0.55,1.0,0.5137499999999999,0.8125,0.671875,-0.140625,False,0.07386576153953604
6-31g_b1.2,6-31g,1.2,0.004,10,0.15,0.999375,0.22250000000000003,0.024375,0.89,0.6675,True,0.07386576153953604
6-31g_b1.2,6-31g,1.2,0.004,10,0.25,1.0,0.30125,0.766875,0.890625,0.12375000000000003,True,0.07386576153953604
6-31g_b1.2,6-31g,1.2,0.004,10,0.35,1.0,0.379375,0.968125,0.890625,-0.07750000000000001,False,0.07386576153953604
6-31g_b1.2,6-31g,1.2,0.004,10,0.45,1.0,0.45312499999999994,0.96875,0.890625,-0.078125,False,0.07386576153953604
6-31g_b1.2,6-31g,1.2,0.004,10,0.55,1.0,0.5137499999999999,0.96875,0.890625,-0.078125,False,0.07386576153953604
6-31g_b1.2,6-31g,1.2,0.004,20,0.15,0.999375,0.22250000000000003,0.024375,0.780625,0.558125,True,0.07386576153953604
6-31g_b1.2,6-31g,1.2,0.004,20,0.25,1.0,0.30125,0.7375,0.78125,0.043749999999999956,True,0.07386576153953604
6-31g_b1.2,6-31g,1.2,0.004,20,0.35,1.0,0.379375,0.92125,0.78125,-0.14,False,0.07386576153953604
6-31g_b1.2,6-31g,1.2,0.004,20,0.45,1.0,0.45312499999999994,0.921875,0.78125,-0.140625,False,0.07386576153953604
6-31g_b1.2,6-31g,1.2,0.004,20,0.55,1.0,0.5137499999999999,0.921875,0.78125,-0.140625,False,0.07386576153953604
6-31g_b1.2,6-31g,1.2,0.004,40,0.15,0.999375,0.22250000000000003,0.016875,0.671875,0.44937499999999997,True,0.07386576153953604
6-31g_b1.2,6-31g,1.2,0.004,40,0.25,1.0,0.30125,0.65625,0.671875,0.015625,True,0.07386576153953604
6-31g_b1.2,6-31g,1.2,0.004,40,0.35,1.0,0.379375,0.8125,0.671875,-0.140625,False,0.07386576153953604
6-31g_b1.2,6-31g,1.2,0.004,40,0.45,1.0,0.45312499999999994,0.8125,0.671875,-0.140625,False,0.07386576153953604
6-31g_b1.2,6-31g,1.2,0.004,40,0.55,1.0,0.5137499999999999,0.8125,0.671875,-0.140625,False,0.07386576153953604
6-31g_b1.2,6-31g,1.2,0.008,10,0.15,0.953125,0.22250000000000003,0.078125,0.8062499999999999,0.5837499999999999,True,0.07386576153953604
6-31g_b1.2,6-31g,1.2,0.008,10,0.25,0.99875,0.30125,0.6243749999999999,0.8556250000000001,0.23125000000000018,True,0.07386576153953604
6-31g_b1.2,6-31g,1.2,0.008,10,0.35,1.0,0.379375,0.92625,0.859375,-0.06687500000000002,False,0.07386576153953604
6-31g_b1.2,6-31g,1.2,0.008,10,0.45,1.0,0.45312499999999994,0.97875,0.859375,-0.11937500000000001,False,0.07386576153953604
6-31g_b1.2,6-31g,1.2,0.008,10,0.55,1.0,0.5137499999999999,0.98375,0.861875,-0.12187500000000007,False,0.07386576153953604
6-31g_b1.2,6-31g,1.2,0.008,20,0.15,0.953125,0.22250000000000003,0.09125000000000001,0.7262500000000001,0.50375,True,0.07386576153953604
6-31g_b1.2,6-31g,1.2,0.008,20,0.25,0.99875,0.30125,0.61375,0.7625,0.14874999999999994,True,0.07386576153953604
6-31g_b1.2,6-31g,1.2,0.008,20,0.35,1.0,0.379375,0.87125,0.765625,-0.10562499999999997,False,0.07386576153953604
6-31g_b1.2,6-31g,1.2,0.008,20,0.45,1.0,0.45312499999999994,0.9181250000000001,0.765625,-0.15250000000000008,False,0.07386576153953604
6-31g_b1.2,6-31g,1.2,0.008,20,0.55,1.0,0.5137499999999999,0.921875,0.766875,-0.15500000000000003,False,0.07386576153953604
6-31g_b1.2,6-31g,1.2,0.008,40,0.15,0.953125,0.22250000000000003,0.09125,0.6343749999999999,0.4118749999999999,True,0.07386576153953604
6-31g_b1.2,6-31g,1.2,0.008,40,0.25,0.99875,0.30125,0.559375,0.655625,0.09625000000000006,True,0.07386576153953604
6-31g_b1.2,6-31g,1.2,0.008,40,0.35,1.0,0.379375,0.78,0.65625,-0.12375000000000003,False,0.07386576153953604
6-31g_b1.2,6-31g,1.2,0.008,40,0.45,1.0,0.45312499999999994,0.809375,0.65625,-0.15312499999999996,False,0.07386576153953604
6-31g_b1.2,6-31g,1.2,0.008,40,0.55,1.0,0.5137499999999999,0.8125,0.6575,-0.15500000000000003,False,0.07386576153953604
6-31g_b1.3,6-31g,1.3,0.0005,10,0.15,1.0,0.22250000000000003,0.46875,0.953125,0.484375,True,-0.12440915269848701
6-31g_b1.3,6-31g,1.3,0.0005,10,0.25,1.0,0.30125,0.46875,0.953125,0.484375,True,-0.12440915269848701
6-31g_b1.3,6-31g,1.3,0.0005,10,0.35,1.0,0.379375,1.0,0.953125,-0.046875,False,-0.12440915269848701
6-31g_b1.3,6-31g,1.3,0.0005,10,0.45,1.0,0.45312499999999994,1.0,0.953125,-0.046875,False,-0.12440915269848701
6-31g_b1.3,6-31g,1.3,0.0005,10,0.55,1.0,0.5137499999999999,1.0,0.953125,-0.046875,False,-0.12440915269848701
6-31g_b1.3,6-31g,1.3,0.0005,20,0.15,1.0,0.22250000000000003,0.359375,0.921875,0.5625,True,-0.12440915269848701
6-31g_b1.3,6-31g,1.3,0.0005,20,0.25,1.0,0.30125,0.359375,0.921875,0.5625,True,-0.12440915269848701
6-31g_b1.3,6-31g,1.3,0.0005,20,0.35,1.0,0.379375,1.0,0.921875,-0.078125,False,-0.12440915269848701
6-31g_b1.3,6-31g,1.3,0.0005,20,0.45,1.0,0.45312499999999994,1.0,0.921875,-0.078125,False,-0.12440915269848701
6-31g_b1.3,6-31g,1.3,0.0005,20,0.55,1.0,0.5137499999999999,1.0,0.921875,-0.078125,False,-0.12440915269848701
6-31g_b1.3,6-31g,1.3,0.0005,40,0.15,1.0,0.22250000000000003,0.265625,0.734375,0.46875,True,-0.12440915269848701
6-31g_b1.3,6-31g,1.3,0.0005,40,0.25,1.0,0.30125,0.265625,0.734375,0.433125,True,-0.12440915269848701
6-31g_b1.3,6-31g,1.3,0.0005,40,0.35,1.0,0.379375,0.90625,0.734375,-0.171875,False,-0.12440915269848701
6-31g_b1.3,6-31g,1.3,0.0005,40,0.45,1.0,0.45312499999999994,0.90625,0.734375,-0.171875,False,-0.12440915269848701
6-31g_b1.3,6-31g,1.3,0.0005,40,0.55,1.0,0.5137499999999999,0.90625,0.734375,-0.171875,False,-0.12440915269848701
6-31g_b1.3,6-31g,1.3,0.001,10,0.15,1.0,0.22250000000000003,0.329375,0.953125,0.62375,True,-0.12440915269848701
6-31g_b1.3,6-31g,1.3,0.001,10,0.25,1.0,0.30125,0.33187500000000003,0.953125,0.62125,True,-0.12440915269848701
6-31g_b1.3,6-31g,1.3,0.001,10,0.35,1.0,0.379375,0.99125,0.953125,-0.038124999999999964,False,-0.12440915269848701
6-31g_b1.3,6-31g,1.3,0.001,10,0.45,1.0,0.45312499999999994,1.0,0.953125,-0.046875,False,-0.12440915269848701
6-31g_b1.3,6-31g,1.3,0.001,10,0.55,1.0,0.5137499999999999,1.0,0.953125,-0.046875,False,-0.12440915269848701
6-31g_b1.3,6-31g,1.3,0.001,20,0.15,1.0,0.22250000000000003,0.306875,0.921875,0.615,True,-0.12440915269848701
6-31g_b1.3,6-31g,1.3,0.001,20,0.25,1.0,0.30125,0.3075,0.921875,0.614375,True,-0.12440915269848701
6-31g_b1.3,6-31g,1.3,0.001,20,0.35,1.0,0.379375,0.993125,0.921875,-0.07125000000000004,False,-0.12440915269848701
6-31g_b1.3,6-31g,1.3,0.001,20,0.45,1.0,0.45312499999999994,1.0,0.921875,-0.078125,False,-0.12440915269848701
6-31g_b1.3,6-31g,1.3,0.001,20,0.55,1.0,0.5137499999999999,1.0,0.921875,-0.078125,False,-0.12440915269848701
6-31g_b1.3,6-31g,1.3,0.001,40,0.15,1.0,0.22250000000000003,0.255,0.734375,0.479375,True,-0.12440915269848701
6-31g_b1.3,6-31g,1.3,0.001,40,0.25,1.0,0.30125,0.25625,0.734375,0.433125,True,-0.12440915269848701
6-31g_b1.3,6-31g,1.3,0.001,40,0.35,1.0,0.379375,0.8943749999999999,0.734375,-0.15999999999999992,False,-0.12440915269848701
6-31g_b1.3,6-31g,1.3,0.001,40,0.45,1.0,0.45312499999999994,0.90625,0.734375,-0.171875,False,-0.12440915269848701
6-31g_b1.3,6-31g,1.3,0.001,40,0.55,1.0,0.5137499999999999,0.90625,0.734375,-0.171875,False,-0.12440915269848701
6-31g_b1.3,6-31g,1.3,0.002,10,0.15,1.0,0.22250000000000003,0.099375,0.953125,0.730625,True,-0.12440915269848701
6-31g_b1.3,6-31g,1.3,0.002,10,0.25,1.0,0.30125,0.10375000000000001,0.953125,0.651875,True,-0.12440915269848701
6-31g_b1.3,6-31g,1.3,0.002,10,0.35,1.0,0.379375,0.8856249999999999,0.953125,0.06750000000000012,True,-0.12440915269848701
6-31g_b1.3,6-31g,1.3,0.002,10,0.45,1.0,0.45312499999999994,1.0,0.953125,-0.046875,False,-0.12440915269848701
6-31g_b1.3,6-31g,1.3,0.002,10,0.55,1.0,0.5137499999999999,1.0,0.953125,-0.046875,False,-0.12440915269848701
6-31g_b1.3,6-31g,1.3,0.002,20,0.15,1.0,0.22250000000000003,0.06625,0.921875,0.699375,True,-0.12440915269848701
6-31g_b1.3,6-31g,1.3,0.002,20,0.25,1.0,0.30125,0.06875,0.921875,0.620625,True,-0.12440915269848701
6-31g_b1.3,6-31g,1.3,0.002,20,0.35,1.0,0.379375,0.895,0.921875,0.026874999999999982,True,-0.12440915269848701
6-31g_b1.3,6-31g,1.3,0.002,20,0.45,1.0,0.45312499999999994,1.0,0.921875,-0.078125,False,-0.12440915269848701
6-31g_b1.3,6-31g,1.3,0.002,20,0.55,1.0,0.5137499999999999,1.0,0.921875,-0.078125,False,-0.12440915269848701
6-31g_b1.3,6-31g,1.3,0.002,40,0.15,1.0,0.22250000000000003,0.15812500000000002,0.734375,0.511875,True,-0.12440915269848701
6-31g_b1.3,6-31g,1.3,0.002,40,0.25,1.0,0.30125,0.16062500000000002,0.734375,0.433125,True,-0.12440915269848701
6-31g_b1.3,6-31g,1.3,0.002,40,0.35,1.0,0.379375,0.8231249999999999,0.734375,-0.08874999999999988,False,-0.12440915269848701
6-31g_b1.3,6-31g,1.3,0.002,40,0.45,1.0,0.45312499999999994,0.90625,0.734375,-0.171875,False,-0.12440915269848701
6-31g_b1.3,6-31g,1.3,0.002,40,0.55,1.0,0.5137499999999999,0.90625,0.734375,-0.171875,False,-0.12440915269848701
6-31g_b1.3,6-31g,1.3,0.004,10,0.15,0.9975,0.22250000000000003,0.0,0.94875,0.72625,True,-0.12440915269848701
6-31g_b1.3,6-31g,1.3,0.004,10,0.25,1.0,0.30125,0.01625,0.953125,0.651875,True,-0.12440915269848701
6-31g_b1.3,6-31g,1.3,0.004,10,0.35,1.0,0.379375,0.730625,0.953125,0.22250000000000003,True,-0.12440915269848701
6-31g_b1.3,6-31g,1.3,0.004,10,0.45,1.0,0.45312499999999994,0.9962500000000001,0.953125,-0.04312500000000008,False,-0.12440915269848701
6-31g_b1.3,6-31g,1.3,0.004,10,0.55,1.0,0.5137499999999999,1.0,0.953125,-0.046875,False,-0.12440915269848701
6-31g_b1.3,6-31g,1.3,0.004,20,0.15,0.9975,0.22250000000000003,0.0125,0.916875,0.694375,True,-0.12440915269848701
6-31g_b1.3,6-31g,1.3,0.004,20,0.25,1.0,0.30125,0.030625000000000003,0.921875,0.620625,True,-0.12440915269848701
6-31g_b1.3,6-31g,1.3,0.004,20,0.35,1.0,0.379375,0.7237499999999999,0.921875,0.1981250000000001,True,-0.12440915269848701
6-31g_b1.3,6-31g,1.3,0.004,20,0.45,1.0,0.45312499999999994,0.995,0.921875,-0.073125,False,-0.12440915269848701
6-31g_b1.3,6-31g,1.3,0.004,20,0.55,1.0,0.5137499999999999,1.0,0.921875,-0.078125,False,-0.12440915269848701
6-31g_b1.3,6-31g,1.3,0.004,40,0.15,0.9975,0.22250000000000003,0.044375000000000005,0.731875,0.509375,True,-0.12440915269848701
6-31g_b1.3,6-31g,1.3,0.004,40,0.25,1.0,0.30125,0.06,0.734375,0.433125,True,-0.12440915269848701
6-31g_b1.3,6-31g,1.3,0.004,40,0.35,1.0,0.379375,0.6812499999999999,0.734375,0.05312500000000009,True,-0.12440915269848701
6-31g_b1.3,6-31g,1.3,0.004,40,0.45,1.0,0.45312499999999994,0.90375,0.734375,-0.16937500000000005,False,-0.12440915269848701
6-31g_b1.3,6-31g,1.3,0.004,40,0.55,1.0,0.5137499999999999,0.90625,0.734375,-0.171875,False,-0.12440915269848701
6-31g_b1.3,6-31g,1.3,0.008,10,0.15,0.9437500000000001,0.22250000000000003,0.0,0.88375,0.66125,True,-0.12440915269848701
6-31g_b1.3,6-31g,1.3,0.008,10,0.25,0.998125,0.30125,0.05,0.9475,0.64625,True,-0.12440915269848701
6-31g_b1.3,6-31g,1.3,0.008,10,0.35,1.0,0.379375,0.580625,0.953125,0.37250000000000005,True,-0.12440915269848701
6-31g_b1.3,6-31g,1.3,0.008,10,0.45,1.0,0.45312499999999994,0.92875,0.953125,0.024375000000000036,True,-0.12440915269848701
6-31g_b1.3,6-31g,1.3,0.008,10,0.55,1.0,0.5137499999999999,0.99125,0.95375,-0.03749999999999998,False,-0.12440915269848701
6-31g_b1.3,6-31g,1.3,0.008,20,0.15,0.9437500000000001,0.22250000000000003,0.0,0.839375,0.616875,True,-0.12440915269848701
6-31g_b1.3,6-31g,1.3,0.008,20,0.25,0.998125,0.30125,0.060625,0.8975,0.59625,True,-0.12440915269848701
6-31g_b1.3,6-31g,1.3,0.008,20,0.35,1.0,0.379375,0.618125,0.90625,0.28812499999999996,True,-0.12440915269848701
6-31g_b1.3,6-31g,1.3,0.008,20,0.45,1.0,0.45312499999999994,0.94125,0.90625,-0.03500000000000003,False,-0.12440915269848701
6-31g_b1.3,6-31g,1.3,0.008,20,0.55,1.0,0.5137499999999999,0.9906250000000001,0.906875,-0.0837500000000001,False,-0.12440915269848701
6-31g_b1.3,6-31g,1.3,0.008,40,0.15,0.9437500000000001,0.22250000000000003,0.0075,0.6906249999999999,0.4681249999999999,True,-0.12440915269848701
6-31g_b1.3,6-31g,1.3,0.008,40,0.25,0.998125,0.30125,0.07062500000000001,0.7275,0.42625,True,-0.12440915269848701
6-31g_b1.3,6-31g,1.3,0.008,40,0.35,1.0,0.379375,0.5725,0.73375,0.16125,True,-0.12440915269848701
6-31g_b1.3,6-31g,1.3,0.008,40,0.45,1.0,0.45312499999999994,0.871875,0.734375,-0.13749999999999996,False,-0.12440915269848701
6-31g_b1.3,6-31g,1.3,0.008,40,0.55,1.0,0.5137499999999999,0.91125,0.735,-0.17625000000000002,False,-0.12440915269848701
6-31g_b1.4,6-31g,1.4,0.0005,10,0.15,1.0,0.22250000000000003,0.46875,0.96875,0.5,True,0.10985311753101579
6-31g_b1.4,6-31g,1.4,0.0005,10,0.25,1.0,0.30125,0.46875,0.96875,0.5,True,0.10985311753101579
6-31g_b1.4,6-31g,1.4,0.0005,10,0.35,1.0,0.379375,0.995625,0.96875,-0.026874999999999982,False,0.10985311753101579
6-31g_b1.4,6-31g,1.4,0.0005,10,0.45,1.0,0.45312499999999994,1.0,0.96875,-0.03125,False,0.10985311753101579
6-31g_b1.4,6-31g,1.4,0.0005,10,0.55,1.0,0.5137499999999999,1.0,0.96875,-0.03125,False,0.10985311753101579
6-31g_b1.4,6-31g,1.4,0.0005,20,0.15,1.0,0.22250000000000003,0.359375,0.921875,0.5625,True,0.10985311753101579
6-31g_b1.4,6-31g,1.4,0.0005,20,0.25,1.0,0.30125,0.359375,0.921875,0.5625,True,0.10985311753101579
6-31g_b1.4,6-31g,1.4,0.0005,20,0.35,1.0,0.379375,0.99625,0.921875,-0.07437499999999997,False,0.10985311753101579
6-31g_b1.4,6-31g,1.4,0.0005,20,0.45,1.0,0.45312499999999994,1.0,0.921875,-0.078125,False,0.10985311753101579
6-31g_b1.4,6-31g,1.4,0.0005,20,0.55,1.0,0.5137499999999999,1.0,0.921875,-0.078125,False,0.10985311753101579
6-31g_b1.4,6-31g,1.4,0.0005,40,0.15,1.0,0.22250000000000003,0.265625,0.8125,0.546875,True,0.10985311753101579
6-31g_b1.4,6-31g,1.4,0.0005,40,0.25,1.0,0.30125,0.265625,0.8125,0.51125,True,0.10985311753101579
6-31g_b1.4,6-31g,1.4,0.0005,40,0.35,1.0,0.379375,0.916875,0.8125,-0.104375,False,0.10985311753101579
6-31g_b1.4,6-31g,1.4,0.0005,40,0.45,1.0,0.45312499999999994,0.921875,0.8125,-0.109375,False,0.10985311753101579
6-31g_b1.4,6-31g,1.4,0.0005,40,0.55,1.0,0.5137499999999999,0.921875,0.8125,-0.109375,False,0.10985311753101579
6-31g_b1.4,6-31g,1.4,0.001,10,0.15,1.0,0.22250000000000003,0.318125,0.96875,0.650625,True,0.10985311753101579
6-31g_b1.4,6-31g,1.4,0.001,10,0.25,1.0,0.30125,0.31937499999999996,0.96875,0.649375,True,0.10985311753101579
6-31g_b1.4,6-31g,1.4,0.001,10,0.35,1.0,0.379375,0.94625,0.96875,0.022499999999999964,True,0.10985311753101579
6-31g_b1.4,6-31g,1.4,0.001,10,0.45,1.0,0.45312499999999994,1.0,0.96875,-0.03125,False,0.10985311753101579
6-31g_b1.4,6-31g,1.4,0.001,10,0.55,1.0,0.5137499999999999,1.0,0.96875,-0.03125,False,0.10985311753101579
6-31g_b1.4,6-31g,1.4,0.001,20,0.15,1.0,0.22250000000000003,0.306875,0.921875,0.615,True,0.10985311753101579
6-31g_b1.4,6-31g,1.4,0.001,20,0.25,1.0,0.30125,0.3075,0.921875,0.614375,True,0.10985311753101579
6-31g_b1.4,6-31g,1.4,0.001,20,0.35,1.0,0.379375,0.9568749999999999,0.921875,-0.03499999999999992,False,0.10985311753101579
6-31g_b1.4,6-31g,1.4,0.001,20,0.45,1.0,0.45312499999999994,1.0,0.921875,-0.078125,False,0.10985311753101579
6-31g_b1.4,6-31g,1.4,0.001,20,0.55,1.0,0.5137499999999999,1.0,0.921875,-0.078125,False,0.10985311753101579
6-31g_b1.4,6-31g,1.4,0.001,40,0.15,1.0,0.22250000000000003,0.255,0.8125,0.5575,True,0.10985311753101579
6-31g_b1.4,6-31g,1.4,0.001,40,0.25,1.0,0.30125,0.25625,0.8125,0.51125,True,0.10985311753101579
6-31g_b1.4,6-31g,1.4,0.001,40,0.35,1.0,0.379375,0.8812499999999999,0.8125,-0.06874999999999987,False,0.10985311753101579
6-31g_b1.4,6-31g,1.4,0.001,40,0.45,1.0,0.45312499999999994,0.921875,0.8125,-0.109375,False,0.10985311753101579
6-31g_b1.4,6-31g,1.4,0.001,40,0.55,1.0,0.5137499999999999,0.921875,0.8125,-0.109375,False,0.10985311753101579
6-31g_b1.4,6-31g,1.4,0.002,10,0.15,1.0,0.22250000000000003,0.10125,0.96875,0.74625,True,0.10985311753101579
6-31g_b1.4,6-31g,1.4,0.002,10,0.25,1.0,0.30125,0.105,0.96875,0.6675,True,0.10985311753101579
6-31g_b1.4,6-31g,1.4,0.002,10,0.35,1.0,0.379375,0.7849999999999999,0.96875,0.18375000000000008,True,0.10985311753101579
6-31g_b1.4,6-31g,1.4,0.002,10,0.45,1.0,0.45312499999999994,1.0,0.96875,-0.03125,False,0.10985311753101579
6-31g_b1.4,6-31g,1.4,0.002,10,0.55,1.0,0.5137499999999999,1.0,0.96875,-0.03125,False,0.10985311753101579
6-31g_b1.4,6-31g,1.4,0.002,20,0.15,1.0,0.22250000000000003,0.07250000000000001,0.921875,0.699375,True,0.10985311753101579
6-31g_b1.4,6-31g,1.4,0.002,20,0.25,1.0,0.30125,0.075625,0.921875,0.620625,True,0.10985311753101579
6-31g_b1.4,6-31g,1.4,0.002,20,0.35,1.0,0.379375,0.783125,0.921875,0.13875000000000004,True,0.10985311753101579
6-31g_b1.4,6-31g,1.4,0.002,20,0.45,1.0,0.45312499999999994,1.0,0.921875,-0.078125,False,0.10985311753101579
6-31g_b1.4,6-31g,1.4,0.002,20,0.55,1.0,0.5137499999999999,1.0,0.921875,-0.078125,False,0.10985311753101579
6-31g_b1.4,6-31g,1.4,0.002,40,0.15,1.0,0.22250000000000003,0.11875,0.8125,0.59,True,0.10985311753101579
6-31g_b1.4,6-31g,1.4,0.002,40,0.25,1.0,0.30125,0.12375,0.8125,0.51125,True,0.10985311753101579
6-31g_b1.4,6-31g,1.4,0.002,40,0.35,1.0,0.379375,0.741875,0.8125,0.07062500000000005,True,0.10985311753101579
6-31g_b1.4,6-31g,1.4,0.002,40,0.45,1.0,0.45312499999999994,0.921875,0.8125,-0.109375,False,0.10985311753101579
6-31g_b1.4,6-31g,1.4,0.002,40,0.55,1.0,0.5137499999999999,0.921875,0.8125,-0.109375,False,0.10985311753101579
6-31g_b1.4,6-31g,1.4,0.004,10,0.15,0.9937499999999999,0.22250000000000003,0.0,0.97625,0.7537499999999999,True,0.10985311753101579
6-31g_b1.4,6-31g,1.4,0.004,10,0.25,1.0,0.30125,0.0075,0.984375,0.683125,True,0.10985311753101579
6-31g_b1.4,6-31g,1.4,0.004,10,0.35,1.0,0.379375,0.6331249999999999,0.984375,0.35125000000000006,True,0.10985311753101579
6-31g_b1.4,6-31g,1.4,0.004,10,0.45,1.0,0.45312499999999994,0.98875,0.984375,-0.004375000000000018,False,0.10985311753101579
6-31g_b1.4,6-31g,1.4,0.004,10,0.55,1.0,0.5137499999999999,1.0,0.984375,-0.015625,False,0.10985311753101579
6-31g_b1.4,6-31g,1.4,0.004,20,0.15,0.9937499999999999,0.22250000000000003,0.00875,0.9075,0.6849999999999999,True,0.10985311753101579
6-31g_b1.4,6-31g,1.4,0.004,20,0.25,1.0,0.30125,0.01625,0.921875,0.620625,True,0.10985311753101579
6-31g_b1.4,6-31g,1.4,0.004,20,0.35,1.0,0.379375,0.6493749999999999,0.921875,0.2725000000000001,True,0.10985311753101579
6-31g_b1.4,6-31g,1.4,0.004,20,0.45,1.0,0.45312499999999994,0.9875,0.921875,-0.06562500000000004,False,0.10985311753101579
6-31g_b1.4,6-31g,1.4,0.004,20,0.55,1.0,0.5137499999999999,1.0,0.921875,-0.078125,False,0.10985311753101579
6-31g_b1.4,6-31g,1.4,0.004,40,0.15,0.9937499999999999,0.22250000000000003,0.043750000000000004,0.806875,0.584375,True,0.10985311753101579
6-31g_b1.4,6-31g,1.4,0.004,40,0.25,1.0,0.30125,0.054375,0.8125,0.51125,True,0.10985311753101579
6-31g_b1.4,6-31g,1.4,0.004,40,0.35,1.0,0.379375,0.64125,0.8125,0.17125,True,0.10985311753101579
6-31g_b1.4,6-31g,1.4,0.004,40,0.45,1.0,0.45312499999999994,0.9175,0.8125,-0.10499999999999998,False,0.10985311753101579
6-31g_b1.4,6-31g,1.4,0.004,40,0.55,1.0,0.5137499999999999,0.921875,0.8125,-0.109375,False,0.10985311753101579
6-31g_b1.4,6-31g,1.4,0.008,10,0.15,0.9262499999999999,0.22250000000000003,0.0,0.896875,0.674375,True,0.10985311753101579
6-31g_b1.4,6-31g,1.4,0.008,10,0.25,0.994375,0.30125,0.039375,0.975625,0.674375,True,0.10985311753101579
6-31g_b1.4,6-31g,1.4,0.008,10,0.35,0.999375,0.379375,0.51375,0.98375,0.47,True,0.10985311753101579
6-31g_b1.4,6-31g,1.4,0.008,10,0.45,1.0,0.45312499999999994,0.906875,0.984375,0.07750000000000001,True,0.10985311753101579
6-31g_b1.4,6-31g,1.4,0.008,10,0.55,1.0,0.5137499999999999,0.984375,0.984375,0.0,False,0.10985311753101579
6-31g_b1.4,6-31g,1.4,0.008,20,0.15,0.9262499999999999,0.22250000000000003,0.0,0.8775,0.6549999999999999,True,0.10985311753101579
6-31g_b1.4,6-31g,1.4,0.008,20,0.25,0.994375,0.30125,0.040625,0.9537500000000001,0.6525000000000001,True,0.10985311753101579
6-31g_b1.4,6-31g,1.4,0.008,20,0.35,0.999375,0.379375,0.535,0.964375,0.42937499999999995,True,0.10985311753101579
6-31g_b1.4,6-31g,1.4,0.008,20,0.45,1.0,0.45312499999999994,0.9075,0.965,0.057499999999999996,True,0.10985311753101579
6-31g_b1.4,6-31g,1.4,0.008,20,0.55,1.0,0.5137499999999999,0.9862500000000001,0.965625,-0.020625000000000115,False,0.10985311753101579
6-31g_b1.4,6-31g,1.4,0.008,40,0.15,0.9262499999999999,0.22250000000000003,0.0075,0.77,0.5475,True,0.10985311753101579
6-31g_b1.4,6-31g,1.4,0.008,40,0.25,0.994375,0.30125,0.06375,0.834375,0.533125,True,0.10985311753101579
6-31g_b1.4,6-31g,1.4,0.008,40,0.35,0.999375,0.379375,0.535,0.84875,0.31375,True,0.10985311753101579
6-31g_b1.4,6-31g,1.4,0.008,40,0.45,1.0,0.45312499999999994,0.8625,0.849375,-0.013125000000000053,False,0.10985311753101579
6-31g_b1.4,6-31g,1.4,0.008,40,0.55,1.0,0.5137499999999999,0.92875,0.85,-0.07874999999999999,False,0.10985311753101579
6-31g_b1.5,6-31g,1.5,0.0005,10,0.15,1.0,0.22250000000000003,0.46875,0.984375,0.515625,True,0.22757653269508962
6-31g_b1.5,6-31g,1.5,0.0005,10,0.25,1.0,0.30125,0.46875,0.984375,0.515625,True,0.22757653269508962
6-31g_b1.5,6-31g,1.5,0.0005,10,0.35,1.0,0.379375,0.95,0.984375,0.034375000000000044,True,0.22757653269508962
6-31g_b1.5,6-31g,1.5,0.0005,10,0.45,1.0,0.45312499999999994,1.0,0.984375,-0.015625,False,0.22757653269508962
6-31g_b1.5,6-31g,1.5,0.0005,10,0.55,1.0,0.5137499999999999,1.0,0.984375,-0.015625,False,0.22757653269508962
6-31g_b1.5,6-31g,1.5,0.0005,20,0.15,1.0,0.22250000000000003,0.359375,0.953125,0.59375,True,0.22757653269508962
6-31g_b1.5,6-31g,1.5,0.0005,20,0.25,1.0,0.30125,0.359375,0.953125,0.59375,True,0.22757653269508962
6-31g_b1.5,6-31g,1.5,0.0005,20,0.35,1.0,0.379375,0.954375,0.953125,-0.0012499999999999734,False,0.22757653269508962
6-31g_b1.5,6-31g,1.5,0.0005,20,0.45,1.0,0.45312499999999994,1.0,0.953125,-0.046875,False,0.22757653269508962
6-31g_b1.5,6-31g,1.5,0.0005,20,0.55,1.0,0.5137499999999999,1.0,0.953125,-0.046875,False,0.22757653269508962
6-31g_b1.5,6-31g,1.5,0.0005,40,0.15,1.0,0.22250000000000003,0.265625,0.875,0.609375,True,0.22757653269508962
6-31g_b1.5,6-31g,1.5,0.0005,40,0.25,1.0,0.30125,0.265625,0.875,0.57375,True,0.22757653269508962
6-31g_b1.5,6-31g,1.5,0.0005,40,0.35,1.0,0.379375,0.8775,0.875,-0.0024999999999999467,False,0.22757653269508962
6-31g_b1.5,6-31g,1.5,0.0005,40,0.45,1.0,0.45312499999999994,0.921875,0.875,-0.046875,False,0.22757653269508962
6-31g_b1.5,6-31g,1.5,0.0005,40,0.55,1.0,0.5137499999999999,0.921875,0.875,-0.046875,False,0.22757653269508962
6-31g_b1.5,6-31g,1.5,0.001,10,0.15,1.0,0.22250000000000003,0.31875,0.984375,0.665625,True,0.22757653269508962
6-31g_b1.5,6-31g,1.5,0.001,10,0.25,1.0,0.30125,0.32,0.984375,0.6643749999999999,True,0.22757653269508962
6-31g_b1.5,6-31g,1.5,0.001,10,0.35,1.0,0.379375,0.838125,0.984375,0.14625,True,0.22757653269508962
6-31g_b1.5,6-31g,1.5,0.001,10,0.45,1.0,0.45312499999999994,1.0,0.984375,-0.015625,False,0.22757653269508962
6-31g_b1.5,6-31g,1.5,0.001,10,0.55,1.0,0.5137499999999999,1.0,0.984375,-0.015625,False,0.22757653269508962
6-31g_b1.5,6-31g,1.5,0.001,20,0.15,1.0,0.22250000000000003,0.275625,0.953125,0.6775,True,0.22757653269508962
6-31g_b1.5,6-31g,1.5,0.001,20,0.25,1.0,0.30125,0.27625,0.953125,0.651875,True,0.22757653269508962
6-31g_b1.5,6-31g,1.5,0.001,20,0.35,1.0,0.379375,0.829375,0.953125,0.12375000000000003,True,0.22757653269508962
6-31g_b1.5,6-31g,1.5,0.001,20,0.45,1.0,0.45312499999999994,1.0,0.953125,-0.046875,False,0.22757653269508962
6-31g_b1.5,6-31g,1.5,0.001,20,0.55,1.0,0.5137499999999999,1.0,0.953125,-0.046875,False,0.22757653269508962
6-31g_b1.5,6-31g,1.5,0.001,40,0.15,1.0,0.22250000000000003,0.240625,0.875,0.634375,True,0.22757653269508962
6-31g_b1.5,6-31g,1.5,0.001,40,0.25,1.0,0.30125,0.241875,0.875,0.57375,True,0.22757653269508962
6-31g_b1.5,6-31g,1.5,0.001,40,0.35,1.0,0.379375,0.764375,0.875,0.11062499999999997,True,0.22757653269508962
6-31g_b1.5,6-31g,1.5,0.001,40,0.45,1.0,0.45312499999999994,0.921875,0.875,-0.046875,False,0.22757653269508962
6-31g_b1.5,6-31g,1.5,0.001,40,0.55,1.0,0.5137499999999999,0.921875,0.875,-0.046875,False,0.22757653269508962
6-31g_b1.5,6-31g,1.5,0.002,10,0.15,1.0,0.22250000000000003,0.101875,0.98375,0.76125,True,0.22757653269508962
6-31g_b1.5,6-31g,1.5,0.002,10,0.25,1.0,0.30125,0.105,0.984375,0.683125,True,0.22757653269508962
6-31g_b1.5,6-31g,1.5,0.002,10,0.35,1.0,0.379375,0.6799999999999999,0.984375,0.30437500000000006,True,0.22757653269508962
6-31g_b1.5,6-31g,1.5,0.002,10,0.45,1.0,0.45312499999999994,0.999375,0.984375,-0.015000000000000013,False,0.22757653269508962
6-31g_b1.5,6-31g,1.5,0.002,10,0.55,1.0,0.5137499999999999,1.0,0.984375,-0.015625,False,0.22757653269508962
6-31g_b1.5,6-31g,1.5,0.002,20,0.15,1.0,0.22250000000000003,0.093125,0.951875,0.729375,True,0.22757653269508962
6-31g_b1.5,6-31g,1.5,0.002,20,0.25,1.0,0.30125,0.0975,0.953125,0.651875,True,0.22757653269508962
6-31g_b1.5,6-31g,1.5,0.002,20,0.35,1.0,0.379375,0.67625,0.953125,0.276875,True,0.22757653269508962
6-31g_b1.5,6-31g,1.5,0.002,20,0.45,1.0,0.45312499999999994,0.99875,0.953125,-0.04562500000000003,False,0.22757653269508962
6-31g_b1.5,6-31g,1.5,0.002,20,0.55,1.0,0.5137499999999999,1.0,0.953125,-0.046875,False,0.22757653269508962
6-31g_b1.5,6-31g,1.5,0.002,40,0.15,1.0,0.22250000000000003,0.109375,0.87375,0.65125,True,0.22757653269508962
6-31g_b1.5,6-31g,1.5,0.002,40,0.25,1.0,0.30125,0.11375,0.875,0.57375,True,0.22757653269508962
6-31g_b1.5,6-31g,1.5,0.002,40,0.35,1.0,0.379375,0.6456250000000001,0.875,0.22937499999999988,True,0.22757653269508962
6-31g_b1.5,6-31g,1.5,0.002,40,0.45,1.0,0.45312499999999994,0.920625,0.875,-0.04562500000000003,False,0.22757653269508962
6-31g_b1.5,6-31g,1.5,0.002,40,0.55,1.0,0.5137499999999999,0.921875,0.875,-0.046875,False,0.22757653269508962
6-31g_b1.5,6-31g,1.5,0.004,10,0.15,0.989375,0.22250000000000003,0.0,0.96875,0.74625,True,0.22757653269508962
6-31g_b1.5,6-31g,1.5,0.004,10,0.25,1.0,0.30125,0.003125,0.984375,0.683125,True,0.22757653269508962
6-31g_b1.5,6-31g,1.5,0.004,10,0.35,1.0,0.379375,0.559375,0.984375,0.42500000000000004,True,0.22757653269508962
6-31g_b1.5,6-31g,1.5,0.004,10,0.45,1.0,0.45312499999999994,0.980625,0.984375,0.003750000000000031,True,0.22757653269508962
6-31g_b1.5,6-31g,1.5,0.004,10,0.55,1.0,0.5137499999999999,1.0,0.984375,-0.015625,False,0.22757653269508962
6-31g_b1.5,6-31g,1.5,0.004,20,0.15,0.989375,0.22250000000000003,0.00875,0.933125,0.710625,True,0.22757653269508962
6-31g_b1.5,6-31g,1.5,0.004,20,0.25,1.0,0.30125,0.01125,0.953125,0.651875,True,0.22757653269508962
6-31g_b1.5,6-31g,1.5,0.004,20,0.35,1.0,0.379375,0.56125,0.953125,0.391875,True,0.22757653269508962
6-31g_b1.5,6-31g,1.5,0.004,20,0.45,1.0,0.45312499999999994,0.980625,0.953125,-0.02749999999999997,False,0.22757653269508962
6-31g_b1.5,6-31g,1.5,0.004,20,0.55,1.0,0.5137499999999999,1.0,0.953125,-0.046875,False,0.22757653269508962
6-31g_b1.5,6-31g,1.5,0.004,40,0.15,0.989375,0.22250000000000003,0.031875,0.88625,0.66375,True,0.22757653269508962
6-31g_b1.5,6-31g,1.5,0.004,40,0.25,1.0,0.30125,0.033125,0.9025,0.60125,True,0.22757653269508962
6-31g_b1.5,6-31g,1.5,0.004,40,0.35,1.0,0.379375,0.56,0.903125,0.3431249999999999,True,0.22757653269508962
6-31g_b1.5,6-31g,1.5,0.004,40,0.45,1.0,0.45312499999999994,0.92375,0.905,-0.018749999999999933,False,0.22757653269508962
6-31g_b1.5,6-31g,1.5,0.004,40,0.55,1.0,0.5137499999999999,0.938125,0.90625,-0.03187499999999999,False,0.22757653269508962
6-31g_b1.5,6-31g,1.5,0.008,10,0.15,0.9112499999999999,0.22250000000000003,0.0,0.8975,0.6749999999999999,True,0.22757653269508962
6-31g_b1.5,6-31g,1.5,0.008,10,0.25,0.9918750000000001,0.30125,0.0325,0.97625,0.6749999999999999,True,0.22757653269508962
6-31g_b1.5,6-31g,1.5,0.008,10,0.35,0.999375,0.379375,0.48625000000000007,0.98375,0.49749999999999994,True,0.22757653269508962
6-31g_b1.5,6-31g,1.5,0.008,10,0.45,1.0,0.45312499999999994,0.89125,0.984375,0.09312500000000001,True,0.22757653269508962
6-31g_b1.5,6-31g,1.5,0.008,10,0.55,1.0,0.5137499999999999,0.9875,0.984375,-0.0031250000000000444,False,0.22757653269508962
6-31g_b1.5,6-31g,1.5,0.008,20,0.15,0.9112499999999999,0.22250000000000003,0.0,0.893125,0.6706249999999999,True,0.22757653269508962
6-31g_b1.5,6-31g,1.5,0.008,20,0.25,0.9918750000000001,0.30125,0.034375,0.9768749999999999,0.6756249999999999,True,0.22757653269508962
6-31g_b1.5,6-31g,1.5,0.008,20,0.35,0.999375,0.379375,0.48687500000000006,0.98875,0.501875,True,0.22757653269508962
6-31g_b1.5,6-31g,1.5,0.008,20,0.45,1.0,0.45312499999999994,0.8975,0.989375,0.09187500000000004,True,0.22757653269508962
6-31g_b1.5,6-31g,1.5,0.008,20,0.55,1.0,0.5137499999999999,0.986875,0.990625,0.003750000000000031,True,0.22757653269508962
6-31g_b1.5,6-31g,1.5,0.008,40,0.15,0.9112499999999999,0.22250000000000003,0.0075,0.8025,0.58,True,0.22757653269508962
6-31g_b1.5,6-31g,1.5,0.008,40,0.25,0.9918750000000001,0.30125,0.051875000000000004,0.87625,0.575,True,0.22757653269508962
6-31g_b1.5,6-31g,1.5,0.008,40,0.35,0.999375,0.379375,0.5081249999999999,0.893125,0.385,True,0.22757653269508962
6-31g_b1.5,6-31g,1.5,0.008,40,0.45,1.0,0.45312499999999994,0.8899999999999999,0.894375,0.004375000000000129,True,0.22757653269508962
6-31g_b1.5,6-31g,1.5,0.008,40,0.55,1.0,0.5137499999999999,0.965625,0.89625,-0.06937499999999996,False,0.22757653269508962
6-31g_b1.6,6-31g,1.6,0.0005,10,0.15,1.0,0.22250000000000003,0.59375,1.0,0.40625,True,0.025020871019018537
6-31g_b1.6,6-31g,1.6,0.0005,10,0.25,1.0,0.30125,0.59375,1.0,0.40625,True,0.025020871019018537
6-31g_b1.6,6-31g,1.6,0.0005,10,0.35,1.0,0.379375,0.59375,1.0,0.40625,True,0.025020871019018537
6-31g_b1.6,6-31g,1.6,0.0005,10,0.45,1.0,0.45312499999999994,0.8225,1.0,0.1775,True,0.025020871019018537
6-31g_b1.6,6-31g,1.6,0.0005,10,0.55,1.0,0.5137499999999999,1.0,1.0,0.0,False,0.025020871019018537
6-31g_b1.6,6-31g,1.6,0.0005,20,0.15,1.0,0.22250000000000003,0.578125,1.0,0.421875,True,0.025020871019018537
6-31g_b1.6,6-31g,1.6,0.0005,20,0.25,1.0,0.30125,0.578125,1.0,0.421875,True,0.025020871019018537
6-31g_b1.6,6-31g,1.6,0.0005,20,0.35,1.0,0.379375,0.578125,1.0,0.421875,True,0.025020871019018537
6-31g_b1.6,6-31g,1.6,0.0005,20,0.45,1.0,0.45312499999999994,0.80375,1.0,0.19625000000000004,True,0.025020871019018537
6-31g_b1.6,6-31g,1.6,0.0005,20,0.55,1.0,0.5137499999999999,1.0,1.0,0.0,False,0.025020871019018537
6-31g_b1.6,6-31g,1.6,0.0005,40,0.15,1.0,0.22250000000000003,0.375,0.90625,0.53125,True,0.025020871019018537
6-31g_b1.6,6-31g,1.6,0.0005,40,0.25,1.0,0.30125,0.375,0.90625,0.53125,True,0.025020871019018537
6-31g_b1.6,6-31g,1.6,0.0005,40,0.35,1.0,0.379375,0.375,0.90625,0.526875,True,0.025020871019018537
6-31g_b1.6,6-31g,1.6,0.0005,40,0.45,1.0,0.45312499999999994,0.6993750000000001,0.90625,0.20687499999999992,True,0.025020871019018537
6-31g_b1.6,6-31g,1.6,0.0005,40,0.55,1.0,0.5137499999999999,0.953125,0.90625,-0.046875,False,0.025020871019018537
6-31g_b1.6,6-31g,1.6,0.001,10,0.15,1.0,0.22250000000000003,0.575625,1.0,0.42437499999999995,True,0.025020871019018537
6-31g_b1.6,6-31g,1.6,0.001,10,0.25,1.0,0.30125,0.578125,1.0,0.421875,True,0.025020871019018537
6-31g_b1.6,6-31g,1.6,0.001,10,0.35,1.0,0.379375,0.578125,1.0,0.421875,True,0.025020871019018537
6-31g_b1.6,6-31g,1.6,0.001,10,0.45,1.0,0.45312499999999994,0.809375,1.0,0.19062500000000004,True,0.025020871019018537
6-31g_b1.6,6-31g,1.6,0.001,10,0.55,1.0,0.5137499999999999,1.0,1.0,0.0,False,0.025020871019018537
6-31g_b1.6,6-31g,1.6,0.001,20,0.15,1.0,0.22250000000000003,0.56,1.0,0.43999999999999995,True,0.025020871019018537
6-31g_b1.6,6-31g,1.6,0.001,20,0.25,1.0,0.30125,0.561875,1.0,0.438125,True,0.025020871019018537
6-31g_b1.6,6-31g,1.6,0.001,20,0.35,1.0,0.379375,0.5625,1.0,0.4375,True,0.025020871019018537
6-31g_b1.6,6-31g,1.6,0.001,20,0.45,1.0,0.45312499999999994,0.7887500000000001,1.0,0.21124999999999994,True,0.025020871019018537
6-31g_b1.6,6-31g,1.6,0.001,20,0.55,1.0,0.5137499999999999,1.0,1.0,0.0,False,0.025020871019018537
6-31g_b1.6,6-31g,1.6,0.001,40,0.15,1.0,0.22250000000000003,0.34375,0.90625,0.5625,True,0.025020871019018537
6-31g_b1.6,6-31g,1.6,0.001,40,0.25,1.0,0.30125,0.34375,0.90625,0.5625,True,0.025020871019018537
6-31g_b1.6,6-31g,1.6,0.001,40,0.35,1.0,0.379375,0.34375,0.90625,0.526875,True,0.025020871019018537
6-31g_b1.6,6-31g,1.6,0.001,40,0.45,1.0,0.45312499999999994,0.66,0.90625,0.24624999999999997,True,0.025020871019018537
6-31g_b1.6,6-31g,1.6,0.001,40,0.55,1.0,0.5137499999999999,0.953125,0.90625,-0.046875,False,0.025020871019018537
6-31g_b1.6,6-31g,1.6,0.002,10,0.15,0.999375,0.22250000000000003,0.39625,0.9981249999999999,0.6018749999999999,True,0.025020871019018537
6-31g_b1.6,6-31g,1.6,0.002,10,0.25,1.0,0.30125,0.400625,1.0,0.599375,True,0.025020871019018537
6-31g_b1.6,6-31g,1.6,0.002,10,0.35,1.0,0.379375,0.405625,1.0,0.594375,True,0.025020871019018537
6-31g_b1.6,6-31g,1.6,0.002,10,0.45,1.0,0.45312499999999994,0.7250000000000001,1.0,0.2749999999999999,True,0.025020871019018537
6-31g_b1.6,6-31g,1.6,0.002,10,0.55,1.0,0.5137499999999999,0.9981249999999999,1.0,0.001875000000000071,True,0.025020871019018537
6-31g_b1.6,6-31g,1.6,0.002,20,0.15,0.999375,0.22250000000000003,0.406875,0.9981249999999999,0.5912499999999999,True,0.025020871019018537
6-31g_b1.6,6-31g,1.6,0.002,20,0.25,1.0,0.30125,0.411875,1.0,0.588125,True,0.025020871019018537
6-31g_b1.6,6-31g,1.6,0.002,20,0.35,1.0,0.379375,0.41812499999999997,1.0,0.581875,True,0.025020871019018537
6-31g_b1.6,6-31g,1.6,0.002,20,0.45,1.0,0.45312499999999994,0.724375,1.0,0.275625,True,0.025020871019018537
6-31g_b1.6,6-31g,1.6,0.002,20,0.55,1.0,0.5137499999999999,0.99875,1.0,0.0012499999999999734,True,0.025020871019018537
6-31g_b1.6,6-31g,1.6,0.002,40,0.15,0.999375,0.22250000000000003,0.29,0.920625,0.630625,True,0.025020871019018537
6-31g_b1.6,6-31g,1.6,0.002,40,0.25,1.0,0.30125,0.2925,0.921875,0.620625,True,0.025020871019018537
6-31g_b1.6,6-31g,1.6,0.002,40,0.35,1.0,0.379375,0.294375,0.921875,0.5425,True,0.025020871019018537
6-31g_b1.6,6-31g,1.6,0.002,40,0.45,1.0,0.45312499999999994,0.639375,0.921875,0.2825,True,0.025020871019018537
6-31g_b1.6,6-31g,1.6,0.002,40,0.55,1.0,0.5137499999999999,0.9675,0.921875,-0.04562500000000003,False,0.025020871019018537
6-31g_b1.6,6-31g,1.6,0.004,10,0.15,0.985625,0.22250000000000003,0.055624999999999994,0.985,0.7625,True,0.025020871019018537
6-31g_b1.6,6-31g,1.6,0.004,10,0.25,1.0,0.30125,0.058124999999999996,1.0,0.69875,True,0.025020871019018537
6-31g_b1.6,6-31g,1.6,0.004,10,0.35,1.0,0.379375,0.061875,1.0,0.620625,True,0.025020871019018537
6-31g_b1.6,6-31g,1.6,0.004,10,0.45,1.0,0.45312499999999994,0.54125,1.0,0.45875,True,0.025020871019018537
6-31g_b1.6,6-31g,1.6,0.004,10,0.55,1.0,0.5137499999999999,0.9775,1.0,0.022499999999999964,True,0.025020871019018537
6-31g_b1.6,6-31g,1.6,0.004,20,0.15,0.985625,0.22250000000000003,0.09125,0.98,0.7575,True,0.025020871019018537
6-31g_b1.6,6-31g,1.6,0.004,20,0.25,1.0,0.30125,0.095625,1.0,0.69875,True,0.025020871019018537
6-31g_b1.6,6-31g,1.6,0.004,20,0.35,1.0,0.379375,0.105,1.0,0.620625,True,0.025020871019018537
6-31g_b1.6,6-31g,1.6,0.004,20,0.45,1.0,0.45312499999999994,0.5543750000000001,1.0,0.44562499999999994,True,0.025020871019018537
6-31g_b1.6,6-31g,1.6,0.004,20,0.55,1.0,0.5137499999999999,0.975,1.0,0.025000000000000022,True,0.025020871019018537
6-31g_b1.6,6-31g,1.6,0.004,40,0.15,0.985625,0.22250000000000003,0.1225,0.896875,0.674375,True,0.025020871019018537
6-31g_b1.6,6-31g,1.6,0.004,40,0.25,1.0,0.30125,0.1275,0.919375,0.618125,True,0.025020871019018537
6-31g_b1.6,6-31g,1.6,0.004,40,0.35,1.0,0.379375,0.13437500000000002,0.921875,0.5425,True,0.025020871019018537
6-31g_b1.6,6-31g,1.6,0.004,40,0.45,1.0,0.45312499999999994,0.559375,0.924375,0.365,True,0.025020871019018537
6-31g_b1.6,6-31g,1.6,0.004,40,0.55,1.0,0.5137499999999999,0.959375,0.926875,-0.03249999999999997,False,0.025020871019018537
6-31g_b1.6,6-31g,1.6,0.008,10,0.15,0.9006249999999999,0.22250000000000003,0.015,0.891875,0.6693749999999999,True,0.025020871019018537
6-31g_b1.6,6-31g,1.6,0.008,10,0.25,0.989375,0.30125,0.015625,0.98875,0.6875,True,0.025020871019018537
6-31g_b1.6,6-31g,1.6,0.008,10,0.35,0.9981249999999999,0.379375,0.04875,0.9981249999999999,0.6187499999999999,True,0.025020871019018537
6-31g_b1.6,6-31g,1.6,0.008,10,0.45,0.999375,0.45312499999999994,0.48625,0.999375,0.513125,True,0.025020871019018537
6-31g_b1.6,6-31g,1.6,0.008,10,0.55,1.0,0.5137499999999999,0.88375,1.0,0.11624999999999996,True,0.025020871019018537
6-31g_b1.6,6-31g,1.6,0.008,20,0.15,0.9006249999999999,0.22250000000000003,0.026250000000000002,0.891875,0.6693749999999999,True,0.025020871019018537
6-31g_b1.6,6-31g,1.6,0.008,20,0.25,0.989375,0.30125,0.0275,0.9862500000000001,0.685,True,0.025020871019018537
6-31g_b1.6,6-31g,1.6,0.008,20,0.35,0.9981249999999999,0.379375,0.060000000000000005,1.0,0.6187499999999999,True,0.025020871019018537
6-31g_b1.6,6-31g,1.6,0.008,20,0.45,0.999375,0.45312499999999994,0.47375,1.0,0.525625,True,0.025020871019018537
6-31g_b1.6,6-31g,1.6,0.008,20,0.55,1.0,0.5137499999999999,0.8825,1.0,0.11750000000000005,True,0.025020871019018537
6-31g_b1.6,6-31g,1.6,0.008,40,0.15,0.9006249999999999,0.22250000000000003,0.064375,0.8224999999999999,0.5999999999999999,True,0.025020871019018537
6-31g_b1.6,6-31g,1.6,0.008,40,0.25,0.989375,0.30125,0.07,0.91,0.60875,True,0.025020871019018537
6-31g_b1.6,6-31g,1.6,0.008,40,0.35,0.9981249999999999,0.379375,0.10500000000000001,0.9293750000000001,0.55,True,0.025020871019018537
6-31g_b1.6,6-31g,1.6,0.008,40,0.45,0.999375,0.45312499999999994,0.510625,0.9325,0.421875,True,0.025020871019018537
6-31g_b1.6,6-31g,1.6,0.008,40,0.55,1.0,0.5137499999999999,0.893125,0.9368749999999999,0.043749999999999956,True,0.025020871019018537
6-31g_b1.7,6-31g,1.7,0.0005,10,0.15,1.0,0.24500000000000002,0.015,1.0,0.755,True,0.06741004889414173
6-31g_b1.7,6-31g,1.7,0.0005,10,0.25,1.0,0.37625,0.578125,1.0,0.421875,True,0.06741004889414173
6-31g_b1.7,6-31g,1.7,0.0005,10,0.35,1.0,0.44687499999999997,0.644375,1.0,0.35562499999999997,True,0.06741004889414173
6-31g_b1.7,6-31g,1.7,0.0005,10,0.45,1.0,0.5118750000000001,1.0,1.0,0.0,False,0.06741004889414173
6-31g_b1.7,6-31g,1.7,0.0005,10,0.55,1.0,0.5606249999999999,1.0,1.0,0.0,False,0.06741004889414173
6-31g_b1.7,6-31g,1.7,0.0005,20,0.15,1.0,0.24500000000000002,0.014374999999999999,1.0,0.755,True,0.06741004889414173
6-31g_b1.7,6-31g,1.7,0.0005,20,0.25,1.0,0.37625,0.546875,1.0,0.453125,True,0.06741004889414173
6-31g_b1.7,6-31g,1.7,0.0005,20,0.35,1.0,0.44687499999999997,0.6362500000000001,1.0,0.3637499999999999,True,0.06741004889414173
6-31g_b1.7,6-31g,1.7,0.0005,20,0.45,1.0,0.5118750000000001,1.0,1.0,0.0,False,0.06741004889414173
6-31g_b1.7,6-31g,1.7,0.0005,20,0.55,1.0,0.5606249999999999,1.0,1.0,0.0,False,0.06741004889414173
6-31g_b1.7,6-31g,1.7,0.0005,40,0.15,1.0,0.24500000000000002,0.005625000000000001,0.924375,0.679375,True,0.06741004889414173
6-31g_b1.7,6-31g,1.7,0.0005,40,0.25,1.0,0.37625,0.34375,0.92625,0.55,True,0.06741004889414173
6-31g_b1.7,6-31g,1.7,0.0005,40,0.35,1.0,0.44687499999999997,0.46375000000000005,0.926875,0.46312499999999995,True,0.06741004889414173
6-31g_b1.7,6-31g,1.7,0.0005,40,0.45,1.0,0.5118750000000001,0.95375,0.9293750000000001,-0.024374999999999925,False,0.06741004889414173
6-31g_b1.7,6-31g,1.7,0.0005,40,0.55,1.0,0.5606249999999999,0.954375,0.93125,-0.02312499999999995,False,0.06741004889414173
6-31g_b1.7,6-31g,1.7,0.001,10,0.15,1.0,0.24500000000000002,0.12875,1.0,0.755,True,0.06741004889414173
6-31g_b1.7,6-31g,1.7,0.001,10,0.25,1.0,0.37625,0.5625,1.0,0.4375,True,0.06741004889414173
6-31g_b1.7,6-31g,1.7,0.001,10,0.35,1.0,0.44687499999999997,0.686875,1.0,0.313125,True,0.06741004889414173
6-31g_b1.7,6-31g,1.7,0.001,10,0.45,1.0,0.5118750000000001,1.0,1.0,0.0,False,0.06741004889414173
6-31g_b1.7,6-31g,1.7,0.001,10,0.55,1.0,0.5606249999999999,1.0,1.0,0.0,False,0.06741004889414173
6-31g_b1.7,6-31g,1.7,0.001,20,0.15,1.0,0.24500000000000002,0.13375,1.0,0.755,True,0.06741004889414173
6-31g_b1.7,6-31g,1.7,0.001,20,0.25,1.0,0.37625,0.5025,1.0,0.49750000000000005,True,0.06741004889414173
6-31g_b1.7,6-31g,1.7,0.001,20,0.35,1.0,0.44687499999999997,0.650625,1.0,0.349375,True,0.06741004889414173
6-31g_b1.7,6-31g,1.7,0.001,20,0.45,1.0,0.5118750000000001,1.0,1.0,0.0,False,0.06741004889414173
6-31g_b1.7,6-31g,1.7,0.001,20,0.55,1.0,0.5606249999999999,1.0,1.0,0.0,False,0.06741004889414173
6-31g_b1.7,6-31g,1.7,0.001,40,0.15,1.0,0.24500000000000002,0.073125,0.943125,0.698125,True,0.06741004889414173
6-31g_b1.7,6-31g,1.7,0.001,40,0.25,1.0,0.37625,0.296875,0.946875,0.570625,True,0.06741004889414173
6-31g_b1.7,6-31g,1.7,0.001,40,0.35,1.0,0.44687499999999997,0.49750000000000005,0.948125,0.45062499999999994,True,0.06741004889414173
6-31g_b1.7,6-31g,1.7,0.001,40,0.45,1.0,0.5118750000000001,0.96875,0.951875,-0.016874999999999973,False,0.06741004889414173
6-31g_b1.7,6-31g,1.7,0.001,40,0.55,1.0,0.5606249999999999,0.96875,0.954375,-0.014375000000000027,False,0.06741004889414173
6-31g_b1.7,6-31g,1.7,0.002,10,0.15,1.0,0.24500000000000002,0.174375,1.0,0.755,True,0.06741004889414173
6-31g_b1.7,6-31g,1.7,0.002,10,0.25,1.0,0.37625,0.35562499999999997,1.0,0.62375,True,0.06741004889414173
6-31g_b1.7,6-31g,1.7,0.002,10,0.35,1.0,0.44687499999999997,0.608125,1.0,0.391875,True,0.06741004889414173
6-31g_b1.7,6-31g,1.7,0.002,10,0.45,1.0,0.5118750000000001,0.99875,1.0,0.0012499999999999734,True,0.06741004889414173
6-31g_b1.7,6-31g,1.7,0.002,10,0.55,1.0,0.5606249999999999,1.0,1.0,0.0,False,0.06741004889414173
6-31g_b1.7,6-31g,1.7,0.002,20,0.15,1.0,0.24500000000000002,0.174375,1.0,0.755,True,0.06741004889414173
6-31g_b1.7,6-31g,1.7,0.002,20,0.25,1.0,0.37625,0.35625,1.0,0.62375,True,0.06741004889414173
6-31g_b1.7,6-31g,1.7,0.002,20,0.35,1.0,0.44687499999999997,0.625,1.0,0.375,True,0.06741004889414173
6-31g_b1.7,6-31g,1.7,0.002,20,0.45,1.0,0.5118750000000001,0.99875,1.0,0.0012499999999999734,True,0.06741004889414173
6-31g_b1.7,6-31g,1.7,0.002,20,0.55,1.0,0.5606249999999999,1.0,1.0,0.0,False,0.06741004889414173
6-31g_b1.7,6-31g,1.7,0.002,40,0.15,1.0,0.24500000000000002,0.138125,0.9568749999999999,0.7118749999999999,True,0.06741004889414173
6-31g_b1.7,6-31g,1.7,0.002,40,0.25,1.0,0.37625,0.276875,0.9612499999999999,0.585,True,0.06741004889414173
6-31g_b1.7,6-31g,1.7,0.002,40,0.35,1.0,0.44687499999999997,0.570625,0.964375,0.39374999999999993,True,0.06741004889414173
6-31g_b1.7,6-31g,1.7,0.002,40,0.45,1.0,0.5118750000000001,0.9825,0.969375,-0.013125000000000053,False,0.06741004889414173
6-31g_b1.7,6-31g,1.7,0.002,40,0.55,1.0,0.5606249999999999,0.984375,0.973125,-0.011249999999999982,False,0.06741004889414173
6-31g_b1.7,6-31g,1.7,0.004,10,0.15,0.99875,0.24500000000000002,0.030000000000000002,0.998125,0.753125,True,0.06741004889414173
6-31g_b1.7,6-31g,1.7,0.004,10,0.25,1.0,0.37625,0.051875,1.0,0.62375,True,0.06741004889414173
6-31g_b1.7,6-31g,1.7,0.004,10,0.35,1.0,0.44687499999999997,0.465625,1.0,0.534375,True,0.06741004889414173
6-31g_b1.7,6-31g,1.7,0.004,10,0.45,1.0,0.5118750000000001,0.9675,1.0,0.03249999999999997,True,0.06741004889414173
6-31g_b1.7,6-31g,1.7,0.004,10,0.55,1.0,0.5606249999999999,0.99875,1.0,0.0012499999999999734,True,0.06741004889414173
6-31g_b1.7,6-31g,1.7,0.004,20,0.15,0.99875,0.24500000000000002,0.065,0.998125,0.753125,True,0.06741004889414173
6-31g_b1.7,6-31g,1.7,0.004,20,0.25,1.0,0.37625,0.11625,1.0,0.62375,True,0.06741004889414173
6-31g_b1.7,6-31g,1.7,0.004,20,0.35,1.0,0.44687499999999997,0.51,1.0,0.49,True,0.06741004889414173
6-31g_b1.7,6-31g,1.7,0.004,20,0.45,1.0,0.5118750000000001,0.96625,1.0,0.03374999999999995,True,0.06741004889414173
6-31g_b1.7,6-31g,1.7,0.004,20,0.55,1.0,0.5606249999999999,0.99875,1.0,0.0012499999999999734,True,0.06741004889414173
6-31g_b1.7,6-31g,1.7,0.004,40,0.15,0.99875,0.24500000000000002,0.065,0.974375,0.729375,True,0.06741004889414173
6-31g_b1.7,6-31g,1.7,0.004,40,0.25,1.0,0.37625,0.104375,0.975625,0.599375,True,0.06741004889414173
6-31g_b1.7,6-31g,1.7,0.004,40,0.35,1.0,0.44687499999999997,0.505625,0.978125,0.47250000000000003,True,0.06741004889414173
6-31g_b1.7,6-31g,1.7,0.004,40,0.45,1.0,0.5118750000000001,0.955625,0.97875,0.023125000000000062,True,0.06741004889414173
6-31g_b1.7,6-31g,1.7,0.004,40,0.55,1.0,0.5606249999999999,0.985,0.983125,-0.00187499999999996,False,0.06741004889414173
6-31g_b1.7,6-31g,1.7,0.008,10,0.15,0.973125,0.24500000000000002,0.000625,0.975,0.728125,True,0.06741004889414173
6-31g_b1.7,6-31g,1.7,0.008,10,0.25,0.9975,0.37625,0.0325,0.9975,0.6212500000000001,True,0.06741004889414173
6-31g_b1.7,6-31g,1.7,0.008,10,0.35,0.999375,0.44687499999999997,0.40937500000000004,0.999375,0.5525,True,0.06741004889414173
6-31g_b1.7,6-31g,1.7,0.008,10,0.45,1.0,0.5118750000000001,0.8499999999999999,1.0,0.15000000000000013,True,0.06741004889414173
6-31g_b1.7,6-31g,1.7,0.008,10,0.55,1.0,0.5606249999999999,0.98125,1.0,0.018750000000000044,True,0.06741004889414173
6-31g_b1.7,6-31g,1.7,0.008,20,0.15,0.973125,0.24500000000000002,0.011875,0.970625,0.725625,True,0.06741004889414173
6-31g_b1.7,6-31g,1.7,0.008,20,0.25,0.9975,0.37625,0.052500000000000005,0.999375,0.6212500000000001,True,0.06741004889414173
6-31g_b1.7,6-31g,1.7,0.008,20,0.35,0.999375,0.44687499999999997,0.43000000000000005,1.0,0.5525,True,0.06741004889414173
6-31g_b1.7,6-31g,1.7,0.008,20,0.45,1.0,0.5118750000000001,0.8674999999999999,1.0,0.13250000000000006,True,0.06741004889414173
6-31g_b1.7,6-31g,1.7,0.008,20,0.55,1.0,0.5606249999999999,0.9824999999999999,1.0,0.01750000000000007,True,0.06741004889414173
6-31g_b1.7,6-31g,1.7,0.008,40,0.15,0.973125,0.24500000000000002,0.04125,0.950625,0.7056250000000001,True,0.06741004889414173
6-31g_b1.7,6-31g,1.7,0.008,40,0.25,0.9975,0.37625,0.09,0.978125,0.601875,True,0.06741004889414173
6-31g_b1.7,6-31g,1.7,0.008,40,0.35,0.999375,0.44687499999999997,0.459375,0.983125,0.52375,True,0.06741004889414173
6-31g_b1.7,6-31g,1.7,0.008,40,0.45,1.0,0.5118750000000001,0.8743749999999999,0.984375,0.1100000000000001,True,0.06741004889414173
6-31g_b1.7,6-31g,1.7,0.008,40,0.55,1.0,0.5606249999999999,0.985625,0.985,-0.0006249999999999867,False,0.06741004889414173
6-31g_b1.8,6-31g,1.8,0.0005,10,0.15,1.0,0.24500000000000002,0.0175,1.0,0.755,True,0.08969211149150842
6-31g_b1.8,6-31g,1.8,0.0005,10,0.25,1.0,0.37625,0.578125,1.0,0.421875,True,0.08969211149150842
6-31g_b1.8,6-31g,1.8,0.0005,10,0.35,1.0,0.44687499999999997,0.5975,1.0,0.40249999999999997,True,0.08969211149150842
6-31g_b1.8,6-31g,1.8,0.0005,10,0.45,1.0,0.5118750000000001,1.0,1.0,0.0,False,0.08969211149150842
6-31g_b1.8,6-31g,1.8,0.0005,10,0.55,1.0,0.5606249999999999,1.0,1.0,0.0,False,0.08969211149150842
6-31g_b1.8,6-31g,1.8,0.0005,20,0.15,1.0,0.24500000000000002,0.016875,1.0,0.755,True,0.08969211149150842
6-31g_b1.8,6-31g,1.8,0.0005,20,0.25,1.0,0.37625,0.546875,1.0,0.453125,True,0.08969211149150842
6-31g_b1.8,6-31g,1.8,0.0005,20,0.35,1.0,0.44687499999999997,0.570625,1.0,0.42937499999999995,True,0.08969211149150842
6-31g_b1.8,6-31g,1.8,0.0005,20,0.45,1.0,0.5118750000000001,1.0,1.0,0.0,False,0.08969211149150842
6-31g_b1.8,6-31g,1.8,0.0005,20,0.55,1.0,0.5606249999999999,1.0,1.0,0.0,False,0.08969211149150842
6-31g_b1.8,6-31g,1.8,0.0005,40,0.15,1.0,0.24500000000000002,0.010624999999999999,0.990625,0.745625,True,0.08969211149150842
6-31g_b1.8,6-31g,1.8,0.0005,40,0.25,1.0,0.37625,0.34375,0.9924999999999999,0.61625,True,0.08969211149150842
6-31g_b1.8,6-31g,1.8,0.0005,40,0.35,1.0,0.44687499999999997,0.388125,0.99375,0.546875,True,0.08969211149150842
6-31g_b1.8,6-31g,1.8,0.0005,40,0.45,1.0,0.5118750000000001,1.0,0.996875,-0.0031250000000000444,False,0.08969211149150842
6-31g_b1.8,6-31g,1.8,0.0005,40,0.55,1.0,0.5606249999999999,1.0,0.9975,-0.0024999999999999467,False,0.08969211149150842
6-31g_b1.8,6-31g,1.8,0.001,10,0.15,1.0,0.24500000000000002,0.158125,1.0,0.755,True,0.08969211149150842
6-31g_b1.8,6-31g,1.8,0.001,10,0.25,1.0,0.37625,0.578125,1.0,0.421875,True,0.08969211149150842
6-31g_b1.8,6-31g,1.8,0.001,10,0.35,1.0,0.44687499999999997,0.6525000000000001,1.0,0.3474999999999999,True,0.08969211149150842
6-31g_b1.8,6-31g,1.8,0.001,10,0.45,1.0,0.5118750000000001,1.0,1.0,0.0,False,0.08969211149150842
6-31g_b1.8,6-31g,1.8,0.001,10,0.55,1.0,0.5606249999999999,1.0,1.0,0.0,False,0.08969211149150842
6-31g_b1.8,6-31g,1.8,0.001,20,0.15,1.0,0.24500000000000002,0.14437500000000003,1.0,0.755,True,0.08969211149150842
6-31g_b1.8,6-31g,1.8,0.001,20,0.25,1.0,0.37625,0.515625,1.0,0.484375,True,0.08969211149150842
6-31g_b1.8,6-31g,1.8,0.001,20,0.35,1.0,0.44687499999999997,0.6125,1.0,0.38749999999999996,True,0.08969211149150842
6-31g_b1.8,6-31g,1.8,0.001,20,0.45,1.0,0.5118750000000001,1.0,1.0,0.0,False,0.08969211149150842
6-31g_b1.8,6-31g,1.8,0.001,20,0.55,1.0,0.5606249999999999,1.0,1.0,0.0,False,0.08969211149150842
6-31g_b1.8,6-31g,1.8,0.001,40,0.15,1.0,0.24500000000000002,0.07062500000000001,0.989375,0.744375,True,0.08969211149150842
6-31g_b1.8,6-31g,1.8,0.001,40,0.25,1.0,0.37625,0.296875,0.99125,0.615,True,0.08969211149150842
6-31g_b1.8,6-31g,1.8,0.001,40,0.35,1.0,0.44687499999999997,0.4375,0.9924999999999999,0.545625,True,0.08969211149150842
6-31g_b1.8,6-31g,1.8,0.001,40,0.45,1.0,0.5118750000000001,1.0,0.995625,-0.004375000000000018,False,0.08969211149150842
6-31g_b1.8,6-31g,1.8,0.001,40,0.55,1.0,0.5606249999999999,1.0,0.99625,-0.003750000000000031,False,0.08969211149150842
6-31g_b1.8,6-31g,1.8,0.002,10,0.15,1.0,0.24500000000000002,0.184375,1.0,0.755,True,0.08969211149150842
6-31g_b1.8,6-31g,1.8,0.002,10,0.25,1.0,0.37625,0.36312500000000003,1.0,0.62375,True,0.08969211149150842
6-31g_b1.8,6-31g,1.8,0.002,10,0.35,1.0,0.44687499999999997,0.555625,1.0,0.44437499999999996,True,0.08969211149150842
6-31g_b1.8,6-31g,1.8,0.002,10,0.45,1.0,0.5118750000000001,0.9975,1.0,0.0024999999999999467,True,0.08969211149150842
6-31g_b1.8,6-31g,1.8,0.002,10,0.55,1.0,0.5606249999999999,1.0,1.0,0.0,False,0.08969211149150842
6-31g_b1.8,6-31g,1.8,0.002,20,0.15,1.0,0.24500000000000002,0.181875,1.0,0.755,True,0.08969211149150842
6-31g_b1.8,6-31g,1.8,0.002,20,0.25,1.0,0.37625,0.36375,1.0,0.62375,True,0.08969211149150842
6-31g_b1.8,6-31g,1.8,0.002,20,0.35,1.0,0.44687499999999997,0.566875,1.0,0.433125,True,0.08969211149150842
6-31g_b1.8,6-31g,1.8,0.002,20,0.45,1.0,0.5118750000000001,0.9975,1.0,0.0024999999999999467,True,0.08969211149150842
6-31g_b1.8,6-31g,1.8,0.002,20,0.55,1.0,0.5606249999999999,1.0,1.0,0.0,False,0.08969211149150842
6-31g_b1.8,6-31g,1.8,0.002,40,0.15,1.0,0.24500000000000002,0.12937500000000002,0.984375,0.739375,True,0.08969211149150842
6-31g_b1.8,6-31g,1.8,0.002,40,0.25,1.0,0.37625,0.265,0.984375,0.608125,True,0.08969211149150842
6-31g_b1.8,6-31g,1.8,0.002,40,0.35,1.0,0.44687499999999997,0.5018750000000001,0.984375,0.48249999999999993,True,0.08969211149150842
6-31g_b1.8,6-31g,1.8,0.002,40,0.45,1.0,0.5118750000000001,0.999375,0.986875,-0.012500000000000067,False,0.08969211149150842
6-31g_b1.8,6-31g,1.8,0.002,40,0.55,1.0,0.5606249999999999,1.0,0.98875,-0.011249999999999982,False,0.08969211149150842
6-31g_b1.8,6-31g,1.8,0.004,10,0.15,0.99875,0.24500000000000002,0.019375,0.99875,0.75375,True,0.08969211149150842
6-31g_b1.8,6-31g,1.8,0.004,10,0.25,1.0,0.37625,0.03375,1.0,0.62375,True,0.08969211149150842
6-31g_b1.8,6-31g,1.8,0.004,10,0.35,1.0,0.44687499999999997,0.409375,1.0,0.5531250000000001,True,0.08969211149150842
6-31g_b1.8,6-31g,1.8,0.004,10,0.45,1.0,0.5118750000000001,0.9637499999999999,1.0,0.036250000000000115,True,0.08969211149150842
6-31g_b1.8,6-31g,1.8,0.004,10,0.55,1.0,0.5606249999999999,0.99875,1.0,0.0012499999999999734,True,0.08969211149150842
6-31g_b1.8,6-31g,1.8,0.004,20,0.15,0.99875,0.24500000000000002,0.036250000000000004,0.99875,0.75375,True,0.08969211149150842
6-31g_b1.8,6-31g,1.8,0.004,20,0.25,1.0,0.37625,0.064375,1.0,0.62375,True,0.08969211149150842
6-31g_b1.8,6-31g,1.8,0.004,20,0.35,1.0,0.44687499999999997,0.448125,1.0,0.551875,True,0.08969211149150842
6-31g_b1.8,6-31g,1.8,0.004,20,0.45,1.0,0.5118750000000001,0.9612499999999999,1.0,0.03875000000000006,True,0.08969211149150842
6-31g_b1.8,6-31g,1.8,0.004,20,0.55,1.0,0.5606249999999999,0.99875,1.0,0.0012499999999999734,True,0.08969211149150842
6-31g_b1.8,6-31g,1.8,0.004,40,0.15,0.99875,0.24500000000000002,0.054375,0.984375,0.739375,True,0.08969211149150842
6-31g_b1.8,6-31g,1.8,0.004,40,0.25,1.0,0.37625,0.08875,0.984375,0.608125,True,0.08969211149150842
6-31g_b1.8,6-31g,1.8,0.004,40,0.35,1.0,0.44687499999999997,0.46375,0.985,0.52125,True,0.08969211149150842
6-31g_b1.8,6-31g,1.8,0.004,40,0.45,1.0,0.5118750000000001,0.9624999999999999,0.9862500000000001,0.02375000000000016,True,0.08969211149150842
6-31g_b1.8,6-31g,1.8,0.004,40,0.55,1.0,0.5606249999999999,1.0,0.9875,-0.012499999999999956,False,0.08969211149150842
6-31g_b1.8,6-31g,1.8,0.008,10,0.15,0.969375,0.24500000000000002,0.000625,0.974375,0.724375,True,0.08969211149150842
6-31g_b1.8,6-31g,1.8,0.008,10,0.25,0.9975,0.37625,0.023125,0.9975,0.6212500000000001,True,0.08969211149150842
6-31g_b1.8,6-31g,1.8,0.008,10,0.35,0.999375,0.44687499999999997,0.39437500000000003,0.999375,0.5525,True,0.08969211149150842
6-31g_b1.8,6-31g,1.8,0.008,10,0.45,1.0,0.5118750000000001,0.84625,1.0,0.15375000000000005,True,0.08969211149150842
6-31g_b1.8,6-31g,1.8,0.008,10,0.55,1.0,0.5606249999999999,0.97875,1.0,0.02124999999999999,True,0.08969211149150842
6-31g_b1.8,6-31g,1.8,0.008,20,0.15,0.969375,0.24500000000000002,0.011875,0.9724999999999999,0.724375,True,0.08969211149150842
6-31g_b1.8,6-31g,1.8,0.008,20,0.25,0.9975,0.37625,0.0475,0.999375,0.6212500000000001,True,0.08969211149150842
6-31g_b1.8,6-31g,1.8,0.008,20,0.35,0.999375,0.44687499999999997,0.4075,1.0,0.5525,True,0.08969211149150842
6-31g_b1.8,6-31g,1.8,0.008,20,0.45,1.0,0.5118750000000001,0.8581249999999999,1.0,0.14187500000000008,True,0.08969211149150842
6-31g_b1.8,6-31g,1.8,0.008,20,0.55,1.0,0.5606249999999999,0.983125,1.0,0.016874999999999973,True,0.08969211149150842
6-31g_b1.8,6-31g,1.8,0.008,40,0.15,0.969375,0.24500000000000002,0.025,0.959375,0.714375,True,0.08969211149150842
6-31g_b1.8,6-31g,1.8,0.008,40,0.25,0.9975,0.37625,0.06375,0.984375,0.608125,True,0.08969211149150842
6-31g_b1.8,6-31g,1.8,0.008,40,0.35,0.999375,0.44687499999999997,0.42500000000000004,0.984375,0.5375000000000001,True,0.08969211149150842
6-31g_b1.8,6-31g,1.8,0.008,40,0.45,1.0,0.5118750000000001,0.86375,0.985,0.12124999999999997,True,0.08969211149150842
6-31g_b1.8,6-31g,1.8,0.008,40,0.55,1.0,0.5606249999999999,0.9881249999999999,0.9862500000000001,-0.001874999999999849,False,0.08969211149150842
6-31g_b1.9,6-31g,1.9,0.0005,10,0.15,1.0,0.24500000000000002,0.019375,1.0,0.755,True,0.09809963853911595
6-31g_b1.9,6-31g,1.9,0.0005,10,0.25,1.0,0.37625,0.578125,1.0,0.421875,True,0.09809963853911595
6-31g_b1.9,6-31g,1.9,0.0005,10,0.35,1.0,0.44687499999999997,0.585,1.0,0.41500000000000004,True,0.09809963853911595
6-31g_b1.9,6-31g,1.9,0.0005,10,0.45,1.0,0.5118750000000001,1.0,1.0,0.0,False,0.09809963853911595
6-31g_b1.9,6-31g,1.9,0.0005,10,0.55,1.0,0.5606249999999999,1.0,1.0,0.0,False,0.09809963853911595
6-31g_b1.9,6-31g,1.9,0.0005,20,0.15,1.0,0.24500000000000002,0.019375,1.0,0.755,True,0.09809963853911595
6-31g_b1.9,6-31g,1.9,0.0005,20,0.25,1.0,0.37625,0.546875,1.0,0.453125,True,0.09809963853911595
6-31g_b1.9,6-31g,1.9,0.0005,20,0.35,1.0,0.44687499999999997,0.5543750000000001,1.0,0.44562499999999994,True,0.09809963853911595
6-31g_b1.9,6-31g,1.9,0.0005,20,0.45,1.0,0.5118750000000001,1.0,1.0,0.0,False,0.09809963853911595
6-31g_b1.9,6-31g,1.9,0.0005,20,0.55,1.0,0.5606249999999999,1.0,1.0,0.0,False,0.09809963853911595
6-31g_b1.9,6-31g,1.9,0.0005,40,0.15,1.0,0.24500000000000002,0.01125,0.999375,0.754375,True,0.09809963853911595
6-31g_b1.9,6-31g,1.9,0.0005,40,0.25,1.0,0.37625,0.34375,1.0,0.62375,True,0.09809963853911595
6-31g_b1.9,6-31g,1.9,0.0005,40,0.35,1.0,0.44687499999999997,0.35875,1.0,0.5531250000000001,True,0.09809963853911595
6-31g_b1.9,6-31g,1.9,0.0005,40,0.45,1.0,0.5118750000000001,1.0,1.0,0.0,False,0.09809963853911595
6-31g_b1.9,6-31g,1.9,0.0005,40,0.55,1.0,0.5606249999999999,1.0,1.0,0.0,False,0.09809963853911595
6-31g_b1.9,6-31g,1.9,0.001,10,0.15,1.0,0.24500000000000002,0.14187499999999997,1.0,0.755,True,0.09809963853911595
6-31g_b1.9,6-31g,1.9,0.001,10,0.25,1.0,0.37625,0.5375,1.0,0.4625,True,0.09809963853911595
6-31g_b1.9,6-31g,1.9,0.001,10,0.35,1.0,0.44687499999999997,0.5900000000000001,1.0,0.4099999999999999,True,0.09809963853911595
6-31g_b1.9,6-31g,1.9,0.001,10,0.45,1.0,0.5118750000000001,1.0,1.0,0.0,False,0.09809963853911595
6-31g_b1.9,6-31g,1.9,0.001,10,0.55,1.0,0.5606249999999999,1.0,1.0,0.0,False,0.09809963853911595
6-31g_b1.9,6-31g,1.9,0.001,20,0.15,1.0,0.24500000000000002,0.1375,1.0,0.755,True,0.09809963853911595
6-31g_b1.9,6-31g,1.9,0.001,20,0.25,1.0,0.37625,0.510625,1.0,0.489375,True,0.09809963853911595
6-31g_b1.9,6-31g,1.9,0.001,20,0.35,1.0,0.44687499999999997,0.5775,1.0,0.4225,True,0.09809963853911595
6-31g_b1.9,6-31g,1.9,0.001,20,0.45,1.0,0.5118750000000001,1.0,1.0,0.0,False,0.09809963853911595
6-31g_b1.9,6-31g,1.9,0.001,20,0.55,1.0,0.5606249999999999,1.0,1.0,0.0,False,0.09809963853911595
6-31g_b1.9,6-31g,1.9,0.001,40,0.15,1.0,0.24500000000000002,0.07250000000000001,0.9981249999999999,0.7531249999999999,True,0.09809963853911595
6-31g_b1.9,6-31g,1.9,0.001,40,0.25,1.0,0.37625,0.296875,0.99875,0.6225,True,0.09809963853911595
6-31g_b1.9,6-31g,1.9,0.001,40,0.35,1.0,0.44687499999999997,0.384375,0.999375,0.5525,True,0.09809963853911595
6-31g_b1.9,6-31g,1.9,0.001,40,0.45,1.0,0.5118750000000001,1.0,1.0,0.0,False,0.09809963853911595
6-31g_b1.9,6-31g,1.9,0.001,40,0.55,1.0,0.5606249999999999,1.0,1.0,0.0,False,0.09809963853911595
6-31g_b1.9,6-31g,1.9,0.002,10,0.15,1.0,0.24500000000000002,0.195,1.0,0.755,True,0.09809963853911595
6-31g_b1.9,6-31g,1.9,0.002,10,0.25,1.0,0.37625,0.348125,1.0,0.62375,True,0.09809963853911595
6-31g_b1.9,6-31g,1.9,0.002,10,0.35,1.0,0.44687499999999997,0.524375,1.0,0.47562499999999996,True,0.09809963853911595
6-31g_b1.9,6-31g,1.9,0.002,10,0.45,1.0,0.5118750000000001,0.995625,1.0,0.004375000000000018,True,0.09809963853911595
6-31g_b1.9,6-31g,1.9,0.002,10,0.55,1.0,0.5606249999999999,1.0,1.0,0.0,False,0.09809963853911595
6-31g_b1.9,6-31g,1.9,0.002,20,0.15,1.0,0.24500000000000002,0.199375,1.0,0.755,True,0.09809963853911595
6-31g_b1.9,6-31g,1.9,0.002,20,0.25,1.0,0.37625,0.365,1.0,0.62375,True,0.09809963853911595
6-31g_b1.9,6-31g,1.9,0.002,20,0.35,1.0,0.44687499999999997,0.5425,1.0,0.4575,True,0.09809963853911595
6-31g_b1.9,6-31g,1.9,0.002,20,0.45,1.0,0.5118750000000001,0.995625,1.0,0.004375000000000018,True,0.09809963853911595
6-31g_b1.9,6-31g,1.9,0.002,20,0.55,1.0,0.5606249999999999,1.0,1.0,0.0,False,0.09809963853911595
6-31g_b1.9,6-31g,1.9,0.002,40,0.15,1.0,0.24500000000000002,0.115,0.984375,0.739375,True,0.09809963853911595
6-31g_b1.9,6-31g,1.9,0.002,40,0.25,1.0,0.37625,0.23375,0.985625,0.609375,True,0.09809963853911595
6-31g_b1.9,6-31g,1.9,0.002,40,0.35,1.0,0.44687499999999997,0.44437499999999996,0.9875,0.5406250000000001,True,0.09809963853911595
6-31g_b1.9,6-31g,1.9,0.002,40,0.45,1.0,0.5118750000000001,0.999375,0.98875,-0.010624999999999996,False,0.09809963853911595
6-31g_b1.9,6-31g,1.9,0.002,40,0.55,1.0,0.5606249999999999,1.0,0.9918750000000001,-0.008124999999999938,False,0.09809963853911595
6-31g_b1.9,6-31g,1.9,0.004,10,0.15,0.99875,0.24500000000000002,0.016875,0.99875,0.75375,True,0.09809963853911595
6-31g_b1.9,6-31g,1.9,0.004,10,0.25,1.0,0.37625,0.03125,1.0,0.62375,True,0.09809963853911595
6-31g_b1.9,6-31g,1.9,0.004,10,0.35,1.0,0.44687499999999997,0.365,1.0,0.5531250000000001,True,0.09809963853911595
6-31g_b1.9,6-31g,1.9,0.004,10,0.45,1.0,0.5118750000000001,0.953125,1.0,0.046875,True,0.09809963853911595
6-31g_b1.9,6-31g,1.9,0.004,10,0.55,1.0,0.5606249999999999,0.99875,1.0,0.0012499999999999734,True,0.09809963853911595
6-31g_b1.9,6-31g,1.9,0.004,20,0.15,0.99875,0.24500000000000002,0.041874999999999996,0.99875,0.75375,True,0.09809963853911595
6-31g_b1.9,6-31g,1.9,0.004,20,0.25,1.0,0.37625,0.070625,1.0,0.62375,True,0.09809963853911595
6-31g_b1.9,6-31g,1.9,0.004,20,0.35,1.0,0.44687499999999997,0.40875,1.0,0.5531250000000001,True,0.09809963853911595
6-31g_b1.9,6-31g,1.9,0.004,20,0.45,1.0,0.5118750000000001,0.9493750000000001,1.0,0.05062499999999992,True,0.09809963853911595
6-31g_b1.9,6-31g,1.9,0.004,20,0.55,1.0,0.5606249999999999,0.99875,1.0,0.0012499999999999734,True,0.09809963853911595
6-31g_b1.9,6-31g,1.9,0.004,40,0.15,0.99875,0.24500000000000002,0.051875000000000004,0.984375,0.739375,True,0.09809963853911595
6-31g_b1.9,6-31g,1.9,0.004,40,0.25,1.0,0.37625,0.086875,0.984375,0.608125,True,0.09809963853911595
6-31g_b1.9,6-31g,1.9,0.004,40,0.35,1.0,0.44687499999999997,0.42125,0.984375,0.5375000000000001,True,0.09809963853911595
6-31g_b1.9,6-31g,1.9,0.004,40,0.45,1.0,0.5118750000000001,0.948125,0.984375,0.036250000000000004,True,0.09809963853911595
6-31g_b1.9,6-31g,1.9,0.004,40,0.55,1.0,0.5606249999999999,1.0,0.984375,-0.015625,False,0.09809963853911595
6-31g_b1.9,6-31g,1.9,0.008,10,0.15,0.975625,0.24500000000000002,0.000625,0.9775,0.730625,True,0.09809963853911595
6-31g_b1.9,6-31g,1.9,0.008,10,0.25,0.999375,0.37625,0.021249999999999998,0.999375,0.623125,True,0.09809963853911595
6-31g_b1.9,6-31g,1.9,0.008,10,0.35,1.0,0.44687499999999997,0.37125,1.0,0.5531250000000001,True,0.09809963853911595
6-31g_b1.9,6-31g,1.9,0.008,10,0.45,1.0,0.5118750000000001,0.84,1.0,0.16000000000000003,True,0.09809963853911595
6-31g_b1.9,6-31g,1.9,0.008,10,0.55,1.0,0.5606249999999999,0.98125,1.0,0.018750000000000044,True,0.09809963853911595
6-31g_b1.9,6-31g,1.9,0.008,20,0.15,0.975625,0.24500000000000002,0.011875,0.9724999999999999,0.7274999999999999,True,0.09809963853911595
6-31g_b1.9,6-31g,1.9,0.008,20,0.25,0.999375,0.37625,0.045,0.999375,0.623125,True,0.09809963853911595
6-31g_b1.9,6-31g,1.9,0.008,20,0.35,1.0,0.44687499999999997,0.385625,1.0,0.5531250000000001,True,0.09809963853911595
6-31g_b1.9,6-31g,1.9,0.008,20,0.45,1.0,0.5118750000000001,0.845625,1.0,0.15437500000000004,True,0.09809963853911595
6-31g_b1.9,6-31g,1.9,0.008,20,0.55,1.0,0.5606249999999999,0.98125,1.0,0.018750000000000044,True,0.09809963853911595
6-31g_b1.9,6-31g,1.9,0.008,40,0.15,0.975625,0.24500000000000002,0.025625000000000002,0.95625,0.71125,True,0.09809963853911595
6-31g_b1.9,6-31g,1.9,0.008,40,0.25,0.999375,0.37625,0.065,0.983125,0.606875,True,0.09809963853911595
6-31g_b1.9,6-31g,1.9,0.008,40,0.35,1.0,0.44687499999999997,0.41500000000000004,0.984375,0.5375000000000001,True,0.09809963853911595
6-31g_b1.9,6-31g,1.9,0.008,40,0.45,1.0,0.5118750000000001,0.86,0.984375,0.12437500000000001,True,0.09809963853911595
6-31g_b1.9,6-31g,1.9,0.008,40,0.55,1.0,0.5606249999999999,0.98875,0.984375,-0.004375000000000018,False,0.09809963853911595
6-31g_b2.0,6-31g,2.0,0.0005,10,0.15,1.0,0.24500000000000002,0.02,1.0,0.755,True,0.09643344943044692
6-31g_b2.0,6-31g,2.0,0.0005,10,0.25,1.0,0.37625,0.578125,1.0,0.421875,True,0.09643344943044692
6-31g_b2.0,6-31g,2.0,0.0005,10,0.35,1.0,0.44687499999999997,0.58125,1.0,0.41874999999999996,True,0.09643344943044692
6-31g_b2.0,6-31g,2.0,0.0005,10,0.45,1.0,0.5118750000000001,1.0,1.0,0.0,False,0.09643344943044692
6-31g_b2.0,6-31g,2.0,0.0005,10,0.55,1.0,0.5606249999999999,1.0,1.0,0.0,False,0.09643344943044692
6-31g_b2.0,6-31g,2.0,0.0005,20,0.15,1.0,0.24500000000000002,0.020625,1.0,0.755,True,0.09643344943044692
6-31g_b2.0,6-31g,2.0,0.0005,20,0.25,1.0,0.37625,0.546875,1.0,0.453125,True,0.09643344943044692
6-31g_b2.0,6-31g,2.0,0.0005,20,0.35,1.0,0.44687499999999997,0.54875,1.0,0.45125000000000004,True,0.09643344943044692
6-31g_b2.0,6-31g,2.0,0.0005,20,0.45,1.0,0.5118750000000001,1.0,1.0,0.0,False,0.09643344943044692
6-31g_b2.0,6-31g,2.0,0.0005,20,0.55,1.0,0.5606249999999999,1.0,1.0,0.0,False,0.09643344943044692
6-31g_b2.0,6-31g,2.0,0.0005,40,0.15,1.0,0.24500000000000002,0.011875,0.999375,0.754375,True,0.09643344943044692
6-31g_b2.0,6-31g,2.0,0.0005,40,0.25,1.0,0.37625,0.34375,1.0,0.62375,True,0.09643344943044692
6-31g_b2.0,6-31g,2.0,0.0005,40,0.35,1.0,0.44687499999999997,0.34624999999999995,1.0,0.5531250000000001,True,0.09643344943044692
6-31g_b2.0,6-31g,2.0,0.0005,40,0.45,1.0,0.5118750000000001,1.0,1.0,0.0,False,0.09643344943044692
6-31g_b2.0,6-31g,2.0,0.0005,40,0.55,1.0,0.5606249999999999,1.0,1.0,0.0,False,0.09643344943044692
6-31g_b2.0,6-31g,2.0,0.001,10,0.15,1.0,0.24500000000000002,0.13875,1.0,0.755,True,0.09643344943044692
6-31g_b2.0,6-31g,2.0,0.001,10,0.25,1.0,0.37625,0.536875,1.0,0.463125,True,0.09643344943044692
6-31g_b2.0,6-31g,2.0,0.001,10,0.35,1.0,0.44687499999999997,0.575625,1.0,0.42437499999999995,True,0.09643344943044692
6-31g_b2.0,6-31g,2.0,0.001,10,0.45,1.0,0.5118750000000001,1.0,1.0,0.0,False,0.09643344943044692
6-31g_b2.0,6-31g,2.0,0.001,10,0.55,1.0,0.5606249999999999,1.0,1.0,0.0,False,0.09643344943044692
6-31g_b2.0,6-31g,2.0,0.001,20,0.15,1.0,0.24500000000000002,0.13,1.0,0.755,True,0.09643344943044692
6-31g_b2.0,6-31g,2.0,0.001,20,0.25,1.0,0.37625,0.495,1.0,0.505,True,0.09643344943044692
6-31g_b2.0,6-31g,2.0,0.001,20,0.35,1.0,0.44687499999999997,0.55,1.0,0.44999999999999996,True,0.09643344943044692
6-31g_b2.0,6-31g,2.0,0.001,20,0.45,1.0,0.5118750000000001,1.0,1.0,0.0,False,0.09643344943044692
6-31g_b2.0,6-31g,2.0,0.001,20,0.55,1.0,0.5606249999999999,1.0,1.0,0.0,False,0.09643344943044692
6-31g_b2.0,6-31g,2.0,0.001,40,0.15,1.0,0.24500000000000002,0.07250000000000001,0.9981249999999999,0.7531249999999999,True,0.09643344943044692
6-31g_b2.0,6-31g,2.0,0.001,40,0.25,1.0,0.37625,0.286875,0.99875,0.6225,True,0.09643344943044692
6-31g_b2.0,6-31g,2.0,0.001,40,0.35,1.0,0.44687499999999997,0.359375,0.999375,0.5525,True,0.09643344943044692
6-31g_b2.0,6-31g,2.0,0.001,40,0.45,1.0,0.5118750000000001,1.0,1.0,0.0,False,0.09643344943044692
6-31g_b2.0,6-31g,2.0,0.001,40,0.55,1.0,0.5606249999999999,1.0,1.0,0.0,False,0.09643344943044692
6-31g_b2.0,6-31g,2.0,0.002,10,0.15,1.0,0.24500000000000002,0.17375,1.0,0.755,True,0.09643344943044692
6-31g_b2.0,6-31g,2.0,0.002,10,0.25,1.0,0.37625,0.316875,1.0,0.62375,True,0.09643344943044692
6-31g_b2.0,6-31g,2.0,0.002,10,0.35,1.0,0.44687499999999997,0.48875,1.0,0.51125,True,0.09643344943044692
6-31g_b2.0,6-31g,2.0,0.002,10,0.45,1.0,0.5118750000000001,0.995,1.0,0.0050000000000000044,True,0.09643344943044692
6-31g_b2.0,6-31g,2.0,0.002,10,0.55,1.0,0.5606249999999999,1.0,1.0,0.0,False,0.09643344943044692
6-31g_b2.0,6-31g,2.0,0.002,20,0.15,1.0,0.24500000000000002,0.16875,1.0,0.755,True,0.09643344943044692
6-31g_b2.0,6-31g,2.0,0.002,20,0.25,1.0,0.37625,0.31937499999999996,1.0,0.62375,True,0.09643344943044692
6-31g_b2.0,6-31g,2.0,0.002,20,0.35,1.0,0.44687499999999997,0.48000000000000004,1.0,0.52,True,0.09643344943044692
6-31g_b2.0,6-31g,2.0,0.002,20,0.45,1.0,0.5118750000000001,0.995625,1.0,0.004375000000000018,True,0.09643344943044692
6-31g_b2.0,6-31g,2.0,0.002,20,0.55,1.0,0.5606249999999999,1.0,1.0,0.0,False,0.09643344943044692
6-31g_b2.0,6-31g,2.0,0.002,40,0.15,1.0,0.24500000000000002,0.10125,0.995,0.75,True,0.09643344943044692
6-31g_b2.0,6-31g,2.0,0.002,40,0.25,1.0,0.37625,0.215625,0.995625,0.619375,True,0.09643344943044692
6-31g_b2.0,6-31g,2.0,0.002,40,0.35,1.0,0.44687499999999997,0.408125,0.996875,0.55,True,0.09643344943044692
6-31g_b2.0,6-31g,2.0,0.002,40,0.45,1.0,0.5118750000000001,0.996875,0.9975,0.0006250000000000977,True,0.09643344943044692
6-31g_b2.0,6-31g,2.0,0.002,40,0.55,1.0,0.5606249999999999,1.0,0.9981249999999999,-0.001875000000000071,False,0.09643344943044692
6-31g_b2.0,6-31g,2.0,0.004,10,0.15,0.99875,0.24500000000000002,0.018125000000000002,0.99875,0.75375,True,0.09643344943044692
6-31g_b2.0,6-31g,2.0,0.004,10,0.25,1.0,0.37625,0.0325,1.0,0.62375,True,0.09643344943044692
6-31g_b2.0,6-31g,2.0,0.004,10,0.35,1.0,0.44687499999999997,0.331875,1.0,0.5531250000000001,True,0.09643344943044692
6-31g_b2.0,6-31g,2.0,0.004,10,0.45,1.0,0.5118750000000001,0.95,1.0,0.050000000000000044,True,0.09643344943044692
6-31g_b2.0,6-31g,2.0,0.004,10,0.55,1.0,0.5606249999999999,0.99875,1.0,0.0012499999999999734,True,0.09643344943044692
6-31g_b2.0,6-31g,2.0,0.004,20,0.15,0.99875,0.24500000000000002,0.047499999999999994,0.99875,0.75375,True,0.09643344943044692
6-31g_b2.0,6-31g,2.0,0.004,20,0.25,1.0,0.37625,0.08,1.0,0.62375,True,0.09643344943044692
6-31g_b2.0,6-31g,2.0,0.004,20,0.35,1.0,0.44687499999999997,0.385625,1.0,0.5531250000000001,True,0.09643344943044692
6-31g_b2.0,6-31g,2.0,0.004,20,0.45,1.0,0.5118750000000001,0.945,1.0,0.05500000000000005,True,0.09643344943044692
6-31g_b2.0,6-31g,2.0,0.004,20,0.55,1.0,0.5606249999999999,0.99875,1.0,0.0012499999999999734,True,0.09643344943044692
6-31g_b2.0,6-31g,2.0,0.004,40,0.15,0.99875,0.24500000000000002,0.055625,0.98375,0.73875,True,0.09643344943044692
6-31g_b2.0,6-31g,2.0,0.004,40,0.25,1.0,0.37625,0.09625,0.984375,0.608125,True,0.09643344943044692
6-31g_b2.0,6-31g,2.0,0.004,40,0.35,1.0,0.44687499999999997,0.40875,0.984375,0.5375000000000001,True,0.09643344943044692
6-31g_b2.0,6-31g,2.0,0.004,40,0.45,1.0,0.5118750000000001,0.9475,0.984375,0.03687499999999999,True,0.09643344943044692
6-31g_b2.0,6-31g,2.0,0.004,40,0.55,1.0,0.5606249999999999,1.0,0.985625,-0.014375000000000027,False,0.09643344943044692
6-31g_b2.0,6-31g,2.0,0.008,10,0.15,0.9618749999999999,0.24500000000000002,0.000625,0.9662499999999999,0.7168749999999999,True,0.09643344943044692
6-31g_b2.0,6-31g,2.0,0.008,10,0.25,0.9975,0.37625,0.015625,0.9975,0.6212500000000001,True,0.09643344943044692
6-31g_b2.0,6-31g,2.0,0.008,10,0.35,0.999375,0.44687499999999997,0.35750000000000004,0.999375,0.5525,True,0.09643344943044692
6-31g_b2.0,6-31g,2.0,0.008,10,0.45,1.0,0.5118750000000001,0.8262499999999999,1.0,0.17375000000000007,True,0.09643344943044692
6-31g_b2.0,6-31g,2.0,0.008,10,0.55,1.0,0.5606249999999999,0.9724999999999999,1.0,0.02750000000000008,True,0.09643344943044692
6-31g_b2.0,6-31g,2.0,0.008,20,0.15,0.9618749999999999,0.24500000000000002,0.011875,0.9681249999999999,0.7168749999999999,True,0.09643344943044692
6-31g_b2.0,6-31g,2.0,0.008,20,0.25,0.9975,0.37625,0.036250000000000004,0.999375,0.6212500000000001,True,0.09643344943044692
6-31g_b2.0,6-31g,2.0,0.008,20,0.35,0.999375,0.44687499999999997,0.37625000000000003,1.0,0.5525,True,0.09643344943044692
6-31g_b2.0,6-31g,2.0,0.008,20,0.45,1.0,0.5118750000000001,0.8362499999999999,1.0,0.16375000000000006,True,0.09643344943044692
6-31g_b2.0,6-31g,2.0,0.008,20,0.55,1.0,0.5606249999999999,0.975625,1.0,0.024375000000000036,True,0.09643344943044692
6-31g_b2.0,6-31g,2.0,0.008,40,0.15,0.9618749999999999,0.24500000000000002,0.025625000000000002,0.95875,0.71375,True,0.09643344943044692
6-31g_b2.0,6-31g,2.0,0.008,40,0.25,0.9975,0.37625,0.06375,0.984375,0.608125,True,0.09643344943044692
6-31g_b2.0,6-31g,2.0,0.008,40,0.35,0.999375,0.44687499999999997,0.40875,0.984375,0.5375000000000001,True,0.09643344943044692
6-31g_b2.0,6-31g,2.0,0.008,40,0.45,1.0,0.5118750000000001,0.85625,0.984375,0.12812500000000004,True,0.09643344943044692
6-31g_b2.0,6-31g,2.0,0.008,40,0.55,1.0,0.5606249999999999,0.9881249999999999,0.984375,-0.00374999999999992,False,0.09643344943044692
6-31g_b2.1,6-31g,2.1,0.0005,10,0.15,1.0,0.24500000000000002,0.021875,1.0,0.755,True,0.08732640944995898
6-31g_b2.1,6-31g,2.1,0.0005,10,0.25,1.0,0.37625,0.578125,1.0,0.421875,True,0.08732640944995898
6-31g_b2.1,6-31g,2.1,0.0005,10,0.35,1.0,0.44687499999999997,0.579375,1.0,0.420625,True,0.08732640944995898
6-31g_b2.1,6-31g,2.1,0.0005,10,0.45,1.0,0.5118750000000001,1.0,1.0,0.0,False,0.08732640944995898
6-31g_b2.1,6-31g,2.1,0.0005,10,0.55,1.0,0.5606249999999999,1.0,1.0,0.0,False,0.08732640944995898
6-31g_b2.1,6-31g,2.1,0.0005,20,0.15,1.0,0.24500000000000002,0.026250000000000002,1.0,0.755,True,0.08732640944995898
6-31g_b2.1,6-31g,2.1,0.0005,20,0.25,1.0,0.37625,0.546875,1.0,0.453125,True,0.08732640944995898
6-31g_b2.1,6-31g,2.1,0.0005,20,0.35,1.0,0.44687499999999997,0.5475,1.0,0.4525,True,0.08732640944995898
6-31g_b2.1,6-31g,2.1,0.0005,20,0.45,1.0,0.5118750000000001,1.0,1.0,0.0,False,0.08732640944995898
6-31g_b2.1,6-31g,2.1,0.0005,20,0.55,1.0,0.5606249999999999,1.0,1.0,0.0,False,0.08732640944995898
6-31g_b2.1,6-31g,2.1,0.0005,40,0.15,1.0,0.24500000000000002,0.011875,1.0,0.755,True,0.08732640944995898
6-31g_b2.1,6-31g,2.1,0.0005,40,0.25,1.0,0.37625,0.34375,1.0,0.62375,True,0.08732640944995898
6-31g_b2.1,6-31g,2.1,0.0005,40,0.35,1.0,0.44687499999999997,0.34375,1.0,0.5531250000000001,True,0.08732640944995898
6-31g_b2.1,6-31g,2.1,0.0005,40,0.45,1.0,0.5118750000000001,1.0,1.0,0.0,False,0.08732640944995898
6-31g_b2.1,6-31g,2.1,0.0005,40,0.55,1.0,0.5606249999999999,1.0,1.0,0.0,False,0.08732640944995898
6-31g_b2.1,6-31g,2.1,0.001,10,0.15,1.0,0.24500000000000002,0.140625,1.0,0.755,True,0.08732640944995898
6-31g_b2.1,6-31g,2.1,0.001,10,0.25,1.0,0.37625,0.521875,1.0,0.478125,True,0.08732640944995898
6-31g_b2.1,6-31g,2.1,0.001,10,0.35,1.0,0.44687499999999997,0.555,1.0,0.44499999999999995,True,0.08732640944995898
6-31g_b2.1,6-31g,2.1,0.001,10,0.45,1.0,0.5118750000000001,1.0,1.0,0.0,False,0.08732640944995898
6-31g_b2.1,6-31g,2.1,0.001,10,0.55,1.0,0.5606249999999999,1.0,1.0,0.0,False,0.08732640944995898
6-31g_b2.1,6-31g,2.1,0.001,20,0.15,1.0,0.24500000000000002,0.13062500000000002,1.0,0.755,True,0.08732640944995898
6-31g_b2.1,6-31g,2.1,0.001,20,0.25,1.0,0.37625,0.481875,1.0,0.518125,True,0.08732640944995898
6-31g_b2.1,6-31g,2.1,0.001,20,0.35,1.0,0.44687499999999997,0.52625,1.0,0.47375,True,0.08732640944995898
6-31g_b2.1,6-31g,2.1,0.001,20,0.45,1.0,0.5118750000000001,1.0,1.0,0.0,False,0.08732640944995898
6-31g_b2.1,6-31g,2.1,0.001,20,0.55,1.0,0.5606249999999999,1.0,1.0,0.0,False,0.08732640944995898
6-31g_b2.1,6-31g,2.1,0.001,40,0.15,1.0,0.24500000000000002,0.075625,0.9981249999999999,0.7531249999999999,True,0.08732640944995898
6-31g_b2.1,6-31g,2.1,0.001,40,0.25,1.0,0.37625,0.286875,0.99875,0.6225,True,0.08732640944995898
6-31g_b2.1,6-31g,2.1,0.001,40,0.35,1.0,0.44687499999999997,0.34750000000000003,0.999375,0.5525,True,0.08732640944995898
6-31g_b2.1,6-31g,2.1,0.001,40,0.45,1.0,0.5118750000000001,1.0,1.0,0.0,False,0.08732640944995898
6-31g_b2.1,6-31g,2.1,0.001,40,0.55,1.0,0.5606249999999999,1.0,1.0,0.0,False,0.08732640944995898
6-31g_b2.1,6-31g,2.1,0.002,10,0.15,1.0,0.24500000000000002,0.15499999999999997,1.0,0.755,True,0.08732640944995898
6-31g_b2.1,6-31g,2.1,0.002,10,0.25,1.0,0.37625,0.30062500000000003,1.0,0.62375,True,0.08732640944995898
6-31g_b2.1,6-31g,2.1,0.002,10,0.35,1.0,0.44687499999999997,0.44562500000000005,1.0,0.5531250000000001,True,0.08732640944995898
6-31g_b2.1,6-31g,2.1,0.002,10,0.45,1.0,0.5118750000000001,0.995,1.0,0.0050000000000000044,True,0.08732640944995898
6-31g_b2.1,6-31g,2.1,0.002,10,0.55,1.0,0.5606249999999999,1.0,1.0,0.0,False,0.08732640944995898
6-31g_b2.1,6-31g,2.1,0.002,20,0.15,1.0,0.24500000000000002,0.14625,1.0,0.755,True,0.08732640944995898
6-31g_b2.1,6-31g,2.1,0.002,20,0.25,1.0,0.37625,0.2875,1.0,0.62375,True,0.08732640944995898
6-31g_b2.1,6-31g,2.1,0.002,20,0.35,1.0,0.44687499999999997,0.4425,1.0,0.5531250000000001,True,0.08732640944995898
6-31g_b2.1,6-31g,2.1,0.002,20,0.45,1.0,0.5118750000000001,0.995,1.0,0.0050000000000000044,True,0.08732640944995898
6-31g_b2.1,6-31g,2.1,0.002,20,0.55,1.0,0.5606249999999999,1.0,1.0,0.0,False,0.08732640944995898
6-31g_b2.1,6-31g,2.1,0.002,40,0.15,1.0,0.24500000000000002,0.119375,0.995,0.75,True,0.08732640944995898
6-31g_b2.1,6-31g,2.1,0.002,40,0.25,1.0,0.37625,0.243125,0.995625,0.619375,True,0.08732640944995898
6-31g_b2.1,6-31g,2.1,0.002,40,0.35,1.0,0.44687499999999997,0.416875,0.996875,0.55,True,0.08732640944995898
6-31g_b2.1,6-31g,2.1,0.002,40,0.45,1.0,0.5118750000000001,0.995625,0.9975,0.001875000000000071,True,0.08732640944995898
6-31g_b2.1,6-31g,2.1,0.002,40,0.55,1.0,0.5606249999999999,1.0,0.9981249999999999,-0.001875000000000071,False,0.08732640944995898
6-31g_b2.1,6-31g,2.1,0.004,10,0.15,0.99875,0.24500000000000002,0.018125000000000002,0.99875,0.75375,True,0.08732640944995898
6-31g_b2.1,6-31g,2.1,0.004,10,0.25,1.0,0.37625,0.0325,1.0,0.62375,True,0.08732640944995898
6-31g_b2.1,6-31g,2.1,0.004,10,0.35,1.0,0.44687499999999997,0.32875,1.0,0.5531250000000001,True,0.08732640944995898
6-31g_b2.1,6-31g,2.1,0.004,10,0.45,1.0,0.5118750000000001,0.95375,1.0,0.04625000000000001,True,0.08732640944995898
6-31g_b2.1,6-31g,2.1,0.004,10,0.55,1.0,0.5606249999999999,0.99875,1.0,0.0012499999999999734,True,0.08732640944995898
6-31g_b2.1,6-31g,2.1,0.004,20,0.15,0.99875,0.24500000000000002,0.03375,0.99875,0.75375,True,0.08732640944995898
6-31g_b2.1,6-31g,2.1,0.004,20,0.25,1.0,0.37625,0.059375,1.0,0.62375,True,0.08732640944995898
6-31g_b2.1,6-31g,2.1,0.004,20,0.35,1.0,0.44687499999999997,0.37124999999999997,1.0,0.5531250000000001,True,0.08732640944995898
6-31g_b2.1,6-31g,2.1,0.004,20,0.45,1.0,0.5118750000000001,0.9481249999999999,1.0,0.051875000000000115,True,0.08732640944995898
6-31g_b2.1,6-31g,2.1,0.004,20,0.55,1.0,0.5606249999999999,0.99875,1.0,0.0012499999999999734,True,0.08732640944995898
6-31g_b2.1,6-31g,2.1,0.004,40,0.15,0.99875,0.24500000000000002,0.055625,0.993125,0.748125,True,0.08732640944995898
6-31g_b2.1,6-31g,2.1,0.004,40,0.25,1.0,0.37625,0.09625,0.994375,0.618125,True,0.08732640944995898
6-31g_b2.1,6-31g,2.1,0.004,40,0.35,1.0,0.44687499999999997,0.399375,0.995625,0.5487500000000001,True,0.08732640944995898
6-31g_b2.1,6-31g,2.1,0.004,40,0.45,1.0,0.5118750000000001,0.944375,0.99625,0.051875000000000004,True,0.08732640944995898
6-31g_b2.1,6-31g,2.1,0.004,40,0.55,1.0,0.5606249999999999,1.0,0.996875,-0.0031250000000000444,False,0.08732640944995898
6-31g_b2.1,6-31g,2.1,0.008,10,0.15,0.9624999999999999,0.24500000000000002,0.000625,0.96875,0.7174999999999999,True,0.08732640944995898
6-31g_b2.1,6-31g,2.1,0.008,10,0.25,0.9975,0.37625,0.01125,0.9975,0.6212500000000001,True,0.08732640944995898
6-31g_b2.1,6-31g,2.1,0.008,10,0.35,0.999375,0.44687499999999997,0.325625,0.999375,0.5525,True,0.08732640944995898
6-31g_b2.1,6-31g,2.1,0.008,10,0.45,1.0,0.5118750000000001,0.8162499999999999,1.0,0.18375000000000008,True,0.08732640944995898
6-31g_b2.1,6-31g,2.1,0.008,10,0.55,1.0,0.5606249999999999,0.970625,1.0,0.02937500000000004,True,0.08732640944995898
6-31g_b2.1,6-31g,2.1,0.008,20,0.15,0.9624999999999999,0.24500000000000002,0.011875,0.9693749999999999,0.7174999999999999,True,0.08732640944995898
6-31g_b2.1,6-31g,2.1,0.008,20,0.25,0.9975,0.37625,0.033125,0.99875,0.6212500000000001,True,0.08732640944995898
6-31g_b2.1,6-31g,2.1,0.008,20,0.35,0.999375,0.44687499999999997,0.35687499999999994,1.0,0.5525,True,0.08732640944995898
6-31g_b2.1,6-31g,2.1,0.008,20,0.45,1.0,0.5118750000000001,0.829375,1.0,0.17062500000000003,True,0.08732640944995898
6-31g_b2.1,6-31g,2.1,0.008,20,0.55,1.0,0.5606249999999999,0.97625,1.0,0.02375000000000005,True,0.08732640944995898
6-31g_b2.1,6-31g,2.1,0.008,40,0.15,0.9624999999999999,0.24500000000000002,0.025625000000000002,0.9693749999999999,0.7174999999999999,True,0.08732640944995898
6-31g_b2.1,6-31g,2.1,0.008,40,0.25,0.9975,0.37625,0.054375,0.99375,0.6175,True,0.08732640944995898
6-31g_b2.1,6-31g,2.1,0.008,40,0.35,0.999375,0.44687499999999997,0.395625,0.995,0.548125,True,0.08732640944995898
6-31g_b2.1,6-31g,2.1,0.008,40,0.45,1.0,0.5118750000000001,0.855,0.995625,0.140625,True,0.08732640944995898
6-31g_b2.1,6-31g,2.1,0.008,40,0.55,1.0,0.5606249999999999,0.9906250000000001,0.99625,0.00562499999999988,True,0.08732640944995898
6-31g_b2.2,6-31g,2.2,0.0005,10,0.15,1.0,0.24500000000000002,0.02625,1.0,0.755,True,0.07280223697055707
6-31g_b2.2,6-31g,2.2,0.0005,10,0.25,1.0,0.37625,0.578125,1.0,0.421875,True,0.07280223697055707
6-31g_b2.2,6-31g,2.2,0.0005,10,0.35,1.0,0.44687499999999997,0.579375,1.0,0.420625,True,0.07280223697055707
6-31g_b2.2,6-31g,2.2,0.0005,10,0.45,1.0,0.5118750000000001,1.0,1.0,0.0,False,0.07280223697055707
6-31g_b2.2,6-31g,2.2,0.0005,10,0.55,1.0,0.5606249999999999,1.0,1.0,0.0,False,0.07280223697055707
6-31g_b2.2,6-31g,2.2,0.0005,20,0.15,1.0,0.24500000000000002,0.026250000000000002,1.0,0.755,True,0.07280223697055707
6-31g_b2.2,6-31g,2.2,0.0005,20,0.25,1.0,0.37625,0.546875,1.0,0.453125,True,0.07280223697055707
6-31g_b2.2,6-31g,2.2,0.0005,20,0.35,1.0,0.44687499999999997,0.5475,1.0,0.4525,True,0.07280223697055707
6-31g_b2.2,6-31g,2.2,0.0005,20,0.45,1.0,0.5118750000000001,1.0,1.0,0.0,False,0.07280223697055707
6-31g_b2.2,6-31g,2.2,0.0005,20,0.55,1.0,0.5606249999999999,1.0,1.0,0.0,False,0.07280223697055707
6-31g_b2.2,6-31g,2.2,0.0005,40,0.15,1.0,0.24500000000000002,0.011875,1.0,0.755,True,0.07280223697055707
6-31g_b2.2,6-31g,2.2,0.0005,40,0.25,1.0,0.37625,0.34375,1.0,0.62375,True,0.07280223697055707
6-31g_b2.2,6-31g,2.2,0.0005,40,0.35,1.0,0.44687499999999997,0.34375,1.0,0.5531250000000001,True,0.07280223697055707
6-31g_b2.2,6-31g,2.2,0.0005,40,0.45,1.0,0.5118750000000001,1.0,1.0,0.0,False,0.07280223697055707
6-31g_b2.2,6-31g,2.2,0.0005,40,0.55,1.0,0.5606249999999999,1.0,1.0,0.0,False,0.07280223697055707
6-31g_b2.2,6-31g,2.2,0.001,10,0.15,1.0,0.24500000000000002,0.143125,1.0,0.755,True,0.07280223697055707
6-31g_b2.2,6-31g,2.2,0.001,10,0.25,1.0,0.37625,0.521875,1.0,0.478125,True,0.07280223697055707
6-31g_b2.2,6-31g,2.2,0.001,10,0.35,1.0,0.44687499999999997,0.5518750000000001,1.0,0.4481249999999999,True,0.07280223697055707
6-31g_b2.2,6-31g,2.2,0.001,10,0.45,1.0,0.5118750000000001,1.0,1.0,0.0,False,0.07280223697055707
6-31g_b2.2,6-31g,2.2,0.001,10,0.55,1.0,0.5606249999999999,1.0,1.0,0.0,False,0.07280223697055707
6-31g_b2.2,6-31g,2.2,0.001,20,0.15,1.0,0.24500000000000002,0.13125,1.0,0.755,True,0.07280223697055707
6-31g_b2.2,6-31g,2.2,0.001,20,0.25,1.0,0.37625,0.481875,1.0,0.518125,True,0.07280223697055707
6-31g_b2.2,6-31g,2.2,0.001,20,0.35,1.0,0.44687499999999997,0.5225,1.0,0.47750000000000004,True,0.07280223697055707
6-31g_b2.2,6-31g,2.2,0.001,20,0.45,1.0,0.5118750000000001,1.0,1.0,0.0,False,0.07280223697055707
6-31g_b2.2,6-31g,2.2,0.001,20,0.55,1.0,0.5606249999999999,1.0,1.0,0.0,False,0.07280223697055707
6-31g_b2.2,6-31g,2.2,0.001,40,0.15,1.0,0.24500000000000002,0.07625000000000001,1.0,0.755,True,0.07280223697055707
6-31g_b2.2,6-31g,2.2,0.001,40,0.25,1.0,0.37625,0.286875,1.0,0.62375,True,0.07280223697055707
6-31g_b2.2,6-31g,2.2,0.001,40,0.35,1.0,0.44687499999999997,0.3425,1.0,0.5531250000000001,True,0.07280223697055707
6-31g_b2.2,6-31g,2.2,0.001,40,0.45,1.0,0.5118750000000001,1.0,1.0,0.0,False,0.07280223697055707
6-31g_b2.2,6-31g,2.2,0.001,40,0.55,1.0,0.5606249999999999,1.0,1.0,0.0,False,0.07280223697055707
6-31g_b2.2,6-31g,2.2,0.002,10,0.15,1.0,0.24500000000000002,0.14625,1.0,0.755,True,0.07280223697055707
6-31g_b2.2,6-31g,2.2,0.002,10,0.25,1.0,0.37625,0.28500000000000003,1.0,0.62375,True,0.07280223697055707
6-31g_b2.2,6-31g,2.2,0.002,10,0.35,1.0,0.44687499999999997,0.426875,1.0,0.5531250000000001,True,0.07280223697055707
6-31g_b2.2,6-31g,2.2,0.002,10,0.45,1.0,0.5118750000000001,0.989375,1.0,0.010624999999999996,True,0.07280223697055707
6-31g_b2.2,6-31g,2.2,0.002,10,0.55,1.0,0.5606249999999999,1.0,1.0,0.0,False,0.07280223697055707
6-31g_b2.2,6-31g,2.2,0.002,20,0.15,1.0,0.24500000000000002,0.139375,1.0,0.755,True,0.07280223697055707
6-31g_b2.2,6-31g,2.2,0.002,20,0.25,1.0,0.37625,0.273125,1.0,0.62375,True,0.07280223697055707
6-31g_b2.2,6-31g,2.2,0.002,20,0.35,1.0,0.44687499999999997,0.423125,1.0,0.5531250000000001,True,0.07280223697055707
6-31g_b2.2,6-31g,2.2,0.002,20,0.45,1.0,0.5118750000000001,0.98875,1.0,0.011249999999999982,True,0.07280223697055707
6-31g_b2.2,6-31g,2.2,0.002,20,0.55,1.0,0.5606249999999999,1.0,1.0,0.0,False,0.07280223697055707
6-31g_b2.2,6-31g,2.2,0.002,40,0.15,1.0,0.24500000000000002,0.110625,1.0,0.755,True,0.07280223697055707
6-31g_b2.2,6-31g,2.2,0.002,40,0.25,1.0,0.37625,0.219375,1.0,0.62375,True,0.07280223697055707
6-31g_b2.2,6-31g,2.2,0.002,40,0.35,1.0,0.44687499999999997,0.375,1.0,0.5531250000000001,True,0.07280223697055707
6-31g_b2.2,6-31g,2.2,0.002,40,0.45,1.0,0.5118750000000001,0.994375,1.0,0.005624999999999991,True,0.07280223697055707
6-31g_b2.2,6-31g,2.2,0.002,40,0.55,1.0,0.5606249999999999,1.0,1.0,0.0,False,0.07280223697055707
6-31g_b2.2,6-31g,2.2,0.004,10,0.15,0.9975,0.24500000000000002,0.02,0.99875,0.7525000000000001,True,0.07280223697055707
6-31g_b2.2,6-31g,2.2,0.004,10,0.25,1.0,0.37625,0.036250000000000004,1.0,0.62375,True,0.07280223697055707
6-31g_b2.2,6-31g,2.2,0.004,10,0.35,1.0,0.44687499999999997,0.3175,1.0,0.5531250000000001,True,0.07280223697055707
6-31g_b2.2,6-31g,2.2,0.004,10,0.45,1.0,0.5118750000000001,0.94625,1.0,0.053749999999999964,True,0.07280223697055707
6-31g_b2.2,6-31g,2.2,0.004,10,0.55,1.0,0.5606249999999999,0.99875,1.0,0.0012499999999999734,True,0.07280223697055707
6-31g_b2.2,6-31g,2.2,0.004,20,0.15,0.9975,0.24500000000000002,0.0325,0.99875,0.7525000000000001,True,0.07280223697055707
6-31g_b2.2,6-31g,2.2,0.004,20,0.25,1.0,0.37625,0.05375,1.0,0.62375,True,0.07280223697055707
6-31g_b2.2,6-31g,2.2,0.004,20,0.35,1.0,0.44687499999999997,0.346875,1.0,0.5531250000000001,True,0.07280223697055707
6-31g_b2.2,6-31g,2.2,0.004,20,0.45,1.0,0.5118750000000001,0.94,1.0,0.06000000000000005,True,0.07280223697055707
6-31g_b2.2,6-31g,2.2,0.004,20,0.55,1.0,0.5606249999999999,0.99875,1.0,0.0012499999999999734,True,0.07280223697055707
6-31g_b2.2,6-31g,2.2,0.004,40,0.15,0.9975,0.24500000000000002,0.05875,0.99375,0.74875,True,0.07280223697055707
6-31g_b2.2,6-31g,2.2,0.004,40,0.25,1.0,0.37625,0.09625,0.99625,0.62,True,0.07280223697055707
6-31g_b2.2,6-31g,2.2,0.004,40,0.35,1.0,0.44687499999999997,0.389375,0.996875,0.55,True,0.07280223697055707
6-31g_b2.2,6-31g,2.2,0.004,40,0.45,1.0,0.5118750000000001,0.943125,0.9975,0.05437500000000006,True,0.07280223697055707
6-31g_b2.2,6-31g,2.2,0.004,40,0.55,1.0,0.5606249999999999,0.999375,0.99875,-0.0006249999999999867,False,0.07280223697055707
6-31g_b2.2,6-31g,2.2,0.008,10,0.15,0.964375,0.24500000000000002,0.000625,0.9693749999999999,0.719375,True,0.07280223697055707
6-31g_b2.2,6-31g,2.2,0.008,10,0.25,0.9975,0.37625,0.01125,0.9975,0.6212500000000001,True,0.07280223697055707
6-31g_b2.2,6-31g,2.2,0.008,10,0.35,0.999375,0.44687499999999997,0.323125,0.999375,0.5525,True,0.07280223697055707
6-31g_b2.2,6-31g,2.2,0.008,10,0.45,1.0,0.5118750000000001,0.81875,1.0,0.18125000000000002,True,0.07280223697055707
6-31g_b2.2,6-31g,2.2,0.008,10,0.55,1.0,0.5606249999999999,0.971875,1.0,0.028124999999999956,True,0.07280223697055707
6-31g_b2.2,6-31g,2.2,0.008,20,0.15,0.964375,0.24500000000000002,0.011875,0.97125,0.719375,True,0.07280223697055707
6-31g_b2.2,6-31g,2.2,0.008,20,0.25,0.9975,0.37625,0.033125,0.99875,0.6212500000000001,True,0.07280223697055707
6-31g_b2.2,6-31g,2.2,0.008,20,0.35,0.999375,0.44687499999999997,0.35062499999999996,1.0,0.5525,True,0.07280223697055707
6-31g_b2.2,6-31g,2.2,0.008,20,0.45,1.0,0.5118750000000001,0.8331249999999999,1.0,0.1668750000000001,True,0.07280223697055707
6-31g_b2.2,6-31g,2.2,0.008,20,0.55,1.0,0.5606249999999999,0.98125,1.0,0.018750000000000044,True,0.07280223697055707
6-31g_b2.2,6-31g,2.2,0.008,40,0.15,0.964375,0.24500000000000002,0.025625000000000002,0.9706250000000001,0.719375,True,0.07280223697055707
6-31g_b2.2,6-31g,2.2,0.008,40,0.25,0.9975,0.37625,0.054375,0.994375,0.618125,True,0.07280223697055707
6-31g_b2.2,6-31g,2.2,0.008,40,0.35,0.999375,0.44687499999999997,0.39375,0.995625,0.5487500000000001,True,0.07280223697055707
6-31g_b2.2,6-31g,2.2,0.008,40,0.45,1.0,0.5118750000000001,0.855625,0.99625,0.140625,True,0.07280223697055707
6-31g_b2.2,6-31g,2.2,0.008,40,0.55,1.0,0.5606249999999999,0.9906250000000001,0.996875,0.006249999999999867,True,0.07280223697055707
6-31g_b2.3,6-31g,2.3,0.0005,10,0.15,1.0,0.24500000000000002,0.0,1.0,0.755,True,0.06408538143008224
6-31g_b2.3,6-31g,2.3,0.0005,10,0.25,1.0,0.37625,0.578125,1.0,0.421875,True,0.06408538143008224
6-31g_b2.3,6-31g,2.3,0.0005,10,0.35,1.0,0.44687499999999997,0.579375,1.0,0.420625,True,0.06408538143008224
6-31g_b2.3,6-31g,2.3,0.0005,10,0.45,1.0,0.5118750000000001,1.0,1.0,0.0,False,0.06408538143008224
6-31g_b2.3,6-31g,2.3,0.0005,10,0.55,1.0,0.5606249999999999,1.0,1.0,0.0,False,0.06408538143008224
6-31g_b2.3,6-31g,2.3,0.0005,20,0.15,1.0,0.24500000000000002,0.0,1.0,0.755,True,0.06408538143008224
6-31g_b2.3,6-31g,2.3,0.0005,20,0.25,1.0,0.37625,0.546875,1.0,0.453125,True,0.06408538143008224
6-31g_b2.3,6-31g,2.3,0.0005,20,0.35,1.0,0.44687499999999997,0.5475,1.0,0.4525,True,0.06408538143008224
6-31g_b2.3,6-31g,2.3,0.0005,20,0.45,1.0,0.5118750000000001,1.0,1.0,0.0,False,0.06408538143008224
6-31g_b2.3,6-31g,2.3,0.0005,20,0.55,1.0,0.5606249999999999,1.0,1.0,0.0,False,0.06408538143008224
6-31g_b2.3,6-31g,2.3,0.0005,40,0.15,1.0,0.24500000000000002,0.0,1.0,0.755,True,0.06408538143008224
6-31g_b2.3,6-31g,2.3,0.0005,40,0.25,1.0,0.37625,0.34375,1.0,0.62375,True,0.06408538143008224
6-31g_b2.3,6-31g,2.3,0.0005,40,0.35,1.0,0.44687499999999997,0.34375,1.0,0.5531250000000001,True,0.06408538143008224
6-31g_b2.3,6-31g,2.3,0.0005,40,0.45,1.0,0.5118750000000001,1.0,1.0,0.0,False,0.06408538143008224
6-31g_b2.3,6-31g,2.3,0.0005,40,0.55,1.0,0.5606249999999999,1.0,1.0,0.0,False,0.06408538143008224
6-31g_b2.3,6-31g,2.3,0.001,10,0.15,1.0,0.24500000000000002,0.0,1.0,0.755,True,0.06408538143008224
6-31g_b2.3,6-31g,2.3,0.001,10,0.25,1.0,0.37625,0.578125,1.0,0.421875,True,0.06408538143008224
6-31g_b2.3,6-31g,2.3,0.001,10,0.35,1.0,0.44687499999999997,0.59875,1.0,0.40125,True,0.06408538143008224
6-31g_b2.3,6-31g,2.3,0.001,10,0.45,1.0,0.5118750000000001,1.0,1.0,0.0,False,0.06408538143008224
6-31g_b2.3,6-31g,2.3,0.001,10,0.55,1.0,0.5606249999999999,1.0,1.0,0.0,False,0.06408538143008224
6-31g_b2.3,6-31g,2.3,0.001,20,0.15,1.0,0.24500000000000002,0.0,1.0,0.755,True,0.06408538143008224
6-31g_b2.3,6-31g,2.3,0.001,20,0.25,1.0,0.37625,0.5,1.0,0.5,True,0.06408538143008224
6-31g_b2.3,6-31g,2.3,0.001,20,0.35,1.0,0.44687499999999997,0.53125,1.0,0.46875,True,0.06408538143008224
6-31g_b2.3,6-31g,2.3,0.001,20,0.45,1.0,0.5118750000000001,1.0,1.0,0.0,False,0.06408538143008224
6-31g_b2.3,6-31g,2.3,0.001,20,0.55,1.0,0.5606249999999999,1.0,1.0,0.0,False,0.06408538143008224
6-31g_b2.3,6-31g,2.3,0.001,40,0.15,1.0,0.24500000000000002,0.0,1.0,0.755,True,0.06408538143008224
6-31g_b2.3,6-31g,2.3,0.001,40,0.25,1.0,0.37625,0.328125,1.0,0.62375,True,0.06408538143008224
6-31g_b2.3,6-31g,2.3,0.001,40,0.35,1.0,0.44687499999999997,0.3725,1.0,0.5531250000000001,True,0.06408538143008224
6-31g_b2.3,6-31g,2.3,0.001,40,0.45,1.0,0.5118750000000001,1.0,1.0,0.0,False,0.06408538143008224
6-31g_b2.3,6-31g,2.3,0.001,40,0.55,1.0,0.5606249999999999,1.0,1.0,0.0,False,0.06408538143008224
6-31g_b2.3,6-31g,2.3,0.002,10,0.15,1.0,0.24500000000000002,0.036875,1.0,0.755,True,0.06408538143008224
6-31g_b2.3,6-31g,2.3,0.002,10,0.25,1.0,0.37625,0.5,1.0,0.5,True,0.06408538143008224
6-31g_b2.3,6-31g,2.3,0.002,10,0.35,1.0,0.44687499999999997,0.5831250000000001,1.0,0.4168749999999999,True,0.06408538143008224
6-31g_b2.3,6-31g,2.3,0.002,10,0.45,1.0,0.5118750000000001,0.99375,1.0,0.006249999999999978,True,0.06408538143008224
6-31g_b2.3,6-31g,2.3,0.002,10,0.55,1.0,0.5606249999999999,1.0,1.0,0.0,False,0.06408538143008224
6-31g_b2.3,6-31g,2.3,0.002,20,0.15,1.0,0.24500000000000002,0.03875,1.0,0.755,True,0.06408538143008224
6-31g_b2.3,6-31g,2.3,0.002,20,0.25,1.0,0.37625,0.44937499999999997,1.0,0.550625,True,0.06408538143008224
6-31g_b2.3,6-31g,2.3,0.002,20,0.35,1.0,0.44687499999999997,0.56625,1.0,0.43374999999999997,True,0.06408538143008224
6-31g_b2.3,6-31g,2.3,0.002,20,0.45,1.0,0.5118750000000001,0.994375,1.0,0.005624999999999991,True,0.06408538143008224
6-31g_b2.3,6-31g,2.3,0.002,20,0.55,1.0,0.5606249999999999,1.0,1.0,0.0,False,0.06408538143008224
6-31g_b2.3,6-31g,2.3,0.002,40,0.15,1.0,0.24500000000000002,0.01875,1.0,0.755,True,0.06408538143008224
6-31g_b2.3,6-31g,2.3,0.002,40,0.25,1.0,0.37625,0.296875,1.0,0.62375,True,0.06408538143008224
6-31g_b2.3,6-31g,2.3,0.002,40,0.35,1.0,0.44687499999999997,0.441875,1.0,0.5531250000000001,True,0.06408538143008224
6-31g_b2.3,6-31g,2.3,0.002,40,0.45,1.0,0.5118750000000001,0.994375,1.0,0.005624999999999991,True,0.06408538143008224
6-31g_b2.3,6-31g,2.3,0.002,40,0.55,1.0,0.5606249999999999,1.0,1.0,0.0,False,0.06408538143008224
6-31g_b2.3,6-31g,2.3,0.004,10,0.15,0.9981249999999999,0.24500000000000002,0.055624999999999994,0.99875,0.7531249999999999,True,0.06408538143008224
6-31g_b2.3,6-31g,2.3,0.004,10,0.25,1.0,0.37625,0.13124999999999998,1.0,0.62375,True,0.06408538143008224
6-31g_b2.3,6-31g,2.3,0.004,10,0.35,1.0,0.44687499999999997,0.375,1.0,0.5531250000000001,True,0.06408538143008224
6-31g_b2.3,6-31g,2.3,0.004,10,0.45,1.0,0.5118750000000001,0.9568749999999999,1.0,0.04312500000000008,True,0.06408538143008224
6-31g_b2.3,6-31g,2.3,0.004,10,0.55,1.0,0.5606249999999999,0.99875,1.0,0.0012499999999999734,True,0.06408538143008224
6-31g_b2.3,6-31g,2.3,0.004,20,0.15,0.9981249999999999,0.24500000000000002,0.099375,0.99875,0.7531249999999999,True,0.06408538143008224
6-31g_b2.3,6-31g,2.3,0.004,20,0.25,1.0,0.37625,0.240625,1.0,0.62375,True,0.06408538143008224
6-31g_b2.3,6-31g,2.3,0.004,20,0.35,1.0,0.44687499999999997,0.47187500000000004,1.0,0.528125,True,0.06408538143008224
6-31g_b2.3,6-31g,2.3,0.004,20,0.45,1.0,0.5118750000000001,0.955,1.0,0.04500000000000004,True,0.06408538143008224
6-31g_b2.3,6-31g,2.3,0.004,20,0.55,1.0,0.5606249999999999,0.99875,1.0,0.0012499999999999734,True,0.06408538143008224
6-31g_b2.3,6-31g,2.3,0.004,40,0.15,0.9981249999999999,0.24500000000000002,0.076875,0.994375,0.749375,True,0.06408538143008224
6-31g_b2.3,6-31g,2.3,0.004,40,0.25,1.0,0.37625,0.21875,0.996875,0.620625,True,0.06408538143008224
6-31g_b2.3,6-31g,2.3,0.004,40,0.35,1.0,0.44687499999999997,0.47125,0.9975,0.5262500000000001,True,0.06408538143008224
6-31g_b2.3,6-31g,2.3,0.004,40,0.45,1.0,0.5118750000000001,0.9537499999999999,0.9981249999999999,0.04437500000000005,True,0.06408538143008224
6-31g_b2.3,6-31g,2.3,0.004,40,0.55,1.0,0.5606249999999999,0.999375,0.999375,0.0,False,0.06408538143008224
6-31g_b2.3,6-31g,2.3,0.008,10,0.15,0.9612499999999999,0.24500000000000002,0.013125000000000001,0.96875,0.7162499999999999,True,0.06408538143008224
6-31g_b2.3,6-31g,2.3,0.008,10,0.25,0.9975,0.37625,0.035625000000000004,0.9975,0.6212500000000001,True,0.06408538143008224
6-31g_b2.3,6-31g,2.3,0.008,10,0.35,0.999375,0.44687499999999997,0.348125,0.999375,0.5525,True,0.06408538143008224
6-31g_b2.3,6-31g,2.3,0.008,10,0.45,1.0,0.5118750000000001,0.825,1.0,0.17500000000000004,True,0.06408538143008224
6-31g_b2.3,6-31g,2.3,0.008,10,0.55,1.0,0.5606249999999999,0.9749999999999999,1.0,0.025000000000000133,True,0.06408538143008224
6-31g_b2.3,6-31g,2.3,0.008,20,0.15,0.9612499999999999,0.24500000000000002,0.025,0.970625,0.7162499999999999,True,0.06408538143008224
6-31g_b2.3,6-31g,2.3,0.008,20,0.25,0.9975,0.37625,0.06375,0.99875,0.6212500000000001,True,0.06408538143008224
6-31g_b2.3,6-31g,2.3,0.008,20,0.35,0.999375,0.44687499999999997,0.37250000000000005,1.0,0.5525,True,0.06408538143008224
6-31g_b2.3,6-31g,2.3,0.008,20,0.45,1.0,0.5118750000000001,0.8412499999999999,1.0,0.15875000000000006,True,0.06408538143008224
6-31g_b2.3,6-31g,2.3,0.008,20,0.55,1.0,0.5606249999999999,0.984375,1.0,0.015625,True,0.06408538143008224
6-31g_b2.3,6-31g,2.3,0.008,40,0.15,0.9612499999999999,0.24500000000000002,0.037500000000000006,0.96875,0.7162499999999999,True,0.06408538143008224
6-31g_b2.3,6-31g,2.3,0.008,40,0.25,0.9975,0.37625,0.08875,0.993125,0.6168750000000001,True,0.06408538143008224
6-31g_b2.3,6-31g,2.3,0.008,40,0.35,0.999375,0.44687499999999997,0.4275,0.994375,0.5475000000000001,True,0.06408538143008224
6-31g_b2.3,6-31g,2.3,0.008,40,0.45,1.0,0.5118750000000001,0.8656249999999999,0.995625,0.13000000000000012,True,0.06408538143008224
6-31g_b2.3,6-31g,2.3,0.008,40,0.55,1.0,0.5606249999999999,0.9937499999999999,0.99625,0.0025000000000000577,True,0.06408538143008224
6-31g_b2.4,6-31g,2.4,0.0005,10,0.15,1.0,0.24500000000000002,0.0,1.0,0.755,True,0.059874061823695146
6-31g_b2.4,6-31g,2.4,0.0005,10,0.25,1.0,0.37625,0.578125,1.0,0.421875,True,0.059874061823695146
6-31g_b2.4,6-31g,2.4,0.0005,10,0.35,1.0,0.44687499999999997,0.578125,1.0,0.421875,True,0.059874061823695146
6-31g_b2.4,6-31g,2.4,0.0005,10,0.45,1.0,0.5118750000000001,1.0,1.0,0.0,False,0.059874061823695146
6-31g_b2.4,6-31g,2.4,0.0005,10,0.55,1.0,0.5606249999999999,1.0,1.0,0.0,False,0.059874061823695146
6-31g_b2.4,6-31g,2.4,0.0005,20,0.15,1.0,0.24500000000000002,0.0,1.0,0.755,True,0.059874061823695146
6-31g_b2.4,6-31g,2.4,0.0005,20,0.25,1.0,0.37625,0.546875,1.0,0.453125,True,0.059874061823695146
6-31g_b2.4,6-31g,2.4,0.0005,20,0.35,1.0,0.44687499999999997,0.5475,1.0,0.4525,True,0.059874061823695146
6-31g_b2.4,6-31g,2.4,0.0005,20,0.45,1.0,0.5118750000000001,1.0,1.0,0.0,False,0.059874061823695146
6-31g_b2.4,6-31g,2.4,0.0005,20,0.55,1.0,0.5606249999999999,1.0,1.0,0.0,False,0.059874061823695146
6-31g_b2.4,6-31g,2.4,0.0005,40,0.15,1.0,0.24500000000000002,0.0,1.0,0.755,True,0.059874061823695146
6-31g_b2.4,6-31g,2.4,0.0005,40,0.25,1.0,0.37625,0.34375,1.0,0.62375,True,0.059874061823695146
6-31g_b2.4,6-31g,2.4,0.0005,40,0.35,1.0,0.44687499999999997,0.34375,1.0,0.5531250000000001,True,0.059874061823695146
6-31g_b2.4,6-31g,2.4,0.0005,40,0.45,1.0,0.5118750000000001,1.0,1.0,0.0,False,0.059874061823695146
6-31g_b2.4,6-31g,2.4,0.0005,40,0.55,1.0,0.5606249999999999,1.0,1.0,0.0,False,0.059874061823695146
6-31g_b2.4,6-31g,2.4,0.001,10,0.15,1.0,0.24500000000000002,0.0,1.0,0.755,True,0.059874061823695146
6-31g_b2.4,6-31g,2.4,0.001,10,0.25,1.0,0.37625,0.578125,1.0,0.421875,True,0.059874061823695146
6-31g_b2.4,6-31g,2.4,0.001,10,0.35,1.0,0.44687499999999997,0.598125,1.0,0.401875,True,0.059874061823695146
6-31g_b2.4,6-31g,2.4,0.001,10,0.45,1.0,0.5118750000000001,1.0,1.0,0.0,False,0.059874061823695146
6-31g_b2.4,6-31g,2.4,0.001,10,0.55,1.0,0.5606249999999999,1.0,1.0,0.0,False,0.059874061823695146
6-31g_b2.4,6-31g,2.4,0.001,20,0.15,1.0,0.24500000000000002,0.0,1.0,0.755,True,0.059874061823695146
6-31g_b2.4,6-31g,2.4,0.001,20,0.25,1.0,0.37625,0.53125,1.0,0.46875,True,0.059874061823695146
6-31g_b2.4,6-31g,2.4,0.001,20,0.35,1.0,0.44687499999999997,0.555625,1.0,0.44437499999999996,True,0.059874061823695146
6-31g_b2.4,6-31g,2.4,0.001,20,0.45,1.0,0.5118750000000001,1.0,1.0,0.0,False,0.059874061823695146
6-31g_b2.4,6-31g,2.4,0.001,20,0.55,1.0,0.5606249999999999,1.0,1.0,0.0,False,0.059874061823695146
6-31g_b2.4,6-31g,2.4,0.001,40,0.15,1.0,0.24500000000000002,0.0,1.0,0.755,True,0.059874061823695146
6-31g_b2.4,6-31g,2.4,0.001,40,0.25,1.0,0.37625,0.328125,1.0,0.62375,True,0.059874061823695146
6-31g_b2.4,6-31g,2.4,0.001,40,0.35,1.0,0.44687499999999997,0.3725,1.0,0.5531250000000001,True,0.059874061823695146
6-31g_b2.4,6-31g,2.4,0.001,40,0.45,1.0,0.5118750000000001,1.0,1.0,0.0,False,0.059874061823695146
6-31g_b2.4,6-31g,2.4,0.001,40,0.55,1.0,0.5606249999999999,1.0,1.0,0.0,False,0.059874061823695146
6-31g_b2.4,6-31g,2.4,0.002,10,0.15,1.0,0.24500000000000002,0.030625,1.0,0.755,True,0.059874061823695146
6-31g_b2.4,6-31g,2.4,0.002,10,0.25,1.0,0.37625,0.546875,1.0,0.453125,True,0.059874061823695146
6-31g_b2.4,6-31g,2.4,0.002,10,0.35,1.0,0.44687499999999997,0.621875,1.0,0.37812500000000004,True,0.059874061823695146
6-31g_b2.4,6-31g,2.4,0.002,10,0.45,1.0,0.5118750000000001,0.9950000000000001,1.0,0.004999999999999893,True,0.059874061823695146
6-31g_b2.4,6-31g,2.4,0.002,10,0.55,1.0,0.5606249999999999,1.0,1.0,0.0,False,0.059874061823695146
6-31g_b2.4,6-31g,2.4,0.002,20,0.15,1.0,0.24500000000000002,0.031875,1.0,0.755,True,0.059874061823695146
6-31g_b2.4,6-31g,2.4,0.002,20,0.25,1.0,0.37625,0.53125,1.0,0.46875,True,0.059874061823695146
6-31g_b2.4,6-31g,2.4,0.002,20,0.35,1.0,0.44687499999999997,0.6225,1.0,0.37749999999999995,True,0.059874061823695146
6-31g_b2.4,6-31g,2.4,0.002,20,0.45,1.0,0.5118750000000001,0.994375,1.0,0.005624999999999991,True,0.059874061823695146
6-31g_b2.4,6-31g,2.4,0.002,20,0.55,1.0,0.5606249999999999,1.0,1.0,0.0,False,0.059874061823695146
6-31g_b2.4,6-31g,2.4,0.002,40,0.15,1.0,0.24500000000000002,0.008125,1.0,0.755,True,0.059874061823695146
6-31g_b2.4,6-31g,2.4,0.002,40,0.25,1.0,0.37625,0.328125,1.0,0.62375,True,0.059874061823695146
6-31g_b2.4,6-31g,2.4,0.002,40,0.35,1.0,0.44687499999999997,0.46125000000000005,1.0,0.53875,True,0.059874061823695146
6-31g_b2.4,6-31g,2.4,0.002,40,0.45,1.0,0.5118750000000001,0.994375,1.0,0.005624999999999991,True,0.059874061823695146
6-31g_b2.4,6-31g,2.4,0.002,40,0.55,1.0,0.5606249999999999,1.0,1.0,0.0,False,0.059874061823695146
6-31g_b2.4,6-31g,2.4,0.004,10,0.15,0.9981249999999999,0.24500000000000002,0.08875,0.99875,0.7531249999999999,True,0.059874061823695146
6-31g_b2.4,6-31g,2.4,0.004,10,0.25,1.0,0.37625,0.303125,1.0,0.62375,True,0.059874061823695146
6-31g_b2.4,6-31g,2.4,0.004,10,0.35,1.0,0.44687499999999997,0.504375,1.0,0.495625,True,0.059874061823695146
6-31g_b2.4,6-31g,2.4,0.004,10,0.45,1.0,0.5118750000000001,0.9625,1.0,0.03749999999999998,True,0.059874061823695146
6-31g_b2.4,6-31g,2.4,0.004,10,0.55,1.0,0.5606249999999999,0.99875,1.0,0.0012499999999999734,True,0.059874061823695146
6-31g_b2.4,6-31g,2.4,0.004,20,0.15,0.9981249999999999,0.24500000000000002,0.12062500000000001,0.99875,0.7531249999999999,True,0.059874061823695146
6-31g_b2.4,6-31g,2.4,0.004,20,0.25,1.0,0.37625,0.369375,1.0,0.62375,True,0.059874061823695146
6-31g_b2.4,6-31g,2.4,0.004,20,0.35,1.0,0.44687499999999997,0.5506249999999999,1.0,0.4493750000000001,True,0.059874061823695146
6-31g_b2.4,6-31g,2.4,0.004,20,0.45,1.0,0.5118750000000001,0.958125,1.0,0.041874999999999996,True,0.059874061823695146
6-31g_b2.4,6-31g,2.4,0.004,20,0.55,1.0,0.5606249999999999,0.99875,1.0,0.0012499999999999734,True,0.059874061823695146
6-31g_b2.4,6-31g,2.4,0.004,40,0.15,0.9981249999999999,0.24500000000000002,0.07750000000000001,0.996875,0.751875,True,0.059874061823695146
6-31g_b2.4,6-31g,2.4,0.004,40,0.25,1.0,0.37625,0.26625,0.99875,0.6225,True,0.059874061823695146
6-31g_b2.4,6-31g,2.4,0.004,40,0.35,1.0,0.44687499999999997,0.49625,0.999375,0.503125,True,0.059874061823695146
6-31g_b2.4,6-31g,2.4,0.004,40,0.45,1.0,0.5118750000000001,0.955625,1.0,0.04437500000000005,True,0.059874061823695146
6-31g_b2.4,6-31g,2.4,0.004,40,0.55,1.0,0.5606249999999999,0.999375,1.0,0.0006249999999999867,True,0.059874061823695146
6-31g_b2.4,6-31g,2.4,0.008,10,0.15,0.9637499999999999,0.24500000000000002,0.008125,0.9681249999999999,0.7187499999999999,True,0.059874061823695146
6-31g_b2.4,6-31g,2.4,0.008,10,0.25,0.9975,0.37625,0.0375,0.9962500000000001,0.6200000000000001,True,0.059874061823695146
6-31g_b2.4,6-31g,2.4,0.008,10,0.35,0.999375,0.44687499999999997,0.339375,0.999375,0.5525,True,0.059874061823695146
6-31g_b2.4,6-31g,2.4,0.008,10,0.45,1.0,0.5118750000000001,0.8125,1.0,0.1875,True,0.059874061823695146
6-31g_b2.4,6-31g,2.4,0.008,10,0.55,1.0,0.5606249999999999,0.9724999999999999,1.0,0.02750000000000008,True,0.059874061823695146
6-31g_b2.4,6-31g,2.4,0.008,20,0.15,0.9637499999999999,0.24500000000000002,0.041249999999999995,0.9693749999999999,0.7187499999999999,True,0.059874061823695146
6-31g_b2.4,6-31g,2.4,0.008,20,0.25,0.9975,0.37625,0.083125,0.99375,0.6175,True,0.059874061823695146
6-31g_b2.4,6-31g,2.4,0.008,20,0.35,0.999375,0.44687499999999997,0.384375,1.0,0.5525,True,0.059874061823695146
6-31g_b2.4,6-31g,2.4,0.008,20,0.45,1.0,0.5118750000000001,0.8362499999999999,1.0,0.16375000000000006,True,0.059874061823695146
6-31g_b2.4,6-31g,2.4,0.008,20,0.55,1.0,0.5606249999999999,0.9812500000000001,1.0,0.018749999999999933,True,0.059874061823695146
6-31g_b2.4,6-31g,2.4,0.008,40,0.15,0.9637499999999999,0.24500000000000002,0.08499999999999999,0.965625,0.7187499999999999,True,0.059874061823695146
6-31g_b2.4,6-31g,2.4,0.008,40,0.25,0.9975,0.37625,0.165,0.988125,0.6118750000000001,True,0.059874061823695146
6-31g_b2.4,6-31g,2.4,0.008,40,0.35,0.999375,0.44687499999999997,0.4668750000000001,0.994375,0.5274999999999999,True,0.059874061823695146
6-31g_b2.4,6-31g,2.4,0.008,40,0.45,1.0,0.5118750000000001,0.8637499999999999,0.995625,0.13187500000000008,True,0.059874061823695146
6-31g_b2.4,6-31g,2.4,0.008,40,0.55,1.0,0.5606249999999999,0.993125,0.99625,0.0031249999999999334,True,0.059874061823695146
6-31g_b2.5,6-31g,2.5,0.0005,10,0.15,1.0,0.24500000000000002,0.0,1.0,0.755,True,0.05831876596844727
6-31g_b2.5,6-31g,2.5,0.0005,10,0.25,1.0,0.37625,0.578125,1.0,0.421875,True,0.05831876596844727
6-31g_b2.5,6-31g,2.5,0.0005,10,0.35,1.0,0.44687499999999997,0.578125,1.0,0.421875,True,0.05831876596844727
6-31g_b2.5,6-31g,2.5,0.0005,10,0.45,1.0,0.5118750000000001,1.0,1.0,0.0,False,0.05831876596844727
6-31g_b2.5,6-31g,2.5,0.0005,10,0.55,1.0,0.5606249999999999,1.0,1.0,0.0,False,0.05831876596844727
6-31g_b2.5,6-31g,2.5,0.0005,20,0.15,1.0,0.24500000000000002,0.0,1.0,0.755,True,0.05831876596844727
6-31g_b2.5,6-31g,2.5,0.0005,20,0.25,1.0,0.37625,0.546875,1.0,0.453125,True,0.05831876596844727
6-31g_b2.5,6-31g,2.5,0.0005,20,0.35,1.0,0.44687499999999997,0.5475,1.0,0.4525,True,0.05831876596844727
6-31g_b2.5,6-31g,2.5,0.0005,20,0.45,1.0,0.5118750000000001,1.0,1.0,0.0,False,0.05831876596844727
6-31g_b2.5,6-31g,2.5,0.0005,20,0.55,1.0,0.5606249999999999,1.0,1.0,0.0,False,0.05831876596844727
6-31g_b2.5,6-31g,2.5,0.0005,40,0.15,1.0,0.24500000000000002,0.0,1.0,0.755,True,0.05831876596844727
6-31g_b2.5,6-31g,2.5,0.0005,40,0.25,1.0,0.37625,0.34375,1.0,0.62375,True,0.05831876596844727
6-31g_b2.5,6-31g,2.5,0.0005,40,0.35,1.0,0.44687499999999997,0.34375,1.0,0.5531250000000001,True,0.05831876596844727
6-31g_b2.5,6-31g,2.5,0.0005,40,0.45,1.0,0.5118750000000001,1.0,1.0,0.0,False,0.05831876596844727
6-31g_b2.5,6-31g,2.5,0.0005,40,0.55,1.0,0.5606249999999999,1.0,1.0,0.0,False,0.05831876596844727
6-31g_b2.5,6-31g,2.5,0.001,10,0.15,1.0,0.24500000000000002,0.0,1.0,0.755,True,0.05831876596844727
6-31g_b2.5,6-31g,2.5,0.001,10,0.25,1.0,0.37625,0.578125,1.0,0.421875,True,0.05831876596844727
6-31g_b2.5,6-31g,2.5,0.001,10,0.35,1.0,0.44687499999999997,0.5975,1.0,0.40249999999999997,True,0.05831876596844727
6-31g_b2.5,6-31g,2.5,0.001,10,0.45,1.0,0.5118750000000001,1.0,1.0,0.0,False,0.05831876596844727
6-31g_b2.5,6-31g,2.5,0.001,10,0.55,1.0,0.5606249999999999,1.0,1.0,0.0,False,0.05831876596844727
6-31g_b2.5,6-31g,2.5,0.001,20,0.15,1.0,0.24500000000000002,0.0,1.0,0.755,True,0.05831876596844727
6-31g_b2.5,6-31g,2.5,0.001,20,0.25,1.0,0.37625,0.546875,1.0,0.453125,True,0.05831876596844727
6-31g_b2.5,6-31g,2.5,0.001,20,0.35,1.0,0.44687499999999997,0.570625,1.0,0.42937499999999995,True,0.05831876596844727
6-31g_b2.5,6-31g,2.5,0.001,20,0.45,1.0,0.5118750000000001,1.0,1.0,0.0,False,0.05831876596844727
6-31g_b2.5,6-31g,2.5,0.001,20,0.55,1.0,0.5606249999999999,1.0,1.0,0.0,False,0.05831876596844727
6-31g_b2.5,6-31g,2.5,0.001,40,0.15,1.0,0.24500000000000002,0.0,1.0,0.755,True,0.05831876596844727
6-31g_b2.5,6-31g,2.5,0.001,40,0.25,1.0,0.37625,0.34375,1.0,0.62375,True,0.05831876596844727
6-31g_b2.5,6-31g,2.5,0.001,40,0.35,1.0,0.44687499999999997,0.388125,1.0,0.5531250000000001,True,0.05831876596844727
6-31g_b2.5,6-31g,2.5,0.001,40,0.45,1.0,0.5118750000000001,1.0,1.0,0.0,False,0.05831876596844727
6-31g_b2.5,6-31g,2.5,0.001,40,0.55,1.0,0.5606249999999999,1.0,1.0,0.0,False,0.05831876596844727
6-31g_b2.5,6-31g,2.5,0.002,10,0.15,1.0,0.24500000000000002,0.03125,1.0,0.755,True,0.05831876596844727
6-31g_b2.5,6-31g,2.5,0.002,10,0.25,1.0,0.37625,0.578125,1.0,0.421875,True,0.05831876596844727
6-31g_b2.5,6-31g,2.5,0.002,10,0.35,1.0,0.44687499999999997,0.6481250000000001,1.0,0.35187499999999994,True,0.05831876596844727
6-31g_b2.5,6-31g,2.5,0.002,10,0.45,1.0,0.5118750000000001,0.9950000000000001,1.0,0.004999999999999893,True,0.05831876596844727
6-31g_b2.5,6-31g,2.5,0.002,10,0.55,1.0,0.5606249999999999,1.0,1.0,0.0,False,0.05831876596844727
6-31g_b2.5,6-31g,2.5,0.002,20,0.15,1.0,0.24500000000000002,0.031875,1.0,0.755,True,0.05831876596844727
6-31g_b2.5,6-31g,2.5,0.002,20,0.25,1.0,0.37625,0.53125,1.0,0.46875,True,0.05831876596844727
6-31g_b2.5,6-31g,2.5,0.002,20,0.35,1.0,0.44687499999999997,0.6225,1.0,0.37749999999999995,True,0.05831876596844727
6-31g_b2.5,6-31g,2.5,0.002,20,0.45,1.0,0.5118750000000001,0.994375,1.0,0.005624999999999991,True,0.05831876596844727
6-31g_b2.5,6-31g,2.5,0.002,20,0.55,1.0,0.5606249999999999,1.0,1.0,0.0,False,0.05831876596844727
6-31g_b2.5,6-31g,2.5,0.002,40,0.15,1.0,0.24500000000000002,0.008125,1.0,0.755,True,0.05831876596844727
6-31g_b2.5,6-31g,2.5,0.002,40,0.25,1.0,0.37625,0.328125,1.0,0.62375,True,0.05831876596844727
6-31g_b2.5,6-31g,2.5,0.002,40,0.35,1.0,0.44687499999999997,0.46125000000000005,1.0,0.53875,True,0.05831876596844727
6-31g_b2.5,6-31g,2.5,0.002,40,0.45,1.0,0.5118750000000001,0.994375,1.0,0.005624999999999991,True,0.05831876596844727
6-31g_b2.5,6-31g,2.5,0.002,40,0.55,1.0,0.5606249999999999,1.0,1.0,0.0,False,0.05831876596844727
6-31g_b2.5,6-31g,2.5,0.004,10,0.15,0.9981249999999999,0.24500000000000002,0.12312500000000001,0.99875,0.7531249999999999,True,0.05831876596844727
6-31g_b2.5,6-31g,2.5,0.004,10,0.25,1.0,0.37625,0.384375,1.0,0.615625,True,0.05831876596844727
6-31g_b2.5,6-31g,2.5,0.004,10,0.35,1.0,0.44687499999999997,0.565,1.0,0.43500000000000005,True,0.05831876596844727
6-31g_b2.5,6-31g,2.5,0.004,10,0.45,1.0,0.5118750000000001,0.96625,1.0,0.03374999999999995,True,0.05831876596844727
6-31g_b2.5,6-31g,2.5,0.004,10,0.55,1.0,0.5606249999999999,0.99875,1.0,0.0012499999999999734,True,0.05831876596844727
6-31g_b2.5,6-31g,2.5,0.004,20,0.15,0.9981249999999999,0.24500000000000002,0.133125,0.99875,0.7531249999999999,True,0.05831876596844727
6-31g_b2.5,6-31g,2.5,0.004,20,0.25,1.0,0.37625,0.40249999999999997,1.0,0.5975,True,0.05831876596844727
6-31g_b2.5,6-31g,2.5,0.004,20,0.35,1.0,0.44687499999999997,0.578125,1.0,0.421875,True,0.05831876596844727
6-31g_b2.5,6-31g,2.5,0.004,20,0.45,1.0,0.5118750000000001,0.965,1.0,0.03500000000000003,True,0.05831876596844727
6-31g_b2.5,6-31g,2.5,0.004,20,0.55,1.0,0.5606249999999999,0.99875,1.0,0.0012499999999999734,True,0.05831876596844727
6-31g_b2.5,6-31g,2.5,0.004,40,0.15,0.9981249999999999,0.24500000000000002,0.078125,0.996875,0.751875,True,0.05831876596844727
6-31g_b2.5,6-31g,2.5,0.004,40,0.25,1.0,0.37625,0.26625,0.99875,0.6225,True,0.05831876596844727
6-31g_b2.5,6-31g,2.5,0.004,40,0.35,1.0,0.44687499999999997,0.49625,0.999375,0.503125,True,0.05831876596844727
6-31g_b2.5,6-31g,2.5,0.004,40,0.45,1.0,0.5118750000000001,0.954375,1.0,0.04562500000000003,True,0.05831876596844727
6-31g_b2.5,6-31g,2.5,0.004,40,0.55,1.0,0.5606249999999999,0.999375,1.0,0.0006249999999999867,True,0.05831876596844727
6-31g_b2.5,6-31g,2.5,0.008,10,0.15,0.9637499999999999,0.24500000000000002,0.041875,0.9681249999999999,0.7187499999999999,True,0.05831876596844727
6-31g_b2.5,6-31g,2.5,0.008,10,0.25,0.9975,0.37625,0.09937499999999999,0.9962500000000001,0.6200000000000001,True,0.05831876596844727
6-31g_b2.5,6-31g,2.5,0.008,10,0.35,0.999375,0.44687499999999997,0.38375000000000004,0.999375,0.5525,True,0.05831876596844727
6-31g_b2.5,6-31g,2.5,0.008,10,0.45,1.0,0.5118750000000001,0.82875,1.0,0.17125,True,0.05831876596844727
6-31g_b2.5,6-31g,2.5,0.008,10,0.55,1.0,0.5606249999999999,0.9762500000000001,1.0,0.023749999999999938,True,0.05831876596844727
6-31g_b2.5,6-31g,2.5,0.008,20,0.15,0.9637499999999999,0.24500000000000002,0.08687500000000001,0.9693749999999999,0.7187499999999999,True,0.05831876596844727
6-31g_b2.5,6-31g,2.5,0.008,20,0.25,0.9975,0.37625,0.15687500000000001,0.99375,0.6175,True,0.05831876596844727
6-31g_b2.5,6-31g,2.5,0.008,20,0.35,0.999375,0.44687499999999997,0.435,1.0,0.5525,True,0.05831876596844727
6-31g_b2.5,6-31g,2.5,0.008,20,0.45,1.0,0.5118750000000001,0.848125,1.0,0.15187499999999998,True,0.05831876596844727
6-31g_b2.5,6-31g,2.5,0.008,20,0.55,1.0,0.5606249999999999,0.984375,1.0,0.015625,True,0.05831876596844727
6-31g_b2.5,6-31g,2.5,0.008,40,0.15,0.9637499999999999,0.24500000000000002,0.08875,0.96625,0.7187499999999999,True,0.05831876596844727
6-31g_b2.5,6-31g,2.5,0.008,40,0.25,0.9975,0.37625,0.17375000000000002,0.989375,0.613125,True,0.05831876596844727
6-31g_b2.5,6-31g,2.5,0.008,40,0.35,0.999375,0.44687499999999997,0.4693750000000001,0.995625,0.5262499999999999,True,0.05831876596844727
6-31g_b2.5,6-31g,2.5,0.008,40,0.45,1.0,0.5118750000000001,0.8637499999999999,0.996875,0.13312500000000005,True,0.05831876596844727
6-31g_b2.5,6-31g,2.5,0.008,40,0.55,1.0,0.5606249999999999,0.993125,0.9975,0.004375000000000018,True,0.05831876596844727
cc-pvdz_b0.7,cc-pvdz,0.7,0.0005,10,0.15,1.0,0.16249999999999998,0.0,1.0,0.8375,True,0.06833326124174868
cc-pvdz_b0.7,cc-pvdz,0.7,0.0005,10,0.25,1.0,0.29374999999999996,0.00375,1.0,0.70625,True,0.06833326124174868
cc-pvdz_b0.7,cc-pvdz,0.7,0.0005,10,0.35,1.0,0.41375,0.81375,1.0,0.18625000000000003,True,0.06833326124174868
cc-pvdz_b0.7,cc-pvdz,0.7,0.0005,10,0.45,1.0,0.515625,0.921875,1.0,0.078125,True,0.06833326124174868
cc-pvdz_b0.7,cc-pvdz,0.7,0.0005,10,0.55,1.0,0.608125,0.921875,1.0,0.078125,True,0.06833326124174868
cc-pvdz_b0.7,cc-pvdz,0.7,0.0005,20,0.15,1.0,0.16249999999999998,0.0,1.0,0.8375,True,0.06833326124174868
cc-pvdz_b0.7,cc-pvdz,0.7,0.0005,20,0.25,1.0,0.29374999999999996,0.000625,1.0,0.70625,True,0.06833326124174868
cc-pvdz_b0.7,cc-pvdz,0.7,0.0005,20,0.35,1.0,0.41375,0.711875,1.0,0.28812499999999996,True,0.06833326124174868
cc-pvdz_b0.7,cc-pvdz,0.7,0.0005,20,0.45,1.0,0.515625,0.796875,1.0,0.203125,True,0.06833326124174868
cc-pvdz_b0.7,cc-pvdz,0.7,0.0005,20,0.55,1.0,0.608125,0.796875,1.0,0.203125,True,0.06833326124174868
cc-pvdz_b0.7,cc-pvdz,0.7,0.0005,40,0.15,1.0,0.16249999999999998,0.0,1.0,0.8375,True,0.06833326124174868
cc-pvdz_b0.7,cc-pvdz,0.7,0.0005,40,0.25,1.0,0.29374999999999996,0.000625,1.0,0.70625,True,0.06833326124174868
cc-pvdz_b0.7,cc-pvdz,0.7,0.0005,40,0.35,1.0,0.41375,0.698125,1.0,0.301875,True,0.06833326124174868
cc-pvdz_b0.7,cc-pvdz,0.7,0.0005,40,0.45,1.0,0.515625,0.78125,1.0,0.21875,True,0.06833326124174868
cc-pvdz_b0.7,cc-pvdz,0.7,0.0005,40,0.55,1.0,0.608125,0.78125,1.0,0.21875,True,0.06833326124174868
cc-pvdz_b0.7,cc-pvdz,0.7,0.001,10,0.15,0.996875,0.16249999999999998,0.0,0.99375,0.83125,True,0.06833326124174868
cc-pvdz_b0.7,cc-pvdz,0.7,0.001,10,0.25,1.0,0.29374999999999996,0.052500000000000005,1.0,0.70625,True,0.06833326124174868
cc-pvdz_b0.7,cc-pvdz,0.7,0.001,10,0.35,1.0,0.41375,0.673125,1.0,0.326875,True,0.06833326124174868
cc-pvdz_b0.7,cc-pvdz,0.7,0.001,10,0.45,1.0,0.515625,0.9137500000000001,1.0,0.08624999999999994,True,0.06833326124174868
cc-pvdz_b0.7,cc-pvdz,0.7,0.001,10,0.55,1.0,0.608125,0.921875,1.0,0.078125,True,0.06833326124174868
cc-pvdz_b0.7,cc-pvdz,0.7,0.001,20,0.15,0.996875,0.16249999999999998,0.0,0.986875,0.824375,True,0.06833326124174868
cc-pvdz_b0.7,cc-pvdz,0.7,0.001,20,0.25,1.0,0.29374999999999996,0.056875,1.0,0.70625,True,0.06833326124174868
cc-pvdz_b0.7,cc-pvdz,0.7,0.001,20,0.35,1.0,0.41375,0.589375,1.0,0.410625,True,0.06833326124174868
cc-pvdz_b0.7,cc-pvdz,0.7,0.001,20,0.45,1.0,0.515625,0.7862500000000001,1.0,0.21374999999999988,True,0.06833326124174868
cc-pvdz_b0.7,cc-pvdz,0.7,0.001,20,0.55,1.0,0.608125,0.796875,1.0,0.203125,True,0.06833326124174868
cc-pvdz_b0.7,cc-pvdz,0.7,0.001,40,0.15,0.996875,0.16249999999999998,0.0,0.984375,0.821875,True,0.06833326124174868
cc-pvdz_b0.7,cc-pvdz,0.7,0.001,40,0.25,1.0,0.29374999999999996,0.05625,1.0,0.70625,True,0.06833326124174868
cc-pvdz_b0.7,cc-pvdz,0.7,0.001,40,0.35,1.0,0.41375,0.5806250000000001,1.0,0.41937499999999994,True,0.06833326124174868
cc-pvdz_b0.7,cc-pvdz,0.7,0.001,40,0.45,1.0,0.515625,0.7725,1.0,0.22750000000000004,True,0.06833326124174868
cc-pvdz_b0.7,cc-pvdz,0.7,0.001,40,0.55,1.0,0.608125,0.78125,1.0,0.21875,True,0.06833326124174868
cc-pvdz_b0.7,cc-pvdz,0.7,0.002,10,0.15,0.924375,0.16249999999999998,0.000625,0.923125,0.760625,True,0.06833326124174868
cc-pvdz_b0.7,cc-pvdz,0.7,0.002,10,0.25,0.994375,0.29374999999999996,0.105,0.9937499999999999,0.7,True,0.06833326124174868
cc-pvdz_b0.7,cc-pvdz,0.7,0.002,10,0.35,1.0,0.41375,0.56125,1.0,0.43875,True,0.06833326124174868
cc-pvdz_b0.7,cc-pvdz,0.7,0.002,10,0.45,1.0,0.515625,0.850625,1.0,0.14937500000000004,True,0.06833326124174868
cc-pvdz_b0.7,cc-pvdz,0.7,0.002,10,0.55,1.0,0.608125,0.916875,1.0,0.083125,True,0.06833326124174868
cc-pvdz_b0.7,cc-pvdz,0.7,0.002,20,0.15,0.924375,0.16249999999999998,0.0025,0.934375,0.761875,True,0.06833326124174868
cc-pvdz_b0.7,cc-pvdz,0.7,0.002,20,0.25,0.994375,0.29374999999999996,0.11625,0.991875,0.698125,True,0.06833326124174868
cc-pvdz_b0.7,cc-pvdz,0.7,0.002,20,0.35,1.0,0.41375,0.520625,1.0,0.479375,True,0.06833326124174868
cc-pvdz_b0.7,cc-pvdz,0.7,0.002,20,0.45,1.0,0.515625,0.746875,1.0,0.25312500000000004,True,0.06833326124174868
cc-pvdz_b0.7,cc-pvdz,0.7,0.002,20,0.55,1.0,0.608125,0.8006249999999999,1.0,0.19937500000000008,True,0.06833326124174868
cc-pvdz_b0.7,cc-pvdz,0.7,0.002,40,0.15,0.924375,0.16249999999999998,0.004375,0.9549999999999998,0.761875,True,0.06833326124174868
cc-pvdz_b0.7,cc-pvdz,0.7,0.002,40,0.25,0.994375,0.29374999999999996,0.12687500000000002,0.993125,0.6993750000000001,True,0.06833326124174868
cc-pvdz_b0.7,cc-pvdz,0.7,0.002,40,0.35,1.0,0.41375,0.53375,1.0,0.46625000000000005,True,0.06833326124174868
cc-pvdz_b0.7,cc-pvdz,0.7,0.002,40,0.45,1.0,0.515625,0.755625,1.0,0.244375,True,0.06833326124174868
cc-pvdz_b0.7,cc-pvdz,0.7,0.002,40,0.55,1.0,0.608125,0.786875,1.0,0.213125,True,0.06833326124174868
cc-pvdz_b0.7,cc-pvdz,0.7,0.004,10,0.15,0.8106249999999999,0.16249999999999998,0.0225,0.8,0.6375000000000001,True,0.06833326124174868
cc-pvdz_b0.7,cc-pvdz,0.7,0.004,10,0.25,0.95,0.29374999999999996,0.1925,0.9524999999999999,0.65625,True,0.06833326124174868
cc-pvdz_b0.7,cc-pvdz,0.7,0.004,10,0.35,0.98375,0.41375,0.50875,0.985,0.475,True,0.06833326124174868
cc-pvdz_b0.7,cc-pvdz,0.7,0.004,10,0.45,0.990625,0.515625,0.7625,0.99375,0.22812500000000002,True,0.06833326124174868
cc-pvdz_b0.7,cc-pvdz,0.7,0.004,10,0.55,0.996875,0.608125,0.899375,0.99875,0.09749999999999992,True,0.06833326124174868
cc-pvdz_b0.7,cc-pvdz,0.7,0.004,20,0.15,0.8106249999999999,0.16249999999999998,0.023125,0.8137499999999999,0.648125,True,0.06833326124174868
cc-pvdz_b0.7,cc-pvdz,0.7,0.004,20,0.25,0.95,0.29374999999999996,0.184375,0.9612499999999999,0.65625,True,0.06833326124174868
cc-pvdz_b0.7,cc-pvdz,0.7,0.004,20,0.35,0.98375,0.41375,0.46499999999999997,0.986875,0.51875,True,0.06833326124174868
cc-pvdz_b0.7,cc-pvdz,0.7,0.004,20,0.45,0.990625,0.515625,0.681875,0.991875,0.30874999999999997,True,0.06833326124174868
cc-pvdz_b0.7,cc-pvdz,0.7,0.004,20,0.55,0.996875,0.608125,0.81125,0.999375,0.18562499999999993,True,0.06833326124174868
cc-pvdz_b0.7,cc-pvdz,0.7,0.004,40,0.15,0.8106249999999999,0.16249999999999998,0.023125,0.8106249999999999,0.648125,True,0.06833326124174868
cc-pvdz_b0.7,cc-pvdz,0.7,0.004,40,0.25,0.95,0.29374999999999996,0.17500000000000002,0.95625,0.65625,True,0.06833326124174868
cc-pvdz_b0.7,cc-pvdz,0.7,0.004,40,0.35,0.98375,0.41375,0.455625,0.984375,0.528125,True,0.06833326124174868
cc-pvdz_b0.7,cc-pvdz,0.7,0.004,40,0.45,0.990625,0.515625,0.67,0.99375,0.32062499999999994,True,0.06833326124174868
cc-pvdz_b0.7,cc-pvdz,0.7,0.004,40,0.55,0.996875,0.608125,0.81,1.0,0.1868749999999999,True,0.06833326124174868
cc-pvdz_b0.7,cc-pvdz,0.7,0.008,10,0.15,0.6262500000000001,0.16249999999999998,0.058750000000000004,0.62125,0.45875,True,0.06833326124174868
cc-pvdz_b0.7,cc-pvdz,0.7,0.008,10,0.25,0.8474999999999999,0.29374999999999996,0.200625,0.82375,0.53,True,0.06833326124174868
cc-pvdz_b0.7,cc-pvdz,0.7,0.008,10,0.35,0.9199999999999999,0.41375,0.41625,0.905,0.48875,True,0.06833326124174868
cc-pvdz_b0.7,cc-pvdz,0.7,0.008,10,0.45,0.954375,0.515625,0.639375,0.9450000000000001,0.30562500000000004,True,0.06833326124174868
cc-pvdz_b0.7,cc-pvdz,0.7,0.008,10,0.55,0.975,0.608125,0.8049999999999999,0.964375,0.15937500000000004,True,0.06833326124174868
cc-pvdz_b0.7,cc-pvdz,0.7,0.008,20,0.15,0.6262500000000001,0.16249999999999998,0.060000000000000005,0.6,0.4375,True,0.06833326124174868
cc-pvdz_b0.7,cc-pvdz,0.7,0.008,20,0.25,0.8474999999999999,0.29374999999999996,0.1875,0.813125,0.519375,True,0.06833326124174868
cc-pvdz_b0.7,cc-pvdz,0.7,0.008,20,0.35,0.9199999999999999,0.41375,0.35875,0.905,0.49125,True,0.06833326124174868
cc-pvdz_b0.7,cc-pvdz,0.7,0.008,20,0.45,0.954375,0.515625,0.535,0.94375,0.40874999999999995,True,0.06833326124174868
cc-pvdz_b0.7,cc-pvdz,0.7,0.008,20,0.55,0.975,0.608125,0.70875,0.961875,0.25312500000000004,True,0.06833326124174868
cc-pvdz_b0.7,cc-pvdz,0.7,0.008,40,0.15,0.6262500000000001,0.16249999999999998,0.06125,0.594375,0.431875,True,0.06833326124174868
cc-pvdz_b0.7,cc-pvdz,0.7,0.008,40,0.25,0.8474999999999999,0.29374999999999996,0.215,0.81875,0.525,True,0.06833326124174868
cc-pvdz_b0.7,cc-pvdz,0.7,0.008,40,0.35,0.9199999999999999,0.41375,0.39625,0.9199999999999999,0.5062499999999999,True,0.06833326124174868
cc-pvdz_b0.7,cc-pvdz,0.7,0.008,40,0.45,0.954375,0.515625,0.5543750000000001,0.9524999999999999,0.39812499999999984,True,0.06833326124174868
cc-pvdz_b0.7,cc-pvdz,0.7,0.008,40,0.55,0.975,0.608125,0.726875,0.97,0.24312499999999992,True,0.06833326124174868
cc-pvdz_b0.8,cc-pvdz,0.8,0.0005,10,0.15,1.0,0.173125,0.0,1.0,0.826875,True,0.10369592892427598
cc-pvdz_b0.8,cc-pvdz,0.8,0.0005,10,0.25,1.0,0.29312499999999997,0.3225,1.0,0.6775,True,0.10369592892427598
cc-pvdz_b0.8,cc-pvdz,0.8,0.0005,10,0.35,1.0,0.395,0.98,1.0,0.020000000000000018,True,0.10369592892427598
cc-pvdz_b0.8,cc-pvdz,0.8,0.0005,10,0.45,1.0,0.494375,0.984375,1.0,0.015625,True,0.10369592892427598
cc-pvdz_b0.8,cc-pvdz,0.8,0.0005,10,0.55,1.0,0.59125,0.984375,1.0,0.015625,True,0.10369592892427598
cc-pvdz_b0.8,cc-pvdz,0.8,0.0005,20,0.15,1.0,0.173125,0.0,1.0,0.826875,True,0.10369592892427598
cc-pvdz_b0.8,cc-pvdz,0.8,0.0005,20,0.25,1.0,0.29312499999999997,0.29375,1.0,0.70625,True,0.10369592892427598
cc-pvdz_b0.8,cc-pvdz,0.8,0.0005,20,0.35,1.0,0.395,0.854375,1.0,0.145625,True,0.10369592892427598
cc-pvdz_b0.8,cc-pvdz,0.8,0.0005,20,0.45,1.0,0.494375,0.859375,1.0,0.140625,True,0.10369592892427598
cc-pvdz_b0.8,cc-pvdz,0.8,0.0005,20,0.55,1.0,0.59125,0.859375,1.0,0.140625,True,0.10369592892427598
cc-pvdz_b0.8,cc-pvdz,0.8,0.0005,40,0.15,1.0,0.173125,0.0,1.0,0.826875,True,0.10369592892427598
cc-pvdz_b0.8,cc-pvdz,0.8,0.0005,40,0.25,1.0,0.29312499999999997,0.28,1.0,0.706875,True,0.10369592892427598
cc-pvdz_b0.8,cc-pvdz,0.8,0.0005,40,0.35,1.0,0.395,0.7931250000000001,1.0,0.20687499999999992,True,0.10369592892427598
cc-pvdz_b0.8,cc-pvdz,0.8,0.0005,40,0.45,1.0,0.494375,0.796875,1.0,0.203125,True,0.10369592892427598
cc-pvdz_b0.8,cc-pvdz,0.8,0.0005,40,0.55,1.0,0.59125,0.796875,1.0,0.203125,True,0.10369592892427598
cc-pvdz_b0.8,cc-pvdz,0.8,0.001,10,0.15,0.995,0.173125,0.009375,0.989375,0.81625,True,0.10369592892427598
cc-pvdz_b0.8,cc-pvdz,0.8,0.001,10,0.25,1.0,0.29312499999999997,0.395,1.0,0.605,True,0.10369592892427598
cc-pvdz_b0.8,cc-pvdz,0.8,0.001,10,0.35,1.0,0.395,0.939375,1.0,0.06062500000000004,True,0.10369592892427598
cc-pvdz_b0.8,cc-pvdz,0.8,0.001,10,0.45,1.0,0.494375,0.983125,1.0,0.016874999999999973,True,0.10369592892427598
cc-pvdz_b0.8,cc-pvdz,0.8,0.001,10,0.55,1.0,0.59125,0.984375,1.0,0.015625,True,0.10369592892427598
cc-pvdz_b0.8,cc-pvdz,0.8,0.001,20,0.15,0.995,0.173125,0.008749999999999999,0.989375,0.81625,True,0.10369592892427598
cc-pvdz_b0.8,cc-pvdz,0.8,0.001,20,0.25,1.0,0.29312499999999997,0.35,1.0,0.65,True,0.10369592892427598
cc-pvdz_b0.8,cc-pvdz,0.8,0.001,20,0.35,1.0,0.395,0.818125,1.0,0.181875,True,0.10369592892427598
cc-pvdz_b0.8,cc-pvdz,0.8,0.001,20,0.45,1.0,0.494375,0.858125,1.0,0.14187499999999997,True,0.10369592892427598
cc-pvdz_b0.8,cc-pvdz,0.8,0.001,20,0.55,1.0,0.59125,0.859375,1.0,0.140625,True,0.10369592892427598
cc-pvdz_b0.8,cc-pvdz,0.8,0.001,40,0.15,0.995,0.173125,0.011875,0.9875,0.8143750000000001,True,0.10369592892427598
cc-pvdz_b0.8,cc-pvdz,0.8,0.001,40,0.25,1.0,0.29312499999999997,0.3325,1.0,0.6675,True,0.10369592892427598
cc-pvdz_b0.8,cc-pvdz,0.8,0.001,40,0.35,1.0,0.395,0.75625,1.0,0.24375000000000002,True,0.10369592892427598
cc-pvdz_b0.8,cc-pvdz,0.8,0.001,40,0.45,1.0,0.494375,0.796875,1.0,0.203125,True,0.10369592892427598
cc-pvdz_b0.8,cc-pvdz,0.8,0.001,40,0.55,1.0,0.59125,0.796875,1.0,0.203125,True,0.10369592892427598
cc-pvdz_b0.8,cc-pvdz,0.8,0.002,10,0.15,0.9475,0.173125,0.034375,0.945,0.771875,True,0.10369592892427598
cc-pvdz_b0.8,cc-pvdz,0.8,0.002,10,0.25,0.9981249999999999,0.29312499999999997,0.39999999999999997,0.9981249999999999,0.598125,True,0.10369592892427598
cc-pvdz_b0.8,cc-pvdz,0.8,0.002,10,0.35,0.999375,0.395,0.8181249999999999,0.999375,0.18125000000000013,True,0.10369592892427598
cc-pvdz_b0.8,cc-pvdz,0.8,0.002,10,0.45,1.0,0.494375,0.964375,1.0,0.03562500000000002,True,0.10369592892427598
cc-pvdz_b0.8,cc-pvdz,0.8,0.002,10,0.55,1.0,0.59125,0.9824999999999999,1.0,0.01750000000000007,True,0.10369592892427598
cc-pvdz_b0.8,cc-pvdz,0.8,0.002,20,0.15,0.9475,0.173125,0.03875,0.9381249999999999,0.7649999999999999,True,0.10369592892427598
cc-pvdz_b0.8,cc-pvdz,0.8,0.002,20,0.25,0.9981249999999999,0.29312499999999997,0.365625,1.0,0.6325,True,0.10369592892427598
cc-pvdz_b0.8,cc-pvdz,0.8,0.002,20,0.35,0.999375,0.395,0.7399999999999999,1.0,0.25937500000000013,True,0.10369592892427598
cc-pvdz_b0.8,cc-pvdz,0.8,0.002,20,0.45,1.0,0.494375,0.849375,1.0,0.150625,True,0.10369592892427598
cc-pvdz_b0.8,cc-pvdz,0.8,0.002,20,0.55,1.0,0.59125,0.859375,1.0,0.140625,True,0.10369592892427598
cc-pvdz_b0.8,cc-pvdz,0.8,0.002,40,0.15,0.9475,0.173125,0.055625,0.924375,0.75125,True,0.10369592892427598
cc-pvdz_b0.8,cc-pvdz,0.8,0.002,40,0.25,0.9981249999999999,0.29312499999999997,0.36875,0.99875,0.6293749999999999,True,0.10369592892427598
cc-pvdz_b0.8,cc-pvdz,0.8,0.002,40,0.35,0.999375,0.395,0.6950000000000001,1.0,0.30437499999999995,True,0.10369592892427598
cc-pvdz_b0.8,cc-pvdz,0.8,0.002,40,0.45,1.0,0.494375,0.788125,1.0,0.21187500000000004,True,0.10369592892427598
cc-pvdz_b0.8,cc-pvdz,0.8,0.002,40,0.55,1.0,0.59125,0.795625,1.0,0.20437499999999997,True,0.10369592892427598
cc-pvdz_b0.8,cc-pvdz,0.8,0.004,10,0.15,0.7825,0.173125,0.10125,0.78375,0.609375,True,0.10369592892427598
cc-pvdz_b0.8,cc-pvdz,0.8,0.004,10,0.25,0.955625,0.29312499999999997,0.386875,0.9531249999999999,0.5662499999999999,True,0.10369592892427598
cc-pvdz_b0.8,cc-pvdz,0.8,0.004,10,0.35,0.986875,0.395,0.70875,0.984375,0.275625,True,0.10369592892427598
cc-pvdz_b0.8,cc-pvdz,0.8,0.004,10,0.45,0.9975,0.494375,0.886875,0.99375,0.10687500000000005,True,0.10369592892427598
cc-pvdz_b0.8,cc-pvdz,0.8,0.004,10,0.55,1.0,0.59125,0.955625,0.99625,0.04062500000000002,True,0.10369592892427598
cc-pvdz_b0.8,cc-pvdz,0.8,0.004,20,0.15,0.7825,0.173125,0.1,0.793125,0.609375,True,0.10369592892427598
cc-pvdz_b0.8,cc-pvdz,0.8,0.004,20,0.25,0.955625,0.29312499999999997,0.35750000000000004,0.9606250000000001,0.5981249999999999,True,0.10369592892427598
cc-pvdz_b0.8,cc-pvdz,0.8,0.004,20,0.35,0.986875,0.395,0.629375,0.986875,0.35749999999999993,True,0.10369592892427598
cc-pvdz_b0.8,cc-pvdz,0.8,0.004,20,0.45,0.9975,0.494375,0.7849999999999999,0.99,0.20500000000000007,True,0.10369592892427598
cc-pvdz_b0.8,cc-pvdz,0.8,0.004,20,0.55,1.0,0.59125,0.8418749999999999,0.9924999999999999,0.150625,True,0.10369592892427598
cc-pvdz_b0.8,cc-pvdz,0.8,0.004,40,0.15,0.7825,0.173125,0.1075,0.766875,0.59375,True,0.10369592892427598
cc-pvdz_b0.8,cc-pvdz,0.8,0.004,40,0.25,0.955625,0.29312499999999997,0.35000000000000003,0.956875,0.6056249999999999,True,0.10369592892427598
cc-pvdz_b0.8,cc-pvdz,0.8,0.004,40,0.35,0.986875,0.395,0.59,0.9875,0.396875,True,0.10369592892427598
cc-pvdz_b0.8,cc-pvdz,0.8,0.004,40,0.45,0.9975,0.494375,0.721875,0.99,0.26812499999999995,True,0.10369592892427598
cc-pvdz_b0.8,cc-pvdz,0.8,0.004,40,0.55,1.0,0.59125,0.78375,0.9918750000000001,0.20812500000000012,True,0.10369592892427598
cc-pvdz_b0.8,cc-pvdz,0.8,0.008,10,0.15,0.595625,0.173125,0.16312500000000002,0.605,0.4225,True,0.10369592892427598
cc-pvdz_b0.8,cc-pvdz,0.8,0.008,10,0.25,0.835,0.29312499999999997,0.37,0.834375,0.464375,True,0.10369592892427598
cc-pvdz_b0.8,cc-pvdz,0.8,0.008,10,0.35,0.9406249999999999,0.395,0.5787500000000001,0.9337500000000001,0.355,True,0.10369592892427598
cc-pvdz_b0.8,cc-pvdz,0.8,0.008,10,0.45,0.97125,0.494375,0.74875,0.961875,0.213125,True,0.10369592892427598
cc-pvdz_b0.8,cc-pvdz,0.8,0.008,10,0.55,0.9818749999999999,0.59125,0.850625,0.9750000000000001,0.12437500000000012,True,0.10369592892427598
cc-pvdz_b0.8,cc-pvdz,0.8,0.008,20,0.15,0.595625,0.173125,0.15937500000000002,0.588125,0.41500000000000004,True,0.10369592892427598
cc-pvdz_b0.8,cc-pvdz,0.8,0.008,20,0.25,0.835,0.29312499999999997,0.344375,0.8325,0.48812500000000003,True,0.10369592892427598
cc-pvdz_b0.8,cc-pvdz,0.8,0.008,20,0.35,0.9406249999999999,0.395,0.53,0.9256249999999999,0.3956249999999999,True,0.10369592892427598
cc-pvdz_b0.8,cc-pvdz,0.8,0.008,20,0.45,0.97125,0.494375,0.6775,0.9506249999999999,0.27312499999999995,True,0.10369592892427598
cc-pvdz_b0.8,cc-pvdz,0.8,0.008,20,0.55,0.9818749999999999,0.59125,0.766875,0.9650000000000001,0.1981250000000001,True,0.10369592892427598
cc-pvdz_b0.8,cc-pvdz,0.8,0.008,40,0.15,0.595625,0.173125,0.1825,0.55375,0.37124999999999997,True,0.10369592892427598
cc-pvdz_b0.8,cc-pvdz,0.8,0.008,40,0.25,0.835,0.29312499999999997,0.365,0.814375,0.44937499999999997,True,0.10369592892427598
cc-pvdz_b0.8,cc-pvdz,0.8,0.008,40,0.35,0.9406249999999999,0.395,0.5325,0.9299999999999999,0.39749999999999996,True,0.10369592892427598
cc-pvdz_b0.8,cc-pvdz,0.8,0.008,40,0.45,0.97125,0.494375,0.643125,0.965625,0.3225,True,0.10369592892427598
cc-pvdz_b0.8,cc-pvdz,0.8,0.008,40,0.55,0.9818749999999999,0.59125,0.720625,0.9824999999999999,0.26125,True,0.10369592892427598
cc-pvdz_b0.9,cc-pvdz,0.9,0.0005,10,0.15,1.0,0.173125,0.0,1.0,0.826875,True,0.20128268293577636
cc-pvdz_b0.9,cc-pvdz,0.9,0.0005,10,0.25,1.0,0.29312499999999997,0.029375,1.0,0.706875,True,0.20128268293577636
cc-pvdz_b0.9,cc-pvdz,0.9,0.0005,10,0.35,1.0,0.395,0.795625,1.0,0.20437499999999997,True,0.20128268293577636
cc-pvdz_b0.9,cc-pvdz,0.9,0.0005,10,0.45,1.0,0.494375,0.984375,1.0,0.015625,True,0.20128268293577636
cc-pvdz_b0.9,cc-pvdz,0.9,0.0005,10,0.55,1.0,0.59125,0.984375,1.0,0.015625,True,0.20128268293577636
cc-pvdz_b0.9,cc-pvdz,0.9,0.0005,20,0.15,1.0,0.173125,0.0,0.859375,0.68625,True,0.20128268293577636
cc-pvdz_b0.9,cc-pvdz,0.9,0.0005,20,0.25,1.0,0.29312499999999997,0.028125,0.859375,0.56625,True,0.20128268293577636
cc-pvdz_b0.9,cc-pvdz,0.9,0.0005,20,0.35,1.0,0.395,0.6487499999999999,0.859375,0.21062500000000006,True,0.20128268293577636
cc-pvdz_b0.9,cc-pvdz,0.9,0.0005,20,0.45,1.0,0.494375,0.859375,0.859375,0.0,False,0.20128268293577636
cc-pvdz_b0.9,cc-pvdz,0.9,0.0005,20,0.55,1.0,0.59125,0.859375,0.859375,0.0,False,0.20128268293577636
cc-pvdz_b0.9,cc-pvdz,0.9,0.0005,40,0.15,1.0,0.173125,0.0,0.859375,0.68625,True,0.20128268293577636
cc-pvdz_b0.9,cc-pvdz,0.9,0.0005,40,0.25,1.0,0.29312499999999997,0.03875000000000001,0.859375,0.56625,True,0.20128268293577636
cc-pvdz_b0.9,cc-pvdz,0.9,0.0005,40,0.35,1.0,0.395,0.639375,0.859375,0.21999999999999997,True,0.20128268293577636
cc-pvdz_b0.9,cc-pvdz,0.9,0.0005,40,0.45,1.0,0.494375,0.796875,0.859375,0.0625,True,0.20128268293577636
cc-pvdz_b0.9,cc-pvdz,0.9,0.0005,40,0.55,1.0,0.59125,0.796875,0.859375,0.0625,True,0.20128268293577636
cc-pvdz_b0.9,cc-pvdz,0.9,0.001,10,0.15,0.99625,0.173125,0.0,0.9924999999999999,0.819375,True,0.20128268293577636
cc-pvdz_b0.9,cc-pvdz,0.9,0.001,10,0.25,1.0,0.29312499999999997,0.12375000000000001,1.0,0.706875,True,0.20128268293577636
cc-pvdz_b0.9,cc-pvdz,0.9,0.001,10,0.35,1.0,0.395,0.7012499999999999,1.0,0.29875000000000007,True,0.20128268293577636
cc-pvdz_b0.9,cc-pvdz,0.9,0.001,10,0.45,1.0,0.494375,0.98125,1.0,0.018750000000000044,True,0.20128268293577636
cc-pvdz_b0.9,cc-pvdz,0.9,0.001,10,0.55,1.0,0.59125,0.984375,1.0,0.015625,True,0.20128268293577636
cc-pvdz_b0.9,cc-pvdz,0.9,0.001,20,0.15,0.99625,0.173125,0.0,0.8525,0.6793750000000001,True,0.20128268293577636
cc-pvdz_b0.9,cc-pvdz,0.9,0.001,20,0.25,1.0,0.29312499999999997,0.10125,0.859375,0.56625,True,0.20128268293577636
cc-pvdz_b0.9,cc-pvdz,0.9,0.001,20,0.35,1.0,0.395,0.6024999999999999,0.859375,0.2568750000000001,True,0.20128268293577636
cc-pvdz_b0.9,cc-pvdz,0.9,0.001,20,0.45,1.0,0.494375,0.856875,0.859375,0.0024999999999999467,True,0.20128268293577636
cc-pvdz_b0.9,cc-pvdz,0.9,0.001,20,0.55,1.0,0.59125,0.859375,0.859375,0.0,False,0.20128268293577636
cc-pvdz_b0.9,cc-pvdz,0.9,0.001,40,0.15,0.99625,0.173125,0.009375000000000001,0.8512500000000001,0.6781250000000001,True,0.20128268293577636
cc-pvdz_b0.9,cc-pvdz,0.9,0.001,40,0.25,1.0,0.29312499999999997,0.12250000000000001,0.859375,0.56625,True,0.20128268293577636
cc-pvdz_b0.9,cc-pvdz,0.9,0.001,40,0.35,1.0,0.395,0.58875,0.859375,0.270625,True,0.20128268293577636
cc-pvdz_b0.9,cc-pvdz,0.9,0.001,40,0.45,1.0,0.494375,0.79625,0.859375,0.06312499999999999,True,0.20128268293577636
cc-pvdz_b0.9,cc-pvdz,0.9,0.001,40,0.55,1.0,0.59125,0.796875,0.859375,0.0625,True,0.20128268293577636
cc-pvdz_b0.9,cc-pvdz,0.9,0.002,10,0.15,0.9225,0.173125,0.013750000000000002,0.9324999999999999,0.749375,True,0.20128268293577636
cc-pvdz_b0.9,cc-pvdz,0.9,0.002,10,0.25,0.9918750000000001,0.29312499999999997,0.213125,0.99125,0.698125,True,0.20128268293577636
cc-pvdz_b0.9,cc-pvdz,0.9,0.002,10,0.35,0.9981249999999999,0.395,0.638125,0.9981249999999999,0.3599999999999999,True,0.20128268293577636
cc-pvdz_b0.9,cc-pvdz,0.9,0.002,10,0.45,0.999375,0.494375,0.9312499999999999,0.999375,0.0681250000000001,True,0.20128268293577636
cc-pvdz_b0.9,cc-pvdz,0.9,0.002,10,0.55,1.0,0.59125,0.9775,1.0,0.022499999999999964,True,0.20128268293577636
cc-pvdz_b0.9,cc-pvdz,0.9,0.002,20,0.15,0.9225,0.173125,0.016875,0.891875,0.71875,True,0.20128268293577636
cc-pvdz_b0.9,cc-pvdz,0.9,0.002,20,0.25,0.9918750000000001,0.29312499999999997,0.195625,0.938125,0.645,True,0.20128268293577636
cc-pvdz_b0.9,cc-pvdz,0.9,0.002,20,0.35,0.9981249999999999,0.395,0.5718749999999999,0.944375,0.37250000000000005,True,0.20128268293577636
cc-pvdz_b0.9,cc-pvdz,0.9,0.002,20,0.45,0.999375,0.494375,0.8218749999999999,0.948125,0.12625000000000008,True,0.20128268293577636
cc-pvdz_b0.9,cc-pvdz,0.9,0.002,20,0.55,1.0,0.59125,0.8512500000000001,0.95,0.0987499999999999,True,0.20128268293577636
cc-pvdz_b0.9,cc-pvdz,0.9,0.002,40,0.15,0.9225,0.173125,0.0175,0.8043750000000001,0.6312500000000001,True,0.20128268293577636
cc-pvdz_b0.9,cc-pvdz,0.9,0.002,40,0.25,0.9918750000000001,0.29312499999999997,0.179375,0.8631249999999999,0.57,True,0.20128268293577636
cc-pvdz_b0.9,cc-pvdz,0.9,0.002,40,0.35,0.9981249999999999,0.395,0.5287499999999999,0.8724999999999999,0.34375,True,0.20128268293577636
cc-pvdz_b0.9,cc-pvdz,0.9,0.002,40,0.45,0.999375,0.494375,0.765,0.878125,0.11312500000000003,True,0.20128268293577636
cc-pvdz_b0.9,cc-pvdz,0.9,0.002,40,0.55,1.0,0.59125,0.788125,0.8825,0.09437499999999999,True,0.20128268293577636
cc-pvdz_b0.9,cc-pvdz,0.9,0.004,10,0.15,0.7475,0.173125,0.048125,0.7599999999999999,0.5743750000000001,True,0.20128268293577636
cc-pvdz_b0.9,cc-pvdz,0.9,0.004,10,0.25,0.9256249999999999,0.29312499999999997,0.240625,0.9275,0.6325,True,0.20128268293577636
cc-pvdz_b0.9,cc-pvdz,0.9,0.004,10,0.35,0.973125,0.395,0.551875,0.971875,0.42000000000000004,True,0.20128268293577636
cc-pvdz_b0.9,cc-pvdz,0.9,0.004,10,0.45,0.9875,0.494375,0.793125,0.985,0.19187500000000002,True,0.20128268293577636
cc-pvdz_b0.9,cc-pvdz,0.9,0.004,10,0.55,0.995,0.59125,0.9137499999999998,0.990625,0.07687500000000014,True,0.20128268293577636
cc-pvdz_b0.9,cc-pvdz,0.9,0.004,20,0.15,0.7475,0.173125,0.051250000000000004,0.774375,0.5743750000000001,True,0.20128268293577636
cc-pvdz_b0.9,cc-pvdz,0.9,0.004,20,0.25,0.9256249999999999,0.29312499999999997,0.24625,0.940625,0.6325,True,0.20128268293577636
cc-pvdz_b0.9,cc-pvdz,0.9,0.004,20,0.35,0.973125,0.395,0.5125,0.9775,0.46062500000000006,True,0.20128268293577636
cc-pvdz_b0.9,cc-pvdz,0.9,0.004,20,0.45,0.9875,0.494375,0.7237499999999999,0.985625,0.2618750000000001,True,0.20128268293577636
cc-pvdz_b0.9,cc-pvdz,0.9,0.004,20,0.55,0.995,0.59125,0.826875,0.9881249999999999,0.1612499999999999,True,0.20128268293577636
cc-pvdz_b0.9,cc-pvdz,0.9,0.004,40,0.15,0.7475,0.173125,0.046875,0.76125,0.5743750000000001,True,0.20128268293577636
cc-pvdz_b0.9,cc-pvdz,0.9,0.004,40,0.25,0.9256249999999999,0.29312499999999997,0.23249999999999998,0.94625,0.6325,True,0.20128268293577636
cc-pvdz_b0.9,cc-pvdz,0.9,0.004,40,0.35,0.973125,0.395,0.474375,0.988125,0.49875,True,0.20128268293577636
cc-pvdz_b0.9,cc-pvdz,0.9,0.004,40,0.45,0.9875,0.494375,0.6699999999999999,0.995625,0.3175000000000001,True,0.20128268293577636
cc-pvdz_b0.9,cc-pvdz,0.9,0.004,40,0.55,0.995,0.59125,0.76125,0.99625,0.23375,True,0.20128268293577636
cc-pvdz_b0.9,cc-pvdz,0.9,0.008,10,0.15,0.585,0.173125,0.10375000000000001,0.565625,0.39250000000000007,True,0.20128268293577636
cc-pvdz_b0.9,cc-pvdz,0.9,0.008,10,0.25,0.7937500000000001,0.29312499999999997,0.27875000000000005,0.7875,0.494375,True,0.20128268293577636
cc-pvdz_b0.9,cc-pvdz,0.9,0.008,10,0.35,0.88625,0.395,0.483125,0.8775,0.3943749999999999,True,0.20128268293577636
cc-pvdz_b0.9,cc-pvdz,0.9,0.008,10,0.45,0.9356249999999999,0.494375,0.6825000000000001,0.921875,0.2393749999999999,True,0.20128268293577636
cc-pvdz_b0.9,cc-pvdz,0.9,0.008,10,0.55,0.960625,0.59125,0.8075,0.949375,0.14187499999999997,True,0.20128268293577636
cc-pvdz_b0.9,cc-pvdz,0.9,0.008,20,0.15,0.585,0.173125,0.08875000000000001,0.539375,0.3662500000000001,True,0.20128268293577636
cc-pvdz_b0.9,cc-pvdz,0.9,0.008,20,0.25,0.7937500000000001,0.29312499999999997,0.2275,0.7737499999999999,0.48062499999999997,True,0.20128268293577636
cc-pvdz_b0.9,cc-pvdz,0.9,0.008,20,0.35,0.88625,0.395,0.38875000000000004,0.87625,0.48124999999999996,True,0.20128268293577636
cc-pvdz_b0.9,cc-pvdz,0.9,0.008,20,0.45,0.9356249999999999,0.494375,0.5599999999999999,0.9225,0.36250000000000004,True,0.20128268293577636
cc-pvdz_b0.9,cc-pvdz,0.9,0.008,20,0.55,0.960625,0.59125,0.694375,0.948125,0.25375000000000003,True,0.20128268293577636
cc-pvdz_b0.9,cc-pvdz,0.9,0.008,40,0.15,0.585,0.173125,0.10875000000000001,0.535,0.36187500000000006,True,0.20128268293577636
cc-pvdz_b0.9,cc-pvdz,0.9,0.008,40,0.25,0.7937500000000001,0.29312499999999997,0.241875,0.7662499999999999,0.4731249999999999,True,0.20128268293577636
cc-pvdz_b0.9,cc-pvdz,0.9,0.008,40,0.35,0.88625,0.395,0.380625,0.88625,0.49124999999999996,True,0.20128268293577636
cc-pvdz_b0.9,cc-pvdz,0.9,0.008,40,0.45,0.9356249999999999,0.494375,0.5125,0.93125,0.41875000000000007,True,0.20128268293577636
cc-pvdz_b0.9,cc-pvdz,0.9,0.008,40,0.55,0.960625,0.59125,0.62375,0.95375,0.32999999999999996,True,0.20128268293577636
cc-pvdz_b1.0,cc-pvdz,1.0,0.0005,10,0.15,0.998125,0.173125,0.0,0.98125,0.808125,True,0.06275863153639964
cc-pvdz_b1.0,cc-pvdz,1.0,0.0005,10,0.25,1.0,0.29312499999999997,0.0,0.984375,0.69125,True,0.06275863153639964
cc-pvdz_b1.0,cc-pvdz,1.0,0.0005,10,0.35,1.0,0.395,0.344375,0.984375,0.589375,True,0.06275863153639964
cc-pvdz_b1.0,cc-pvdz,1.0,0.0005,10,0.45,1.0,0.494375,0.693125,0.984375,0.29125,True,0.06275863153639964
cc-pvdz_b1.0,cc-pvdz,1.0,0.0005,10,0.55,1.0,0.59125,0.920625,0.984375,0.06374999999999997,True,0.06275863153639964
cc-pvdz_b1.0,cc-pvdz,1.0,0.0005,20,0.15,0.998125,0.173125,0.0,0.856875,0.6837500000000001,True,0.06275863153639964
cc-pvdz_b1.0,cc-pvdz,1.0,0.0005,20,0.25,1.0,0.29312499999999997,0.0,0.859375,0.56625,True,0.06275863153639964
cc-pvdz_b1.0,cc-pvdz,1.0,0.0005,20,0.35,1.0,0.395,0.281875,0.859375,0.464375,True,0.06275863153639964
cc-pvdz_b1.0,cc-pvdz,1.0,0.0005,20,0.45,1.0,0.494375,0.5943750000000001,0.859375,0.2649999999999999,True,0.06275863153639964
cc-pvdz_b1.0,cc-pvdz,1.0,0.0005,20,0.55,1.0,0.59125,0.795625,0.859375,0.06374999999999997,True,0.06275863153639964
cc-pvdz_b1.0,cc-pvdz,1.0,0.0005,40,0.15,0.998125,0.173125,0.0,0.795,0.6218750000000001,True,0.06275863153639964
cc-pvdz_b1.0,cc-pvdz,1.0,0.0005,40,0.25,1.0,0.29312499999999997,0.0,0.796875,0.50375,True,0.06275863153639964
cc-pvdz_b1.0,cc-pvdz,1.0,0.0005,40,0.35,1.0,0.395,0.21875,0.796875,0.401875,True,0.06275863153639964
cc-pvdz_b1.0,cc-pvdz,1.0,0.0005,40,0.45,1.0,0.494375,0.570625,0.796875,0.22624999999999995,True,0.06275863153639964
cc-pvdz_b1.0,cc-pvdz,1.0,0.0005,40,0.55,1.0,0.59125,0.779375,0.796875,0.01749999999999996,True,0.06275863153639964
cc-pvdz_b1.0,cc-pvdz,1.0,0.001,10,0.15,0.95875,0.173125,0.0,0.9368749999999999,0.7637499999999999,True,0.06275863153639964
cc-pvdz_b1.0,cc-pvdz,1.0,0.001,10,0.25,0.99875,0.29312499999999997,0.003125,0.983125,0.6900000000000001,True,0.06275863153639964
cc-pvdz_b1.0,cc-pvdz,1.0,0.001,10,0.35,1.0,0.395,0.36500000000000005,0.984375,0.589375,True,0.06275863153639964
cc-pvdz_b1.0,cc-pvdz,1.0,0.001,10,0.45,1.0,0.494375,0.6281249999999999,0.984375,0.35625000000000007,True,0.06275863153639964
cc-pvdz_b1.0,cc-pvdz,1.0,0.001,10,0.55,1.0,0.59125,0.8925,0.984375,0.09187500000000004,True,0.06275863153639964
cc-pvdz_b1.0,cc-pvdz,1.0,0.001,20,0.15,0.95875,0.173125,0.0,0.823125,0.65,True,0.06275863153639964
cc-pvdz_b1.0,cc-pvdz,1.0,0.001,20,0.25,0.99875,0.29312499999999997,0.0062499999999999995,0.85875,0.565625,True,0.06275863153639964
cc-pvdz_b1.0,cc-pvdz,1.0,0.001,20,0.35,1.0,0.395,0.3025,0.859375,0.464375,True,0.06275863153639964
cc-pvdz_b1.0,cc-pvdz,1.0,0.001,20,0.45,1.0,0.494375,0.543125,0.859375,0.31625000000000003,True,0.06275863153639964
cc-pvdz_b1.0,cc-pvdz,1.0,0.001,20,0.55,1.0,0.59125,0.7762499999999999,0.859375,0.08312500000000012,True,0.06275863153639964
cc-pvdz_b1.0,cc-pvdz,1.0,0.001,40,0.15,0.95875,0.173125,0.0,0.7625,0.589375,True,0.06275863153639964
cc-pvdz_b1.0,cc-pvdz,1.0,0.001,40,0.25,0.99875,0.29312499999999997,0.000625,0.796875,0.50375,True,0.06275863153639964
cc-pvdz_b1.0,cc-pvdz,1.0,0.001,40,0.35,1.0,0.395,0.240625,0.796875,0.401875,True,0.06275863153639964
cc-pvdz_b1.0,cc-pvdz,1.0,0.001,40,0.45,1.0,0.494375,0.525,0.796875,0.271875,True,0.06275863153639964
cc-pvdz_b1.0,cc-pvdz,1.0,0.001,40,0.55,1.0,0.59125,0.756875,0.796875,0.040000000000000036,True,0.06275863153639964
cc-pvdz_b1.0,cc-pvdz,1.0,0.002,10,0.15,0.8262499999999999,0.173125,0.0,0.8112499999999999,0.6381249999999999,True,0.06275863153639964
cc-pvdz_b1.0,cc-pvdz,1.0,0.002,10,0.25,0.951875,0.29312499999999997,0.013125,0.9393750000000001,0.6462500000000001,True,0.06275863153639964
cc-pvdz_b1.0,cc-pvdz,1.0,0.002,10,0.35,0.9825,0.395,0.400625,0.968125,0.5675,True,0.06275863153639964
cc-pvdz_b1.0,cc-pvdz,1.0,0.002,10,0.45,0.993125,0.494375,0.6112500000000001,0.9781249999999999,0.36687499999999984,True,0.06275863153639964
cc-pvdz_b1.0,cc-pvdz,1.0,0.002,10,0.55,0.99875,0.59125,0.81125,0.983125,0.171875,True,0.06275863153639964
cc-pvdz_b1.0,cc-pvdz,1.0,0.002,20,0.15,0.8262499999999999,0.173125,0.0,0.72125,0.548125,True,0.06275863153639964
cc-pvdz_b1.0,cc-pvdz,1.0,0.002,20,0.25,0.951875,0.29312499999999997,0.019999999999999997,0.82125,0.5281250000000001,True,0.06275863153639964
cc-pvdz_b1.0,cc-pvdz,1.0,0.002,20,0.35,0.9825,0.395,0.339375,0.8456250000000001,0.45062500000000005,True,0.06275863153639964
cc-pvdz_b1.0,cc-pvdz,1.0,0.002,20,0.45,0.993125,0.494375,0.526875,0.855,0.328125,True,0.06275863153639964
cc-pvdz_b1.0,cc-pvdz,1.0,0.002,20,0.55,0.99875,0.59125,0.7075,0.85875,0.15125,True,0.06275863153639964
cc-pvdz_b1.0,cc-pvdz,1.0,0.002,40,0.15,0.8262499999999999,0.173125,0.0,0.69375,0.520625,True,0.06275863153639964
cc-pvdz_b1.0,cc-pvdz,1.0,0.002,40,0.25,0.951875,0.29312499999999997,0.01875,0.778125,0.485,True,0.06275863153639964
cc-pvdz_b1.0,cc-pvdz,1.0,0.002,40,0.35,0.9825,0.395,0.291875,0.79125,0.39625,True,0.06275863153639964
cc-pvdz_b1.0,cc-pvdz,1.0,0.002,40,0.45,0.993125,0.494375,0.51,0.796875,0.286875,True,0.06275863153639964
cc-pvdz_b1.0,cc-pvdz,1.0,0.002,40,0.55,0.99875,0.59125,0.704375,0.796875,0.09250000000000003,True,0.06275863153639964
cc-pvdz_b1.0,cc-pvdz,1.0,0.004,10,0.15,0.71625,0.173125,0.000625,0.7106250000000001,0.5375000000000001,True,0.06275863153639964
cc-pvdz_b1.0,cc-pvdz,1.0,0.004,10,0.25,0.898125,0.29312499999999997,0.09062500000000001,0.888125,0.5950000000000001,True,0.06275863153639964
cc-pvdz_b1.0,cc-pvdz,1.0,0.004,10,0.35,0.951875,0.395,0.424375,0.9368749999999999,0.5125,True,0.06275863153639964
cc-pvdz_b1.0,cc-pvdz,1.0,0.004,10,0.45,0.9774999999999999,0.494375,0.595,0.96,0.365,True,0.06275863153639964
cc-pvdz_b1.0,cc-pvdz,1.0,0.004,10,0.55,0.99125,0.59125,0.76875,0.9712500000000001,0.2025,True,0.06275863153639964
cc-pvdz_b1.0,cc-pvdz,1.0,0.004,20,0.15,0.71625,0.173125,0.0,0.6587500000000001,0.4856250000000001,True,0.06275863153639964
cc-pvdz_b1.0,cc-pvdz,1.0,0.004,20,0.25,0.898125,0.29312499999999997,0.068125,0.7937500000000001,0.5006250000000001,True,0.06275863153639964
cc-pvdz_b1.0,cc-pvdz,1.0,0.004,20,0.35,0.951875,0.395,0.366875,0.8375,0.4425,True,0.06275863153639964
cc-pvdz_b1.0,cc-pvdz,1.0,0.004,20,0.45,0.9774999999999999,0.494375,0.5206250000000001,0.8512500000000001,0.33062499999999995,True,0.06275863153639964
cc-pvdz_b1.0,cc-pvdz,1.0,0.004,20,0.55,0.99125,0.59125,0.68125,0.855625,0.17437499999999995,True,0.06275863153639964
cc-pvdz_b1.0,cc-pvdz,1.0,0.004,40,0.15,0.71625,0.173125,0.000625,0.573125,0.4,True,0.06275863153639964
cc-pvdz_b1.0,cc-pvdz,1.0,0.004,40,0.25,0.898125,0.29312499999999997,0.057499999999999996,0.7275,0.43437500000000007,True,0.06275863153639964
cc-pvdz_b1.0,cc-pvdz,1.0,0.004,40,0.35,0.951875,0.395,0.323125,0.7787499999999999,0.3837499999999999,True,0.06275863153639964
cc-pvdz_b1.0,cc-pvdz,1.0,0.004,40,0.45,0.9774999999999999,0.494375,0.470625,0.7925,0.298125,True,0.06275863153639964
cc-pvdz_b1.0,cc-pvdz,1.0,0.004,40,0.55,0.99125,0.59125,0.6581250000000001,0.796875,0.13874999999999993,True,0.06275863153639964
cc-pvdz_b1.0,cc-pvdz,1.0,0.008,10,0.15,0.506875,0.173125,0.010625,0.5275,0.33375,True,0.06275863153639964
cc-pvdz_b1.0,cc-pvdz,1.0,0.008,10,0.25,0.7168749999999999,0.29312499999999997,0.081875,0.750625,0.42374999999999996,True,0.06275863153639964
cc-pvdz_b1.0,cc-pvdz,1.0,0.008,10,0.35,0.8362499999999999,0.395,0.2025,0.850625,0.4412499999999999,True,0.06275863153639964
cc-pvdz_b1.0,cc-pvdz,1.0,0.008,10,0.45,0.90875,0.494375,0.343125,0.90625,0.411875,True,0.06275863153639964
cc-pvdz_b1.0,cc-pvdz,1.0,0.008,10,0.55,0.9468749999999999,0.59125,0.545,0.93625,0.345,True,0.06275863153639964
cc-pvdz_b1.0,cc-pvdz,1.0,0.008,20,0.15,0.506875,0.173125,0.009375,0.47124999999999995,0.298125,True,0.06275863153639964
cc-pvdz_b1.0,cc-pvdz,1.0,0.008,20,0.25,0.7168749999999999,0.29312499999999997,0.08812500000000001,0.6768749999999999,0.3837499999999999,True,0.06275863153639964
cc-pvdz_b1.0,cc-pvdz,1.0,0.008,20,0.35,0.8362499999999999,0.395,0.22062500000000002,0.785,0.39,True,0.06275863153639964
cc-pvdz_b1.0,cc-pvdz,1.0,0.008,20,0.45,0.90875,0.494375,0.35375,0.839375,0.345,True,0.06275863153639964
cc-pvdz_b1.0,cc-pvdz,1.0,0.008,20,0.55,0.9468749999999999,0.59125,0.529375,0.875,0.28374999999999995,True,0.06275863153639964
cc-pvdz_b1.0,cc-pvdz,1.0,0.008,40,0.15,0.506875,0.173125,0.020624999999999998,0.45875000000000005,0.285625,True,0.06275863153639964
cc-pvdz_b1.0,cc-pvdz,1.0,0.008,40,0.25,0.7168749999999999,0.29312499999999997,0.095,0.635625,0.3425,True,0.06275863153639964
cc-pvdz_b1.0,cc-pvdz,1.0,0.008,40,0.35,0.8362499999999999,0.395,0.230625,0.7375,0.3425,True,0.06275863153639964
cc-pvdz_b1.0,cc-pvdz,1.0,0.008,40,0.45,0.90875,0.494375,0.370625,0.7849999999999999,0.2906249999999999,True,0.06275863153639964
cc-pvdz_b1.0,cc-pvdz,1.0,0.008,40,0.55,0.9468749999999999,0.59125,0.536875,0.815,0.2237499999999999,True,0.06275863153639964
cc-pvdz_b1.1,cc-pvdz,1.1,0.0005,10,0.15,0.999375,0.180625,0.183125,0.984375,0.80125,True,0.0450193413695614
cc-pvdz_b1.1,cc-pvdz,1.1,0.0005,10,0.25,1.0,0.28687500000000005,0.823125,0.984375,0.16125,True,0.0450193413695614
cc-pvdz_b1.1,cc-pvdz,1.1,0.0005,10,0.35,1.0,0.38375000000000004,0.859375,0.984375,0.125,True,0.0450193413695614
cc-pvdz_b1.1,cc-pvdz,1.1,0.0005,10,0.45,1.0,0.48875,0.859375,0.984375,0.125,True,0.0450193413695614
cc-pvdz_b1.1,cc-pvdz,1.1,0.0005,10,0.55,1.0,0.591875,0.859375,0.984375,0.125,True,0.0450193413695614
cc-pvdz_b1.1,cc-pvdz,1.1,0.0005,20,0.15,0.999375,0.180625,0.15437499999999998,0.859375,0.67875,True,0.0450193413695614
cc-pvdz_b1.1,cc-pvdz,1.1,0.0005,20,0.25,1.0,0.28687500000000005,0.67875,0.859375,0.18062500000000004,True,0.0450193413695614
cc-pvdz_b1.1,cc-pvdz,1.1,0.0005,20,0.35,1.0,0.38375000000000004,0.703125,0.859375,0.15625,True,0.0450193413695614
cc-pvdz_b1.1,cc-pvdz,1.1,0.0005,20,0.45,1.0,0.48875,0.703125,0.859375,0.15625,True,0.0450193413695614
cc-pvdz_b1.1,cc-pvdz,1.1,0.0005,20,0.55,1.0,0.591875,0.703125,0.859375,0.15625,True,0.0450193413695614
cc-pvdz_b1.1,cc-pvdz,1.1,0.0005,40,0.15,0.999375,0.180625,0.155625,0.796875,0.61625,True,0.0450193413695614
cc-pvdz_b1.1,cc-pvdz,1.1,0.0005,40,0.25,1.0,0.28687500000000005,0.65375,0.796875,0.14312499999999995,True,0.0450193413695614
cc-pvdz_b1.1,cc-pvdz,1.1,0.0005,40,0.35,1.0,0.38375000000000004,0.6875,0.796875,0.109375,True,0.0450193413695614
cc-pvdz_b1.1,cc-pvdz,1.1,0.0005,40,0.45,1.0,0.48875,0.6875,0.796875,0.109375,True,0.0450193413695614
cc-pvdz_b1.1,cc-pvdz,1.1,0.0005,40,0.55,1.0,0.591875,0.6875,0.796875,0.109375,True,0.0450193413695614
cc-pvdz_b1.1,cc-pvdz,1.1,0.001,10,0.15,0.985625,0.180625,0.245,0.97,0.725,True,0.0450193413695614
cc-pvdz_b1.1,cc-pvdz,1.1,0.001,10,0.25,1.0,0.28687500000000005,0.73125,0.984375,0.25312500000000004,True,0.0450193413695614
cc-pvdz_b1.1,cc-pvdz,1.1,0.001,10,0.35,1.0,0.38375000000000004,0.85375,0.984375,0.130625,True,0.0450193413695614
cc-pvdz_b1.1,cc-pvdz,1.1,0.001,10,0.45,1.0,0.48875,0.859375,0.984375,0.125,True,0.0450193413695614
cc-pvdz_b1.1,cc-pvdz,1.1,0.001,10,0.55,1.0,0.591875,0.860625,0.984375,0.12375000000000003,True,0.0450193413695614
cc-pvdz_b1.1,cc-pvdz,1.1,0.001,20,0.15,0.985625,0.180625,0.21625,0.846875,0.630625,True,0.0450193413695614
cc-pvdz_b1.1,cc-pvdz,1.1,0.001,20,0.25,1.0,0.28687500000000005,0.62125,0.859375,0.23812500000000003,True,0.0450193413695614
cc-pvdz_b1.1,cc-pvdz,1.1,0.001,20,0.35,1.0,0.38375000000000004,0.69875,0.859375,0.16062500000000002,True,0.0450193413695614
cc-pvdz_b1.1,cc-pvdz,1.1,0.001,20,0.45,1.0,0.48875,0.703125,0.859375,0.15625,True,0.0450193413695614
cc-pvdz_b1.1,cc-pvdz,1.1,0.001,20,0.55,1.0,0.591875,0.708125,0.859375,0.15125,True,0.0450193413695614
cc-pvdz_b1.1,cc-pvdz,1.1,0.001,40,0.15,0.985625,0.180625,0.22875,0.781875,0.553125,True,0.0450193413695614
cc-pvdz_b1.1,cc-pvdz,1.1,0.001,40,0.25,1.0,0.28687500000000005,0.5918749999999999,0.796875,0.20500000000000007,True,0.0450193413695614
cc-pvdz_b1.1,cc-pvdz,1.1,0.001,40,0.35,1.0,0.38375000000000004,0.6825,0.796875,0.114375,True,0.0450193413695614
cc-pvdz_b1.1,cc-pvdz,1.1,0.001,40,0.45,1.0,0.48875,0.6875,0.796875,0.109375,True,0.0450193413695614
cc-pvdz_b1.1,cc-pvdz,1.1,0.001,40,0.55,1.0,0.591875,0.6912499999999999,0.796875,0.10562500000000008,True,0.0450193413695614
cc-pvdz_b1.1,cc-pvdz,1.1,0.002,10,0.15,0.87625,0.180625,0.296875,0.87125,0.574375,True,0.0450193413695614
cc-pvdz_b1.1,cc-pvdz,1.1,0.002,10,0.25,0.971875,0.28687500000000005,0.638125,0.963125,0.32499999999999996,True,0.0450193413695614
cc-pvdz_b1.1,cc-pvdz,1.1,0.002,10,0.35,0.993125,0.38375000000000004,0.796875,0.9781249999999999,0.1812499999999999,True,0.0450193413695614
cc-pvdz_b1.1,cc-pvdz,1.1,0.002,10,0.45,0.999375,0.48875,0.8425,0.98375,0.14125,True,0.0450193413695614
cc-pvdz_b1.1,cc-pvdz,1.1,0.002,10,0.55,1.0,0.591875,0.875625,0.984375,0.10875000000000001,True,0.0450193413695614
cc-pvdz_b1.1,cc-pvdz,1.1,0.002,20,0.15,0.87625,0.180625,0.2525,0.7649999999999999,0.5125,True,0.0450193413695614
cc-pvdz_b1.1,cc-pvdz,1.1,0.002,20,0.25,0.971875,0.28687500000000005,0.5437500000000001,0.846875,0.303125,True,0.0450193413695614
cc-pvdz_b1.1,cc-pvdz,1.1,0.002,20,0.35,0.993125,0.38375000000000004,0.673125,0.85625,0.18312499999999998,True,0.0450193413695614
cc-pvdz_b1.1,cc-pvdz,1.1,0.002,20,0.45,0.999375,0.48875,0.70125,0.859375,0.15812499999999996,True,0.0450193413695614
cc-pvdz_b1.1,cc-pvdz,1.1,0.002,20,0.55,1.0,0.591875,0.765625,0.859375,0.09375,True,0.0450193413695614
cc-pvdz_b1.1,cc-pvdz,1.1,0.002,40,0.15,0.87625,0.180625,0.24125000000000002,0.69875,0.45749999999999996,True,0.0450193413695614
cc-pvdz_b1.1,cc-pvdz,1.1,0.002,40,0.25,0.971875,0.28687500000000005,0.49687499999999996,0.791875,0.29500000000000004,True,0.0450193413695614
cc-pvdz_b1.1,cc-pvdz,1.1,0.002,40,0.35,0.993125,0.38375000000000004,0.641875,0.796875,0.15500000000000003,True,0.0450193413695614
cc-pvdz_b1.1,cc-pvdz,1.1,0.002,40,0.45,0.999375,0.48875,0.6837500000000001,0.796875,0.11312499999999992,True,0.0450193413695614
cc-pvdz_b1.1,cc-pvdz,1.1,0.002,40,0.55,1.0,0.591875,0.744375,0.796875,0.05249999999999999,True,0.0450193413695614
cc-pvdz_b1.1,cc-pvdz,1.1,0.004,10,0.15,0.723125,0.180625,0.29312499999999997,0.694375,0.40125,True,0.0450193413695614
cc-pvdz_b1.1,cc-pvdz,1.1,0.004,10,0.25,0.9049999999999999,0.28687500000000005,0.540625,0.881875,0.34124999999999994,True,0.0450193413695614
cc-pvdz_b1.1,cc-pvdz,1.1,0.004,10,0.35,0.95375,0.38375000000000004,0.7149999999999999,0.935,0.2200000000000002,True,0.0450193413695614
cc-pvdz_b1.1,cc-pvdz,1.1,0.004,10,0.45,0.984375,0.48875,0.798125,0.961875,0.16375000000000006,True,0.0450193413695614
cc-pvdz_b1.1,cc-pvdz,1.1,0.004,10,0.55,0.995625,0.591875,0.86875,0.97125,0.10249999999999992,True,0.0450193413695614
cc-pvdz_b1.1,cc-pvdz,1.1,0.004,20,0.15,0.723125,0.180625,0.25375000000000003,0.595625,0.34187499999999993,True,0.0450193413695614
cc-pvdz_b1.1,cc-pvdz,1.1,0.004,20,0.25,0.9049999999999999,0.28687500000000005,0.434375,0.78375,0.34937499999999994,True,0.0450193413695614
cc-pvdz_b1.1,cc-pvdz,1.1,0.004,20,0.35,0.95375,0.38375000000000004,0.5825,0.826875,0.244375,True,0.0450193413695614
cc-pvdz_b1.1,cc-pvdz,1.1,0.004,20,0.45,0.984375,0.48875,0.655625,0.84625,0.19062499999999993,True,0.0450193413695614
cc-pvdz_b1.1,cc-pvdz,1.1,0.004,20,0.55,0.995625,0.591875,0.76625,0.851875,0.08562500000000006,True,0.0450193413695614
cc-pvdz_b1.1,cc-pvdz,1.1,0.004,40,0.15,0.723125,0.180625,0.280625,0.53125,0.250625,True,0.0450193413695614
cc-pvdz_b1.1,cc-pvdz,1.1,0.004,40,0.25,0.9049999999999999,0.28687500000000005,0.444375,0.7124999999999999,0.2681249999999999,True,0.0450193413695614
cc-pvdz_b1.1,cc-pvdz,1.1,0.004,40,0.35,0.95375,0.38375000000000004,0.5556249999999999,0.7725,0.21687500000000004,True,0.0450193413695614
cc-pvdz_b1.1,cc-pvdz,1.1,0.004,40,0.45,0.984375,0.48875,0.6256249999999999,0.789375,0.16375000000000017,True,0.0450193413695614
cc-pvdz_b1.1,cc-pvdz,1.1,0.004,40,0.55,0.995625,0.591875,0.75,0.793125,0.04312499999999997,True,0.0450193413695614
cc-pvdz_b1.1,cc-pvdz,1.1,0.008,10,0.15,0.5037499999999999,0.180625,0.283125,0.47562499999999996,0.19249999999999995,True,0.0450193413695614
cc-pvdz_b1.1,cc-pvdz,1.1,0.008,10,0.25,0.731875,0.28687500000000005,0.436875,0.70375,0.266875,True,0.0450193413695614
cc-pvdz_b1.1,cc-pvdz,1.1,0.008,10,0.35,0.8518749999999999,0.38375000000000004,0.58125,0.82875,0.24749999999999994,True,0.0450193413695614
cc-pvdz_b1.1,cc-pvdz,1.1,0.008,10,0.45,0.9143749999999999,0.48875,0.7025,0.8781249999999999,0.17562499999999992,True,0.0450193413695614
cc-pvdz_b1.1,cc-pvdz,1.1,0.008,10,0.55,0.949375,0.591875,0.845,0.90375,0.05875000000000008,True,0.0450193413695614
cc-pvdz_b1.1,cc-pvdz,1.1,0.008,20,0.15,0.5037499999999999,0.180625,0.24625000000000002,0.40812499999999996,0.16187499999999994,True,0.0450193413695614
cc-pvdz_b1.1,cc-pvdz,1.1,0.008,20,0.25,0.731875,0.28687500000000005,0.37749999999999995,0.6375,0.26,True,0.0450193413695614
cc-pvdz_b1.1,cc-pvdz,1.1,0.008,20,0.35,0.8518749999999999,0.38375000000000004,0.501875,0.751875,0.25,True,0.0450193413695614
cc-pvdz_b1.1,cc-pvdz,1.1,0.008,20,0.45,0.9143749999999999,0.48875,0.6199999999999999,0.80375,0.18375000000000008,True,0.0450193413695614
cc-pvdz_b1.1,cc-pvdz,1.1,0.008,20,0.55,0.949375,0.591875,0.7825,0.836875,0.05437500000000006,True,0.0450193413695614
cc-pvdz_b1.1,cc-pvdz,1.1,0.008,40,0.15,0.5037499999999999,0.180625,0.26187499999999997,0.36124999999999996,0.09937499999999999,True,0.0450193413695614
cc-pvdz_b1.1,cc-pvdz,1.1,0.008,40,0.25,0.731875,0.28687500000000005,0.393125,0.54625,0.153125,True,0.0450193413695614
cc-pvdz_b1.1,cc-pvdz,1.1,0.008,40,0.35,0.8518749999999999,0.38375000000000004,0.494375,0.660625,0.16625,True,0.0450193413695614
cc-pvdz_b1.1,cc-pvdz,1.1,0.008,40,0.45,0.9143749999999999,0.48875,0.5856250000000001,0.7250000000000001,0.13937500000000003,True,0.0450193413695614
cc-pvdz_b1.1,cc-pvdz,1.1,0.008,40,0.55,0.949375,0.591875,0.7468750000000001,0.7575000000000001,0.010624999999999996,True,0.0450193413695614
cc-pvdz_b1.2,cc-pvdz,1.2,0.0005,10,0.15,1.0,0.22250000000000003,0.203125,0.890625,0.668125,True,0.11417237970134284
cc-pvdz_b1.2,cc-pvdz,1.2,0.0005,10,0.25,1.0,0.30125,0.954375,0.890625,-0.06374999999999997,False,0.11417237970134284
cc-pvdz_b1.2,cc-pvdz,1.2,0.0005,10,0.35,1.0,0.379375,0.96875,0.890625,-0.078125,False,0.11417237970134284
cc-pvdz_b1.2,cc-pvdz,1.2,0.0005,10,0.45,1.0,0.45312499999999994,0.96875,0.890625,-0.078125,False,0.11417237970134284
cc-pvdz_b1.2,cc-pvdz,1.2,0.0005,10,0.55,1.0,0.5137499999999999,0.96875,0.890625,-0.078125,False,0.11417237970134284
cc-pvdz_b1.2,cc-pvdz,1.2,0.0005,20,0.15,1.0,0.22250000000000003,0.171875,0.78125,0.55875,True,0.11417237970134284
cc-pvdz_b1.2,cc-pvdz,1.2,0.0005,20,0.25,1.0,0.30125,0.915625,0.78125,-0.13437500000000002,False,0.11417237970134284
cc-pvdz_b1.2,cc-pvdz,1.2,0.0005,20,0.35,1.0,0.379375,0.921875,0.78125,-0.140625,False,0.11417237970134284
cc-pvdz_b1.2,cc-pvdz,1.2,0.0005,20,0.45,1.0,0.45312499999999994,0.921875,0.78125,-0.140625,False,0.11417237970134284
cc-pvdz_b1.2,cc-pvdz,1.2,0.0005,20,0.55,1.0,0.5137499999999999,0.921875,0.78125,-0.140625,False,0.11417237970134284
cc-pvdz_b1.2,cc-pvdz,1.2,0.0005,40,0.15,1.0,0.22250000000000003,0.1875,0.671875,0.44937499999999997,True,0.11417237970134284
cc-pvdz_b1.2,cc-pvdz,1.2,0.0005,40,0.25,1.0,0.30125,0.8043750000000001,0.671875,-0.13250000000000006,False,0.11417237970134284
cc-pvdz_b1.2,cc-pvdz,1.2,0.0005,40,0.35,1.0,0.379375,0.8125,0.671875,-0.140625,False,0.11417237970134284
cc-pvdz_b1.2,cc-pvdz,1.2,0.0005,40,0.45,1.0,0.45312499999999994,0.8125,0.671875,-0.140625,False,0.11417237970134284
cc-pvdz_b1.2,cc-pvdz,1.2,0.0005,40,0.55,1.0,0.5137499999999999,0.8125,0.671875,-0.140625,False,0.11417237970134284
cc-pvdz_b1.2,cc-pvdz,1.2,0.001,10,0.15,1.0,0.22250000000000003,0.015625,0.890625,0.668125,True,0.11417237970134284
cc-pvdz_b1.2,cc-pvdz,1.2,0.001,10,0.25,1.0,0.30125,0.855,0.890625,0.03562500000000002,True,0.11417237970134284
cc-pvdz_b1.2,cc-pvdz,1.2,0.001,10,0.35,1.0,0.379375,0.96875,0.890625,-0.078125,False,0.11417237970134284
cc-pvdz_b1.2,cc-pvdz,1.2,0.001,10,0.45,1.0,0.45312499999999994,0.96875,0.890625,-0.078125,False,0.11417237970134284
cc-pvdz_b1.2,cc-pvdz,1.2,0.001,10,0.55,1.0,0.5137499999999999,0.96875,0.890625,-0.078125,False,0.11417237970134284
cc-pvdz_b1.2,cc-pvdz,1.2,0.001,20,0.15,1.0,0.22250000000000003,0.019375,0.78125,0.55875,True,0.11417237970134284
cc-pvdz_b1.2,cc-pvdz,1.2,0.001,20,0.25,1.0,0.30125,0.8225,0.78125,-0.04125000000000001,False,0.11417237970134284
cc-pvdz_b1.2,cc-pvdz,1.2,0.001,20,0.35,1.0,0.379375,0.921875,0.78125,-0.140625,False,0.11417237970134284
cc-pvdz_b1.2,cc-pvdz,1.2,0.001,20,0.45,1.0,0.45312499999999994,0.921875,0.78125,-0.140625,False,0.11417237970134284
cc-pvdz_b1.2,cc-pvdz,1.2,0.001,20,0.55,1.0,0.5137499999999999,0.921875,0.78125,-0.140625,False,0.11417237970134284
cc-pvdz_b1.2,cc-pvdz,1.2,0.001,40,0.15,1.0,0.22250000000000003,0.055,0.671875,0.44937499999999997,True,0.11417237970134284
cc-pvdz_b1.2,cc-pvdz,1.2,0.001,40,0.25,1.0,0.30125,0.7293749999999999,0.671875,-0.057499999999999885,False,0.11417237970134284
cc-pvdz_b1.2,cc-pvdz,1.2,0.001,40,0.35,1.0,0.379375,0.8125,0.671875,-0.140625,False,0.11417237970134284
cc-pvdz_b1.2,cc-pvdz,1.2,0.001,40,0.45,1.0,0.45312499999999994,0.8125,0.671875,-0.140625,False,0.11417237970134284
cc-pvdz_b1.2,cc-pvdz,1.2,0.001,40,0.55,1.0,0.5137499999999999,0.8125,0.671875,-0.140625,False,0.11417237970134284
cc-pvdz_b1.2,cc-pvdz,1.2,0.002,10,0.15,1.0,0.22250000000000003,0.0,0.890625,0.668125,True,0.11417237970134284
cc-pvdz_b1.2,cc-pvdz,1.2,0.002,10,0.25,1.0,0.30125,0.70875,0.890625,0.181875,True,0.11417237970134284
cc-pvdz_b1.2,cc-pvdz,1.2,0.002,10,0.35,1.0,0.379375,0.96875,0.890625,-0.078125,False,0.11417237970134284
cc-pvdz_b1.2,cc-pvdz,1.2,0.002,10,0.45,1.0,0.45312499999999994,0.96875,0.890625,-0.078125,False,0.11417237970134284
cc-pvdz_b1.2,cc-pvdz,1.2,0.002,10,0.55,1.0,0.5137499999999999,0.96875,0.890625,-0.078125,False,0.11417237970134284
cc-pvdz_b1.2,cc-pvdz,1.2,0.002,20,0.15,1.0,0.22250000000000003,0.0,0.78125,0.55875,True,0.11417237970134284
cc-pvdz_b1.2,cc-pvdz,1.2,0.002,20,0.25,1.0,0.30125,0.6656249999999999,0.78125,0.11562500000000009,True,0.11417237970134284
cc-pvdz_b1.2,cc-pvdz,1.2,0.002,20,0.35,1.0,0.379375,0.921875,0.78125,-0.140625,False,0.11417237970134284
cc-pvdz_b1.2,cc-pvdz,1.2,0.002,20,0.45,1.0,0.45312499999999994,0.921875,0.78125,-0.140625,False,0.11417237970134284
cc-pvdz_b1.2,cc-pvdz,1.2,0.002,20,0.55,1.0,0.5137499999999999,0.921875,0.78125,-0.140625,False,0.11417237970134284
cc-pvdz_b1.2,cc-pvdz,1.2,0.002,40,0.15,1.0,0.22250000000000003,0.001875,0.671875,0.44937499999999997,True,0.11417237970134284
cc-pvdz_b1.2,cc-pvdz,1.2,0.002,40,0.25,1.0,0.30125,0.585,0.671875,0.08687500000000004,True,0.11417237970134284
cc-pvdz_b1.2,cc-pvdz,1.2,0.002,40,0.35,1.0,0.379375,0.8125,0.671875,-0.140625,False,0.11417237970134284
cc-pvdz_b1.2,cc-pvdz,1.2,0.002,40,0.45,1.0,0.45312499999999994,0.8125,0.671875,-0.140625,False,0.11417237970134284
cc-pvdz_b1.2,cc-pvdz,1.2,0.002,40,0.55,1.0,0.5137499999999999,0.8125,0.671875,-0.140625,False,0.11417237970134284
cc-pvdz_b1.2,cc-pvdz,1.2,0.004,10,0.15,0.995,0.22250000000000003,0.000625,0.8875,0.6649999999999999,True,0.11417237970134284
cc-pvdz_b1.2,cc-pvdz,1.2,0.004,10,0.25,1.0,0.30125,0.5775,0.890625,0.313125,True,0.11417237970134284
cc-pvdz_b1.2,cc-pvdz,1.2,0.004,10,0.35,1.0,0.379375,0.96375,0.890625,-0.073125,False,0.11417237970134284
cc-pvdz_b1.2,cc-pvdz,1.2,0.004,10,0.45,1.0,0.45312499999999994,0.96875,0.890625,-0.078125,False,0.11417237970134284
cc-pvdz_b1.2,cc-pvdz,1.2,0.004,10,0.55,1.0,0.5137499999999999,0.96875,0.89125,-0.07750000000000001,False,0.11417237970134284
cc-pvdz_b1.2,cc-pvdz,1.2,0.004,20,0.15,0.995,0.22250000000000003,0.0,0.77625,0.55375,True,0.11417237970134284
cc-pvdz_b1.2,cc-pvdz,1.2,0.004,20,0.25,1.0,0.30125,0.56875,0.78125,0.21250000000000002,True,0.11417237970134284
cc-pvdz_b1.2,cc-pvdz,1.2,0.004,20,0.35,1.0,0.379375,0.9175,0.78125,-0.13624999999999998,False,0.11417237970134284
cc-pvdz_b1.2,cc-pvdz,1.2,0.004,20,0.45,1.0,0.45312499999999994,0.921875,0.78125,-0.140625,False,0.11417237970134284
cc-pvdz_b1.2,cc-pvdz,1.2,0.004,20,0.55,1.0,0.5137499999999999,0.921875,0.7825,-0.13937500000000003,False,0.11417237970134284
cc-pvdz_b1.2,cc-pvdz,1.2,0.004,40,0.15,0.995,0.22250000000000003,0.0,0.6687500000000001,0.44625000000000004,True,0.11417237970134284
cc-pvdz_b1.2,cc-pvdz,1.2,0.004,40,0.25,1.0,0.30125,0.5175,0.671875,0.15437500000000004,True,0.11417237970134284
cc-pvdz_b1.2,cc-pvdz,1.2,0.004,40,0.35,1.0,0.379375,0.8093750000000001,0.671875,-0.13750000000000007,False,0.11417237970134284
cc-pvdz_b1.2,cc-pvdz,1.2,0.004,40,0.45,1.0,0.45312499999999994,0.8125,0.671875,-0.140625,False,0.11417237970134284
cc-pvdz_b1.2,cc-pvdz,1.2,0.004,40,0.55,1.0,0.5137499999999999,0.8125,0.673125,-0.13937500000000003,False,0.11417237970134284
cc-pvdz_b1.2,cc-pvdz,1.2,0.008,10,0.15,0.95,0.22250000000000003,0.02375,0.8318749999999999,0.6093749999999999,True,0.11417237970134284
cc-pvdz_b1.2,cc-pvdz,1.2,0.008,10,0.25,0.996875,0.30125,0.495,0.8875,0.39249999999999996,True,0.11417237970134284
cc-pvdz_b1.2,cc-pvdz,1.2,0.008,10,0.35,1.0,0.379375,0.913125,0.890625,-0.022499999999999964,False,0.11417237970134284
cc-pvdz_b1.2,cc-pvdz,1.2,0.008,10,0.45,1.0,0.45312499999999994,0.9768749999999999,0.89125,-0.08562499999999995,False,0.11417237970134284
cc-pvdz_b1.2,cc-pvdz,1.2,0.008,10,0.55,1.0,0.5137499999999999,0.984375,0.90125,-0.083125,False,0.11417237970134284
cc-pvdz_b1.2,cc-pvdz,1.2,0.008,20,0.15,0.95,0.22250000000000003,0.030625,0.736875,0.5143749999999999,True,0.11417237970134284
cc-pvdz_b1.2,cc-pvdz,1.2,0.008,20,0.25,0.996875,0.30125,0.465625,0.7893749999999999,0.3237499999999999,True,0.11417237970134284
cc-pvdz_b1.2,cc-pvdz,1.2,0.008,20,0.35,1.0,0.379375,0.85375,0.796875,-0.05687500000000001,False,0.11417237970134284
cc-pvdz_b1.2,cc-pvdz,1.2,0.008,20,0.45,1.0,0.45312499999999994,0.9143749999999999,0.7975,-0.11687499999999995,False,0.11417237970134284
cc-pvdz_b1.2,cc-pvdz,1.2,0.008,20,0.55,1.0,0.5137499999999999,0.921875,0.81,-0.11187499999999995,False,0.11417237970134284
cc-pvdz_b1.2,cc-pvdz,1.2,0.008,40,0.15,0.95,0.22250000000000003,0.031875,0.6412500000000001,0.41875000000000007,True,0.11417237970134284
cc-pvdz_b1.2,cc-pvdz,1.2,0.008,40,0.25,0.996875,0.30125,0.44875000000000004,0.689375,0.24062499999999992,True,0.11417237970134284
cc-pvdz_b1.2,cc-pvdz,1.2,0.008,40,0.35,1.0,0.379375,0.7793749999999999,0.7,-0.07937499999999997,False,0.11417237970134284
cc-pvdz_b1.2,cc-pvdz,1.2,0.008,40,0.45,1.0,0.45312499999999994,0.8375,0.7025,-0.135,False,0.11417237970134284
cc-pvdz_b1.2,cc-pvdz,1.2,0.008,40,0.55,1.0,0.5137499999999999,0.84375,0.721875,-0.12187499999999996,False,0.11417237970134284
cc-pvdz_b1.3,cc-pvdz,1.3,0.0005,10,0.15,1.0,0.22250000000000003,0.46875,0.953125,0.484375,True,0.008372121125157395
cc-pvdz_b1.3,cc-pvdz,1.3,0.0005,10,0.25,1.0,0.30125,0.46875,0.953125,0.484375,True,0.008372121125157395
cc-pvdz_b1.3,cc-pvdz,1.3,0.0005,10,0.35,1.0,0.379375,0.855625,0.953125,0.09750000000000003,True,0.008372121125157395
cc-pvdz_b1.3,cc-pvdz,1.3,0.0005,10,0.45,1.0,0.45312499999999994,1.0,0.953125,-0.046875,False,0.008372121125157395
cc-pvdz_b1.3,cc-pvdz,1.3,0.0005,10,0.55,1.0,0.5137499999999999,1.0,0.953125,-0.046875,False,0.008372121125157395
cc-pvdz_b1.3,cc-pvdz,1.3,0.0005,20,0.15,1.0,0.22250000000000003,0.375,0.921875,0.546875,True,0.008372121125157395
cc-pvdz_b1.3,cc-pvdz,1.3,0.0005,20,0.25,1.0,0.30125,0.375,0.921875,0.546875,True,0.008372121125157395
cc-pvdz_b1.3,cc-pvdz,1.3,0.0005,20,0.35,1.0,0.379375,0.8331249999999999,0.921875,0.0887500000000001,True,0.008372121125157395
cc-pvdz_b1.3,cc-pvdz,1.3,0.0005,20,0.45,1.0,0.45312499999999994,1.0,0.921875,-0.078125,False,0.008372121125157395
cc-pvdz_b1.3,cc-pvdz,1.3,0.0005,20,0.55,1.0,0.5137499999999999,1.0,0.921875,-0.078125,False,0.008372121125157395
cc-pvdz_b1.3,cc-pvdz,1.3,0.0005,40,0.15,1.0,0.22250000000000003,0.265625,0.734375,0.46875,True,0.008372121125157395
cc-pvdz_b1.3,cc-pvdz,1.3,0.0005,40,0.25,1.0,0.30125,0.265625,0.734375,0.433125,True,0.008372121125157395
cc-pvdz_b1.3,cc-pvdz,1.3,0.0005,40,0.35,1.0,0.379375,0.7525,0.734375,-0.018124999999999947,False,0.008372121125157395
cc-pvdz_b1.3,cc-pvdz,1.3,0.0005,40,0.45,1.0,0.45312499999999994,0.90625,0.734375,-0.171875,False,0.008372121125157395
cc-pvdz_b1.3,cc-pvdz,1.3,0.0005,40,0.55,1.0,0.5137499999999999,0.90625,0.734375,-0.171875,False,0.008372121125157395
cc-pvdz_b1.3,cc-pvdz,1.3,0.001,10,0.15,1.0,0.22250000000000003,0.38625,0.953125,0.566875,True,0.008372121125157395
cc-pvdz_b1.3,cc-pvdz,1.3,0.001,10,0.25,1.0,0.30125,0.3875,0.953125,0.565625,True,0.008372121125157395
cc-pvdz_b1.3,cc-pvdz,1.3,0.001,10,0.35,1.0,0.379375,0.7737499999999999,0.953125,0.17937500000000006,True,0.008372121125157395
cc-pvdz_b1.3,cc-pvdz,1.3,0.001,10,0.45,1.0,0.45312499999999994,1.0,0.953125,-0.046875,False,0.008372121125157395
cc-pvdz_b1.3,cc-pvdz,1.3,0.001,10,0.55,1.0,0.5137499999999999,1.0,0.953125,-0.046875,False,0.008372121125157395
cc-pvdz_b1.3,cc-pvdz,1.3,0.001,20,0.15,1.0,0.22250000000000003,0.30625,0.921875,0.615625,True,0.008372121125157395
cc-pvdz_b1.3,cc-pvdz,1.3,0.001,20,0.25,1.0,0.30125,0.306875,0.921875,0.615,True,0.008372121125157395
cc-pvdz_b1.3,cc-pvdz,1.3,0.001,20,0.35,1.0,0.379375,0.734375,0.921875,0.1875,True,0.008372121125157395
cc-pvdz_b1.3,cc-pvdz,1.3,0.001,20,0.45,1.0,0.45312499999999994,1.0,0.921875,-0.078125,False,0.008372121125157395
cc-pvdz_b1.3,cc-pvdz,1.3,0.001,20,0.55,1.0,0.5137499999999999,1.0,0.921875,-0.078125,False,0.008372121125157395
cc-pvdz_b1.3,cc-pvdz,1.3,0.001,40,0.15,1.0,0.22250000000000003,0.255625,0.734375,0.47875,True,0.008372121125157395
cc-pvdz_b1.3,cc-pvdz,1.3,0.001,40,0.25,1.0,0.30125,0.25687499999999996,0.734375,0.433125,True,0.008372121125157395
cc-pvdz_b1.3,cc-pvdz,1.3,0.001,40,0.35,1.0,0.379375,0.671875,0.734375,0.0625,True,0.008372121125157395
cc-pvdz_b1.3,cc-pvdz,1.3,0.001,40,0.45,1.0,0.45312499999999994,0.90625,0.734375,-0.171875,False,0.008372121125157395
cc-pvdz_b1.3,cc-pvdz,1.3,0.001,40,0.55,1.0,0.5137499999999999,0.90625,0.734375,-0.171875,False,0.008372121125157395
cc-pvdz_b1.3,cc-pvdz,1.3,0.002,10,0.15,1.0,0.22250000000000003,0.098125,0.953125,0.730625,True,0.008372121125157395
cc-pvdz_b1.3,cc-pvdz,1.3,0.002,10,0.25,1.0,0.30125,0.103125,0.953125,0.651875,True,0.008372121125157395
cc-pvdz_b1.3,cc-pvdz,1.3,0.002,10,0.35,1.0,0.379375,0.5975,0.953125,0.35562499999999997,True,0.008372121125157395
cc-pvdz_b1.3,cc-pvdz,1.3,0.002,10,0.45,1.0,0.45312499999999994,1.0,0.953125,-0.046875,False,0.008372121125157395
cc-pvdz_b1.3,cc-pvdz,1.3,0.002,10,0.55,1.0,0.5137499999999999,1.0,0.953125,-0.046875,False,0.008372121125157395
cc-pvdz_b1.3,cc-pvdz,1.3,0.002,20,0.15,1.0,0.22250000000000003,0.0575,0.921875,0.699375,True,0.008372121125157395
cc-pvdz_b1.3,cc-pvdz,1.3,0.002,20,0.25,1.0,0.30125,0.06125,0.921875,0.620625,True,0.008372121125157395
cc-pvdz_b1.3,cc-pvdz,1.3,0.002,20,0.35,1.0,0.379375,0.5825,0.921875,0.339375,True,0.008372121125157395
cc-pvdz_b1.3,cc-pvdz,1.3,0.002,20,0.45,1.0,0.45312499999999994,1.0,0.921875,-0.078125,False,0.008372121125157395
cc-pvdz_b1.3,cc-pvdz,1.3,0.002,20,0.55,1.0,0.5137499999999999,1.0,0.921875,-0.078125,False,0.008372121125157395
cc-pvdz_b1.3,cc-pvdz,1.3,0.002,40,0.15,1.0,0.22250000000000003,0.15812500000000002,0.734375,0.511875,True,0.008372121125157395
cc-pvdz_b1.3,cc-pvdz,1.3,0.002,40,0.25,1.0,0.30125,0.161875,0.734375,0.433125,True,0.008372121125157395
cc-pvdz_b1.3,cc-pvdz,1.3,0.002,40,0.35,1.0,0.379375,0.59,0.734375,0.14437500000000003,True,0.008372121125157395
cc-pvdz_b1.3,cc-pvdz,1.3,0.002,40,0.45,1.0,0.45312499999999994,0.90625,0.734375,-0.171875,False,0.008372121125157395
cc-pvdz_b1.3,cc-pvdz,1.3,0.002,40,0.55,1.0,0.5137499999999999,0.90625,0.734375,-0.171875,False,0.008372121125157395
cc-pvdz_b1.3,cc-pvdz,1.3,0.004,10,0.15,0.993125,0.22250000000000003,0.0,0.9437500000000001,0.7212500000000001,True,0.008372121125157395
cc-pvdz_b1.3,cc-pvdz,1.3,0.004,10,0.25,1.0,0.30125,0.000625,0.953125,0.651875,True,0.008372121125157395
cc-pvdz_b1.3,cc-pvdz,1.3,0.004,10,0.35,1.0,0.379375,0.5275,0.953125,0.42562500000000003,True,0.008372121125157395
cc-pvdz_b1.3,cc-pvdz,1.3,0.004,10,0.45,1.0,0.45312499999999994,0.99,0.953125,-0.03687499999999999,False,0.008372121125157395
cc-pvdz_b1.3,cc-pvdz,1.3,0.004,10,0.55,1.0,0.5137499999999999,1.0,0.953125,-0.046875,False,0.008372121125157395
cc-pvdz_b1.3,cc-pvdz,1.3,0.004,20,0.15,0.993125,0.22250000000000003,0.011875,0.913125,0.6906249999999999,True,0.008372121125157395
cc-pvdz_b1.3,cc-pvdz,1.3,0.004,20,0.25,1.0,0.30125,0.015625,0.921875,0.620625,True,0.008372121125157395
cc-pvdz_b1.3,cc-pvdz,1.3,0.004,20,0.35,1.0,0.379375,0.54,0.921875,0.38187499999999996,True,0.008372121125157395
cc-pvdz_b1.3,cc-pvdz,1.3,0.004,20,0.45,1.0,0.45312499999999994,0.9924999999999999,0.921875,-0.07062499999999994,False,0.008372121125157395
cc-pvdz_b1.3,cc-pvdz,1.3,0.004,20,0.55,1.0,0.5137499999999999,1.0,0.921875,-0.078125,False,0.008372121125157395
cc-pvdz_b1.3,cc-pvdz,1.3,0.004,40,0.15,0.993125,0.22250000000000003,0.052500000000000005,0.745625,0.523125,True,0.008372121125157395
cc-pvdz_b1.3,cc-pvdz,1.3,0.004,40,0.25,1.0,0.30125,0.061875,0.75,0.44875,True,0.008372121125157395
cc-pvdz_b1.3,cc-pvdz,1.3,0.004,40,0.35,1.0,0.379375,0.5231250000000001,0.75,0.22687499999999994,True,0.008372121125157395
cc-pvdz_b1.3,cc-pvdz,1.3,0.004,40,0.45,1.0,0.45312499999999994,0.910625,0.75,-0.16062500000000002,False,0.008372121125157395
cc-pvdz_b1.3,cc-pvdz,1.3,0.004,40,0.55,1.0,0.5137499999999999,0.920625,0.75,-0.17062500000000003,False,0.008372121125157395
cc-pvdz_b1.3,cc-pvdz,1.3,0.008,10,0.15,0.9425,0.22250000000000003,0.0,0.8981250000000001,0.675625,True,0.008372121125157395
cc-pvdz_b1.3,cc-pvdz,1.3,0.008,10,0.25,0.994375,0.30125,0.021875,0.95625,0.655,True,0.008372121125157395
cc-pvdz_b1.3,cc-pvdz,1.3,0.008,10,0.35,1.0,0.379375,0.490625,0.964375,0.47375,True,0.008372121125157395
cc-pvdz_b1.3,cc-pvdz,1.3,0.008,10,0.45,1.0,0.45312499999999994,0.9168749999999999,0.965625,0.04875000000000007,True,0.008372121125157395
cc-pvdz_b1.3,cc-pvdz,1.3,0.008,10,0.55,1.0,0.5137499999999999,0.9874999999999999,0.966875,-0.020624999999999893,False,0.008372121125157395
cc-pvdz_b1.3,cc-pvdz,1.3,0.008,20,0.15,0.9425,0.22250000000000003,0.003125,0.8587499999999999,0.6362499999999999,True,0.008372121125157395
cc-pvdz_b1.3,cc-pvdz,1.3,0.008,20,0.25,0.994375,0.30125,0.028749999999999998,0.915625,0.614375,True,0.008372121125157395
cc-pvdz_b1.3,cc-pvdz,1.3,0.008,20,0.35,1.0,0.379375,0.49124999999999996,0.9293750000000001,0.4381250000000001,True,0.008372121125157395
cc-pvdz_b1.3,cc-pvdz,1.3,0.008,20,0.45,1.0,0.45312499999999994,0.926875,0.9299999999999999,0.0031249999999999334,True,0.008372121125157395
cc-pvdz_b1.3,cc-pvdz,1.3,0.008,20,0.55,1.0,0.5137499999999999,0.9925,0.930625,-0.06187500000000001,False,0.008372121125157395
cc-pvdz_b1.3,cc-pvdz,1.3,0.008,40,0.15,0.9425,0.22250000000000003,0.00875,0.70875,0.48624999999999996,True,0.008372121125157395
cc-pvdz_b1.3,cc-pvdz,1.3,0.008,40,0.25,0.994375,0.30125,0.03875,0.7693749999999999,0.4681249999999999,True,0.008372121125157395
cc-pvdz_b1.3,cc-pvdz,1.3,0.008,40,0.35,1.0,0.379375,0.455625,0.7825,0.32687499999999997,True,0.008372121125157395
cc-pvdz_b1.3,cc-pvdz,1.3,0.008,40,0.45,1.0,0.45312499999999994,0.84,0.7862500000000001,-0.05374999999999985,False,0.008372121125157395
cc-pvdz_b1.3,cc-pvdz,1.3,0.008,40,0.55,1.0,0.5137499999999999,0.9068749999999999,0.7887500000000001,-0.11812499999999981,False,0.008372121125157395
cc-pvdz_b1.4,cc-pvdz,1.4,0.0005,10,0.15,1.0,0.24500000000000002,0.003125,0.953125,0.708125,True,0.17502098378185524
cc-pvdz_b1.4,cc-pvdz,1.4,0.0005,10,0.25,1.0,0.37625,0.504375,0.953125,0.44875,True,0.17502098378185524
cc-pvdz_b1.4,cc-pvdz,1.4,0.0005,10,0.35,1.0,0.44687499999999997,1.0,0.953125,-0.046875,False,0.17502098378185524
cc-pvdz_b1.4,cc-pvdz,1.4,0.0005,10,0.45,1.0,0.5118750000000001,1.0,0.953125,-0.046875,False,0.17502098378185524
cc-pvdz_b1.4,cc-pvdz,1.4,0.0005,10,0.55,1.0,0.5606249999999999,1.0,0.953125,-0.046875,False,0.17502098378185524
cc-pvdz_b1.4,cc-pvdz,1.4,0.0005,20,0.15,1.0,0.24500000000000002,0.00375,0.921875,0.676875,True,0.17502098378185524
cc-pvdz_b1.4,cc-pvdz,1.4,0.0005,20,0.25,1.0,0.37625,0.51375,0.921875,0.40812499999999996,True,0.17502098378185524
cc-pvdz_b1.4,cc-pvdz,1.4,0.0005,20,0.35,1.0,0.44687499999999997,1.0,0.921875,-0.078125,False,0.17502098378185524
cc-pvdz_b1.4,cc-pvdz,1.4,0.0005,20,0.45,1.0,0.5118750000000001,1.0,0.921875,-0.078125,False,0.17502098378185524
cc-pvdz_b1.4,cc-pvdz,1.4,0.0005,20,0.55,1.0,0.5606249999999999,1.0,0.921875,-0.078125,False,0.17502098378185524
cc-pvdz_b1.4,cc-pvdz,1.4,0.0005,40,0.15,1.0,0.24500000000000002,0.0,0.8125,0.5675,True,0.17502098378185524
cc-pvdz_b1.4,cc-pvdz,1.4,0.0005,40,0.25,1.0,0.37625,0.36875,0.8125,0.43625,True,0.17502098378185524
cc-pvdz_b1.4,cc-pvdz,1.4,0.0005,40,0.35,1.0,0.44687499999999997,0.921875,0.8125,-0.109375,False,0.17502098378185524
cc-pvdz_b1.4,cc-pvdz,1.4,0.0005,40,0.45,1.0,0.5118750000000001,0.921875,0.8125,-0.109375,False,0.17502098378185524
cc-pvdz_b1.4,cc-pvdz,1.4,0.0005,40,0.55,1.0,0.5606249999999999,0.921875,0.8125,-0.109375,False,0.17502098378185524
cc-pvdz_b1.4,cc-pvdz,1.4,0.001,10,0.15,1.0,0.24500000000000002,0.060625000000000005,0.953125,0.708125,True,0.17502098378185524
cc-pvdz_b1.4,cc-pvdz,1.4,0.001,10,0.25,1.0,0.37625,0.5400000000000001,0.953125,0.41312499999999985,True,0.17502098378185524
cc-pvdz_b1.4,cc-pvdz,1.4,0.001,10,0.35,1.0,0.44687499999999997,1.0,0.953125,-0.046875,False,0.17502098378185524
cc-pvdz_b1.4,cc-pvdz,1.4,0.001,10,0.45,1.0,0.5118750000000001,1.0,0.953125,-0.046875,False,0.17502098378185524
cc-pvdz_b1.4,cc-pvdz,1.4,0.001,10,0.55,1.0,0.5606249999999999,1.0,0.953125,-0.046875,False,0.17502098378185524
cc-pvdz_b1.4,cc-pvdz,1.4,0.001,20,0.15,1.0,0.24500000000000002,0.048125,0.921875,0.676875,True,0.17502098378185524
cc-pvdz_b1.4,cc-pvdz,1.4,0.001,20,0.25,1.0,0.37625,0.54125,0.921875,0.380625,True,0.17502098378185524
cc-pvdz_b1.4,cc-pvdz,1.4,0.001,20,0.35,1.0,0.44687499999999997,1.0,0.921875,-0.078125,False,0.17502098378185524
cc-pvdz_b1.4,cc-pvdz,1.4,0.001,20,0.45,1.0,0.5118750000000001,1.0,0.921875,-0.078125,False,0.17502098378185524
cc-pvdz_b1.4,cc-pvdz,1.4,0.001,20,0.55,1.0,0.5606249999999999,1.0,0.921875,-0.078125,False,0.17502098378185524
cc-pvdz_b1.4,cc-pvdz,1.4,0.001,40,0.15,1.0,0.24500000000000002,0.040624999999999994,0.8125,0.5675,True,0.17502098378185524
cc-pvdz_b1.4,cc-pvdz,1.4,0.001,40,0.25,1.0,0.37625,0.429375,0.8125,0.383125,True,0.17502098378185524
cc-pvdz_b1.4,cc-pvdz,1.4,0.001,40,0.35,1.0,0.44687499999999997,0.921875,0.8125,-0.109375,False,0.17502098378185524
cc-pvdz_b1.4,cc-pvdz,1.4,0.001,40,0.45,1.0,0.5118750000000001,0.921875,0.8125,-0.109375,False,0.17502098378185524
cc-pvdz_b1.4,cc-pvdz,1.4,0.001,40,0.55,1.0,0.5606249999999999,0.921875,0.8125,-0.109375,False,0.17502098378185524
cc-pvdz_b1.4,cc-pvdz,1.4,0.002,10,0.15,1.0,0.24500000000000002,0.024375000000000004,0.96875,0.72375,True,0.17502098378185524
cc-pvdz_b1.4,cc-pvdz,1.4,0.002,10,0.25,1.0,0.37625,0.416875,0.96875,0.551875,True,0.17502098378185524
cc-pvdz_b1.4,cc-pvdz,1.4,0.002,10,0.35,1.0,0.44687499999999997,0.999375,0.96875,-0.030625000000000013,False,0.17502098378185524
cc-pvdz_b1.4,cc-pvdz,1.4,0.002,10,0.45,1.0,0.5118750000000001,1.0,0.96875,-0.03125,False,0.17502098378185524
cc-pvdz_b1.4,cc-pvdz,1.4,0.002,10,0.55,1.0,0.5606249999999999,1.0,0.96875,-0.03125,False,0.17502098378185524
cc-pvdz_b1.4,cc-pvdz,1.4,0.002,20,0.15,1.0,0.24500000000000002,0.026875000000000003,0.921875,0.676875,True,0.17502098378185524
cc-pvdz_b1.4,cc-pvdz,1.4,0.002,20,0.25,1.0,0.37625,0.44499999999999995,0.921875,0.47687500000000005,True,0.17502098378185524
cc-pvdz_b1.4,cc-pvdz,1.4,0.002,20,0.35,1.0,0.44687499999999997,0.999375,0.921875,-0.07750000000000001,False,0.17502098378185524
cc-pvdz_b1.4,cc-pvdz,1.4,0.002,20,0.45,1.0,0.5118750000000001,1.0,0.921875,-0.078125,False,0.17502098378185524
cc-pvdz_b1.4,cc-pvdz,1.4,0.002,20,0.55,1.0,0.5606249999999999,1.0,0.921875,-0.078125,False,0.17502098378185524
cc-pvdz_b1.4,cc-pvdz,1.4,0.002,40,0.15,1.0,0.24500000000000002,0.059375,0.828125,0.583125,True,0.17502098378185524
cc-pvdz_b1.4,cc-pvdz,1.4,0.002,40,0.25,1.0,0.37625,0.476875,0.828125,0.35125,True,0.17502098378185524
cc-pvdz_b1.4,cc-pvdz,1.4,0.002,40,0.35,1.0,0.44687499999999997,0.936875,0.828125,-0.10875000000000001,False,0.17502098378185524
cc-pvdz_b1.4,cc-pvdz,1.4,0.002,40,0.45,1.0,0.5118750000000001,0.9375,0.828125,-0.109375,False,0.17502098378185524
cc-pvdz_b1.4,cc-pvdz,1.4,0.002,40,0.55,1.0,0.5606249999999999,0.9375,0.828125,-0.109375,False,0.17502098378185524
cc-pvdz_b1.4,cc-pvdz,1.4,0.004,10,0.15,1.0,0.24500000000000002,0.0,0.96875,0.72375,True,0.17502098378185524
cc-pvdz_b1.4,cc-pvdz,1.4,0.004,10,0.25,1.0,0.37625,0.439375,0.96875,0.5293749999999999,True,0.17502098378185524
cc-pvdz_b1.4,cc-pvdz,1.4,0.004,10,0.35,1.0,0.44687499999999997,0.9806250000000001,0.96875,-0.01187500000000008,False,0.17502098378185524
cc-pvdz_b1.4,cc-pvdz,1.4,0.004,10,0.45,1.0,0.5118750000000001,1.0,0.96875,-0.03125,False,0.17502098378185524
cc-pvdz_b1.4,cc-pvdz,1.4,0.004,10,0.55,1.0,0.5606249999999999,1.0,0.97,-0.030000000000000027,False,0.17502098378185524
cc-pvdz_b1.4,cc-pvdz,1.4,0.004,20,0.15,1.0,0.24500000000000002,0.005625,0.9375,0.6925,True,0.17502098378185524
cc-pvdz_b1.4,cc-pvdz,1.4,0.004,20,0.25,1.0,0.37625,0.44999999999999996,0.9375,0.48750000000000004,True,0.17502098378185524
cc-pvdz_b1.4,cc-pvdz,1.4,0.004,20,0.35,1.0,0.44687499999999997,0.98125,0.9375,-0.043749999999999956,False,0.17502098378185524
cc-pvdz_b1.4,cc-pvdz,1.4,0.004,20,0.45,1.0,0.5118750000000001,1.0,0.9375,-0.0625,False,0.17502098378185524
cc-pvdz_b1.4,cc-pvdz,1.4,0.004,20,0.55,1.0,0.5606249999999999,1.0,0.93875,-0.06125000000000003,False,0.17502098378185524
cc-pvdz_b1.4,cc-pvdz,1.4,0.004,40,0.15,1.0,0.24500000000000002,0.03125,0.845,0.6,True,0.17502098378185524
cc-pvdz_b1.4,cc-pvdz,1.4,0.004,40,0.25,1.0,0.37625,0.459375,0.8475,0.38812500000000005,True,0.17502098378185524
cc-pvdz_b1.4,cc-pvdz,1.4,0.004,40,0.35,1.0,0.44687499999999997,0.93875,0.85,-0.08875,False,0.17502098378185524
cc-pvdz_b1.4,cc-pvdz,1.4,0.004,40,0.45,1.0,0.5118750000000001,0.953125,0.850625,-0.10250000000000004,False,0.17502098378185524
cc-pvdz_b1.4,cc-pvdz,1.4,0.004,40,0.55,1.0,0.5606249999999999,0.953125,0.85375,-0.09937499999999999,False,0.17502098378185524
cc-pvdz_b1.4,cc-pvdz,1.4,0.008,10,0.15,0.984375,0.24500000000000002,0.02,0.965625,0.720625,True,0.17502098378185524
cc-pvdz_b1.4,cc-pvdz,1.4,0.008,10,0.25,0.999375,0.37625,0.41500000000000004,0.98,0.565,True,0.17502098378185524
cc-pvdz_b1.4,cc-pvdz,1.4,0.008,10,0.35,1.0,0.44687499999999997,0.8881249999999999,0.981875,0.09375000000000011,True,0.17502098378185524
cc-pvdz_b1.4,cc-pvdz,1.4,0.008,10,0.45,1.0,0.5118750000000001,0.990625,0.9824999999999999,-0.008125000000000049,False,0.17502098378185524
cc-pvdz_b1.4,cc-pvdz,1.4,0.008,10,0.55,1.0,0.5606249999999999,0.999375,0.983125,-0.016249999999999987,False,0.17502098378185524
cc-pvdz_b1.4,cc-pvdz,1.4,0.008,20,0.15,0.984375,0.24500000000000002,0.019999999999999997,0.9606250000000001,0.7156250000000001,True,0.17502098378185524
cc-pvdz_b1.4,cc-pvdz,1.4,0.008,20,0.25,0.999375,0.37625,0.41374999999999995,0.9768749999999999,0.563125,True,0.17502098378185524
cc-pvdz_b1.4,cc-pvdz,1.4,0.008,20,0.35,1.0,0.44687499999999997,0.8843749999999999,0.978125,0.09375000000000011,True,0.17502098378185524
cc-pvdz_b1.4,cc-pvdz,1.4,0.008,20,0.45,1.0,0.5118750000000001,0.989375,0.97875,-0.010624999999999996,False,0.17502098378185524
cc-pvdz_b1.4,cc-pvdz,1.4,0.008,20,0.55,1.0,0.5606249999999999,1.0,0.979375,-0.020625000000000004,False,0.17502098378185524
cc-pvdz_b1.4,cc-pvdz,1.4,0.008,40,0.15,0.984375,0.24500000000000002,0.019375,0.835,0.59,True,0.17502098378185524
cc-pvdz_b1.4,cc-pvdz,1.4,0.008,40,0.25,0.999375,0.37625,0.41875,0.853125,0.434375,True,0.17502098378185524
cc-pvdz_b1.4,cc-pvdz,1.4,0.008,40,0.35,1.0,0.44687499999999997,0.8443749999999999,0.8575,0.013125000000000164,True,0.17502098378185524
cc-pvdz_b1.4,cc-pvdz,1.4,0.008,40,0.45,1.0,0.5118750000000001,0.934375,0.86375,-0.07062499999999994,False,0.17502098378185524
cc-pvdz_b1.4,cc-pvdz,1.4,0.008,40,0.55,1.0,0.5606249999999999,0.943125,0.86625,-0.07687500000000003,False,0.17502098378185524
cc-pvdz_b1.5,cc-pvdz,1.5,0.0005,10,0.15,1.0,0.24500000000000002,0.003125,0.984375,0.739375,True,-0.016543051467814835
cc-pvdz_b1.5,cc-pvdz,1.5,0.0005,10,0.25,1.0,0.37625,0.578125,0.984375,0.40625,True,-0.016543051467814835
cc-pvdz_b1.5,cc-pvdz,1.5,0.0005,10,0.35,1.0,0.44687499999999997,0.583125,0.984375,0.40125,True,-0.016543051467814835
cc-pvdz_b1.5,cc-pvdz,1.5,0.0005,10,0.45,1.0,0.5118750000000001,1.0,0.984375,-0.015625,False,-0.016543051467814835
cc-pvdz_b1.5,cc-pvdz,1.5,0.0005,10,0.55,1.0,0.5606249999999999,1.0,0.984375,-0.015625,False,-0.016543051467814835
cc-pvdz_b1.5,cc-pvdz,1.5,0.0005,20,0.15,1.0,0.24500000000000002,0.005625,0.96875,0.72375,True,-0.016543051467814835
cc-pvdz_b1.5,cc-pvdz,1.5,0.0005,20,0.25,1.0,0.37625,0.546875,0.96875,0.421875,True,-0.016543051467814835
cc-pvdz_b1.5,cc-pvdz,1.5,0.0005,20,0.35,1.0,0.44687499999999997,0.55375,0.96875,0.41500000000000004,True,-0.016543051467814835
cc-pvdz_b1.5,cc-pvdz,1.5,0.0005,20,0.45,1.0,0.5118750000000001,1.0,0.96875,-0.03125,False,-0.016543051467814835
cc-pvdz_b1.5,cc-pvdz,1.5,0.0005,20,0.55,1.0,0.5606249999999999,1.0,0.96875,-0.03125,False,-0.016543051467814835
cc-pvdz_b1.5,cc-pvdz,1.5,0.0005,40,0.15,1.0,0.24500000000000002,0.000625,0.875,0.63,True,-0.016543051467814835
cc-pvdz_b1.5,cc-pvdz,1.5,0.0005,40,0.25,1.0,0.37625,0.34375,0.875,0.49875,True,-0.016543051467814835
cc-pvdz_b1.5,cc-pvdz,1.5,0.0005,40,0.35,1.0,0.44687499999999997,0.35562499999999997,0.875,0.42812500000000003,True,-0.016543051467814835
cc-pvdz_b1.5,cc-pvdz,1.5,0.0005,40,0.45,1.0,0.5118750000000001,0.921875,0.875,-0.046875,False,-0.016543051467814835
cc-pvdz_b1.5,cc-pvdz,1.5,0.0005,40,0.55,1.0,0.5606249999999999,0.921875,0.875,-0.046875,False,-0.016543051467814835
cc-pvdz_b1.5,cc-pvdz,1.5,0.001,10,0.15,1.0,0.24500000000000002,0.09312500000000001,0.984375,0.739375,True,-0.016543051467814835
cc-pvdz_b1.5,cc-pvdz,1.5,0.001,10,0.25,1.0,0.37625,0.578125,0.984375,0.40625,True,-0.016543051467814835
cc-pvdz_b1.5,cc-pvdz,1.5,0.001,10,0.35,1.0,0.44687499999999997,0.614375,0.984375,0.37,True,-0.016543051467814835
cc-pvdz_b1.5,cc-pvdz,1.5,0.001,10,0.45,1.0,0.5118750000000001,1.0,0.984375,-0.015625,False,-0.016543051467814835
cc-pvdz_b1.5,cc-pvdz,1.5,0.001,10,0.55,1.0,0.5606249999999999,1.0,0.984375,-0.015625,False,-0.016543051467814835
cc-pvdz_b1.5,cc-pvdz,1.5,0.001,20,0.15,1.0,0.24500000000000002,0.09125000000000001,0.96875,0.72375,True,-0.016543051467814835
cc-pvdz_b1.5,cc-pvdz,1.5,0.001,20,0.25,1.0,0.37625,0.53125,0.96875,0.4375,True,-0.016543051467814835
cc-pvdz_b1.5,cc-pvdz,1.5,0.001,20,0.35,1.0,0.44687499999999997,0.589375,0.96875,0.379375,True,-0.016543051467814835
cc-pvdz_b1.5,cc-pvdz,1.5,0.001,20,0.45,1.0,0.5118750000000001,1.0,0.96875,-0.03125,False,-0.016543051467814835
cc-pvdz_b1.5,cc-pvdz,1.5,0.001,20,0.55,1.0,0.5606249999999999,1.0,0.96875,-0.03125,False,-0.016543051467814835
cc-pvdz_b1.5,cc-pvdz,1.5,0.001,40,0.15,1.0,0.24500000000000002,0.060625000000000005,0.88125,0.63625,True,-0.016543051467814835
cc-pvdz_b1.5,cc-pvdz,1.5,0.001,40,0.25,1.0,0.37625,0.3125,0.8831249999999999,0.506875,True,-0.016543051467814835
cc-pvdz_b1.5,cc-pvdz,1.5,0.001,40,0.35,1.0,0.44687499999999997,0.388125,0.884375,0.43750000000000006,True,-0.016543051467814835
cc-pvdz_b1.5,cc-pvdz,1.5,0.001,40,0.45,1.0,0.5118750000000001,0.925625,0.885,-0.04062500000000002,False,-0.016543051467814835
cc-pvdz_b1.5,cc-pvdz,1.5,0.001,40,0.55,1.0,0.5606249999999999,0.928125,0.885625,-0.04249999999999998,False,-0.016543051467814835
cc-pvdz_b1.5,cc-pvdz,1.5,0.002,10,0.15,1.0,0.24500000000000002,0.16249999999999998,1.0,0.755,True,-0.016543051467814835
cc-pvdz_b1.5,cc-pvdz,1.5,0.002,10,0.25,1.0,0.37625,0.390625,1.0,0.609375,True,-0.016543051467814835
cc-pvdz_b1.5,cc-pvdz,1.5,0.002,10,0.35,1.0,0.44687499999999997,0.565625,1.0,0.43437499999999996,True,-0.016543051467814835
cc-pvdz_b1.5,cc-pvdz,1.5,0.002,10,0.45,1.0,0.5118750000000001,1.0,1.0,0.0,False,-0.016543051467814835
cc-pvdz_b1.5,cc-pvdz,1.5,0.002,10,0.55,1.0,0.5606249999999999,1.0,1.0,0.0,False,-0.016543051467814835
cc-pvdz_b1.5,cc-pvdz,1.5,0.002,20,0.15,1.0,0.24500000000000002,0.14875,0.96875,0.72375,True,-0.016543051467814835
cc-pvdz_b1.5,cc-pvdz,1.5,0.002,20,0.25,1.0,0.37625,0.35750000000000004,0.96875,0.5925,True,-0.016543051467814835
cc-pvdz_b1.5,cc-pvdz,1.5,0.002,20,0.35,1.0,0.44687499999999997,0.5325000000000001,0.96875,0.4362499999999999,True,-0.016543051467814835
cc-pvdz_b1.5,cc-pvdz,1.5,0.002,20,0.45,1.0,0.5118750000000001,1.0,0.96875,-0.03125,False,-0.016543051467814835
cc-pvdz_b1.5,cc-pvdz,1.5,0.002,20,0.55,1.0,0.5606249999999999,1.0,0.96875,-0.03125,False,-0.016543051467814835
cc-pvdz_b1.5,cc-pvdz,1.5,0.002,40,0.15,1.0,0.24500000000000002,0.12187500000000001,0.91125,0.66625,True,-0.016543051467814835
cc-pvdz_b1.5,cc-pvdz,1.5,0.002,40,0.25,1.0,0.37625,0.29625,0.916875,0.540625,True,-0.016543051467814835
cc-pvdz_b1.5,cc-pvdz,1.5,0.002,40,0.35,1.0,0.44687499999999997,0.46687500000000004,0.919375,0.4525,True,-0.016543051467814835
cc-pvdz_b1.5,cc-pvdz,1.5,0.002,40,0.45,1.0,0.5118750000000001,0.95375,0.92375,-0.030000000000000027,False,-0.016543051467814835
cc-pvdz_b1.5,cc-pvdz,1.5,0.002,40,0.55,1.0,0.5606249999999999,0.954375,0.9275,-0.026874999999999982,False,-0.016543051467814835
cc-pvdz_b1.5,cc-pvdz,1.5,0.004,10,0.15,1.0,0.24500000000000002,0.050625,1.0,0.755,True,-0.016543051467814835
cc-pvdz_b1.5,cc-pvdz,1.5,0.004,10,0.25,1.0,0.37625,0.06937499999999999,1.0,0.62375,True,-0.016543051467814835
cc-pvdz_b1.5,cc-pvdz,1.5,0.004,10,0.35,1.0,0.44687499999999997,0.40375,1.0,0.5531250000000001,True,-0.016543051467814835
cc-pvdz_b1.5,cc-pvdz,1.5,0.004,10,0.45,1.0,0.5118750000000001,0.9775,1.0,0.022499999999999964,True,-0.016543051467814835
cc-pvdz_b1.5,cc-pvdz,1.5,0.004,10,0.55,1.0,0.5606249999999999,1.0,1.0,0.0,False,-0.016543051467814835
cc-pvdz_b1.5,cc-pvdz,1.5,0.004,20,0.15,1.0,0.24500000000000002,0.0775,0.993125,0.748125,True,-0.016543051467814835
cc-pvdz_b1.5,cc-pvdz,1.5,0.004,20,0.25,1.0,0.37625,0.129375,0.99375,0.6175,True,-0.016543051467814835
cc-pvdz_b1.5,cc-pvdz,1.5,0.004,20,0.35,1.0,0.44687499999999997,0.45,0.995,0.5449999999999999,True,-0.016543051467814835
cc-pvdz_b1.5,cc-pvdz,1.5,0.004,20,0.45,1.0,0.5118750000000001,0.975625,0.995625,0.020000000000000018,True,-0.016543051467814835
cc-pvdz_b1.5,cc-pvdz,1.5,0.004,20,0.55,1.0,0.5606249999999999,1.0,0.99625,-0.003750000000000031,False,-0.016543051467814835
cc-pvdz_b1.5,cc-pvdz,1.5,0.004,40,0.15,1.0,0.24500000000000002,0.0625,0.92375,0.67875,True,-0.016543051467814835
cc-pvdz_b1.5,cc-pvdz,1.5,0.004,40,0.25,1.0,0.37625,0.11875000000000001,0.92625,0.55,True,-0.016543051467814835
cc-pvdz_b1.5,cc-pvdz,1.5,0.004,40,0.35,1.0,0.44687499999999997,0.435625,0.92875,0.481875,True,-0.016543051467814835
cc-pvdz_b1.5,cc-pvdz,1.5,0.004,40,0.45,1.0,0.5118750000000001,0.9475,0.93,-0.01749999999999996,False,-0.016543051467814835
cc-pvdz_b1.5,cc-pvdz,1.5,0.004,40,0.55,1.0,0.5606249999999999,0.97375,0.93125,-0.04249999999999998,False,-0.016543051467814835
cc-pvdz_b1.5,cc-pvdz,1.5,0.008,10,0.15,0.9875,0.24500000000000002,0.015625,0.9718749999999999,0.7268749999999999,True,-0.016543051467814835
cc-pvdz_b1.5,cc-pvdz,1.5,0.008,10,0.25,1.0,0.37625,0.033125,0.985625,0.609375,True,-0.016543051467814835
cc-pvdz_b1.5,cc-pvdz,1.5,0.008,10,0.35,1.0,0.44687499999999997,0.391875,0.9862500000000001,0.5393750000000002,True,-0.016543051467814835
cc-pvdz_b1.5,cc-pvdz,1.5,0.008,10,0.45,1.0,0.5118750000000001,0.875625,0.9875,0.11187500000000006,True,-0.016543051467814835
cc-pvdz_b1.5,cc-pvdz,1.5,0.008,10,0.55,1.0,0.5606249999999999,0.99125,0.988125,-0.0031249999999999334,False,-0.016543051467814835
cc-pvdz_b1.5,cc-pvdz,1.5,0.008,20,0.15,0.9875,0.24500000000000002,0.02375,0.979375,0.734375,True,-0.016543051467814835
cc-pvdz_b1.5,cc-pvdz,1.5,0.008,20,0.25,1.0,0.37625,0.052500000000000005,0.99625,0.62,True,-0.016543051467814835
cc-pvdz_b1.5,cc-pvdz,1.5,0.008,20,0.35,1.0,0.44687499999999997,0.41312499999999996,0.996875,0.55,True,-0.016543051467814835
cc-pvdz_b1.5,cc-pvdz,1.5,0.008,20,0.45,1.0,0.5118750000000001,0.885625,0.9975,0.11187500000000006,True,-0.016543051467814835
cc-pvdz_b1.5,cc-pvdz,1.5,0.008,20,0.55,1.0,0.5606249999999999,0.9906250000000001,0.9981249999999999,0.00749999999999984,True,-0.016543051467814835
cc-pvdz_b1.5,cc-pvdz,1.5,0.008,40,0.15,0.9875,0.24500000000000002,0.03937500000000001,0.899375,0.654375,True,-0.016543051467814835
cc-pvdz_b1.5,cc-pvdz,1.5,0.008,40,0.25,1.0,0.37625,0.07625000000000001,0.915,0.5387500000000001,True,-0.016543051467814835
cc-pvdz_b1.5,cc-pvdz,1.5,0.008,40,0.35,1.0,0.44687499999999997,0.420625,0.91875,0.471875,True,-0.016543051467814835
cc-pvdz_b1.5,cc-pvdz,1.5,0.008,40,0.45,1.0,0.5118750000000001,0.853125,0.920625,0.0675,True,-0.016543051467814835
cc-pvdz_b1.5,cc-pvdz,1.5,0.008,40,0.55,1.0,0.5606249999999999,0.96375,0.9225,-0.04125000000000001,False,-0.016543051467814835
cc-pvdz_b1.6,cc-pvdz,1.6,0.0005,10,0.15,1.0,0.24500000000000002,0.004375,0.984375,0.739375,True,0.04232619582267168
cc-pvdz_b1.6,cc-pvdz,1.6,0.0005,10,0.25,1.0,0.37625,0.578125,0.984375,0.40625,True,0.04232619582267168
cc-pvdz_b1.6,cc-pvdz,1.6,0.0005,10,0.35,1.0,0.44687499999999997,0.578125,0.984375,0.40625,True,0.04232619582267168
cc-pvdz_b1.6,cc-pvdz,1.6,0.0005,10,0.45,1.0,0.5118750000000001,1.0,0.984375,-0.015625,False,0.04232619582267168
cc-pvdz_b1.6,cc-pvdz,1.6,0.0005,10,0.55,1.0,0.5606249999999999,1.0,0.984375,-0.015625,False,0.04232619582267168
cc-pvdz_b1.6,cc-pvdz,1.6,0.0005,20,0.15,1.0,0.24500000000000002,0.005625,0.96875,0.72375,True,0.04232619582267168
cc-pvdz_b1.6,cc-pvdz,1.6,0.0005,20,0.25,1.0,0.37625,0.546875,0.96875,0.421875,True,0.04232619582267168
cc-pvdz_b1.6,cc-pvdz,1.6,0.0005,20,0.35,1.0,0.44687499999999997,0.5475,0.96875,0.42125,True,0.04232619582267168
cc-pvdz_b1.6,cc-pvdz,1.6,0.0005,20,0.45,1.0,0.5118750000000001,1.0,0.96875,-0.03125,False,0.04232619582267168
cc-pvdz_b1.6,cc-pvdz,1.6,0.0005,20,0.55,1.0,0.5606249999999999,1.0,0.96875,-0.03125,False,0.04232619582267168
cc-pvdz_b1.6,cc-pvdz,1.6,0.0005,40,0.15,1.0,0.24500000000000002,0.003125,0.9625,0.7175,True,0.04232619582267168
cc-pvdz_b1.6,cc-pvdz,1.6,0.0005,40,0.25,1.0,0.37625,0.34375,0.9706250000000001,0.5943750000000001,True,0.04232619582267168
cc-pvdz_b1.6,cc-pvdz,1.6,0.0005,40,0.35,1.0,0.44687499999999997,0.34375,0.97375,0.526875,True,0.04232619582267168
cc-pvdz_b1.6,cc-pvdz,1.6,0.0005,40,0.45,1.0,0.5118750000000001,0.973125,0.97875,0.005624999999999991,True,0.04232619582267168
cc-pvdz_b1.6,cc-pvdz,1.6,0.0005,40,0.55,1.0,0.5606249999999999,0.97375,0.980625,0.0068749999999999645,True,0.04232619582267168
cc-pvdz_b1.6,cc-pvdz,1.6,0.001,10,0.15,1.0,0.24500000000000002,0.096875,1.0,0.755,True,0.04232619582267168
cc-pvdz_b1.6,cc-pvdz,1.6,0.001,10,0.25,1.0,0.37625,0.5625,1.0,0.4375,True,0.04232619582267168
cc-pvdz_b1.6,cc-pvdz,1.6,0.001,10,0.35,1.0,0.44687499999999997,0.58125,1.0,0.41874999999999996,True,0.04232619582267168
cc-pvdz_b1.6,cc-pvdz,1.6,0.001,10,0.45,1.0,0.5118750000000001,1.0,1.0,0.0,False,0.04232619582267168
cc-pvdz_b1.6,cc-pvdz,1.6,0.001,10,0.55,1.0,0.5606249999999999,1.0,1.0,0.0,False,0.04232619582267168
cc-pvdz_b1.6,cc-pvdz,1.6,0.001,20,0.15,1.0,0.24500000000000002,0.08374999999999999,1.0,0.755,True,0.04232619582267168
cc-pvdz_b1.6,cc-pvdz,1.6,0.001,20,0.25,1.0,0.37625,0.53125,1.0,0.46875,True,0.04232619582267168
cc-pvdz_b1.6,cc-pvdz,1.6,0.001,20,0.35,1.0,0.44687499999999997,0.5531250000000001,1.0,0.4468749999999999,True,0.04232619582267168
cc-pvdz_b1.6,cc-pvdz,1.6,0.001,20,0.45,1.0,0.5118750000000001,1.0,1.0,0.0,False,0.04232619582267168
cc-pvdz_b1.6,cc-pvdz,1.6,0.001,20,0.55,1.0,0.5606249999999999,1.0,1.0,0.0,False,0.04232619582267168
cc-pvdz_b1.6,cc-pvdz,1.6,0.001,40,0.15,1.0,0.24500000000000002,0.056875,0.985,0.74,True,0.04232619582267168
cc-pvdz_b1.6,cc-pvdz,1.6,0.001,40,0.25,1.0,0.37625,0.296875,0.988125,0.6118750000000001,True,0.04232619582267168
cc-pvdz_b1.6,cc-pvdz,1.6,0.001,40,0.35,1.0,0.44687499999999997,0.33375,0.990625,0.54375,True,0.04232619582267168
cc-pvdz_b1.6,cc-pvdz,1.6,0.001,40,0.45,1.0,0.5118750000000001,0.985625,0.9924999999999999,0.0068749999999999645,True,0.04232619582267168
cc-pvdz_b1.6,cc-pvdz,1.6,0.001,40,0.55,1.0,0.5606249999999999,0.9875,0.99375,0.006249999999999978,True,0.04232619582267168
cc-pvdz_b1.6,cc-pvdz,1.6,0.002,10,0.15,1.0,0.24500000000000002,0.16375,1.0,0.755,True,0.04232619582267168
cc-pvdz_b1.6,cc-pvdz,1.6,0.002,10,0.25,1.0,0.37625,0.373125,1.0,0.62375,True,0.04232619582267168
cc-pvdz_b1.6,cc-pvdz,1.6,0.002,10,0.35,1.0,0.44687499999999997,0.4875,1.0,0.5125,True,0.04232619582267168
cc-pvdz_b1.6,cc-pvdz,1.6,0.002,10,0.45,1.0,0.5118750000000001,0.99875,1.0,0.0012499999999999734,True,0.04232619582267168
cc-pvdz_b1.6,cc-pvdz,1.6,0.002,10,0.55,1.0,0.5606249999999999,1.0,1.0,0.0,False,0.04232619582267168
cc-pvdz_b1.6,cc-pvdz,1.6,0.002,20,0.15,1.0,0.24500000000000002,0.174375,1.0,0.755,True,0.04232619582267168
cc-pvdz_b1.6,cc-pvdz,1.6,0.002,20,0.25,1.0,0.37625,0.39437500000000003,1.0,0.605625,True,0.04232619582267168
cc-pvdz_b1.6,cc-pvdz,1.6,0.002,20,0.35,1.0,0.44687499999999997,0.510625,1.0,0.489375,True,0.04232619582267168
cc-pvdz_b1.6,cc-pvdz,1.6,0.002,20,0.45,1.0,0.5118750000000001,0.998125,1.0,0.00187499999999996,True,0.04232619582267168
cc-pvdz_b1.6,cc-pvdz,1.6,0.002,20,0.55,1.0,0.5606249999999999,1.0,1.0,0.0,False,0.04232619582267168
cc-pvdz_b1.6,cc-pvdz,1.6,0.002,40,0.15,1.0,0.24500000000000002,0.1175,0.969375,0.724375,True,0.04232619582267168
cc-pvdz_b1.6,cc-pvdz,1.6,0.002,40,0.25,1.0,0.37625,0.280625,0.975,0.59875,True,0.04232619582267168
cc-pvdz_b1.6,cc-pvdz,1.6,0.002,40,0.35,1.0,0.44687499999999997,0.4125,0.98,0.5331250000000001,True,0.04232619582267168
cc-pvdz_b1.6,cc-pvdz,1.6,0.002,40,0.45,1.0,0.5118750000000001,0.98375,0.9824999999999999,-0.0012500000000000844,False,0.04232619582267168
cc-pvdz_b1.6,cc-pvdz,1.6,0.002,40,0.55,1.0,0.5606249999999999,0.985625,0.9868750000000001,0.0012500000000000844,True,0.04232619582267168
cc-pvdz_b1.6,cc-pvdz,1.6,0.004,10,0.15,1.0,0.24500000000000002,0.014374999999999999,1.0,0.755,True,0.04232619582267168
cc-pvdz_b1.6,cc-pvdz,1.6,0.004,10,0.25,1.0,0.37625,0.021875,1.0,0.62375,True,0.04232619582267168
cc-pvdz_b1.6,cc-pvdz,1.6,0.004,10,0.35,1.0,0.44687499999999997,0.3075,1.0,0.5531250000000001,True,0.04232619582267168
cc-pvdz_b1.6,cc-pvdz,1.6,0.004,10,0.45,1.0,0.5118750000000001,0.968125,1.0,0.03187499999999999,True,0.04232619582267168
cc-pvdz_b1.6,cc-pvdz,1.6,0.004,10,0.55,1.0,0.5606249999999999,1.0,1.0,0.0,False,0.04232619582267168
cc-pvdz_b1.6,cc-pvdz,1.6,0.004,20,0.15,1.0,0.24500000000000002,0.04625,0.995,0.75,True,0.04232619582267168
cc-pvdz_b1.6,cc-pvdz,1.6,0.004,20,0.25,1.0,0.37625,0.08125,0.995625,0.619375,True,0.04232619582267168
cc-pvdz_b1.6,cc-pvdz,1.6,0.004,20,0.35,1.0,0.44687499999999997,0.358125,0.99625,0.549375,True,0.04232619582267168
cc-pvdz_b1.6,cc-pvdz,1.6,0.004,20,0.45,1.0,0.5118750000000001,0.9631249999999999,0.996875,0.03375000000000006,True,0.04232619582267168
cc-pvdz_b1.6,cc-pvdz,1.6,0.004,20,0.55,1.0,0.5606249999999999,1.0,0.9975,-0.0024999999999999467,False,0.04232619582267168
cc-pvdz_b1.6,cc-pvdz,1.6,0.004,40,0.15,1.0,0.24500000000000002,0.059375,0.95625,0.71125,True,0.04232619582267168
cc-pvdz_b1.6,cc-pvdz,1.6,0.004,40,0.25,1.0,0.37625,0.11125,0.956875,0.5806250000000001,True,0.04232619582267168
cc-pvdz_b1.6,cc-pvdz,1.6,0.004,40,0.35,1.0,0.44687499999999997,0.389375,0.9575,0.5106250000000001,True,0.04232619582267168
cc-pvdz_b1.6,cc-pvdz,1.6,0.004,40,0.45,1.0,0.5118750000000001,0.96,0.958125,-0.00187499999999996,False,0.04232619582267168
cc-pvdz_b1.6,cc-pvdz,1.6,0.004,40,0.55,1.0,0.5606249999999999,0.99875,0.95875,-0.040000000000000036,False,0.04232619582267168
cc-pvdz_b1.6,cc-pvdz,1.6,0.008,10,0.15,0.98625,0.24500000000000002,0.01125,0.986875,0.74125,True,0.04232619582267168
cc-pvdz_b1.6,cc-pvdz,1.6,0.008,10,0.25,0.999375,0.37625,0.023125,0.999375,0.623125,True,0.04232619582267168
cc-pvdz_b1.6,cc-pvdz,1.6,0.008,10,0.35,1.0,0.44687499999999997,0.3375,1.0,0.5531250000000001,True,0.04232619582267168
cc-pvdz_b1.6,cc-pvdz,1.6,0.008,10,0.45,1.0,0.5118750000000001,0.858125,1.0,0.14187499999999997,True,0.04232619582267168
cc-pvdz_b1.6,cc-pvdz,1.6,0.008,10,0.55,1.0,0.5606249999999999,0.9862500000000001,1.0,0.013749999999999929,True,0.04232619582267168
cc-pvdz_b1.6,cc-pvdz,1.6,0.008,20,0.15,0.98625,0.24500000000000002,0.0175,0.9775,0.7325,True,0.04232619582267168
cc-pvdz_b1.6,cc-pvdz,1.6,0.008,20,0.25,0.999375,0.37625,0.04,0.995,0.61875,True,0.04232619582267168
cc-pvdz_b1.6,cc-pvdz,1.6,0.008,20,0.35,1.0,0.44687499999999997,0.36,0.99625,0.549375,True,0.04232619582267168
cc-pvdz_b1.6,cc-pvdz,1.6,0.008,20,0.45,1.0,0.5118750000000001,0.87125,0.996875,0.125625,True,0.04232619582267168
cc-pvdz_b1.6,cc-pvdz,1.6,0.008,20,0.55,1.0,0.5606249999999999,0.988125,0.9975,0.009375000000000022,True,0.04232619582267168
cc-pvdz_b1.6,cc-pvdz,1.6,0.008,40,0.15,0.98625,0.24500000000000002,0.03125,0.9375,0.6925,True,0.04232619582267168
cc-pvdz_b1.6,cc-pvdz,1.6,0.008,40,0.25,0.999375,0.37625,0.059375000000000004,0.9512499999999999,0.575,True,0.04232619582267168
cc-pvdz_b1.6,cc-pvdz,1.6,0.008,40,0.35,1.0,0.44687499999999997,0.3925,0.951875,0.5050000000000001,True,0.04232619582267168
cc-pvdz_b1.6,cc-pvdz,1.6,0.008,40,0.45,1.0,0.5118750000000001,0.8575,0.953125,0.09562499999999996,True,0.04232619582267168
cc-pvdz_b1.6,cc-pvdz,1.6,0.008,40,0.55,1.0,0.5606249999999999,0.990625,0.953125,-0.03749999999999998,False,0.04232619582267168
cc-pvdz_b1.7,cc-pvdz,1.7,0.0005,10,0.15,1.0,0.24500000000000002,0.01125,1.0,0.755,True,0.07804261436989225
cc-pvdz_b1.7,cc-pvdz,1.7,0.0005,10,0.25,1.0,0.37625,0.578125,1.0,0.421875,True,0.07804261436989225
cc-pvdz_b1.7,cc-pvdz,1.7,0.0005,10,0.35,1.0,0.44687499999999997,0.578125,1.0,0.421875,True,0.07804261436989225
cc-pvdz_b1.7,cc-pvdz,1.7,0.0005,10,0.45,1.0,0.5118750000000001,1.0,1.0,0.0,False,0.07804261436989225
cc-pvdz_b1.7,cc-pvdz,1.7,0.0005,10,0.55,1.0,0.5606249999999999,1.0,1.0,0.0,False,0.07804261436989225
cc-pvdz_b1.7,cc-pvdz,1.7,0.0005,20,0.15,1.0,0.24500000000000002,0.013125,1.0,0.755,True,0.07804261436989225
cc-pvdz_b1.7,cc-pvdz,1.7,0.0005,20,0.25,1.0,0.37625,0.546875,1.0,0.453125,True,0.07804261436989225
cc-pvdz_b1.7,cc-pvdz,1.7,0.0005,20,0.35,1.0,0.44687499999999997,0.546875,1.0,0.453125,True,0.07804261436989225
cc-pvdz_b1.7,cc-pvdz,1.7,0.0005,20,0.45,1.0,0.5118750000000001,1.0,1.0,0.0,False,0.07804261436989225
cc-pvdz_b1.7,cc-pvdz,1.7,0.0005,20,0.55,1.0,0.5606249999999999,1.0,1.0,0.0,False,0.07804261436989225
cc-pvdz_b1.7,cc-pvdz,1.7,0.0005,40,0.15,1.0,0.24500000000000002,0.004375,0.999375,0.754375,True,0.07804261436989225
cc-pvdz_b1.7,cc-pvdz,1.7,0.0005,40,0.25,1.0,0.37625,0.34375,1.0,0.62375,True,0.07804261436989225
cc-pvdz_b1.7,cc-pvdz,1.7,0.0005,40,0.35,1.0,0.44687499999999997,0.34375,1.0,0.5531250000000001,True,0.07804261436989225
cc-pvdz_b1.7,cc-pvdz,1.7,0.0005,40,0.45,1.0,0.5118750000000001,1.0,1.0,0.0,False,0.07804261436989225
cc-pvdz_b1.7,cc-pvdz,1.7,0.0005,40,0.55,1.0,0.5606249999999999,1.0,1.0,0.0,False,0.07804261436989225
cc-pvdz_b1.7,cc-pvdz,1.7,0.001,10,0.15,1.0,0.24500000000000002,0.11000000000000001,1.0,0.755,True,0.07804261436989225
cc-pvdz_b1.7,cc-pvdz,1.7,0.001,10,0.25,1.0,0.37625,0.578125,1.0,0.421875,True,0.07804261436989225
cc-pvdz_b1.7,cc-pvdz,1.7,0.001,10,0.35,1.0,0.44687499999999997,0.585,1.0,0.41500000000000004,True,0.07804261436989225
cc-pvdz_b1.7,cc-pvdz,1.7,0.001,10,0.45,1.0,0.5118750000000001,1.0,1.0,0.0,False,0.07804261436989225
cc-pvdz_b1.7,cc-pvdz,1.7,0.001,10,0.55,1.0,0.5606249999999999,1.0,1.0,0.0,False,0.07804261436989225
cc-pvdz_b1.7,cc-pvdz,1.7,0.001,20,0.15,1.0,0.24500000000000002,0.100625,1.0,0.755,True,0.07804261436989225
cc-pvdz_b1.7,cc-pvdz,1.7,0.001,20,0.25,1.0,0.37625,0.503125,1.0,0.49687499999999996,True,0.07804261436989225
cc-pvdz_b1.7,cc-pvdz,1.7,0.001,20,0.35,1.0,0.44687499999999997,0.514375,1.0,0.485625,True,0.07804261436989225
cc-pvdz_b1.7,cc-pvdz,1.7,0.001,20,0.45,1.0,0.5118750000000001,1.0,1.0,0.0,False,0.07804261436989225
cc-pvdz_b1.7,cc-pvdz,1.7,0.001,20,0.55,1.0,0.5606249999999999,1.0,1.0,0.0,False,0.07804261436989225
cc-pvdz_b1.7,cc-pvdz,1.7,0.001,40,0.15,1.0,0.24500000000000002,0.055625,0.993125,0.748125,True,0.07804261436989225
cc-pvdz_b1.7,cc-pvdz,1.7,0.001,40,0.25,1.0,0.37625,0.296875,0.99375,0.6175,True,0.07804261436989225
cc-pvdz_b1.7,cc-pvdz,1.7,0.001,40,0.35,1.0,0.44687499999999997,0.313125,0.994375,0.5475000000000001,True,0.07804261436989225
cc-pvdz_b1.7,cc-pvdz,1.7,0.001,40,0.45,1.0,0.5118750000000001,0.99875,0.995625,-0.0031250000000000444,False,0.07804261436989225
cc-pvdz_b1.7,cc-pvdz,1.7,0.001,40,0.55,1.0,0.5606249999999999,0.999375,0.99625,-0.0031250000000000444,False,0.07804261436989225
cc-pvdz_b1.7,cc-pvdz,1.7,0.002,10,0.15,1.0,0.24500000000000002,0.15125,1.0,0.755,True,0.07804261436989225
cc-pvdz_b1.7,cc-pvdz,1.7,0.002,10,0.25,1.0,0.37625,0.34562499999999996,1.0,0.62375,True,0.07804261436989225
cc-pvdz_b1.7,cc-pvdz,1.7,0.002,10,0.35,1.0,0.44687499999999997,0.418125,1.0,0.5531250000000001,True,0.07804261436989225
cc-pvdz_b1.7,cc-pvdz,1.7,0.002,10,0.45,1.0,0.5118750000000001,0.995,1.0,0.0050000000000000044,True,0.07804261436989225
cc-pvdz_b1.7,cc-pvdz,1.7,0.002,10,0.55,1.0,0.5606249999999999,1.0,1.0,0.0,False,0.07804261436989225
cc-pvdz_b1.7,cc-pvdz,1.7,0.002,20,0.15,1.0,0.24500000000000002,0.15875,1.0,0.755,True,0.07804261436989225
cc-pvdz_b1.7,cc-pvdz,1.7,0.002,20,0.25,1.0,0.37625,0.354375,1.0,0.62375,True,0.07804261436989225
cc-pvdz_b1.7,cc-pvdz,1.7,0.002,20,0.35,1.0,0.44687499999999997,0.44125000000000003,1.0,0.5531250000000001,True,0.07804261436989225
cc-pvdz_b1.7,cc-pvdz,1.7,0.002,20,0.45,1.0,0.5118750000000001,0.996875,1.0,0.0031250000000000444,True,0.07804261436989225
cc-pvdz_b1.7,cc-pvdz,1.7,0.002,20,0.55,1.0,0.5606249999999999,1.0,1.0,0.0,False,0.07804261436989225
cc-pvdz_b1.7,cc-pvdz,1.7,0.002,40,0.15,1.0,0.24500000000000002,0.108125,0.988125,0.743125,True,0.07804261436989225
cc-pvdz_b1.7,cc-pvdz,1.7,0.002,40,0.25,1.0,0.37625,0.26375,0.989375,0.613125,True,0.07804261436989225
cc-pvdz_b1.7,cc-pvdz,1.7,0.002,40,0.35,1.0,0.44687499999999997,0.350625,0.9924999999999999,0.545625,True,0.07804261436989225
cc-pvdz_b1.7,cc-pvdz,1.7,0.002,40,0.45,1.0,0.5118750000000001,0.99375,0.993125,-0.0006249999999999867,False,0.07804261436989225
cc-pvdz_b1.7,cc-pvdz,1.7,0.002,40,0.55,1.0,0.5606249999999999,0.9981249999999999,0.99375,-0.004374999999999907,False,0.07804261436989225
cc-pvdz_b1.7,cc-pvdz,1.7,0.004,10,0.15,1.0,0.24500000000000002,0.019375,1.0,0.755,True,0.07804261436989225
cc-pvdz_b1.7,cc-pvdz,1.7,0.004,10,0.25,1.0,0.37625,0.031875,1.0,0.62375,True,0.07804261436989225
cc-pvdz_b1.7,cc-pvdz,1.7,0.004,10,0.35,1.0,0.44687499999999997,0.275,1.0,0.5531250000000001,True,0.07804261436989225
cc-pvdz_b1.7,cc-pvdz,1.7,0.004,10,0.45,1.0,0.5118750000000001,0.951875,1.0,0.04812499999999997,True,0.07804261436989225
cc-pvdz_b1.7,cc-pvdz,1.7,0.004,10,0.55,1.0,0.5606249999999999,1.0,1.0,0.0,False,0.07804261436989225
cc-pvdz_b1.7,cc-pvdz,1.7,0.004,20,0.15,1.0,0.24500000000000002,0.041875,1.0,0.755,True,0.07804261436989225
cc-pvdz_b1.7,cc-pvdz,1.7,0.004,20,0.25,1.0,0.37625,0.071875,1.0,0.62375,True,0.07804261436989225
cc-pvdz_b1.7,cc-pvdz,1.7,0.004,20,0.35,1.0,0.44687499999999997,0.314375,1.0,0.5531250000000001,True,0.07804261436989225
cc-pvdz_b1.7,cc-pvdz,1.7,0.004,20,0.45,1.0,0.5118750000000001,0.9581249999999999,1.0,0.04187500000000011,True,0.07804261436989225
cc-pvdz_b1.7,cc-pvdz,1.7,0.004,20,0.55,1.0,0.5606249999999999,1.0,1.0,0.0,False,0.07804261436989225
cc-pvdz_b1.7,cc-pvdz,1.7,0.004,40,0.15,1.0,0.24500000000000002,0.060000000000000005,0.984375,0.739375,True,0.07804261436989225
cc-pvdz_b1.7,cc-pvdz,1.7,0.004,40,0.25,1.0,0.37625,0.103125,0.984375,0.608125,True,0.07804261436989225
cc-pvdz_b1.7,cc-pvdz,1.7,0.004,40,0.35,1.0,0.44687499999999997,0.325,0.984375,0.5375000000000001,True,0.07804261436989225
cc-pvdz_b1.7,cc-pvdz,1.7,0.004,40,0.45,1.0,0.5118750000000001,0.944375,0.985,0.04062500000000002,True,0.07804261436989225
cc-pvdz_b1.7,cc-pvdz,1.7,0.004,40,0.55,1.0,0.5606249999999999,0.996875,0.986875,-0.010000000000000009,False,0.07804261436989225
cc-pvdz_b1.7,cc-pvdz,1.7,0.008,10,0.15,0.98375,0.24500000000000002,0.00875,0.983125,0.738125,True,0.07804261436989225
cc-pvdz_b1.7,cc-pvdz,1.7,0.008,10,0.25,0.99875,0.37625,0.023124999999999996,0.99875,0.6225,True,0.07804261436989225
cc-pvdz_b1.7,cc-pvdz,1.7,0.008,10,0.35,1.0,0.44687499999999997,0.315625,1.0,0.5531250000000001,True,0.07804261436989225
cc-pvdz_b1.7,cc-pvdz,1.7,0.008,10,0.45,1.0,0.5118750000000001,0.840625,1.0,0.15937500000000004,True,0.07804261436989225
cc-pvdz_b1.7,cc-pvdz,1.7,0.008,10,0.55,1.0,0.5606249999999999,0.984375,1.0,0.015625,True,0.07804261436989225
cc-pvdz_b1.7,cc-pvdz,1.7,0.008,20,0.15,0.98375,0.24500000000000002,0.015625,0.98,0.735,True,0.07804261436989225
cc-pvdz_b1.7,cc-pvdz,1.7,0.008,20,0.25,0.99875,0.37625,0.039375,0.999375,0.6225,True,0.07804261436989225
cc-pvdz_b1.7,cc-pvdz,1.7,0.008,20,0.35,1.0,0.44687499999999997,0.32875,1.0,0.5531250000000001,True,0.07804261436989225
cc-pvdz_b1.7,cc-pvdz,1.7,0.008,20,0.45,1.0,0.5118750000000001,0.845625,1.0,0.15437500000000004,True,0.07804261436989225
cc-pvdz_b1.7,cc-pvdz,1.7,0.008,20,0.55,1.0,0.5606249999999999,0.9875,1.0,0.012499999999999956,True,0.07804261436989225
cc-pvdz_b1.7,cc-pvdz,1.7,0.008,40,0.15,0.98375,0.24500000000000002,0.04125,0.96875,0.72375,True,0.07804261436989225
cc-pvdz_b1.7,cc-pvdz,1.7,0.008,40,0.25,0.99875,0.37625,0.06812499999999999,0.98375,0.6075,True,0.07804261436989225
cc-pvdz_b1.7,cc-pvdz,1.7,0.008,40,0.35,1.0,0.44687499999999997,0.376875,0.984375,0.5375000000000001,True,0.07804261436989225
cc-pvdz_b1.7,cc-pvdz,1.7,0.008,40,0.45,1.0,0.5118750000000001,0.850625,0.984375,0.13375000000000004,True,0.07804261436989225
cc-pvdz_b1.7,cc-pvdz,1.7,0.008,40,0.55,1.0,0.5606249999999999,0.989375,0.984375,-0.0050000000000000044,False,0.07804261436989225
cc-pvdz_b1.8,cc-pvdz,1.8,0.0005,10,0.15,1.0,0.24500000000000002,0.011875,1.0,0.755,True,0.09801546242945829
cc-pvdz_b1.8,cc-pvdz,1.8,0.0005,10,0.25,1.0,0.37625,0.578125,1.0,0.421875,True,0.09801546242945829
cc-pvdz_b1.8,cc-pvdz,1.8,0.0005,10,0.35,1.0,0.44687499999999997,0.578125,1.0,0.421875,True,0.09801546242945829
cc-pvdz_b1.8,cc-pvdz,1.8,0.0005,10,0.45,1.0,0.5118750000000001,1.0,1.0,0.0,False,0.09801546242945829
cc-pvdz_b1.8,cc-pvdz,1.8,0.0005,10,0.55,1.0,0.5606249999999999,1.0,1.0,0.0,False,0.09801546242945829
cc-pvdz_b1.8,cc-pvdz,1.8,0.0005,20,0.15,1.0,0.24500000000000002,0.01375,1.0,0.755,True,0.09801546242945829
cc-pvdz_b1.8,cc-pvdz,1.8,0.0005,20,0.25,1.0,0.37625,0.546875,1.0,0.453125,True,0.09801546242945829
cc-pvdz_b1.8,cc-pvdz,1.8,0.0005,20,0.35,1.0,0.44687499999999997,0.546875,1.0,0.453125,True,0.09801546242945829
cc-pvdz_b1.8,cc-pvdz,1.8,0.0005,20,0.45,1.0,0.5118750000000001,1.0,1.0,0.0,False,0.09801546242945829
cc-pvdz_b1.8,cc-pvdz,1.8,0.0005,20,0.55,1.0,0.5606249999999999,1.0,1.0,0.0,False,0.09801546242945829
cc-pvdz_b1.8,cc-pvdz,1.8,0.0005,40,0.15,1.0,0.24500000000000002,0.005,1.0,0.755,True,0.09801546242945829
cc-pvdz_b1.8,cc-pvdz,1.8,0.0005,40,0.25,1.0,0.37625,0.34375,1.0,0.62375,True,0.09801546242945829
cc-pvdz_b1.8,cc-pvdz,1.8,0.0005,40,0.35,1.0,0.44687499999999997,0.34375,1.0,0.5531250000000001,True,0.09801546242945829
cc-pvdz_b1.8,cc-pvdz,1.8,0.0005,40,0.45,1.0,0.5118750000000001,1.0,1.0,0.0,False,0.09801546242945829
cc-pvdz_b1.8,cc-pvdz,1.8,0.0005,40,0.55,1.0,0.5606249999999999,1.0,1.0,0.0,False,0.09801546242945829
cc-pvdz_b1.8,cc-pvdz,1.8,0.001,10,0.15,1.0,0.24500000000000002,0.11625000000000002,1.0,0.755,True,0.09801546242945829
cc-pvdz_b1.8,cc-pvdz,1.8,0.001,10,0.25,1.0,0.37625,0.578125,1.0,0.421875,True,0.09801546242945829
cc-pvdz_b1.8,cc-pvdz,1.8,0.001,10,0.35,1.0,0.44687499999999997,0.58125,1.0,0.41874999999999996,True,0.09801546242945829
cc-pvdz_b1.8,cc-pvdz,1.8,0.001,10,0.45,1.0,0.5118750000000001,1.0,1.0,0.0,False,0.09801546242945829
cc-pvdz_b1.8,cc-pvdz,1.8,0.001,10,0.55,1.0,0.5606249999999999,1.0,1.0,0.0,False,0.09801546242945829
cc-pvdz_b1.8,cc-pvdz,1.8,0.001,20,0.15,1.0,0.24500000000000002,0.12187500000000001,1.0,0.755,True,0.09801546242945829
cc-pvdz_b1.8,cc-pvdz,1.8,0.001,20,0.25,1.0,0.37625,0.5025,1.0,0.49750000000000005,True,0.09801546242945829
cc-pvdz_b1.8,cc-pvdz,1.8,0.001,20,0.35,1.0,0.44687499999999997,0.50875,1.0,0.49124999999999996,True,0.09801546242945829
cc-pvdz_b1.8,cc-pvdz,1.8,0.001,20,0.45,1.0,0.5118750000000001,1.0,1.0,0.0,False,0.09801546242945829
cc-pvdz_b1.8,cc-pvdz,1.8,0.001,20,0.55,1.0,0.5606249999999999,1.0,1.0,0.0,False,0.09801546242945829
cc-pvdz_b1.8,cc-pvdz,1.8,0.001,40,0.15,1.0,0.24500000000000002,0.070625,0.9981249999999999,0.7531249999999999,True,0.09801546242945829
cc-pvdz_b1.8,cc-pvdz,1.8,0.001,40,0.25,1.0,0.37625,0.296875,0.99875,0.6225,True,0.09801546242945829
cc-pvdz_b1.8,cc-pvdz,1.8,0.001,40,0.35,1.0,0.44687499999999997,0.301875,0.999375,0.5525,True,0.09801546242945829
cc-pvdz_b1.8,cc-pvdz,1.8,0.001,40,0.45,1.0,0.5118750000000001,1.0,1.0,0.0,False,0.09801546242945829
cc-pvdz_b1.8,cc-pvdz,1.8,0.001,40,0.55,1.0,0.5606249999999999,1.0,1.0,0.0,False,0.09801546242945829
cc-pvdz_b1.8,cc-pvdz,1.8,0.002,10,0.15,1.0,0.24500000000000002,0.155625,1.0,0.755,True,0.09801546242945829
cc-pvdz_b1.8,cc-pvdz,1.8,0.002,10,0.25,1.0,0.37625,0.325625,1.0,0.62375,True,0.09801546242945829
cc-pvdz_b1.8,cc-pvdz,1.8,0.002,10,0.35,1.0,0.44687499999999997,0.386875,1.0,0.5531250000000001,True,0.09801546242945829
cc-pvdz_b1.8,cc-pvdz,1.8,0.002,10,0.45,1.0,0.5118750000000001,0.993125,1.0,0.0068749999999999645,True,0.09801546242945829
cc-pvdz_b1.8,cc-pvdz,1.8,0.002,10,0.55,1.0,0.5606249999999999,1.0,1.0,0.0,False,0.09801546242945829
cc-pvdz_b1.8,cc-pvdz,1.8,0.002,20,0.15,1.0,0.24500000000000002,0.17625000000000002,1.0,0.755,True,0.09801546242945829
cc-pvdz_b1.8,cc-pvdz,1.8,0.002,20,0.25,1.0,0.37625,0.363125,1.0,0.62375,True,0.09801546242945829
cc-pvdz_b1.8,cc-pvdz,1.8,0.002,20,0.35,1.0,0.44687499999999997,0.43375,1.0,0.5531250000000001,True,0.09801546242945829
cc-pvdz_b1.8,cc-pvdz,1.8,0.002,20,0.45,1.0,0.5118750000000001,0.996875,1.0,0.0031250000000000444,True,0.09801546242945829
cc-pvdz_b1.8,cc-pvdz,1.8,0.002,20,0.55,1.0,0.5606249999999999,1.0,1.0,0.0,False,0.09801546242945829
cc-pvdz_b1.8,cc-pvdz,1.8,0.002,40,0.15,1.0,0.24500000000000002,0.12125,0.995625,0.750625,True,0.09801546242945829
cc-pvdz_b1.8,cc-pvdz,1.8,0.002,40,0.25,1.0,0.37625,0.26187499999999997,0.99625,0.62,True,0.09801546242945829
cc-pvdz_b1.8,cc-pvdz,1.8,0.002,40,0.35,1.0,0.44687499999999997,0.334375,0.9975,0.5506250000000001,True,0.09801546242945829
cc-pvdz_b1.8,cc-pvdz,1.8,0.002,40,0.45,1.0,0.5118750000000001,0.994375,0.9981249999999999,0.00374999999999992,True,0.09801546242945829
cc-pvdz_b1.8,cc-pvdz,1.8,0.002,40,0.55,1.0,0.5606249999999999,1.0,0.99875,-0.0012499999999999734,False,0.09801546242945829
cc-pvdz_b1.8,cc-pvdz,1.8,0.004,10,0.15,0.999375,0.24500000000000002,0.019375,0.99875,0.75375,True,0.09801546242945829
cc-pvdz_b1.8,cc-pvdz,1.8,0.004,10,0.25,1.0,0.37625,0.031875,1.0,0.62375,True,0.09801546242945829
cc-pvdz_b1.8,cc-pvdz,1.8,0.004,10,0.35,1.0,0.44687499999999997,0.239375,1.0,0.5531250000000001,True,0.09801546242945829
cc-pvdz_b1.8,cc-pvdz,1.8,0.004,10,0.45,1.0,0.5118750000000001,0.9425,1.0,0.057499999999999996,True,0.09801546242945829
cc-pvdz_b1.8,cc-pvdz,1.8,0.004,10,0.55,1.0,0.5606249999999999,0.99875,1.0,0.0012499999999999734,True,0.09801546242945829
cc-pvdz_b1.8,cc-pvdz,1.8,0.004,20,0.15,0.999375,0.24500000000000002,0.055625,0.99875,0.75375,True,0.09801546242945829
cc-pvdz_b1.8,cc-pvdz,1.8,0.004,20,0.25,1.0,0.37625,0.095625,1.0,0.62375,True,0.09801546242945829
cc-pvdz_b1.8,cc-pvdz,1.8,0.004,20,0.35,1.0,0.44687499999999997,0.304375,1.0,0.5531250000000001,True,0.09801546242945829
cc-pvdz_b1.8,cc-pvdz,1.8,0.004,20,0.45,1.0,0.5118750000000001,0.944375,1.0,0.055625000000000036,True,0.09801546242945829
cc-pvdz_b1.8,cc-pvdz,1.8,0.004,20,0.55,1.0,0.5606249999999999,0.99875,1.0,0.0012499999999999734,True,0.09801546242945829
cc-pvdz_b1.8,cc-pvdz,1.8,0.004,40,0.15,0.999375,0.24500000000000002,0.061875,0.983125,0.738125,True,0.09801546242945829
cc-pvdz_b1.8,cc-pvdz,1.8,0.004,40,0.25,1.0,0.37625,0.103125,0.984375,0.608125,True,0.09801546242945829
cc-pvdz_b1.8,cc-pvdz,1.8,0.004,40,0.35,1.0,0.44687499999999997,0.30625,0.984375,0.5375000000000001,True,0.09801546242945829
cc-pvdz_b1.8,cc-pvdz,1.8,0.004,40,0.45,1.0,0.5118750000000001,0.9337499999999999,0.985,0.05125000000000013,True,0.09801546242945829
cc-pvdz_b1.8,cc-pvdz,1.8,0.004,40,0.55,1.0,0.5606249999999999,0.99875,0.986875,-0.01187500000000008,False,0.09801546242945829
cc-pvdz_b1.8,cc-pvdz,1.8,0.008,10,0.15,0.97875,0.24500000000000002,0.000625,0.97875,0.73375,True,0.09801546242945829
cc-pvdz_b1.8,cc-pvdz,1.8,0.008,10,0.25,0.999375,0.37625,0.010000000000000002,0.999375,0.623125,True,0.09801546242945829
cc-pvdz_b1.8,cc-pvdz,1.8,0.008,10,0.35,1.0,0.44687499999999997,0.2875,1.0,0.5531250000000001,True,0.09801546242945829
cc-pvdz_b1.8,cc-pvdz,1.8,0.008,10,0.45,1.0,0.5118750000000001,0.8218749999999999,1.0,0.1781250000000001,True,0.09801546242945829
cc-pvdz_b1.8,cc-pvdz,1.8,0.008,10,0.55,1.0,0.5606249999999999,0.979375,1.0,0.020625000000000004,True,0.09801546242945829
cc-pvdz_b1.8,cc-pvdz,1.8,0.008,20,0.15,0.97875,0.24500000000000002,0.011875,0.9768749999999999,0.7318749999999999,True,0.09801546242945829
cc-pvdz_b1.8,cc-pvdz,1.8,0.008,20,0.25,0.999375,0.37625,0.031875,0.999375,0.623125,True,0.09801546242945829
cc-pvdz_b1.8,cc-pvdz,1.8,0.008,20,0.35,1.0,0.44687499999999997,0.313125,1.0,0.5531250000000001,True,0.09801546242945829
cc-pvdz_b1.8,cc-pvdz,1.8,0.008,20,0.45,1.0,0.5118750000000001,0.8374999999999999,1.0,0.1625000000000001,True,0.09801546242945829
cc-pvdz_b1.8,cc-pvdz,1.8,0.008,20,0.55,1.0,0.5606249999999999,0.985625,1.0,0.014375000000000027,True,0.09801546242945829
cc-pvdz_b1.8,cc-pvdz,1.8,0.008,40,0.15,0.97875,0.24500000000000002,0.04125,0.9662499999999999,0.72125,True,0.09801546242945829
cc-pvdz_b1.8,cc-pvdz,1.8,0.008,40,0.25,0.999375,0.37625,0.073125,0.98375,0.6075,True,0.09801546242945829
cc-pvdz_b1.8,cc-pvdz,1.8,0.008,40,0.35,1.0,0.44687499999999997,0.35875,0.984375,0.5375000000000001,True,0.09801546242945829
cc-pvdz_b1.8,cc-pvdz,1.8,0.008,40,0.45,1.0,0.5118750000000001,0.8474999999999999,0.984375,0.13687500000000008,True,0.09801546242945829
cc-pvdz_b1.8,cc-pvdz,1.8,0.008,40,0.55,1.0,0.5606249999999999,0.99,0.984375,-0.005624999999999991,False,0.09801546242945829
cc-pvdz_b1.9,cc-pvdz,1.9,0.0005,10,0.15,1.0,0.24500000000000002,0.014374999999999999,1.0,0.755,True,0.10707019624394432
cc-pvdz_b1.9,cc-pvdz,1.9,0.0005,10,0.25,1.0,0.37625,0.578125,1.0,0.421875,True,0.10707019624394432
cc-pvdz_b1.9,cc-pvdz,1.9,0.0005,10,0.35,1.0,0.44687499999999997,0.578125,1.0,0.421875,True,0.10707019624394432
cc-pvdz_b1.9,cc-pvdz,1.9,0.0005,10,0.45,1.0,0.5118750000000001,1.0,1.0,0.0,False,0.10707019624394432
cc-pvdz_b1.9,cc-pvdz,1.9,0.0005,10,0.55,1.0,0.5606249999999999,1.0,1.0,0.0,False,0.10707019624394432
cc-pvdz_b1.9,cc-pvdz,1.9,0.0005,20,0.15,1.0,0.24500000000000002,0.014374999999999999,1.0,0.755,True,0.10707019624394432
cc-pvdz_b1.9,cc-pvdz,1.9,0.0005,20,0.25,1.0,0.37625,0.546875,1.0,0.453125,True,0.10707019624394432
cc-pvdz_b1.9,cc-pvdz,1.9,0.0005,20,0.35,1.0,0.44687499999999997,0.546875,1.0,0.453125,True,0.10707019624394432
cc-pvdz_b1.9,cc-pvdz,1.9,0.0005,20,0.45,1.0,0.5118750000000001,1.0,1.0,0.0,False,0.10707019624394432
cc-pvdz_b1.9,cc-pvdz,1.9,0.0005,20,0.55,1.0,0.5606249999999999,1.0,1.0,0.0,False,0.10707019624394432
cc-pvdz_b1.9,cc-pvdz,1.9,0.0005,40,0.15,1.0,0.24500000000000002,0.005625000000000001,0.999375,0.754375,True,0.10707019624394432
cc-pvdz_b1.9,cc-pvdz,1.9,0.0005,40,0.25,1.0,0.37625,0.34375,1.0,0.62375,True,0.10707019624394432
cc-pvdz_b1.9,cc-pvdz,1.9,0.0005,40,0.35,1.0,0.44687499999999997,0.34375,1.0,0.5531250000000001,True,0.10707019624394432
cc-pvdz_b1.9,cc-pvdz,1.9,0.0005,40,0.45,1.0,0.5118750000000001,1.0,1.0,0.0,False,0.10707019624394432
cc-pvdz_b1.9,cc-pvdz,1.9,0.0005,40,0.55,1.0,0.5606249999999999,1.0,1.0,0.0,False,0.10707019624394432
cc-pvdz_b1.9,cc-pvdz,1.9,0.001,10,0.15,1.0,0.24500000000000002,0.12687500000000002,1.0,0.755,True,0.10707019624394432
cc-pvdz_b1.9,cc-pvdz,1.9,0.001,10,0.25,1.0,0.37625,0.5625,1.0,0.4375,True,0.10707019624394432
cc-pvdz_b1.9,cc-pvdz,1.9,0.001,10,0.35,1.0,0.44687499999999997,0.56375,1.0,0.43625,True,0.10707019624394432
cc-pvdz_b1.9,cc-pvdz,1.9,0.001,10,0.45,1.0,0.5118750000000001,1.0,1.0,0.0,False,0.10707019624394432
cc-pvdz_b1.9,cc-pvdz,1.9,0.001,10,0.55,1.0,0.5606249999999999,1.0,1.0,0.0,False,0.10707019624394432
cc-pvdz_b1.9,cc-pvdz,1.9,0.001,20,0.15,1.0,0.24500000000000002,0.13375,1.0,0.755,True,0.10707019624394432
cc-pvdz_b1.9,cc-pvdz,1.9,0.001,20,0.25,1.0,0.37625,0.5025,1.0,0.49750000000000005,True,0.10707019624394432
cc-pvdz_b1.9,cc-pvdz,1.9,0.001,20,0.35,1.0,0.44687499999999997,0.505625,1.0,0.494375,True,0.10707019624394432
cc-pvdz_b1.9,cc-pvdz,1.9,0.001,20,0.45,1.0,0.5118750000000001,1.0,1.0,0.0,False,0.10707019624394432
cc-pvdz_b1.9,cc-pvdz,1.9,0.001,20,0.55,1.0,0.5606249999999999,1.0,1.0,0.0,False,0.10707019624394432
cc-pvdz_b1.9,cc-pvdz,1.9,0.001,40,0.15,1.0,0.24500000000000002,0.07374999999999998,0.996875,0.751875,True,0.10707019624394432
cc-pvdz_b1.9,cc-pvdz,1.9,0.001,40,0.25,1.0,0.37625,0.296875,0.9981249999999999,0.621875,True,0.10707019624394432
cc-pvdz_b1.9,cc-pvdz,1.9,0.001,40,0.35,1.0,0.44687499999999997,0.296875,0.99875,0.5518750000000001,True,0.10707019624394432
cc-pvdz_b1.9,cc-pvdz,1.9,0.001,40,0.45,1.0,0.5118750000000001,1.0,0.999375,-0.0006249999999999867,False,0.10707019624394432
cc-pvdz_b1.9,cc-pvdz,1.9,0.001,40,0.55,1.0,0.5606249999999999,1.0,1.0,0.0,False,0.10707019624394432
cc-pvdz_b1.9,cc-pvdz,1.9,0.002,10,0.15,1.0,0.24500000000000002,0.175625,1.0,0.755,True,0.10707019624394432
cc-pvdz_b1.9,cc-pvdz,1.9,0.002,10,0.25,1.0,0.37625,0.35624999999999996,1.0,0.62375,True,0.10707019624394432
cc-pvdz_b1.9,cc-pvdz,1.9,0.002,10,0.35,1.0,0.44687499999999997,0.41125,1.0,0.5531250000000001,True,0.10707019624394432
cc-pvdz_b1.9,cc-pvdz,1.9,0.002,10,0.45,1.0,0.5118750000000001,0.995,1.0,0.0050000000000000044,True,0.10707019624394432
cc-pvdz_b1.9,cc-pvdz,1.9,0.002,10,0.55,1.0,0.5606249999999999,1.0,1.0,0.0,False,0.10707019624394432
cc-pvdz_b1.9,cc-pvdz,1.9,0.002,20,0.15,1.0,0.24500000000000002,0.17125,1.0,0.755,True,0.10707019624394432
cc-pvdz_b1.9,cc-pvdz,1.9,0.002,20,0.25,1.0,0.37625,0.35687500000000005,1.0,0.62375,True,0.10707019624394432
cc-pvdz_b1.9,cc-pvdz,1.9,0.002,20,0.35,1.0,0.44687499999999997,0.41625,1.0,0.5531250000000001,True,0.10707019624394432
cc-pvdz_b1.9,cc-pvdz,1.9,0.002,20,0.45,1.0,0.5118750000000001,0.996875,1.0,0.0031250000000000444,True,0.10707019624394432
cc-pvdz_b1.9,cc-pvdz,1.9,0.002,20,0.55,1.0,0.5606249999999999,1.0,1.0,0.0,False,0.10707019624394432
cc-pvdz_b1.9,cc-pvdz,1.9,0.002,40,0.15,1.0,0.24500000000000002,0.136875,0.9862500000000001,0.7412500000000001,True,0.10707019624394432
cc-pvdz_b1.9,cc-pvdz,1.9,0.002,40,0.25,1.0,0.37625,0.27749999999999997,0.988125,0.6118750000000001,True,0.10707019624394432
cc-pvdz_b1.9,cc-pvdz,1.9,0.002,40,0.35,1.0,0.44687499999999997,0.33875000000000005,0.989375,0.5425,True,0.10707019624394432
cc-pvdz_b1.9,cc-pvdz,1.9,0.002,40,0.45,1.0,0.5118750000000001,0.9924999999999999,0.9924999999999999,0.0,False,0.10707019624394432
cc-pvdz_b1.9,cc-pvdz,1.9,0.002,40,0.55,1.0,0.5606249999999999,1.0,0.993125,-0.0068749999999999645,False,0.10707019624394432
cc-pvdz_b1.9,cc-pvdz,1.9,0.004,10,0.15,1.0,0.24500000000000002,0.019375,0.99875,0.75375,True,0.10707019624394432
cc-pvdz_b1.9,cc-pvdz,1.9,0.004,10,0.25,1.0,0.37625,0.031875,1.0,0.62375,True,0.10707019624394432
cc-pvdz_b1.9,cc-pvdz,1.9,0.004,10,0.35,1.0,0.44687499999999997,0.210625,1.0,0.5531250000000001,True,0.10707019624394432
cc-pvdz_b1.9,cc-pvdz,1.9,0.004,10,0.45,1.0,0.5118750000000001,0.943125,1.0,0.05687500000000001,True,0.10707019624394432
cc-pvdz_b1.9,cc-pvdz,1.9,0.004,10,0.55,1.0,0.5606249999999999,0.99875,1.0,0.0012499999999999734,True,0.10707019624394432
cc-pvdz_b1.9,cc-pvdz,1.9,0.004,20,0.15,1.0,0.24500000000000002,0.046875,0.99875,0.75375,True,0.10707019624394432
cc-pvdz_b1.9,cc-pvdz,1.9,0.004,20,0.25,1.0,0.37625,0.08,1.0,0.62375,True,0.10707019624394432
cc-pvdz_b1.9,cc-pvdz,1.9,0.004,20,0.35,1.0,0.44687499999999997,0.273125,1.0,0.5531250000000001,True,0.10707019624394432
cc-pvdz_b1.9,cc-pvdz,1.9,0.004,20,0.45,1.0,0.5118750000000001,0.9425,1.0,0.057499999999999996,True,0.10707019624394432
cc-pvdz_b1.9,cc-pvdz,1.9,0.004,20,0.55,1.0,0.5606249999999999,0.99875,1.0,0.0012499999999999734,True,0.10707019624394432
cc-pvdz_b1.9,cc-pvdz,1.9,0.004,40,0.15,1.0,0.24500000000000002,0.05375,0.983125,0.738125,True,0.10707019624394432
cc-pvdz_b1.9,cc-pvdz,1.9,0.004,40,0.25,1.0,0.37625,0.088125,0.984375,0.608125,True,0.10707019624394432
cc-pvdz_b1.9,cc-pvdz,1.9,0.004,40,0.35,1.0,0.44687499999999997,0.275625,0.984375,0.5375000000000001,True,0.10707019624394432
cc-pvdz_b1.9,cc-pvdz,1.9,0.004,40,0.45,1.0,0.5118750000000001,0.9299999999999999,0.984375,0.05437500000000006,True,0.10707019624394432
cc-pvdz_b1.9,cc-pvdz,1.9,0.004,40,0.55,1.0,0.5606249999999999,0.99875,0.984375,-0.014375000000000027,False,0.10707019624394432
cc-pvdz_b1.9,cc-pvdz,1.9,0.008,10,0.15,0.980625,0.24500000000000002,0.000625,0.9831249999999999,0.735625,True,0.10707019624394432
cc-pvdz_b1.9,cc-pvdz,1.9,0.008,10,0.25,0.999375,0.37625,0.008125,0.999375,0.623125,True,0.10707019624394432
cc-pvdz_b1.9,cc-pvdz,1.9,0.008,10,0.35,1.0,0.44687499999999997,0.27125,1.0,0.5531250000000001,True,0.10707019624394432
cc-pvdz_b1.9,cc-pvdz,1.9,0.008,10,0.45,1.0,0.5118750000000001,0.8074999999999999,1.0,0.19250000000000012,True,0.10707019624394432
cc-pvdz_b1.9,cc-pvdz,1.9,0.008,10,0.55,1.0,0.5606249999999999,0.98125,1.0,0.018750000000000044,True,0.10707019624394432
cc-pvdz_b1.9,cc-pvdz,1.9,0.008,20,0.15,0.980625,0.24500000000000002,0.011875,0.980625,0.735625,True,0.10707019624394432
cc-pvdz_b1.9,cc-pvdz,1.9,0.008,20,0.25,0.999375,0.37625,0.030625000000000003,0.999375,0.623125,True,0.10707019624394432
cc-pvdz_b1.9,cc-pvdz,1.9,0.008,20,0.35,1.0,0.44687499999999997,0.30312500000000003,1.0,0.5531250000000001,True,0.10707019624394432
cc-pvdz_b1.9,cc-pvdz,1.9,0.008,20,0.45,1.0,0.5118750000000001,0.8206249999999999,1.0,0.17937500000000006,True,0.10707019624394432
cc-pvdz_b1.9,cc-pvdz,1.9,0.008,20,0.55,1.0,0.5606249999999999,0.9862500000000001,1.0,0.013749999999999929,True,0.10707019624394432
cc-pvdz_b1.9,cc-pvdz,1.9,0.008,40,0.15,0.980625,0.24500000000000002,0.02875,0.9675,0.7225,True,0.10707019624394432
cc-pvdz_b1.9,cc-pvdz,1.9,0.008,40,0.25,0.999375,0.37625,0.056874999999999995,0.98375,0.6075,True,0.10707019624394432
cc-pvdz_b1.9,cc-pvdz,1.9,0.008,40,0.35,1.0,0.44687499999999997,0.33687500000000004,0.984375,0.5375000000000001,True,0.10707019624394432
cc-pvdz_b1.9,cc-pvdz,1.9,0.008,40,0.45,1.0,0.5118750000000001,0.83375,0.984375,0.150625,True,0.10707019624394432
cc-pvdz_b1.9,cc-pvdz,1.9,0.008,40,0.55,1.0,0.5606249999999999,0.98875,0.984375,-0.004375000000000018,False,0.10707019624394432
cc-pvdz_b2.0,cc-pvdz,2.0,0.0005,10,0.15,1.0,0.24500000000000002,0.01625,1.0,0.755,True,0.10631765786822528
cc-pvdz_b2.0,cc-pvdz,2.0,0.0005,10,0.25,1.0,0.37625,0.578125,1.0,0.421875,True,0.10631765786822528
cc-pvdz_b2.0,cc-pvdz,2.0,0.0005,10,0.35,1.0,0.44687499999999997,0.578125,1.0,0.421875,True,0.10631765786822528
cc-pvdz_b2.0,cc-pvdz,2.0,0.0005,10,0.45,1.0,0.5118750000000001,1.0,1.0,0.0,False,0.10631765786822528
cc-pvdz_b2.0,cc-pvdz,2.0,0.0005,10,0.55,1.0,0.5606249999999999,1.0,1.0,0.0,False,0.10631765786822528
cc-pvdz_b2.0,cc-pvdz,2.0,0.0005,20,0.15,1.0,0.24500000000000002,0.015625,1.0,0.755,True,0.10631765786822528
cc-pvdz_b2.0,cc-pvdz,2.0,0.0005,20,0.25,1.0,0.37625,0.546875,1.0,0.453125,True,0.10631765786822528
cc-pvdz_b2.0,cc-pvdz,2.0,0.0005,20,0.35,1.0,0.44687499999999997,0.546875,1.0,0.453125,True,0.10631765786822528
cc-pvdz_b2.0,cc-pvdz,2.0,0.0005,20,0.45,1.0,0.5118750000000001,1.0,1.0,0.0,False,0.10631765786822528
cc-pvdz_b2.0,cc-pvdz,2.0,0.0005,20,0.55,1.0,0.5606249999999999,1.0,1.0,0.0,False,0.10631765786822528
cc-pvdz_b2.0,cc-pvdz,2.0,0.0005,40,0.15,1.0,0.24500000000000002,0.00625,0.99875,0.75375,True,0.10631765786822528
cc-pvdz_b2.0,cc-pvdz,2.0,0.0005,40,0.25,1.0,0.37625,0.34375,0.999375,0.623125,True,0.10631765786822528
cc-pvdz_b2.0,cc-pvdz,2.0,0.0005,40,0.35,1.0,0.44687499999999997,0.34375,1.0,0.5531250000000001,True,0.10631765786822528
cc-pvdz_b2.0,cc-pvdz,2.0,0.0005,40,0.45,1.0,0.5118750000000001,1.0,1.0,0.0,False,0.10631765786822528
cc-pvdz_b2.0,cc-pvdz,2.0,0.0005,40,0.55,1.0,0.5606249999999999,1.0,1.0,0.0,False,0.10631765786822528
cc-pvdz_b2.0,cc-pvdz,2.0,0.001,10,0.15,1.0,0.24500000000000002,0.14,1.0,0.755,True,0.10631765786822528
cc-pvdz_b2.0,cc-pvdz,2.0,0.001,10,0.25,1.0,0.37625,0.549375,1.0,0.45062500000000005,True,0.10631765786822528
cc-pvdz_b2.0,cc-pvdz,2.0,0.001,10,0.35,1.0,0.44687499999999997,0.555625,1.0,0.44437499999999996,True,0.10631765786822528
cc-pvdz_b2.0,cc-pvdz,2.0,0.001,10,0.45,1.0,0.5118750000000001,1.0,1.0,0.0,False,0.10631765786822528
cc-pvdz_b2.0,cc-pvdz,2.0,0.001,10,0.55,1.0,0.5606249999999999,1.0,1.0,0.0,False,0.10631765786822528
cc-pvdz_b2.0,cc-pvdz,2.0,0.001,20,0.15,1.0,0.24500000000000002,0.14,1.0,0.755,True,0.10631765786822528
cc-pvdz_b2.0,cc-pvdz,2.0,0.001,20,0.25,1.0,0.37625,0.5075000000000001,1.0,0.49249999999999994,True,0.10631765786822528
cc-pvdz_b2.0,cc-pvdz,2.0,0.001,20,0.35,1.0,0.44687499999999997,0.513125,1.0,0.48687499999999995,True,0.10631765786822528
cc-pvdz_b2.0,cc-pvdz,2.0,0.001,20,0.45,1.0,0.5118750000000001,1.0,1.0,0.0,False,0.10631765786822528
cc-pvdz_b2.0,cc-pvdz,2.0,0.001,20,0.55,1.0,0.5606249999999999,1.0,1.0,0.0,False,0.10631765786822528
cc-pvdz_b2.0,cc-pvdz,2.0,0.001,40,0.15,1.0,0.24500000000000002,0.07500000000000001,0.9981249999999999,0.7531249999999999,True,0.10631765786822528
cc-pvdz_b2.0,cc-pvdz,2.0,0.001,40,0.25,1.0,0.37625,0.295625,0.99875,0.6225,True,0.10631765786822528
cc-pvdz_b2.0,cc-pvdz,2.0,0.001,40,0.35,1.0,0.44687499999999997,0.296875,0.999375,0.5525,True,0.10631765786822528
cc-pvdz_b2.0,cc-pvdz,2.0,0.001,40,0.45,1.0,0.5118750000000001,1.0,1.0,0.0,False,0.10631765786822528
cc-pvdz_b2.0,cc-pvdz,2.0,0.001,40,0.55,1.0,0.5606249999999999,1.0,1.0,0.0,False,0.10631765786822528
cc-pvdz_b2.0,cc-pvdz,2.0,0.002,10,0.15,1.0,0.24500000000000002,0.18562499999999998,1.0,0.755,True,0.10631765786822528
cc-pvdz_b2.0,cc-pvdz,2.0,0.002,10,0.25,1.0,0.37625,0.364375,1.0,0.62375,True,0.10631765786822528
cc-pvdz_b2.0,cc-pvdz,2.0,0.002,10,0.35,1.0,0.44687499999999997,0.405625,1.0,0.5531250000000001,True,0.10631765786822528
cc-pvdz_b2.0,cc-pvdz,2.0,0.002,10,0.45,1.0,0.5118750000000001,0.994375,1.0,0.005624999999999991,True,0.10631765786822528
cc-pvdz_b2.0,cc-pvdz,2.0,0.002,10,0.55,1.0,0.5606249999999999,1.0,1.0,0.0,False,0.10631765786822528
cc-pvdz_b2.0,cc-pvdz,2.0,0.002,20,0.15,1.0,0.24500000000000002,0.18375,1.0,0.755,True,0.10631765786822528
cc-pvdz_b2.0,cc-pvdz,2.0,0.002,20,0.25,1.0,0.37625,0.364375,1.0,0.62375,True,0.10631765786822528
cc-pvdz_b2.0,cc-pvdz,2.0,0.002,20,0.35,1.0,0.44687499999999997,0.411875,1.0,0.5531250000000001,True,0.10631765786822528
cc-pvdz_b2.0,cc-pvdz,2.0,0.002,20,0.45,1.0,0.5118750000000001,0.995625,1.0,0.004375000000000018,True,0.10631765786822528
cc-pvdz_b2.0,cc-pvdz,2.0,0.002,20,0.55,1.0,0.5606249999999999,1.0,1.0,0.0,False,0.10631765786822528
cc-pvdz_b2.0,cc-pvdz,2.0,0.002,40,0.15,1.0,0.24500000000000002,0.1225,0.995,0.75,True,0.10631765786822528
cc-pvdz_b2.0,cc-pvdz,2.0,0.002,40,0.25,1.0,0.37625,0.249375,0.995625,0.619375,True,0.10631765786822528
cc-pvdz_b2.0,cc-pvdz,2.0,0.002,40,0.35,1.0,0.44687499999999997,0.29875,0.996875,0.55,True,0.10631765786822528
cc-pvdz_b2.0,cc-pvdz,2.0,0.002,40,0.45,1.0,0.5118750000000001,0.9918750000000001,0.9975,0.005624999999999991,True,0.10631765786822528
cc-pvdz_b2.0,cc-pvdz,2.0,0.002,40,0.55,1.0,0.5606249999999999,1.0,0.9981249999999999,-0.001875000000000071,False,0.10631765786822528
cc-pvdz_b2.0,cc-pvdz,2.0,0.004,10,0.15,0.999375,0.24500000000000002,0.019375,0.9981249999999999,0.7531249999999999,True,0.10631765786822528
cc-pvdz_b2.0,cc-pvdz,2.0,0.004,10,0.25,1.0,0.37625,0.03375,1.0,0.62375,True,0.10631765786822528
cc-pvdz_b2.0,cc-pvdz,2.0,0.004,10,0.35,1.0,0.44687499999999997,0.19125,1.0,0.5531250000000001,True,0.10631765786822528
cc-pvdz_b2.0,cc-pvdz,2.0,0.004,10,0.45,1.0,0.5118750000000001,0.9349999999999999,1.0,0.06500000000000006,True,0.10631765786822528
cc-pvdz_b2.0,cc-pvdz,2.0,0.004,10,0.55,1.0,0.5606249999999999,0.9981249999999999,1.0,0.001875000000000071,True,0.10631765786822528
cc-pvdz_b2.0,cc-pvdz,2.0,0.004,20,0.15,0.999375,0.24500000000000002,0.0325,0.9981249999999999,0.7531249999999999,True,0.10631765786822528
cc-pvdz_b2.0,cc-pvdz,2.0,0.004,20,0.25,1.0,0.37625,0.056874999999999995,1.0,0.62375,True,0.10631765786822528
cc-pvdz_b2.0,cc-pvdz,2.0,0.004,20,0.35,1.0,0.44687499999999997,0.22812500000000002,1.0,0.5531250000000001,True,0.10631765786822528
cc-pvdz_b2.0,cc-pvdz,2.0,0.004,20,0.45,1.0,0.5118750000000001,0.9468749999999999,1.0,0.05312500000000009,True,0.10631765786822528
cc-pvdz_b2.0,cc-pvdz,2.0,0.004,20,0.55,1.0,0.5606249999999999,0.99875,1.0,0.0012499999999999734,True,0.10631765786822528
cc-pvdz_b2.0,cc-pvdz,2.0,0.004,40,0.15,0.999375,0.24500000000000002,0.05375,0.993125,0.748125,True,0.10631765786822528
cc-pvdz_b2.0,cc-pvdz,2.0,0.004,40,0.25,1.0,0.37625,0.088125,0.994375,0.618125,True,0.10631765786822528
cc-pvdz_b2.0,cc-pvdz,2.0,0.004,40,0.35,1.0,0.44687499999999997,0.26187499999999997,0.995625,0.5487500000000001,True,0.10631765786822528
cc-pvdz_b2.0,cc-pvdz,2.0,0.004,40,0.45,1.0,0.5118750000000001,0.93625,0.99625,0.05999999999999994,True,0.10631765786822528
cc-pvdz_b2.0,cc-pvdz,2.0,0.004,40,0.55,1.0,0.5606249999999999,0.999375,0.996875,-0.0025000000000000577,False,0.10631765786822528
cc-pvdz_b2.0,cc-pvdz,2.0,0.008,10,0.15,0.9824999999999999,0.24500000000000002,0.000625,0.9812500000000001,0.7362500000000001,True,0.10631765786822528
cc-pvdz_b2.0,cc-pvdz,2.0,0.008,10,0.25,0.999375,0.37625,0.00625,0.9975,0.6212500000000001,True,0.10631765786822528
cc-pvdz_b2.0,cc-pvdz,2.0,0.008,10,0.35,1.0,0.44687499999999997,0.259375,1.0,0.5531250000000001,True,0.10631765786822528
cc-pvdz_b2.0,cc-pvdz,2.0,0.008,10,0.45,1.0,0.5118750000000001,0.8118749999999999,1.0,0.1881250000000001,True,0.10631765786822528
cc-pvdz_b2.0,cc-pvdz,2.0,0.008,10,0.55,1.0,0.5606249999999999,0.978125,1.0,0.021874999999999978,True,0.10631765786822528
cc-pvdz_b2.0,cc-pvdz,2.0,0.008,20,0.15,0.9824999999999999,0.24500000000000002,0.011875,0.9762500000000001,0.7312500000000001,True,0.10631765786822528
cc-pvdz_b2.0,cc-pvdz,2.0,0.008,20,0.25,0.999375,0.37625,0.0275,0.99375,0.6175,True,0.10631765786822528
cc-pvdz_b2.0,cc-pvdz,2.0,0.008,20,0.35,1.0,0.44687499999999997,0.283125,1.0,0.5531250000000001,True,0.10631765786822528
cc-pvdz_b2.0,cc-pvdz,2.0,0.008,20,0.45,1.0,0.5118750000000001,0.815625,1.0,0.18437499999999996,True,0.10631765786822528
cc-pvdz_b2.0,cc-pvdz,2.0,0.008,20,0.55,1.0,0.5606249999999999,0.97875,1.0,0.02124999999999999,True,0.10631765786822528
cc-pvdz_b2.0,cc-pvdz,2.0,0.008,40,0.15,0.9824999999999999,0.24500000000000002,0.029375000000000002,0.964375,0.719375,True,0.10631765786822528
cc-pvdz_b2.0,cc-pvdz,2.0,0.008,40,0.25,0.999375,0.37625,0.054375,0.978125,0.601875,True,0.10631765786822528
cc-pvdz_b2.0,cc-pvdz,2.0,0.008,40,0.35,1.0,0.44687499999999997,0.313125,0.984375,0.5375000000000001,True,0.10631765786822528
cc-pvdz_b2.0,cc-pvdz,2.0,0.008,40,0.45,1.0,0.5118750000000001,0.814375,0.984375,0.17000000000000004,True,0.10631765786822528
cc-pvdz_b2.0,cc-pvdz,2.0,0.008,40,0.55,1.0,0.5606249999999999,0.98625,0.984375,-0.00187499999999996,False,0.10631765786822528
cc-pvdz_b2.1,cc-pvdz,2.1,0.0005,10,0.15,1.0,0.24500000000000002,0.04375,1.0,0.755,True,0.09695042379623849
cc-pvdz_b2.1,cc-pvdz,2.1,0.0005,10,0.25,1.0,0.37625,0.578125,1.0,0.421875,True,0.09695042379623849
cc-pvdz_b2.1,cc-pvdz,2.1,0.0005,10,0.35,1.0,0.44687499999999997,0.578125,1.0,0.421875,True,0.09695042379623849
cc-pvdz_b2.1,cc-pvdz,2.1,0.0005,10,0.45,1.0,0.5118750000000001,1.0,1.0,0.0,False,0.09695042379623849
cc-pvdz_b2.1,cc-pvdz,2.1,0.0005,10,0.55,1.0,0.5606249999999999,1.0,1.0,0.0,False,0.09695042379623849
cc-pvdz_b2.1,cc-pvdz,2.1,0.0005,20,0.15,1.0,0.24500000000000002,0.04000000000000001,1.0,0.755,True,0.09695042379623849
cc-pvdz_b2.1,cc-pvdz,2.1,0.0005,20,0.25,1.0,0.37625,0.546875,1.0,0.453125,True,0.09695042379623849
cc-pvdz_b2.1,cc-pvdz,2.1,0.0005,20,0.35,1.0,0.44687499999999997,0.546875,1.0,0.453125,True,0.09695042379623849
cc-pvdz_b2.1,cc-pvdz,2.1,0.0005,20,0.45,1.0,0.5118750000000001,1.0,1.0,0.0,False,0.09695042379623849
cc-pvdz_b2.1,cc-pvdz,2.1,0.0005,20,0.55,1.0,0.5606249999999999,1.0,1.0,0.0,False,0.09695042379623849
cc-pvdz_b2.1,cc-pvdz,2.1,0.0005,40,0.15,1.0,0.24500000000000002,0.0175,1.0,0.755,True,0.09695042379623849
cc-pvdz_b2.1,cc-pvdz,2.1,0.0005,40,0.25,1.0,0.37625,0.34375,1.0,0.62375,True,0.09695042379623849
cc-pvdz_b2.1,cc-pvdz,2.1,0.0005,40,0.35,1.0,0.44687499999999997,0.34375,1.0,0.5531250000000001,True,0.09695042379623849
cc-pvdz_b2.1,cc-pvdz,2.1,0.0005,40,0.45,1.0,0.5118750000000001,1.0,1.0,0.0,False,0.09695042379623849
cc-pvdz_b2.1,cc-pvdz,2.1,0.0005,40,0.55,1.0,0.5606249999999999,1.0,1.0,0.0,False,0.09695042379623849
cc-pvdz_b2.1,cc-pvdz,2.1,0.001,10,0.15,1.0,0.24500000000000002,0.17750000000000002,1.0,0.755,True,0.09695042379623849
cc-pvdz_b2.1,cc-pvdz,2.1,0.001,10,0.25,1.0,0.37625,0.553125,1.0,0.446875,True,0.09695042379623849
cc-pvdz_b2.1,cc-pvdz,2.1,0.001,10,0.35,1.0,0.44687499999999997,0.558125,1.0,0.441875,True,0.09695042379623849
cc-pvdz_b2.1,cc-pvdz,2.1,0.001,10,0.45,1.0,0.5118750000000001,1.0,1.0,0.0,False,0.09695042379623849
cc-pvdz_b2.1,cc-pvdz,2.1,0.001,10,0.55,1.0,0.5606249999999999,1.0,1.0,0.0,False,0.09695042379623849
cc-pvdz_b2.1,cc-pvdz,2.1,0.001,20,0.15,1.0,0.24500000000000002,0.16562500000000002,1.0,0.755,True,0.09695042379623849
cc-pvdz_b2.1,cc-pvdz,2.1,0.001,20,0.25,1.0,0.37625,0.500625,1.0,0.499375,True,0.09695042379623849
cc-pvdz_b2.1,cc-pvdz,2.1,0.001,20,0.35,1.0,0.44687499999999997,0.5075000000000001,1.0,0.49249999999999994,True,0.09695042379623849
cc-pvdz_b2.1,cc-pvdz,2.1,0.001,20,0.45,1.0,0.5118750000000001,1.0,1.0,0.0,False,0.09695042379623849
cc-pvdz_b2.1,cc-pvdz,2.1,0.001,20,0.55,1.0,0.5606249999999999,1.0,1.0,0.0,False,0.09695042379623849
cc-pvdz_b2.1,cc-pvdz,2.1,0.001,40,0.15,1.0,0.24500000000000002,0.08125000000000002,0.99875,0.75375,True,0.09695042379623849
cc-pvdz_b2.1,cc-pvdz,2.1,0.001,40,0.25,1.0,0.37625,0.303125,0.999375,0.623125,True,0.09695042379623849
cc-pvdz_b2.1,cc-pvdz,2.1,0.001,40,0.35,1.0,0.44687499999999997,0.30562500000000004,1.0,0.5531250000000001,True,0.09695042379623849
cc-pvdz_b2.1,cc-pvdz,2.1,0.001,40,0.45,1.0,0.5118750000000001,1.0,1.0,0.0,False,0.09695042379623849
cc-pvdz_b2.1,cc-pvdz,2.1,0.001,40,0.55,1.0,0.5606249999999999,1.0,1.0,0.0,False,0.09695042379623849
cc-pvdz_b2.1,cc-pvdz,2.1,0.002,10,0.15,1.0,0.24500000000000002,0.15875,1.0,0.755,True,0.09695042379623849
cc-pvdz_b2.1,cc-pvdz,2.1,0.002,10,0.25,1.0,0.37625,0.2925,1.0,0.62375,True,0.09695042379623849
cc-pvdz_b2.1,cc-pvdz,2.1,0.002,10,0.35,1.0,0.44687499999999997,0.33062500000000006,1.0,0.5531250000000001,True,0.09695042379623849
cc-pvdz_b2.1,cc-pvdz,2.1,0.002,10,0.45,1.0,0.5118750000000001,0.99125,1.0,0.008750000000000036,True,0.09695042379623849
cc-pvdz_b2.1,cc-pvdz,2.1,0.002,10,0.55,1.0,0.5606249999999999,1.0,1.0,0.0,False,0.09695042379623849
cc-pvdz_b2.1,cc-pvdz,2.1,0.002,20,0.15,1.0,0.24500000000000002,0.185625,1.0,0.755,True,0.09695042379623849
cc-pvdz_b2.1,cc-pvdz,2.1,0.002,20,0.25,1.0,0.37625,0.34750000000000003,1.0,0.62375,True,0.09695042379623849
cc-pvdz_b2.1,cc-pvdz,2.1,0.002,20,0.35,1.0,0.44687499999999997,0.39375000000000004,1.0,0.5531250000000001,True,0.09695042379623849
cc-pvdz_b2.1,cc-pvdz,2.1,0.002,20,0.45,1.0,0.5118750000000001,0.9924999999999999,1.0,0.007500000000000062,True,0.09695042379623849
cc-pvdz_b2.1,cc-pvdz,2.1,0.002,20,0.55,1.0,0.5606249999999999,1.0,1.0,0.0,False,0.09695042379623849
cc-pvdz_b2.1,cc-pvdz,2.1,0.002,40,0.15,1.0,0.24500000000000002,0.13937500000000003,0.99625,0.75125,True,0.09695042379623849
cc-pvdz_b2.1,cc-pvdz,2.1,0.002,40,0.25,1.0,0.37625,0.24312499999999998,0.9975,0.6212500000000001,True,0.09695042379623849
cc-pvdz_b2.1,cc-pvdz,2.1,0.002,40,0.35,1.0,0.44687499999999997,0.293125,0.9981249999999999,0.55125,True,0.09695042379623849
cc-pvdz_b2.1,cc-pvdz,2.1,0.002,40,0.45,1.0,0.5118750000000001,0.990625,0.99875,0.008125000000000049,True,0.09695042379623849
cc-pvdz_b2.1,cc-pvdz,2.1,0.002,40,0.55,1.0,0.5606249999999999,1.0,1.0,0.0,False,0.09695042379623849
cc-pvdz_b2.1,cc-pvdz,2.1,0.004,10,0.15,0.999375,0.24500000000000002,0.018125000000000002,0.9981249999999999,0.7531249999999999,True,0.09695042379623849
cc-pvdz_b2.1,cc-pvdz,2.1,0.004,10,0.25,1.0,0.37625,0.0325,1.0,0.62375,True,0.09695042379623849
cc-pvdz_b2.1,cc-pvdz,2.1,0.004,10,0.35,1.0,0.44687499999999997,0.19,1.0,0.5531250000000001,True,0.09695042379623849
cc-pvdz_b2.1,cc-pvdz,2.1,0.004,10,0.45,1.0,0.5118750000000001,0.9249999999999999,1.0,0.07500000000000007,True,0.09695042379623849
cc-pvdz_b2.1,cc-pvdz,2.1,0.004,10,0.55,1.0,0.5606249999999999,0.9981249999999999,1.0,0.001875000000000071,True,0.09695042379623849
cc-pvdz_b2.1,cc-pvdz,2.1,0.004,20,0.15,0.999375,0.24500000000000002,0.038125,0.9981249999999999,0.7531249999999999,True,0.09695042379623849
cc-pvdz_b2.1,cc-pvdz,2.1,0.004,20,0.25,1.0,0.37625,0.065,1.0,0.62375,True,0.09695042379623849
cc-pvdz_b2.1,cc-pvdz,2.1,0.004,20,0.35,1.0,0.44687499999999997,0.234375,1.0,0.5531250000000001,True,0.09695042379623849
cc-pvdz_b2.1,cc-pvdz,2.1,0.004,20,0.45,1.0,0.5118750000000001,0.938125,1.0,0.06187500000000001,True,0.09695042379623849
cc-pvdz_b2.1,cc-pvdz,2.1,0.004,20,0.55,1.0,0.5606249999999999,0.99875,1.0,0.0012499999999999734,True,0.09695042379623849
cc-pvdz_b2.1,cc-pvdz,2.1,0.004,40,0.15,0.999375,0.24500000000000002,0.049375,0.993125,0.748125,True,0.09695042379623849
cc-pvdz_b2.1,cc-pvdz,2.1,0.004,40,0.25,1.0,0.37625,0.08249999999999999,0.995,0.61875,True,0.09695042379623849
cc-pvdz_b2.1,cc-pvdz,2.1,0.004,40,0.35,1.0,0.44687499999999997,0.26125,0.99625,0.549375,True,0.09695042379623849
cc-pvdz_b2.1,cc-pvdz,2.1,0.004,40,0.45,1.0,0.5118750000000001,0.925,0.996875,0.07187499999999991,True,0.09695042379623849
cc-pvdz_b2.1,cc-pvdz,2.1,0.004,40,0.55,1.0,0.5606249999999999,0.99875,0.9975,-0.0012499999999999734,False,0.09695042379623849
cc-pvdz_b2.1,cc-pvdz,2.1,0.008,10,0.15,0.9806250000000001,0.24500000000000002,0.000625,0.98,0.735,True,0.09695042379623849
cc-pvdz_b2.1,cc-pvdz,2.1,0.008,10,0.25,0.999375,0.37625,0.00625,0.99875,0.6225,True,0.09695042379623849
cc-pvdz_b2.1,cc-pvdz,2.1,0.008,10,0.35,1.0,0.44687499999999997,0.2525,1.0,0.5531250000000001,True,0.09695042379623849
cc-pvdz_b2.1,cc-pvdz,2.1,0.008,10,0.45,1.0,0.5118750000000001,0.798125,1.0,0.20187500000000003,True,0.09695042379623849
cc-pvdz_b2.1,cc-pvdz,2.1,0.008,10,0.55,1.0,0.5606249999999999,0.971875,1.0,0.028124999999999956,True,0.09695042379623849
cc-pvdz_b2.1,cc-pvdz,2.1,0.008,20,0.15,0.9806250000000001,0.24500000000000002,0.01125,0.98,0.735,True,0.09695042379623849
cc-pvdz_b2.1,cc-pvdz,2.1,0.008,20,0.25,0.999375,0.37625,0.026875,0.99875,0.6225,True,0.09695042379623849
cc-pvdz_b2.1,cc-pvdz,2.1,0.008,20,0.35,1.0,0.44687499999999997,0.275,1.0,0.5531250000000001,True,0.09695042379623849
cc-pvdz_b2.1,cc-pvdz,2.1,0.008,20,0.45,1.0,0.5118750000000001,0.81125,1.0,0.18874999999999997,True,0.09695042379623849
cc-pvdz_b2.1,cc-pvdz,2.1,0.008,20,0.55,1.0,0.5606249999999999,0.975,1.0,0.025000000000000022,True,0.09695042379623849
cc-pvdz_b2.1,cc-pvdz,2.1,0.008,40,0.15,0.9806250000000001,0.24500000000000002,0.025625000000000002,0.974375,0.729375,True,0.09695042379623849
cc-pvdz_b2.1,cc-pvdz,2.1,0.008,40,0.25,0.999375,0.37625,0.046250000000000006,0.9925,0.6162500000000001,True,0.09695042379623849
cc-pvdz_b2.1,cc-pvdz,2.1,0.008,40,0.35,1.0,0.44687499999999997,0.299375,0.995,0.548125,True,0.09695042379623849
cc-pvdz_b2.1,cc-pvdz,2.1,0.008,40,0.45,1.0,0.5118750000000001,0.796875,0.995625,0.19874999999999998,True,0.09695042379623849
cc-pvdz_b2.1,cc-pvdz,2.1,0.008,40,0.55,1.0,0.5606249999999999,0.985,0.99625,0.011249999999999982,True,0.09695042379623849
cc-pvdz_b2.2,cc-pvdz,2.2,0.0005,10,0.15,1.0,0.24500000000000002,0.0,1.0,0.755,True,0.08270437296145268
cc-pvdz_b2.2,cc-pvdz,2.2,0.0005,10,0.25,1.0,0.37625,0.578125,1.0,0.421875,True,0.08270437296145268
cc-pvdz_b2.2,cc-pvdz,2.2,0.0005,10,0.35,1.0,0.44687499999999997,0.578125,1.0,0.421875,True,0.08270437296145268
cc-pvdz_b2.2,cc-pvdz,2.2,0.0005,10,0.45,1.0,0.5118750000000001,1.0,1.0,0.0,False,0.08270437296145268
cc-pvdz_b2.2,cc-pvdz,2.2,0.0005,10,0.55,1.0,0.5606249999999999,1.0,1.0,0.0,False,0.08270437296145268
cc-pvdz_b2.2,cc-pvdz,2.2,0.0005,20,0.15,1.0,0.24500000000000002,0.0,1.0,0.755,True,0.08270437296145268
cc-pvdz_b2.2,cc-pvdz,2.2,0.0005,20,0.25,1.0,0.37625,0.546875,1.0,0.453125,True,0.08270437296145268
cc-pvdz_b2.2,cc-pvdz,2.2,0.0005,20,0.35,1.0,0.44687499999999997,0.546875,1.0,0.453125,True,0.08270437296145268
cc-pvdz_b2.2,cc-pvdz,2.2,0.0005,20,0.45,1.0,0.5118750000000001,1.0,1.0,0.0,False,0.08270437296145268
cc-pvdz_b2.2,cc-pvdz,2.2,0.0005,20,0.55,1.0,0.5606249999999999,1.0,1.0,0.0,False,0.08270437296145268
cc-pvdz_b2.2,cc-pvdz,2.2,0.0005,40,0.15,1.0,0.24500000000000002,0.0,1.0,0.755,True,0.08270437296145268
cc-pvdz_b2.2,cc-pvdz,2.2,0.0005,40,0.25,1.0,0.37625,0.34375,1.0,0.62375,True,0.08270437296145268
cc-pvdz_b2.2,cc-pvdz,2.2,0.0005,40,0.35,1.0,0.44687499999999997,0.34375,1.0,0.5531250000000001,True,0.08270437296145268
cc-pvdz_b2.2,cc-pvdz,2.2,0.0005,40,0.45,1.0,0.5118750000000001,1.0,1.0,0.0,False,0.08270437296145268
cc-pvdz_b2.2,cc-pvdz,2.2,0.0005,40,0.55,1.0,0.5606249999999999,1.0,1.0,0.0,False,0.08270437296145268
cc-pvdz_b2.2,cc-pvdz,2.2,0.001,10,0.15,1.0,0.24500000000000002,0.043125,1.0,0.755,True,0.08270437296145268
cc-pvdz_b2.2,cc-pvdz,2.2,0.001,10,0.25,1.0,0.37625,0.578125,1.0,0.421875,True,0.08270437296145268
cc-pvdz_b2.2,cc-pvdz,2.2,0.001,10,0.35,1.0,0.44687499999999997,0.578125,1.0,0.421875,True,0.08270437296145268
cc-pvdz_b2.2,cc-pvdz,2.2,0.001,10,0.45,1.0,0.5118750000000001,1.0,1.0,0.0,False,0.08270437296145268
cc-pvdz_b2.2,cc-pvdz,2.2,0.001,10,0.55,1.0,0.5606249999999999,1.0,1.0,0.0,False,0.08270437296145268
cc-pvdz_b2.2,cc-pvdz,2.2,0.001,20,0.15,1.0,0.24500000000000002,0.042499999999999996,1.0,0.755,True,0.08270437296145268
cc-pvdz_b2.2,cc-pvdz,2.2,0.001,20,0.25,1.0,0.37625,0.546875,1.0,0.453125,True,0.08270437296145268
cc-pvdz_b2.2,cc-pvdz,2.2,0.001,20,0.35,1.0,0.44687499999999997,0.5475,1.0,0.4525,True,0.08270437296145268
cc-pvdz_b2.2,cc-pvdz,2.2,0.001,20,0.45,1.0,0.5118750000000001,1.0,1.0,0.0,False,0.08270437296145268
cc-pvdz_b2.2,cc-pvdz,2.2,0.001,20,0.55,1.0,0.5606249999999999,1.0,1.0,0.0,False,0.08270437296145268
cc-pvdz_b2.2,cc-pvdz,2.2,0.001,40,0.15,1.0,0.24500000000000002,0.01875,1.0,0.755,True,0.08270437296145268
cc-pvdz_b2.2,cc-pvdz,2.2,0.001,40,0.25,1.0,0.37625,0.328125,1.0,0.62375,True,0.08270437296145268
cc-pvdz_b2.2,cc-pvdz,2.2,0.001,40,0.35,1.0,0.44687499999999997,0.328125,1.0,0.5531250000000001,True,0.08270437296145268
cc-pvdz_b2.2,cc-pvdz,2.2,0.001,40,0.45,1.0,0.5118750000000001,1.0,1.0,0.0,False,0.08270437296145268
cc-pvdz_b2.2,cc-pvdz,2.2,0.001,40,0.55,1.0,0.5606249999999999,1.0,1.0,0.0,False,0.08270437296145268
cc-pvdz_b2.2,cc-pvdz,2.2,0.002,10,0.15,1.0,0.24500000000000002,0.161875,1.0,0.755,True,0.08270437296145268
cc-pvdz_b2.2,cc-pvdz,2.2,0.002,10,0.25,1.0,0.37625,0.46125,1.0,0.5387500000000001,True,0.08270437296145268
cc-pvdz_b2.2,cc-pvdz,2.2,0.002,10,0.35,1.0,0.44687499999999997,0.485,1.0,0.515,True,0.08270437296145268
cc-pvdz_b2.2,cc-pvdz,2.2,0.002,10,0.45,1.0,0.5118750000000001,0.991875,1.0,0.008125000000000049,True,0.08270437296145268
cc-pvdz_b2.2,cc-pvdz,2.2,0.002,10,0.55,1.0,0.5606249999999999,1.0,1.0,0.0,False,0.08270437296145268
cc-pvdz_b2.2,cc-pvdz,2.2,0.002,20,0.15,1.0,0.24500000000000002,0.149375,1.0,0.755,True,0.08270437296145268
cc-pvdz_b2.2,cc-pvdz,2.2,0.002,20,0.25,1.0,0.37625,0.40375,1.0,0.59625,True,0.08270437296145268
cc-pvdz_b2.2,cc-pvdz,2.2,0.002,20,0.35,1.0,0.44687499999999997,0.434375,1.0,0.5531250000000001,True,0.08270437296145268
cc-pvdz_b2.2,cc-pvdz,2.2,0.002,20,0.45,1.0,0.5118750000000001,0.99125,1.0,0.008750000000000036,True,0.08270437296145268
cc-pvdz_b2.2,cc-pvdz,2.2,0.002,20,0.55,1.0,0.5606249999999999,1.0,1.0,0.0,False,0.08270437296145268
cc-pvdz_b2.2,cc-pvdz,2.2,0.002,40,0.15,1.0,0.24500000000000002,0.089375,1.0,0.755,True,0.08270437296145268
cc-pvdz_b2.2,cc-pvdz,2.2,0.002,40,0.25,1.0,0.37625,0.296875,1.0,0.62375,True,0.08270437296145268
cc-pvdz_b2.2,cc-pvdz,2.2,0.002,40,0.35,1.0,0.44687499999999997,0.326875,1.0,0.5531250000000001,True,0.08270437296145268
cc-pvdz_b2.2,cc-pvdz,2.2,0.002,40,0.45,1.0,0.5118750000000001,0.9918750000000001,1.0,0.008124999999999938,True,0.08270437296145268
cc-pvdz_b2.2,cc-pvdz,2.2,0.002,40,0.55,1.0,0.5606249999999999,1.0,1.0,0.0,False,0.08270437296145268
cc-pvdz_b2.2,cc-pvdz,2.2,0.004,10,0.15,0.999375,0.24500000000000002,0.095,0.9981249999999999,0.7531249999999999,True,0.08270437296145268
cc-pvdz_b2.2,cc-pvdz,2.2,0.004,10,0.25,1.0,0.37625,0.15312499999999998,1.0,0.62375,True,0.08270437296145268
cc-pvdz_b2.2,cc-pvdz,2.2,0.004,10,0.35,1.0,0.44687499999999997,0.28812499999999996,1.0,0.5531250000000001,True,0.08270437296145268
cc-pvdz_b2.2,cc-pvdz,2.2,0.004,10,0.45,1.0,0.5118750000000001,0.938125,1.0,0.06187500000000001,True,0.08270437296145268
cc-pvdz_b2.2,cc-pvdz,2.2,0.004,10,0.55,1.0,0.5606249999999999,0.99875,1.0,0.0012499999999999734,True,0.08270437296145268
cc-pvdz_b2.2,cc-pvdz,2.2,0.004,20,0.15,0.999375,0.24500000000000002,0.14,0.9981249999999999,0.7531249999999999,True,0.08270437296145268
cc-pvdz_b2.2,cc-pvdz,2.2,0.004,20,0.25,1.0,0.37625,0.226875,1.0,0.62375,True,0.08270437296145268
cc-pvdz_b2.2,cc-pvdz,2.2,0.004,20,0.35,1.0,0.44687499999999997,0.36062500000000003,1.0,0.5531250000000001,True,0.08270437296145268
cc-pvdz_b2.2,cc-pvdz,2.2,0.004,20,0.45,1.0,0.5118750000000001,0.9512499999999999,1.0,0.04875000000000007,True,0.08270437296145268
cc-pvdz_b2.2,cc-pvdz,2.2,0.004,20,0.55,1.0,0.5606249999999999,0.99875,1.0,0.0012499999999999734,True,0.08270437296145268
cc-pvdz_b2.2,cc-pvdz,2.2,0.004,40,0.15,0.999375,0.24500000000000002,0.094375,0.995,0.75,True,0.08270437296145268
cc-pvdz_b2.2,cc-pvdz,2.2,0.004,40,0.25,1.0,0.37625,0.164375,0.9975,0.6212500000000001,True,0.08270437296145268
cc-pvdz_b2.2,cc-pvdz,2.2,0.004,40,0.35,1.0,0.44687499999999997,0.33000000000000007,0.9981249999999999,0.55125,True,0.08270437296145268
cc-pvdz_b2.2,cc-pvdz,2.2,0.004,40,0.45,1.0,0.5118750000000001,0.9381249999999999,0.99875,0.06062500000000015,True,0.08270437296145268
cc-pvdz_b2.2,cc-pvdz,2.2,0.004,40,0.55,1.0,0.5606249999999999,0.99875,1.0,0.0012499999999999734,True,0.08270437296145268
cc-pvdz_b2.2,cc-pvdz,2.2,0.008,10,0.15,0.9775,0.24500000000000002,0.0,0.976875,0.731875,True,0.08270437296145268
cc-pvdz_b2.2,cc-pvdz,2.2,0.008,10,0.25,0.999375,0.37625,0.005625,0.99875,0.6225,True,0.08270437296145268
cc-pvdz_b2.2,cc-pvdz,2.2,0.008,10,0.35,1.0,0.44687499999999997,0.22875,1.0,0.5531250000000001,True,0.08270437296145268
cc-pvdz_b2.2,cc-pvdz,2.2,0.008,10,0.45,1.0,0.5118750000000001,0.7762499999999999,1.0,0.22375000000000012,True,0.08270437296145268
cc-pvdz_b2.2,cc-pvdz,2.2,0.008,10,0.55,1.0,0.5606249999999999,0.978125,1.0,0.021874999999999978,True,0.08270437296145268
cc-pvdz_b2.2,cc-pvdz,2.2,0.008,20,0.15,0.9775,0.24500000000000002,0.007500000000000001,0.98,0.7325,True,0.08270437296145268
cc-pvdz_b2.2,cc-pvdz,2.2,0.008,20,0.25,0.999375,0.37625,0.02125,0.99875,0.6225,True,0.08270437296145268
cc-pvdz_b2.2,cc-pvdz,2.2,0.008,20,0.35,1.0,0.44687499999999997,0.2575,1.0,0.5531250000000001,True,0.08270437296145268
cc-pvdz_b2.2,cc-pvdz,2.2,0.008,20,0.45,1.0,0.5118750000000001,0.7981249999999999,1.0,0.20187500000000014,True,0.08270437296145268
cc-pvdz_b2.2,cc-pvdz,2.2,0.008,20,0.55,1.0,0.5606249999999999,0.985,1.0,0.015000000000000013,True,0.08270437296145268
cc-pvdz_b2.2,cc-pvdz,2.2,0.008,40,0.15,0.9775,0.24500000000000002,0.04,0.975,0.73,True,0.08270437296145268
cc-pvdz_b2.2,cc-pvdz,2.2,0.008,40,0.25,0.999375,0.37625,0.079375,0.9925,0.6162500000000001,True,0.08270437296145268
cc-pvdz_b2.2,cc-pvdz,2.2,0.008,40,0.35,1.0,0.44687499999999997,0.311875,0.99625,0.549375,True,0.08270437296145268
cc-pvdz_b2.2,cc-pvdz,2.2,0.008,40,0.45,1.0,0.5118750000000001,0.7962499999999999,0.996875,0.20062500000000005,True,0.08270437296145268
cc-pvdz_b2.2,cc-pvdz,2.2,0.008,40,0.55,1.0,0.5606249999999999,0.986875,0.9975,0.010625000000000107,True,0.08270437296145268
cc-pvdz_b2.3,cc-pvdz,2.3,0.0005,10,0.15,1.0,0.24500000000000002,0.0,1.0,0.755,True,0.07272980941884848
cc-pvdz_b2.3,cc-pvdz,2.3,0.0005,10,0.25,1.0,0.37625,0.578125,1.0,0.421875,True,0.07272980941884848
cc-pvdz_b2.3,cc-pvdz,2.3,0.0005,10,0.35,1.0,0.44687499999999997,0.578125,1.0,0.421875,True,0.07272980941884848
cc-pvdz_b2.3,cc-pvdz,2.3,0.0005,10,0.45,1.0,0.5118750000000001,1.0,1.0,0.0,False,0.07272980941884848
cc-pvdz_b2.3,cc-pvdz,2.3,0.0005,10,0.55,1.0,0.5606249999999999,1.0,1.0,0.0,False,0.07272980941884848
cc-pvdz_b2.3,cc-pvdz,2.3,0.0005,20,0.15,1.0,0.24500000000000002,0.0,1.0,0.755,True,0.07272980941884848
cc-pvdz_b2.3,cc-pvdz,2.3,0.0005,20,0.25,1.0,0.37625,0.546875,1.0,0.453125,True,0.07272980941884848
cc-pvdz_b2.3,cc-pvdz,2.3,0.0005,20,0.35,1.0,0.44687499999999997,0.546875,1.0,0.453125,True,0.07272980941884848
cc-pvdz_b2.3,cc-pvdz,2.3,0.0005,20,0.45,1.0,0.5118750000000001,1.0,1.0,0.0,False,0.07272980941884848
cc-pvdz_b2.3,cc-pvdz,2.3,0.0005,20,0.55,1.0,0.5606249999999999,1.0,1.0,0.0,False,0.07272980941884848
cc-pvdz_b2.3,cc-pvdz,2.3,0.0005,40,0.15,1.0,0.24500000000000002,0.0,1.0,0.755,True,0.07272980941884848
cc-pvdz_b2.3,cc-pvdz,2.3,0.0005,40,0.25,1.0,0.37625,0.34375,1.0,0.62375,True,0.07272980941884848
cc-pvdz_b2.3,cc-pvdz,2.3,0.0005,40,0.35,1.0,0.44687499999999997,0.34375,1.0,0.5531250000000001,True,0.07272980941884848
cc-pvdz_b2.3,cc-pvdz,2.3,0.0005,40,0.45,1.0,0.5118750000000001,1.0,1.0,0.0,False,0.07272980941884848
cc-pvdz_b2.3,cc-pvdz,2.3,0.0005,40,0.55,1.0,0.5606249999999999,1.0,1.0,0.0,False,0.07272980941884848
cc-pvdz_b2.3,cc-pvdz,2.3,0.001,10,0.15,1.0,0.24500000000000002,0.0,1.0,0.755,True,0.07272980941884848
cc-pvdz_b2.3,cc-pvdz,2.3,0.001,10,0.25,1.0,0.37625,0.578125,1.0,0.421875,True,0.07272980941884848
cc-pvdz_b2.3,cc-pvdz,2.3,0.001,10,0.35,1.0,0.44687499999999997,0.578125,1.0,0.421875,True,0.07272980941884848
cc-pvdz_b2.3,cc-pvdz,2.3,0.001,10,0.45,1.0,0.5118750000000001,1.0,1.0,0.0,False,0.07272980941884848
cc-pvdz_b2.3,cc-pvdz,2.3,0.001,10,0.55,1.0,0.5606249999999999,1.0,1.0,0.0,False,0.07272980941884848
cc-pvdz_b2.3,cc-pvdz,2.3,0.001,20,0.15,1.0,0.24500000000000002,0.0,1.0,0.755,True,0.07272980941884848
cc-pvdz_b2.3,cc-pvdz,2.3,0.001,20,0.25,1.0,0.37625,0.546875,1.0,0.453125,True,0.07272980941884848
cc-pvdz_b2.3,cc-pvdz,2.3,0.001,20,0.35,1.0,0.44687499999999997,0.5475,1.0,0.4525,True,0.07272980941884848
cc-pvdz_b2.3,cc-pvdz,2.3,0.001,20,0.45,1.0,0.5118750000000001,1.0,1.0,0.0,False,0.07272980941884848
cc-pvdz_b2.3,cc-pvdz,2.3,0.001,20,0.55,1.0,0.5606249999999999,1.0,1.0,0.0,False,0.07272980941884848
cc-pvdz_b2.3,cc-pvdz,2.3,0.001,40,0.15,1.0,0.24500000000000002,0.0,1.0,0.755,True,0.07272980941884848
cc-pvdz_b2.3,cc-pvdz,2.3,0.001,40,0.25,1.0,0.37625,0.34375,1.0,0.62375,True,0.07272980941884848
cc-pvdz_b2.3,cc-pvdz,2.3,0.001,40,0.35,1.0,0.44687499999999997,0.34375,1.0,0.5531250000000001,True,0.07272980941884848
cc-pvdz_b2.3,cc-pvdz,2.3,0.001,40,0.45,1.0,0.5118750000000001,1.0,1.0,0.0,False,0.07272980941884848
cc-pvdz_b2.3,cc-pvdz,2.3,0.001,40,0.55,1.0,0.5606249999999999,1.0,1.0,0.0,False,0.07272980941884848
cc-pvdz_b2.3,cc-pvdz,2.3,0.002,10,0.15,1.0,0.24500000000000002,0.06312500000000001,1.0,0.755,True,0.07272980941884848
cc-pvdz_b2.3,cc-pvdz,2.3,0.002,10,0.25,1.0,0.37625,0.578125,1.0,0.421875,True,0.07272980941884848
cc-pvdz_b2.3,cc-pvdz,2.3,0.002,10,0.35,1.0,0.44687499999999997,0.5900000000000001,1.0,0.4099999999999999,True,0.07272980941884848
cc-pvdz_b2.3,cc-pvdz,2.3,0.002,10,0.45,1.0,0.5118750000000001,0.99125,1.0,0.008750000000000036,True,0.07272980941884848
cc-pvdz_b2.3,cc-pvdz,2.3,0.002,10,0.55,1.0,0.5606249999999999,1.0,1.0,0.0,False,0.07272980941884848
cc-pvdz_b2.3,cc-pvdz,2.3,0.002,20,0.15,1.0,0.24500000000000002,0.056875,1.0,0.755,True,0.07272980941884848
cc-pvdz_b2.3,cc-pvdz,2.3,0.002,20,0.25,1.0,0.37625,0.53125,1.0,0.46875,True,0.07272980941884848
cc-pvdz_b2.3,cc-pvdz,2.3,0.002,20,0.35,1.0,0.44687499999999997,0.550625,1.0,0.44937499999999997,True,0.07272980941884848
cc-pvdz_b2.3,cc-pvdz,2.3,0.002,20,0.45,1.0,0.5118750000000001,0.99125,1.0,0.008750000000000036,True,0.07272980941884848
cc-pvdz_b2.3,cc-pvdz,2.3,0.002,20,0.55,1.0,0.5606249999999999,1.0,1.0,0.0,False,0.07272980941884848
cc-pvdz_b2.3,cc-pvdz,2.3,0.002,40,0.15,1.0,0.24500000000000002,0.0175,1.0,0.755,True,0.07272980941884848
cc-pvdz_b2.3,cc-pvdz,2.3,0.002,40,0.25,1.0,0.37625,0.3125,1.0,0.62375,True,0.07272980941884848
cc-pvdz_b2.3,cc-pvdz,2.3,0.002,40,0.35,1.0,0.44687499999999997,0.34625000000000006,1.0,0.5531250000000001,True,0.07272980941884848
cc-pvdz_b2.3,cc-pvdz,2.3,0.002,40,0.45,1.0,0.5118750000000001,0.994375,1.0,0.005624999999999991,True,0.07272980941884848
cc-pvdz_b2.3,cc-pvdz,2.3,0.002,40,0.55,1.0,0.5606249999999999,1.0,1.0,0.0,False,0.07272980941884848
cc-pvdz_b2.3,cc-pvdz,2.3,0.004,10,0.15,0.999375,0.24500000000000002,0.144375,0.99875,0.75375,True,0.07272980941884848
cc-pvdz_b2.3,cc-pvdz,2.3,0.004,10,0.25,1.0,0.37625,0.41500000000000004,1.0,0.585,True,0.07272980941884848
cc-pvdz_b2.3,cc-pvdz,2.3,0.004,10,0.35,1.0,0.44687499999999997,0.500625,1.0,0.499375,True,0.07272980941884848
cc-pvdz_b2.3,cc-pvdz,2.3,0.004,10,0.45,1.0,0.5118750000000001,0.94,1.0,0.06000000000000005,True,0.07272980941884848
cc-pvdz_b2.3,cc-pvdz,2.3,0.004,10,0.55,1.0,0.5606249999999999,0.999375,1.0,0.0006249999999999867,True,0.07272980941884848
cc-pvdz_b2.3,cc-pvdz,2.3,0.004,20,0.15,0.999375,0.24500000000000002,0.14,0.9975,0.7525000000000001,True,0.07272980941884848
cc-pvdz_b2.3,cc-pvdz,2.3,0.004,20,0.25,1.0,0.37625,0.36875,1.0,0.62375,True,0.07272980941884848
cc-pvdz_b2.3,cc-pvdz,2.3,0.004,20,0.35,1.0,0.44687499999999997,0.47625,1.0,0.5237499999999999,True,0.07272980941884848
cc-pvdz_b2.3,cc-pvdz,2.3,0.004,20,0.45,1.0,0.5118750000000001,0.9512499999999999,1.0,0.04875000000000007,True,0.07272980941884848
cc-pvdz_b2.3,cc-pvdz,2.3,0.004,20,0.55,1.0,0.5606249999999999,0.999375,1.0,0.0006249999999999867,True,0.07272980941884848
cc-pvdz_b2.3,cc-pvdz,2.3,0.004,40,0.15,0.999375,0.24500000000000002,0.08625000000000001,0.996875,0.751875,True,0.07272980941884848
cc-pvdz_b2.3,cc-pvdz,2.3,0.004,40,0.25,1.0,0.37625,0.29125,0.999375,0.623125,True,0.07272980941884848
cc-pvdz_b2.3,cc-pvdz,2.3,0.004,40,0.35,1.0,0.44687499999999997,0.41500000000000004,1.0,0.5531250000000001,True,0.07272980941884848
cc-pvdz_b2.3,cc-pvdz,2.3,0.004,40,0.45,1.0,0.5118750000000001,0.94,1.0,0.06000000000000005,True,0.07272980941884848
cc-pvdz_b2.3,cc-pvdz,2.3,0.004,40,0.55,1.0,0.5606249999999999,0.999375,1.0,0.0006249999999999867,True,0.07272980941884848
cc-pvdz_b2.3,cc-pvdz,2.3,0.008,10,0.15,0.9675,0.24500000000000002,0.07437500000000001,0.966875,0.721875,True,0.07272980941884848
cc-pvdz_b2.3,cc-pvdz,2.3,0.008,10,0.25,0.9975,0.37625,0.125,0.996875,0.620625,True,0.07272980941884848
cc-pvdz_b2.3,cc-pvdz,2.3,0.008,10,0.35,0.999375,0.44687499999999997,0.333125,0.999375,0.5525,True,0.07272980941884848
cc-pvdz_b2.3,cc-pvdz,2.3,0.008,10,0.45,1.0,0.5118750000000001,0.81375,1.0,0.18625000000000003,True,0.07272980941884848
cc-pvdz_b2.3,cc-pvdz,2.3,0.008,10,0.55,1.0,0.5606249999999999,0.9750000000000001,1.0,0.02499999999999991,True,0.07272980941884848
cc-pvdz_b2.3,cc-pvdz,2.3,0.008,20,0.15,0.9675,0.24500000000000002,0.1275,0.975,0.7225,True,0.07272980941884848
cc-pvdz_b2.3,cc-pvdz,2.3,0.008,20,0.25,0.9975,0.37625,0.210625,0.9975,0.6212500000000001,True,0.07272980941884848
cc-pvdz_b2.3,cc-pvdz,2.3,0.008,20,0.35,0.999375,0.44687499999999997,0.409375,0.999375,0.5525,True,0.07272980941884848
cc-pvdz_b2.3,cc-pvdz,2.3,0.008,20,0.45,1.0,0.5118750000000001,0.85125,1.0,0.14875000000000005,True,0.07272980941884848
cc-pvdz_b2.3,cc-pvdz,2.3,0.008,20,0.55,1.0,0.5606249999999999,0.986875,1.0,0.013125000000000053,True,0.07272980941884848
cc-pvdz_b2.3,cc-pvdz,2.3,0.008,40,0.15,0.9675,0.24500000000000002,0.09375,0.9806250000000001,0.7225,True,0.07272980941884848
cc-pvdz_b2.3,cc-pvdz,2.3,0.008,40,0.25,0.9975,0.37625,0.171875,0.9962500000000001,0.6200000000000001,True,0.07272980941884848
cc-pvdz_b2.3,cc-pvdz,2.3,0.008,40,0.35,0.999375,0.44687499999999997,0.39,0.9975,0.5506250000000001,True,0.07272980941884848
cc-pvdz_b2.3,cc-pvdz,2.3,0.008,40,0.45,1.0,0.5118750000000001,0.815,0.9981249999999999,0.18312499999999998,True,0.07272980941884848
cc-pvdz_b2.3,cc-pvdz,2.3,0.008,40,0.55,1.0,0.5606249999999999,0.988125,0.999375,0.011249999999999982,True,0.07272980941884848
cc-pvdz_b2.4,cc-pvdz,2.4,0.0005,10,0.15,1.0,0.24500000000000002,0.0,1.0,0.755,True,0.06958719939551995
cc-pvdz_b2.4,cc-pvdz,2.4,0.0005,10,0.25,1.0,0.37625,0.578125,1.0,0.421875,True,0.06958719939551995
cc-pvdz_b2.4,cc-pvdz,2.4,0.0005,10,0.35,1.0,0.44687499999999997,0.578125,1.0,0.421875,True,0.06958719939551995
cc-pvdz_b2.4,cc-pvdz,2.4,0.0005,10,0.45,1.0,0.5118750000000001,1.0,1.0,0.0,False,0.06958719939551995
cc-pvdz_b2.4,cc-pvdz,2.4,0.0005,10,0.55,1.0,0.5606249999999999,1.0,1.0,0.0,False,0.06958719939551995
cc-pvdz_b2.4,cc-pvdz,2.4,0.0005,20,0.15,1.0,0.24500000000000002,0.0,1.0,0.755,True,0.06958719939551995
cc-pvdz_b2.4,cc-pvdz,2.4,0.0005,20,0.25,1.0,0.37625,0.546875,1.0,0.453125,True,0.06958719939551995
cc-pvdz_b2.4,cc-pvdz,2.4,0.0005,20,0.35,1.0,0.44687499999999997,0.546875,1.0,0.453125,True,0.06958719939551995
cc-pvdz_b2.4,cc-pvdz,2.4,0.0005,20,0.45,1.0,0.5118750000000001,1.0,1.0,0.0,False,0.06958719939551995
cc-pvdz_b2.4,cc-pvdz,2.4,0.0005,20,0.55,1.0,0.5606249999999999,1.0,1.0,0.0,False,0.06958719939551995
cc-pvdz_b2.4,cc-pvdz,2.4,0.0005,40,0.15,1.0,0.24500000000000002,0.0,1.0,0.755,True,0.06958719939551995
cc-pvdz_b2.4,cc-pvdz,2.4,0.0005,40,0.25,1.0,0.37625,0.34375,1.0,0.62375,True,0.06958719939551995
cc-pvdz_b2.4,cc-pvdz,2.4,0.0005,40,0.35,1.0,0.44687499999999997,0.34375,1.0,0.5531250000000001,True,0.06958719939551995
cc-pvdz_b2.4,cc-pvdz,2.4,0.0005,40,0.45,1.0,0.5118750000000001,1.0,1.0,0.0,False,0.06958719939551995
cc-pvdz_b2.4,cc-pvdz,2.4,0.0005,40,0.55,1.0,0.5606249999999999,1.0,1.0,0.0,False,0.06958719939551995
cc-pvdz_b2.4,cc-pvdz,2.4,0.001,10,0.15,1.0,0.24500000000000002,0.0,1.0,0.755,True,0.06958719939551995
cc-pvdz_b2.4,cc-pvdz,2.4,0.001,10,0.25,1.0,0.37625,0.578125,1.0,0.421875,True,0.06958719939551995
cc-pvdz_b2.4,cc-pvdz,2.4,0.001,10,0.35,1.0,0.44687499999999997,0.578125,1.0,0.421875,True,0.06958719939551995
cc-pvdz_b2.4,cc-pvdz,2.4,0.001,10,0.45,1.0,0.5118750000000001,1.0,1.0,0.0,False,0.06958719939551995
cc-pvdz_b2.4,cc-pvdz,2.4,0.001,10,0.55,1.0,0.5606249999999999,1.0,1.0,0.0,False,0.06958719939551995
cc-pvdz_b2.4,cc-pvdz,2.4,0.001,20,0.15,1.0,0.24500000000000002,0.0,1.0,0.755,True,0.06958719939551995
cc-pvdz_b2.4,cc-pvdz,2.4,0.001,20,0.25,1.0,0.37625,0.546875,1.0,0.453125,True,0.06958719939551995
cc-pvdz_b2.4,cc-pvdz,2.4,0.001,20,0.35,1.0,0.44687499999999997,0.5475,1.0,0.4525,True,0.06958719939551995
cc-pvdz_b2.4,cc-pvdz,2.4,0.001,20,0.45,1.0,0.5118750000000001,1.0,1.0,0.0,False,0.06958719939551995
cc-pvdz_b2.4,cc-pvdz,2.4,0.001,20,0.55,1.0,0.5606249999999999,1.0,1.0,0.0,False,0.06958719939551995
cc-pvdz_b2.4,cc-pvdz,2.4,0.001,40,0.15,1.0,0.24500000000000002,0.0,1.0,0.755,True,0.06958719939551995
cc-pvdz_b2.4,cc-pvdz,2.4,0.001,40,0.25,1.0,0.37625,0.34375,1.0,0.62375,True,0.06958719939551995
cc-pvdz_b2.4,cc-pvdz,2.4,0.001,40,0.35,1.0,0.44687499999999997,0.34375,1.0,0.5531250000000001,True,0.06958719939551995
cc-pvdz_b2.4,cc-pvdz,2.4,0.001,40,0.45,1.0,0.5118750000000001,1.0,1.0,0.0,False,0.06958719939551995
cc-pvdz_b2.4,cc-pvdz,2.4,0.001,40,0.55,1.0,0.5606249999999999,1.0,1.0,0.0,False,0.06958719939551995
cc-pvdz_b2.4,cc-pvdz,2.4,0.002,10,0.15,1.0,0.24500000000000002,0.013125,1.0,0.755,True,0.06958719939551995
cc-pvdz_b2.4,cc-pvdz,2.4,0.002,10,0.25,1.0,0.37625,0.578125,1.0,0.421875,True,0.06958719939551995
cc-pvdz_b2.4,cc-pvdz,2.4,0.002,10,0.35,1.0,0.44687499999999997,0.589375,1.0,0.410625,True,0.06958719939551995
cc-pvdz_b2.4,cc-pvdz,2.4,0.002,10,0.45,1.0,0.5118750000000001,0.99125,1.0,0.008750000000000036,True,0.06958719939551995
cc-pvdz_b2.4,cc-pvdz,2.4,0.002,10,0.55,1.0,0.5606249999999999,1.0,1.0,0.0,False,0.06958719939551995
cc-pvdz_b2.4,cc-pvdz,2.4,0.002,20,0.15,1.0,0.24500000000000002,0.016875,1.0,0.755,True,0.06958719939551995
cc-pvdz_b2.4,cc-pvdz,2.4,0.002,20,0.25,1.0,0.37625,0.515625,1.0,0.484375,True,0.06958719939551995
cc-pvdz_b2.4,cc-pvdz,2.4,0.002,20,0.35,1.0,0.44687499999999997,0.5387500000000001,1.0,0.46124999999999994,True,0.06958719939551995
cc-pvdz_b2.4,cc-pvdz,2.4,0.002,20,0.45,1.0,0.5118750000000001,0.99125,1.0,0.008750000000000036,True,0.06958719939551995
cc-pvdz_b2.4,cc-pvdz,2.4,0.002,20,0.55,1.0,0.5606249999999999,1.0,1.0,0.0,False,0.06958719939551995
cc-pvdz_b2.4,cc-pvdz,2.4,0.002,40,0.15,1.0,0.24500000000000002,0.00625,1.0,0.755,True,0.06958719939551995
cc-pvdz_b2.4,cc-pvdz,2.4,0.002,40,0.25,1.0,0.37625,0.3125,1.0,0.62375,True,0.06958719939551995
cc-pvdz_b2.4,cc-pvdz,2.4,0.002,40,0.35,1.0,0.44687499999999997,0.34625000000000006,1.0,0.5531250000000001,True,0.06958719939551995
cc-pvdz_b2.4,cc-pvdz,2.4,0.002,40,0.45,1.0,0.5118750000000001,0.994375,1.0,0.005624999999999991,True,0.06958719939551995
cc-pvdz_b2.4,cc-pvdz,2.4,0.002,40,0.55,1.0,0.5606249999999999,1.0,1.0,0.0,False,0.06958719939551995
cc-pvdz_b2.4,cc-pvdz,2.4,0.004,10,0.15,0.999375,0.24500000000000002,0.085625,0.99875,0.75375,True,0.06958719939551995
cc-pvdz_b2.4,cc-pvdz,2.4,0.004,10,0.25,1.0,0.37625,0.36,1.0,0.62375,True,0.06958719939551995
cc-pvdz_b2.4,cc-pvdz,2.4,0.004,10,0.35,1.0,0.44687499999999997,0.45625000000000004,1.0,0.54375,True,0.06958719939551995
cc-pvdz_b2.4,cc-pvdz,2.4,0.004,10,0.45,1.0,0.5118750000000001,0.9393750000000001,1.0,0.06062499999999993,True,0.06958719939551995
cc-pvdz_b2.4,cc-pvdz,2.4,0.004,10,0.55,1.0,0.5606249999999999,1.0,1.0,0.0,False,0.06958719939551995
cc-pvdz_b2.4,cc-pvdz,2.4,0.004,20,0.15,0.999375,0.24500000000000002,0.10187500000000001,0.9975,0.7525000000000001,True,0.06958719939551995
cc-pvdz_b2.4,cc-pvdz,2.4,0.004,20,0.25,1.0,0.37625,0.41812499999999997,1.0,0.581875,True,0.06958719939551995
cc-pvdz_b2.4,cc-pvdz,2.4,0.004,20,0.35,1.0,0.44687499999999997,0.515,1.0,0.485,True,0.06958719939551995
cc-pvdz_b2.4,cc-pvdz,2.4,0.004,20,0.45,1.0,0.5118750000000001,0.951875,1.0,0.04812499999999997,True,0.06958719939551995
cc-pvdz_b2.4,cc-pvdz,2.4,0.004,20,0.55,1.0,0.5606249999999999,1.0,1.0,0.0,False,0.06958719939551995
cc-pvdz_b2.4,cc-pvdz,2.4,0.004,40,0.15,0.999375,0.24500000000000002,0.074375,0.996875,0.751875,True,0.06958719939551995
cc-pvdz_b2.4,cc-pvdz,2.4,0.004,40,0.25,1.0,0.37625,0.2575,0.999375,0.623125,True,0.06958719939551995
cc-pvdz_b2.4,cc-pvdz,2.4,0.004,40,0.35,1.0,0.44687499999999997,0.385625,1.0,0.5531250000000001,True,0.06958719939551995
cc-pvdz_b2.4,cc-pvdz,2.4,0.004,40,0.45,1.0,0.5118750000000001,0.9275,1.0,0.07250000000000001,True,0.06958719939551995
cc-pvdz_b2.4,cc-pvdz,2.4,0.004,40,0.55,1.0,0.5606249999999999,0.999375,1.0,0.0006249999999999867,True,0.06958719939551995
cc-pvdz_b2.4,cc-pvdz,2.4,0.008,10,0.15,0.9668749999999999,0.24500000000000002,0.075,0.96375,0.71875,True,0.06958719939551995
cc-pvdz_b2.4,cc-pvdz,2.4,0.008,10,0.25,0.9975,0.37625,0.14750000000000002,0.996875,0.620625,True,0.06958719939551995
cc-pvdz_b2.4,cc-pvdz,2.4,0.008,10,0.35,0.999375,0.44687499999999997,0.34,0.999375,0.5525,True,0.06958719939551995
cc-pvdz_b2.4,cc-pvdz,2.4,0.008,10,0.45,1.0,0.5118750000000001,0.8006249999999999,1.0,0.19937500000000008,True,0.06958719939551995
cc-pvdz_b2.4,cc-pvdz,2.4,0.008,10,0.55,1.0,0.5606249999999999,0.97,1.0,0.030000000000000027,True,0.06958719939551995
cc-pvdz_b2.4,cc-pvdz,2.4,0.008,20,0.15,0.9668749999999999,0.24500000000000002,0.0825,0.971875,0.7218749999999999,True,0.06958719939551995
cc-pvdz_b2.4,cc-pvdz,2.4,0.008,20,0.25,0.9975,0.37625,0.1775,0.9975,0.6212500000000001,True,0.06958719939551995
cc-pvdz_b2.4,cc-pvdz,2.4,0.008,20,0.35,0.999375,0.44687499999999997,0.37875000000000003,0.999375,0.5525,True,0.06958719939551995
cc-pvdz_b2.4,cc-pvdz,2.4,0.008,20,0.45,1.0,0.5118750000000001,0.8287499999999999,1.0,0.17125000000000012,True,0.06958719939551995
cc-pvdz_b2.4,cc-pvdz,2.4,0.008,20,0.55,1.0,0.5606249999999999,0.980625,1.0,0.01937500000000003,True,0.06958719939551995
cc-pvdz_b2.4,cc-pvdz,2.4,0.008,40,0.15,0.9668749999999999,0.24500000000000002,0.09562499999999999,0.975625,0.7218749999999999,True,0.06958719939551995
cc-pvdz_b2.4,cc-pvdz,2.4,0.008,40,0.25,0.9975,0.37625,0.21125,0.9962500000000001,0.6200000000000001,True,0.06958719939551995
cc-pvdz_b2.4,cc-pvdz,2.4,0.008,40,0.35,0.999375,0.44687499999999997,0.400625,0.9975,0.5506250000000001,True,0.06958719939551995
cc-pvdz_b2.4,cc-pvdz,2.4,0.008,40,0.45,1.0,0.5118750000000001,0.8162499999999999,0.9981249999999999,0.181875,True,0.06958719939551995
cc-pvdz_b2.4,cc-pvdz,2.4,0.008,40,0.55,1.0,0.5606249999999999,0.985,0.999375,0.014375000000000027,True,0.06958719939551995
cc-pvdz_b2.5,cc-pvdz,2.5,0.0005,10,0.15,1.0,0.24500000000000002,0.0,1.0,0.755,True,0.06559563241692212
cc-pvdz_b2.5,cc-pvdz,2.5,0.0005,10,0.25,1.0,0.37625,0.578125,1.0,0.421875,True,0.06559563241692212
cc-pvdz_b2.5,cc-pvdz,2.5,0.0005,10,0.35,1.0,0.44687499999999997,0.578125,1.0,0.421875,True,0.06559563241692212
cc-pvdz_b2.5,cc-pvdz,2.5,0.0005,10,0.45,1.0,0.5118750000000001,1.0,1.0,0.0,False,0.06559563241692212
cc-pvdz_b2.5,cc-pvdz,2.5,0.0005,10,0.55,1.0,0.5606249999999999,1.0,1.0,0.0,False,0.06559563241692212
cc-pvdz_b2.5,cc-pvdz,2.5,0.0005,20,0.15,1.0,0.24500000000000002,0.0,1.0,0.755,True,0.06559563241692212
cc-pvdz_b2.5,cc-pvdz,2.5,0.0005,20,0.25,1.0,0.37625,0.546875,1.0,0.453125,True,0.06559563241692212
cc-pvdz_b2.5,cc-pvdz,2.5,0.0005,20,0.35,1.0,0.44687499999999997,0.546875,1.0,0.453125,True,0.06559563241692212
cc-pvdz_b2.5,cc-pvdz,2.5,0.0005,20,0.45,1.0,0.5118750000000001,1.0,1.0,0.0,False,0.06559563241692212
cc-pvdz_b2.5,cc-pvdz,2.5,0.0005,20,0.55,1.0,0.5606249999999999,1.0,1.0,0.0,False,0.06559563241692212
cc-pvdz_b2.5,cc-pvdz,2.5,0.0005,40,0.15,1.0,0.24500000000000002,0.0,1.0,0.755,True,0.06559563241692212
cc-pvdz_b2.5,cc-pvdz,2.5,0.0005,40,0.25,1.0,0.37625,0.34375,1.0,0.62375,True,0.06559563241692212
cc-pvdz_b2.5,cc-pvdz,2.5,0.0005,40,0.35,1.0,0.44687499999999997,0.34375,1.0,0.5531250000000001,True,0.06559563241692212
cc-pvdz_b2.5,cc-pvdz,2.5,0.0005,40,0.45,1.0,0.5118750000000001,1.0,1.0,0.0,False,0.06559563241692212
cc-pvdz_b2.5,cc-pvdz,2.5,0.0005,40,0.55,1.0,0.5606249999999999,1.0,1.0,0.0,False,0.06559563241692212
cc-pvdz_b2.5,cc-pvdz,2.5,0.001,10,0.15,1.0,0.24500000000000002,0.0,1.0,0.755,True,0.06559563241692212
cc-pvdz_b2.5,cc-pvdz,2.5,0.001,10,0.25,1.0,0.37625,0.578125,1.0,0.421875,True,0.06559563241692212
cc-pvdz_b2.5,cc-pvdz,2.5,0.001,10,0.35,1.0,0.44687499999999997,0.578125,1.0,0.421875,True,0.06559563241692212
cc-pvdz_b2.5,cc-pvdz,2.5,0.001,10,0.45,1.0,0.5118750000000001,1.0,1.0,0.0,False,0.06559563241692212
cc-pvdz_b2.5,cc-pvdz,2.5,0.001,10,0.55,1.0,0.5606249999999999,1.0,1.0,0.0,False,0.06559563241692212
cc-pvdz_b2.5,cc-pvdz,2.5,0.001,20,0.15,1.0,0.24500000000000002,0.0,1.0,0.755,True,0.06559563241692212
cc-pvdz_b2.5,cc-pvdz,2.5,0.001,20,0.25,1.0,0.37625,0.53125,1.0,0.46875,True,0.06559563241692212
cc-pvdz_b2.5,cc-pvdz,2.5,0.001,20,0.35,1.0,0.44687499999999997,0.53125,1.0,0.46875,True,0.06559563241692212
cc-pvdz_b2.5,cc-pvdz,2.5,0.001,20,0.45,1.0,0.5118750000000001,1.0,1.0,0.0,False,0.06559563241692212
cc-pvdz_b2.5,cc-pvdz,2.5,0.001,20,0.55,1.0,0.5606249999999999,1.0,1.0,0.0,False,0.06559563241692212
cc-pvdz_b2.5,cc-pvdz,2.5,0.001,40,0.15,1.0,0.24500000000000002,0.0,1.0,0.755,True,0.06559563241692212
cc-pvdz_b2.5,cc-pvdz,2.5,0.001,40,0.25,1.0,0.37625,0.328125,1.0,0.62375,True,0.06559563241692212
cc-pvdz_b2.5,cc-pvdz,2.5,0.001,40,0.35,1.0,0.44687499999999997,0.328125,1.0,0.5531250000000001,True,0.06559563241692212
cc-pvdz_b2.5,cc-pvdz,2.5,0.001,40,0.45,1.0,0.5118750000000001,1.0,1.0,0.0,False,0.06559563241692212
cc-pvdz_b2.5,cc-pvdz,2.5,0.001,40,0.55,1.0,0.5606249999999999,1.0,1.0,0.0,False,0.06559563241692212
cc-pvdz_b2.5,cc-pvdz,2.5,0.002,10,0.15,1.0,0.24500000000000002,0.003125,1.0,0.755,True,0.06559563241692212
cc-pvdz_b2.5,cc-pvdz,2.5,0.002,10,0.25,1.0,0.37625,0.546875,1.0,0.453125,True,0.06559563241692212
cc-pvdz_b2.5,cc-pvdz,2.5,0.002,10,0.35,1.0,0.44687499999999997,0.556875,1.0,0.443125,True,0.06559563241692212
cc-pvdz_b2.5,cc-pvdz,2.5,0.002,10,0.45,1.0,0.5118750000000001,0.99125,1.0,0.008750000000000036,True,0.06559563241692212
cc-pvdz_b2.5,cc-pvdz,2.5,0.002,10,0.55,1.0,0.5606249999999999,1.0,1.0,0.0,False,0.06559563241692212
cc-pvdz_b2.5,cc-pvdz,2.5,0.002,20,0.15,1.0,0.24500000000000002,0.00375,1.0,0.755,True,0.06559563241692212
cc-pvdz_b2.5,cc-pvdz,2.5,0.002,20,0.25,1.0,0.37625,0.484375,1.0,0.515625,True,0.06559563241692212
cc-pvdz_b2.5,cc-pvdz,2.5,0.002,20,0.35,1.0,0.44687499999999997,0.50625,1.0,0.49375,True,0.06559563241692212
cc-pvdz_b2.5,cc-pvdz,2.5,0.002,20,0.45,1.0,0.5118750000000001,0.99125,1.0,0.008750000000000036,True,0.06559563241692212
cc-pvdz_b2.5,cc-pvdz,2.5,0.002,20,0.55,1.0,0.5606249999999999,1.0,1.0,0.0,False,0.06559563241692212
cc-pvdz_b2.5,cc-pvdz,2.5,0.002,40,0.15,1.0,0.24500000000000002,0.0,1.0,0.755,True,0.06559563241692212
cc-pvdz_b2.5,cc-pvdz,2.5,0.002,40,0.25,1.0,0.37625,0.3125,1.0,0.62375,True,0.06559563241692212
cc-pvdz_b2.5,cc-pvdz,2.5,0.002,40,0.35,1.0,0.44687499999999997,0.3425,1.0,0.5531250000000001,True,0.06559563241692212
cc-pvdz_b2.5,cc-pvdz,2.5,0.002,40,0.45,1.0,0.5118750000000001,0.9924999999999999,1.0,0.007500000000000062,True,0.06559563241692212
cc-pvdz_b2.5,cc-pvdz,2.5,0.002,40,0.55,1.0,0.5606249999999999,1.0,1.0,0.0,False,0.06559563241692212
cc-pvdz_b2.5,cc-pvdz,2.5,0.004,10,0.15,0.999375,0.24500000000000002,0.04312500000000001,0.99875,0.75375,True,0.06559563241692212
cc-pvdz_b2.5,cc-pvdz,2.5,0.004,10,0.25,1.0,0.37625,0.31937499999999996,1.0,0.62375,True,0.06559563241692212
cc-pvdz_b2.5,cc-pvdz,2.5,0.004,10,0.35,1.0,0.44687499999999997,0.410625,1.0,0.5531250000000001,True,0.06559563241692212
cc-pvdz_b2.5,cc-pvdz,2.5,0.004,10,0.45,1.0,0.5118750000000001,0.9299999999999999,1.0,0.07000000000000006,True,0.06559563241692212
cc-pvdz_b2.5,cc-pvdz,2.5,0.004,10,0.55,1.0,0.5606249999999999,0.998125,1.0,0.00187499999999996,True,0.06559563241692212
cc-pvdz_b2.5,cc-pvdz,2.5,0.004,20,0.15,0.999375,0.24500000000000002,0.05500000000000001,0.9975,0.7525000000000001,True,0.06559563241692212
cc-pvdz_b2.5,cc-pvdz,2.5,0.004,20,0.25,1.0,0.37625,0.364375,1.0,0.62375,True,0.06559563241692212
cc-pvdz_b2.5,cc-pvdz,2.5,0.004,20,0.35,1.0,0.44687499999999997,0.47187500000000004,1.0,0.528125,True,0.06559563241692212
cc-pvdz_b2.5,cc-pvdz,2.5,0.004,20,0.45,1.0,0.5118750000000001,0.94625,1.0,0.053749999999999964,True,0.06559563241692212
cc-pvdz_b2.5,cc-pvdz,2.5,0.004,20,0.55,1.0,0.5606249999999999,1.0,1.0,0.0,False,0.06559563241692212
cc-pvdz_b2.5,cc-pvdz,2.5,0.004,40,0.15,0.999375,0.24500000000000002,0.040625,0.996875,0.751875,True,0.06559563241692212
cc-pvdz_b2.5,cc-pvdz,2.5,0.004,40,0.25,1.0,0.37625,0.2825,0.999375,0.623125,True,0.06559563241692212
cc-pvdz_b2.5,cc-pvdz,2.5,0.004,40,0.35,1.0,0.44687499999999997,0.40750000000000003,1.0,0.5531250000000001,True,0.06559563241692212
cc-pvdz_b2.5,cc-pvdz,2.5,0.004,40,0.45,1.0,0.5118750000000001,0.930625,1.0,0.06937499999999996,True,0.06559563241692212
cc-pvdz_b2.5,cc-pvdz,2.5,0.004,40,0.55,1.0,0.5606249999999999,0.999375,1.0,0.0006249999999999867,True,0.06559563241692212
cc-pvdz_b2.5,cc-pvdz,2.5,0.008,10,0.15,0.9675,0.24500000000000002,0.043750000000000004,0.96375,0.71875,True,0.06559563241692212
cc-pvdz_b2.5,cc-pvdz,2.5,0.008,10,0.25,0.9975,0.37625,0.095,0.996875,0.620625,True,0.06559563241692212
cc-pvdz_b2.5,cc-pvdz,2.5,0.008,10,0.35,0.999375,0.44687499999999997,0.29250000000000004,0.999375,0.5525,True,0.06559563241692212
cc-pvdz_b2.5,cc-pvdz,2.5,0.008,10,0.45,1.0,0.5118750000000001,0.7799999999999999,1.0,0.22000000000000008,True,0.06559563241692212
cc-pvdz_b2.5,cc-pvdz,2.5,0.008,10,0.55,1.0,0.5606249999999999,0.969375,1.0,0.030625000000000013,True,0.06559563241692212
cc-pvdz_b2.5,cc-pvdz,2.5,0.008,20,0.15,0.9675,0.24500000000000002,0.078125,0.9725,0.7225,True,0.06559563241692212
cc-pvdz_b2.5,cc-pvdz,2.5,0.008,20,0.25,0.9975,0.37625,0.150625,0.9975,0.6212500000000001,True,0.06559563241692212
cc-pvdz_b2.5,cc-pvdz,2.5,0.008,20,0.35,0.999375,0.44687499999999997,0.35750000000000004,0.999375,0.5525,True,0.06559563241692212
cc-pvdz_b2.5,cc-pvdz,2.5,0.008,20,0.45,1.0,0.5118750000000001,0.83375,1.0,0.16625,True,0.06559563241692212
cc-pvdz_b2.5,cc-pvdz,2.5,0.008,20,0.55,1.0,0.5606249999999999,0.9837499999999999,1.0,0.016250000000000098,True,0.06559563241692212
cc-pvdz_b2.5,cc-pvdz,2.5,0.008,40,0.15,0.9675,0.24500000000000002,0.060000000000000005,0.973125,0.7225,True,0.06559563241692212
cc-pvdz_b2.5,cc-pvdz,2.5,0.008,40,0.25,0.9975,0.37625,0.15000000000000002,0.994375,0.618125,True,0.06559563241692212
cc-pvdz_b2.5,cc-pvdz,2.5,0.008,40,0.35,0.999375,0.44687499999999997,0.35375,0.99625,0.549375,True,0.06559563241692212
cc-pvdz_b2.5,cc-pvdz,2.5,0.008,40,0.45,1.0,0.5118750000000001,0.8031249999999999,0.996875,0.1937500000000001,True,0.06559563241692212
cc-pvdz_b2.5,cc-pvdz,2.5,0.008,40,0.55,1.0,0.5606249999999999,0.984375,0.9981249999999999,0.013749999999999929,True,0.06559563241692212
sto-3g_b0.7,sto-3g,0.7,0.0005,10,0.15,1.0,0.180625,0.0,1.0,0.819375,True,0.055995423610305683
sto-3g_b0.7,sto-3g,0.7,0.0005,10,0.25,1.0,0.28687500000000005,0.25937499999999997,1.0,0.713125,True,0.055995423610305683
sto-3g_b0.7,sto-3g,0.7,0.0005,10,0.35,1.0,0.38375000000000004,0.9724999999999999,1.0,0.02750000000000008,True,0.055995423610305683
sto-3g_b0.7,sto-3g,0.7,0.0005,10,0.45,1.0,0.48875,1.0,1.0,0.0,False,0.055995423610305683
sto-3g_b0.7,sto-3g,0.7,0.0005,10,0.55,1.0,0.591875,1.0,1.0,0.0,False,0.055995423610305683
sto-3g_b0.7,sto-3g,0.7,0.0005,20,0.15,1.0,0.180625,0.0,1.0,0.819375,True,0.055995423610305683
sto-3g_b0.7,sto-3g,0.7,0.0005,20,0.25,1.0,0.28687500000000005,0.23249999999999998,1.0,0.713125,True,0.055995423610305683
sto-3g_b0.7,sto-3g,0.7,0.0005,20,0.35,1.0,0.38375000000000004,0.8318749999999999,1.0,0.16812500000000008,True,0.055995423610305683
sto-3g_b0.7,sto-3g,0.7,0.0005,20,0.45,1.0,0.48875,0.859375,1.0,0.140625,True,0.055995423610305683
sto-3g_b0.7,sto-3g,0.7,0.0005,20,0.55,1.0,0.591875,0.859375,1.0,0.140625,True,0.055995423610305683
sto-3g_b0.7,sto-3g,0.7,0.0005,40,0.15,1.0,0.180625,0.0,1.0,0.819375,True,0.055995423610305683
sto-3g_b0.7,sto-3g,0.7,0.0005,40,0.25,1.0,0.28687500000000005,0.229375,1.0,0.713125,True,0.055995423610305683
sto-3g_b0.7,sto-3g,0.7,0.0005,40,0.35,1.0,0.38375000000000004,0.8375,1.0,0.16249999999999998,True,0.055995423610305683
sto-3g_b0.7,sto-3g,0.7,0.0005,40,0.45,1.0,0.48875,0.859375,1.0,0.140625,True,0.055995423610305683
sto-3g_b0.7,sto-3g,0.7,0.0005,40,0.55,1.0,0.591875,0.859375,1.0,0.140625,True,0.055995423610305683
sto-3g_b0.7,sto-3g,0.7,0.001,10,0.15,0.98875,0.180625,0.005,0.9881249999999999,0.8074999999999999,True,0.055995423610305683
sto-3g_b0.7,sto-3g,0.7,0.001,10,0.25,1.0,0.28687500000000005,0.308125,1.0,0.691875,True,0.055995423610305683
sto-3g_b0.7,sto-3g,0.7,0.001,10,0.35,1.0,0.38375000000000004,0.8812499999999999,1.0,0.11875000000000013,True,0.055995423610305683
sto-3g_b0.7,sto-3g,0.7,0.001,10,0.45,1.0,0.48875,0.993125,1.0,0.0068749999999999645,True,0.055995423610305683
sto-3g_b0.7,sto-3g,0.7,0.001,10,0.55,1.0,0.591875,1.0,1.0,0.0,False,0.055995423610305683
sto-3g_b0.7,sto-3g,0.7,0.001,20,0.15,0.98875,0.180625,0.005625,0.98125,0.8006249999999999,True,0.055995423610305683
sto-3g_b0.7,sto-3g,0.7,0.001,20,0.25,1.0,0.28687500000000005,0.27875000000000005,1.0,0.713125,True,0.055995423610305683
sto-3g_b0.7,sto-3g,0.7,0.001,20,0.35,1.0,0.38375000000000004,0.761875,1.0,0.23812500000000003,True,0.055995423610305683
sto-3g_b0.7,sto-3g,0.7,0.001,20,0.45,1.0,0.48875,0.853125,1.0,0.14687499999999998,True,0.055995423610305683
sto-3g_b0.7,sto-3g,0.7,0.001,20,0.55,1.0,0.591875,0.859375,1.0,0.140625,True,0.055995423610305683
sto-3g_b0.7,sto-3g,0.7,0.001,40,0.15,0.98875,0.180625,0.009999999999999998,0.984375,0.80375,True,0.055995423610305683
sto-3g_b0.7,sto-3g,0.7,0.001,40,0.25,1.0,0.28687500000000005,0.295625,1.0,0.704375,True,0.055995423610305683
sto-3g_b0.7,sto-3g,0.7,0.001,40,0.35,1.0,0.38375000000000004,0.75375,1.0,0.24624999999999997,True,0.055995423610305683
sto-3g_b0.7,sto-3g,0.7,0.001,40,0.45,1.0,0.48875,0.85625,1.0,0.14375000000000004,True,0.055995423610305683
sto-3g_b0.7,sto-3g,0.7,0.001,40,0.55,1.0,0.591875,0.859375,1.0,0.140625,True,0.055995423610305683
sto-3g_b0.7,sto-3g,0.7,0.002,10,0.15,0.8999999999999999,0.180625,0.03937499999999999,0.90875,0.7193749999999999,True,0.055995423610305683
sto-3g_b0.7,sto-3g,0.7,0.002,10,0.25,0.981875,0.28687500000000005,0.369375,0.988125,0.6125,True,0.055995423610305683
sto-3g_b0.7,sto-3g,0.7,0.002,10,0.35,0.9975,0.38375000000000004,0.7799999999999999,0.9981249999999999,0.21750000000000014,True,0.055995423610305683
sto-3g_b0.7,sto-3g,0.7,0.002,10,0.45,0.999375,0.48875,0.94625,0.999375,0.05312499999999998,True,0.055995423610305683
sto-3g_b0.7,sto-3g,0.7,0.002,10,0.55,1.0,0.591875,0.98875,1.0,0.011249999999999982,True,0.055995423610305683
sto-3g_b0.7,sto-3g,0.7,0.002,20,0.15,0.8999999999999999,0.180625,0.035625000000000004,0.90625,0.7193749999999999,True,0.055995423610305683
sto-3g_b0.7,sto-3g,0.7,0.002,20,0.25,0.981875,0.28687500000000005,0.315625,0.989375,0.66625,True,0.055995423610305683
sto-3g_b0.7,sto-3g,0.7,0.002,20,0.35,0.9975,0.38375000000000004,0.681875,1.0,0.31562500000000004,True,0.055995423610305683
sto-3g_b0.7,sto-3g,0.7,0.002,20,0.45,0.999375,0.48875,0.8225,1.0,0.176875,True,0.055995423610305683
sto-3g_b0.7,sto-3g,0.7,0.002,20,0.55,1.0,0.591875,0.85625,1.0,0.14375000000000004,True,0.055995423610305683
sto-3g_b0.7,sto-3g,0.7,0.002,40,0.15,0.8999999999999999,0.180625,0.052500000000000005,0.899375,0.71875,True,0.055995423610305683
sto-3g_b0.7,sto-3g,0.7,0.002,40,0.25,0.981875,0.28687500000000005,0.33125000000000004,0.9924999999999999,0.650625,True,0.055995423610305683
sto-3g_b0.7,sto-3g,0.7,0.002,40,0.35,0.9975,0.38375000000000004,0.68375,0.999375,0.3137500000000001,True,0.055995423610305683
sto-3g_b0.7,sto-3g,0.7,0.002,40,0.45,0.999375,0.48875,0.8331249999999999,1.0,0.16625000000000012,True,0.055995423610305683
sto-3g_b0.7,sto-3g,0.7,0.002,40,0.55,1.0,0.591875,0.8574999999999999,1.0,0.14250000000000007,True,0.055995423610305683
sto-3g_b0.7,sto-3g,0.7,0.004,10,0.15,0.78,0.180625,0.08937500000000001,0.765625,0.585,True,0.055995423610305683
sto-3g_b0.7,sto-3g,0.7,0.004,10,0.25,0.9375,0.28687500000000005,0.3475,0.9324999999999999,0.585,True,0.055995423610305683
sto-3g_b0.7,sto-3g,0.7,0.004,10,0.35,0.96875,0.38375000000000004,0.668125,0.97,0.30062500000000003,True,0.055995423610305683
sto-3g_b0.7,sto-3g,0.7,0.004,10,0.45,0.989375,0.48875,0.86125,0.988125,0.12687500000000007,True,0.055995423610305683
sto-3g_b0.7,sto-3g,0.7,0.004,10,0.55,0.9975,0.591875,0.950625,0.99375,0.04312499999999997,True,0.055995423610305683
sto-3g_b0.7,sto-3g,0.7,0.004,20,0.15,0.78,0.180625,0.0925,0.7531249999999998,0.5724999999999998,True,0.055995423610305683
sto-3g_b0.7,sto-3g,0.7,0.004,20,0.25,0.9375,0.28687500000000005,0.31375,0.9349999999999999,0.62125,True,0.055995423610305683
sto-3g_b0.7,sto-3g,0.7,0.004,20,0.35,0.96875,0.38375000000000004,0.575625,0.97875,0.39312499999999995,True,0.055995423610305683
sto-3g_b0.7,sto-3g,0.7,0.004,20,0.45,0.989375,0.48875,0.75125,0.9875,0.23625000000000007,True,0.055995423610305683
sto-3g_b0.7,sto-3g,0.7,0.004,20,0.55,0.9975,0.591875,0.8287499999999999,0.99,0.16125000000000012,True,0.055995423610305683
sto-3g_b0.7,sto-3g,0.7,0.004,40,0.15,0.78,0.180625,0.113125,0.7225,0.541875,True,0.055995423610305683
sto-3g_b0.7,sto-3g,0.7,0.004,40,0.25,0.9375,0.28687500000000005,0.370625,0.9268749999999999,0.5562499999999999,True,0.055995423610305683
sto-3g_b0.7,sto-3g,0.7,0.004,40,0.35,0.96875,0.38375000000000004,0.6100000000000001,0.9781249999999999,0.3587499999999999,True,0.055995423610305683
sto-3g_b0.7,sto-3g,0.7,0.004,40,0.45,0.989375,0.48875,0.755,0.9875,0.23250000000000004,True,0.055995423610305683
sto-3g_b0.7,sto-3g,0.7,0.004,40,0.55,0.9975,0.591875,0.825625,0.99,0.16437499999999994,True,0.055995423610305683
sto-3g_b0.7,sto-3g,0.7,0.008,10,0.15,0.54875,0.180625,0.16125,0.550625,0.3681249999999999,True,0.055995423610305683
sto-3g_b0.7,sto-3g,0.7,0.008,10,0.25,0.790625,0.28687500000000005,0.36125,0.7818749999999999,0.42062499999999986,True,0.055995423610305683
sto-3g_b0.7,sto-3g,0.7,0.008,10,0.35,0.8943749999999999,0.38375000000000004,0.5725,0.888125,0.31562500000000004,True,0.055995423610305683
sto-3g_b0.7,sto-3g,0.7,0.008,10,0.45,0.940625,0.48875,0.756875,0.930625,0.17375000000000007,True,0.055995423610305683
sto-3g_b0.7,sto-3g,0.7,0.008,10,0.55,0.9675,0.591875,0.868125,0.959375,0.09124999999999994,True,0.055995423610305683
sto-3g_b0.7,sto-3g,0.7,0.008,20,0.15,0.54875,0.180625,0.155625,0.530625,0.35,True,0.055995423610305683
sto-3g_b0.7,sto-3g,0.7,0.008,20,0.25,0.790625,0.28687500000000005,0.333125,0.7775,0.44437499999999996,True,0.055995423610305683
sto-3g_b0.7,sto-3g,0.7,0.008,20,0.35,0.8943749999999999,0.38375000000000004,0.510625,0.8925000000000001,0.3818750000000001,True,0.055995423610305683
sto-3g_b0.7,sto-3g,0.7,0.008,20,0.45,0.940625,0.48875,0.65875,0.935,0.2762500000000001,True,0.055995423610305683
sto-3g_b0.7,sto-3g,0.7,0.008,20,0.55,0.9675,0.591875,0.755625,0.9575,0.20187500000000003,True,0.055995423610305683
sto-3g_b0.7,sto-3g,0.7,0.008,40,0.15,0.54875,0.180625,0.175,0.531875,0.35124999999999995,True,0.055995423610305683
sto-3g_b0.7,sto-3g,0.7,0.008,40,0.25,0.790625,0.28687500000000005,0.34125,0.771875,0.430625,True,0.055995423610305683
sto-3g_b0.7,sto-3g,0.7,0.008,40,0.35,0.8943749999999999,0.38375000000000004,0.4987499999999999,0.8893749999999999,0.390625,True,0.055995423610305683
sto-3g_b0.7,sto-3g,0.7,0.008,40,0.45,0.940625,0.48875,0.6275,0.931875,0.30437500000000006,True,0.055995423610305683
sto-3g_b0.7,sto-3g,0.7,0.008,40,0.55,0.9675,0.591875,0.72625,0.9500000000000001,0.22375000000000012,True,0.055995423610305683
sto-3g_b0.8,sto-3g,0.8,0.0005,10,0.15,1.0,0.180625,0.0,1.0,0.819375,True,0.0864009711252212
sto-3g_b0.8,sto-3g,0.8,0.0005,10,0.25,1.0,0.28687500000000005,0.08375,1.0,0.713125,True,0.0864009711252212
sto-3g_b0.8,sto-3g,0.8,0.0005,10,0.35,1.0,0.38375000000000004,0.943125,1.0,0.05687500000000001,True,0.0864009711252212
sto-3g_b0.8,sto-3g,0.8,0.0005,10,0.45,1.0,0.48875,1.0,1.0,0.0,False,0.0864009711252212
sto-3g_b0.8,sto-3g,0.8,0.0005,10,0.55,1.0,0.591875,1.0,1.0,0.0,False,0.0864009711252212
sto-3g_b0.8,sto-3g,0.8,0.0005,20,0.15,1.0,0.180625,0.0,1.0,0.819375,True,0.0864009711252212
sto-3g_b0.8,sto-3g,0.8,0.0005,20,0.25,1.0,0.28687500000000005,0.07500000000000001,1.0,0.713125,True,0.0864009711252212
sto-3g_b0.8,sto-3g,0.8,0.0005,20,0.35,1.0,0.38375000000000004,0.8025,1.0,0.1975,True,0.0864009711252212
sto-3g_b0.8,sto-3g,0.8,0.0005,20,0.45,1.0,0.48875,0.859375,1.0,0.140625,True,0.0864009711252212
sto-3g_b0.8,sto-3g,0.8,0.0005,20,0.55,1.0,0.591875,0.859375,1.0,0.140625,True,0.0864009711252212
sto-3g_b0.8,sto-3g,0.8,0.0005,40,0.15,1.0,0.180625,0.0,1.0,0.819375,True,0.0864009711252212
sto-3g_b0.8,sto-3g,0.8,0.0005,40,0.25,1.0,0.28687500000000005,0.081875,1.0,0.713125,True,0.0864009711252212
sto-3g_b0.8,sto-3g,0.8,0.0005,40,0.35,1.0,0.38375000000000004,0.7856249999999999,1.0,0.2143750000000001,True,0.0864009711252212
sto-3g_b0.8,sto-3g,0.8,0.0005,40,0.45,1.0,0.48875,0.859375,1.0,0.140625,True,0.0864009711252212
sto-3g_b0.8,sto-3g,0.8,0.0005,40,0.55,1.0,0.591875,0.859375,1.0,0.140625,True,0.0864009711252212
sto-3g_b0.8,sto-3g,0.8,0.001,10,0.15,0.9918750000000001,0.180625,0.005625,0.983125,0.8025,True,0.0864009711252212
sto-3g_b0.8,sto-3g,0.8,0.001,10,0.25,1.0,0.28687500000000005,0.200625,1.0,0.713125,True,0.0864009711252212
sto-3g_b0.8,sto-3g,0.8,0.001,10,0.35,1.0,0.38375000000000004,0.806875,1.0,0.193125,True,0.0864009711252212
sto-3g_b0.8,sto-3g,0.8,0.001,10,0.45,1.0,0.48875,0.988125,1.0,0.011874999999999969,True,0.0864009711252212
sto-3g_b0.8,sto-3g,0.8,0.001,10,0.55,1.0,0.591875,1.0,1.0,0.0,False,0.0864009711252212
sto-3g_b0.8,sto-3g,0.8,0.001,20,0.15,0.9918750000000001,0.180625,0.005,0.984375,0.80375,True,0.0864009711252212
sto-3g_b0.8,sto-3g,0.8,0.001,20,0.25,1.0,0.28687500000000005,0.17625000000000002,1.0,0.713125,True,0.0864009711252212
sto-3g_b0.8,sto-3g,0.8,0.001,20,0.35,1.0,0.38375000000000004,0.7124999999999999,1.0,0.2875000000000001,True,0.0864009711252212
sto-3g_b0.8,sto-3g,0.8,0.001,20,0.45,1.0,0.48875,0.8524999999999999,1.0,0.14750000000000008,True,0.0864009711252212
sto-3g_b0.8,sto-3g,0.8,0.001,20,0.55,1.0,0.591875,0.859375,1.0,0.140625,True,0.0864009711252212
sto-3g_b0.8,sto-3g,0.8,0.001,40,0.15,0.9918750000000001,0.180625,0.005625,0.99,0.809375,True,0.0864009711252212
sto-3g_b0.8,sto-3g,0.8,0.001,40,0.25,1.0,0.28687500000000005,0.17875000000000002,1.0,0.713125,True,0.0864009711252212
sto-3g_b0.8,sto-3g,0.8,0.001,40,0.35,1.0,0.38375000000000004,0.701875,1.0,0.298125,True,0.0864009711252212
sto-3g_b0.8,sto-3g,0.8,0.001,40,0.45,1.0,0.48875,0.854375,1.0,0.145625,True,0.0864009711252212
sto-3g_b0.8,sto-3g,0.8,0.001,40,0.55,1.0,0.591875,0.859375,1.0,0.140625,True,0.0864009711252212
sto-3g_b0.8,sto-3g,0.8,0.002,10,0.15,0.9162499999999999,0.180625,0.026875,0.9156249999999999,0.7349999999999999,True,0.0864009711252212
sto-3g_b0.8,sto-3g,0.8,0.002,10,0.25,0.9906250000000001,0.28687500000000005,0.271875,0.9893750000000001,0.7025000000000001,True,0.0864009711252212
sto-3g_b0.8,sto-3g,0.8,0.002,10,0.35,0.9975,0.38375000000000004,0.723125,0.9975,0.27437500000000004,True,0.0864009711252212
sto-3g_b0.8,sto-3g,0.8,0.002,10,0.45,0.999375,0.48875,0.93875,0.999375,0.06062500000000004,True,0.0864009711252212
sto-3g_b0.8,sto-3g,0.8,0.002,10,0.55,1.0,0.591875,0.989375,1.0,0.010624999999999996,True,0.0864009711252212
sto-3g_b0.8,sto-3g,0.8,0.002,20,0.15,0.9162499999999999,0.180625,0.0275,0.9125,0.7318749999999999,True,0.0864009711252212
sto-3g_b0.8,sto-3g,0.8,0.002,20,0.25,0.9906250000000001,0.28687500000000005,0.236875,0.9875,0.700625,True,0.0864009711252212
sto-3g_b0.8,sto-3g,0.8,0.002,20,0.35,0.9975,0.38375000000000004,0.6225,0.9975,0.375,True,0.0864009711252212
sto-3g_b0.8,sto-3g,0.8,0.002,20,0.45,0.999375,0.48875,0.814375,1.0,0.18500000000000005,True,0.0864009711252212
sto-3g_b0.8,sto-3g,0.8,0.002,20,0.55,1.0,0.591875,0.8512500000000001,1.0,0.14874999999999994,True,0.0864009711252212
sto-3g_b0.8,sto-3g,0.8,0.002,40,0.15,0.9162499999999999,0.180625,0.030625,0.899375,0.71875,True,0.0864009711252212
sto-3g_b0.8,sto-3g,0.8,0.002,40,0.25,0.9906250000000001,0.28687500000000005,0.24000000000000002,0.985625,0.69875,True,0.0864009711252212
sto-3g_b0.8,sto-3g,0.8,0.002,40,0.35,0.9975,0.38375000000000004,0.618125,0.9962500000000001,0.37812500000000004,True,0.0864009711252212
sto-3g_b0.8,sto-3g,0.8,0.002,40,0.45,0.999375,0.48875,0.80875,1.0,0.19062500000000004,True,0.0864009711252212
sto-3g_b0.8,sto-3g,0.8,0.002,40,0.55,1.0,0.591875,0.8500000000000001,1.0,0.1499999999999999,True,0.0864009711252212
sto-3g_b0.8,sto-3g,0.8,0.004,10,0.15,0.7424999999999999,0.180625,0.060625000000000005,0.745625,0.5618749999999999,True,0.0864009711252212
sto-3g_b0.8,sto-3g,0.8,0.004,10,0.25,0.91625,0.28687500000000005,0.259375,0.925,0.629375,True,0.0864009711252212
sto-3g_b0.8,sto-3g,0.8,0.004,10,0.35,0.9625,0.38375000000000004,0.5706249999999999,0.9706250000000001,0.3918750000000001,True,0.0864009711252212
sto-3g_b0.8,sto-3g,0.8,0.004,10,0.45,0.98375,0.48875,0.808125,0.988125,0.17562500000000003,True,0.0864009711252212
sto-3g_b0.8,sto-3g,0.8,0.004,10,0.55,0.99375,0.591875,0.9299999999999999,0.99375,0.06375000000000008,True,0.0864009711252212
sto-3g_b0.8,sto-3g,0.8,0.004,20,0.15,0.7424999999999999,0.180625,0.063125,0.74125,0.5606249999999999,True,0.0864009711252212
sto-3g_b0.8,sto-3g,0.8,0.004,20,0.25,0.91625,0.28687500000000005,0.24187500000000003,0.9356249999999999,0.629375,True,0.0864009711252212
sto-3g_b0.8,sto-3g,0.8,0.004,20,0.35,0.9625,0.38375000000000004,0.49375,0.9725,0.46875,True,0.0864009711252212
sto-3g_b0.8,sto-3g,0.8,0.004,20,0.45,0.98375,0.48875,0.6950000000000001,0.98125,0.2862499999999999,True,0.0864009711252212
sto-3g_b0.8,sto-3g,0.8,0.004,20,0.55,0.99375,0.591875,0.81,0.985625,0.17562499999999992,True,0.0864009711252212
sto-3g_b0.8,sto-3g,0.8,0.004,40,0.15,0.7424999999999999,0.180625,0.0675,0.733125,0.5525,True,0.0864009711252212
sto-3g_b0.8,sto-3g,0.8,0.004,40,0.25,0.91625,0.28687500000000005,0.283125,0.9299999999999999,0.629375,True,0.0864009711252212
sto-3g_b0.8,sto-3g,0.8,0.004,40,0.35,0.9625,0.38375000000000004,0.5462500000000001,0.975625,0.4162499999999999,True,0.0864009711252212
sto-3g_b0.8,sto-3g,0.8,0.004,40,0.45,0.98375,0.48875,0.73,0.9868750000000001,0.25375000000000003,True,0.0864009711252212
sto-3g_b0.8,sto-3g,0.8,0.004,40,0.55,0.99375,0.591875,0.8225,0.98875,0.16625,True,0.0864009711252212
sto-3g_b0.8,sto-3g,0.8,0.008,10,0.15,0.535625,0.180625,0.13125,0.5387500000000001,0.355,True,0.0864009711252212
sto-3g_b0.8,sto-3g,0.8,0.008,10,0.25,0.768125,0.28687500000000005,0.313125,0.77,0.45499999999999996,True,0.0864009711252212
sto-3g_b0.8,sto-3g,0.8,0.008,10,0.35,0.8687499999999999,0.38375000000000004,0.51,0.86625,0.35624999999999996,True,0.0864009711252212
sto-3g_b0.8,sto-3g,0.8,0.008,10,0.45,0.925,0.48875,0.7,0.9175,0.21750000000000003,True,0.0864009711252212
sto-3g_b0.8,sto-3g,0.8,0.008,10,0.55,0.95875,0.591875,0.835625,0.9506249999999999,0.11499999999999999,True,0.0864009711252212
sto-3g_b0.8,sto-3g,0.8,0.008,20,0.15,0.535625,0.180625,0.12,0.515,0.334375,True,0.0864009711252212
sto-3g_b0.8,sto-3g,0.8,0.008,20,0.25,0.768125,0.28687500000000005,0.28,0.768125,0.4812499999999999,True,0.0864009711252212
sto-3g_b0.8,sto-3g,0.8,0.008,20,0.35,0.8687499999999999,0.38375000000000004,0.44875000000000004,0.8775000000000001,0.4199999999999999,True,0.0864009711252212
sto-3g_b0.8,sto-3g,0.8,0.008,20,0.45,0.925,0.48875,0.609375,0.9237500000000001,0.31437500000000007,True,0.0864009711252212
sto-3g_b0.8,sto-3g,0.8,0.008,20,0.55,0.95875,0.591875,0.7268749999999999,0.95,0.22312500000000002,True,0.0864009711252212
sto-3g_b0.8,sto-3g,0.8,0.008,40,0.15,0.535625,0.180625,0.145625,0.510625,0.32999999999999996,True,0.0864009711252212
sto-3g_b0.8,sto-3g,0.8,0.008,40,0.25,0.768125,0.28687500000000005,0.301875,0.75,0.448125,True,0.0864009711252212
sto-3g_b0.8,sto-3g,0.8,0.008,40,0.35,0.8687499999999999,0.38375000000000004,0.451875,0.87375,0.4168749999999999,True,0.0864009711252212
sto-3g_b0.8,sto-3g,0.8,0.008,40,0.45,0.925,0.48875,0.5887500000000001,0.925625,0.33624999999999994,True,0.0864009711252212
sto-3g_b0.8,sto-3g,0.8,0.008,40,0.55,0.95875,0.591875,0.70375,0.946875,0.24312500000000004,True,0.0864009711252212
sto-3g_b0.9,sto-3g,0.9,0.0005,10,0.15,0.99875,0.180625,0.0,1.0,0.818125,True,0.1665013433632171
sto-3g_b0.9,sto-3g,0.9,0.0005,10,0.25,1.0,0.28687500000000005,0.018125000000000002,1.0,0.713125,True,0.1665013433632171
sto-3g_b0.9,sto-3g,0.9,0.0005,10,0.35,1.0,0.38375000000000004,0.7425,1.0,0.25749999999999995,True,0.1665013433632171
sto-3g_b0.9,sto-3g,0.9,0.0005,10,0.45,1.0,0.48875,0.9225,1.0,0.07750000000000001,True,0.1665013433632171
sto-3g_b0.9,sto-3g,0.9,0.0005,10,0.55,1.0,0.591875,1.0,1.0,0.0,False,0.1665013433632171
sto-3g_b0.9,sto-3g,0.9,0.0005,20,0.15,0.99875,0.180625,0.003125,0.953125,0.7725,True,0.1665013433632171
sto-3g_b0.9,sto-3g,0.9,0.0005,20,0.25,1.0,0.28687500000000005,0.030625000000000003,0.953125,0.66625,True,0.1665013433632171
sto-3g_b0.9,sto-3g,0.9,0.0005,20,0.35,1.0,0.38375000000000004,0.6799999999999999,0.953125,0.27312500000000006,True,0.1665013433632171
sto-3g_b0.9,sto-3g,0.9,0.0005,20,0.45,1.0,0.48875,0.82125,0.953125,0.13187499999999996,True,0.1665013433632171
sto-3g_b0.9,sto-3g,0.9,0.0005,20,0.55,1.0,0.591875,0.859375,0.953125,0.09375,True,0.1665013433632171
sto-3g_b0.9,sto-3g,0.9,0.0005,40,0.15,0.99875,0.180625,0.0,0.87375,0.693125,True,0.1665013433632171
sto-3g_b0.9,sto-3g,0.9,0.0005,40,0.25,1.0,0.28687500000000005,0.0225,0.875,0.588125,True,0.1665013433632171
sto-3g_b0.9,sto-3g,0.9,0.0005,40,0.35,1.0,0.38375000000000004,0.6231249999999999,0.875,0.25187500000000007,True,0.1665013433632171
sto-3g_b0.9,sto-3g,0.9,0.0005,40,0.45,1.0,0.48875,0.764375,0.875,0.11062499999999997,True,0.1665013433632171
sto-3g_b0.9,sto-3g,0.9,0.0005,40,0.55,1.0,0.591875,0.859375,0.875,0.015625,True,0.1665013433632171
sto-3g_b0.9,sto-3g,0.9,0.001,10,0.15,0.9768749999999999,0.180625,0.005,0.961875,0.78125,True,0.1665013433632171
sto-3g_b0.9,sto-3g,0.9,0.001,10,0.25,0.999375,0.28687500000000005,0.084375,0.999375,0.7124999999999999,True,0.1665013433632171
sto-3g_b0.9,sto-3g,0.9,0.001,10,0.35,1.0,0.38375000000000004,0.6637500000000001,1.0,0.33624999999999994,True,0.1665013433632171
sto-3g_b0.9,sto-3g,0.9,0.001,10,0.45,1.0,0.48875,0.9675,1.0,0.03249999999999997,True,0.1665013433632171
sto-3g_b0.9,sto-3g,0.9,0.001,10,0.55,1.0,0.591875,0.999375,1.0,0.0006249999999999867,True,0.1665013433632171
sto-3g_b0.9,sto-3g,0.9,0.001,20,0.15,0.9768749999999999,0.180625,0.008125,0.9575,0.776875,True,0.1665013433632171
sto-3g_b0.9,sto-3g,0.9,0.001,20,0.25,0.999375,0.28687500000000005,0.084375,0.993125,0.70625,True,0.1665013433632171
sto-3g_b0.9,sto-3g,0.9,0.001,20,0.35,1.0,0.38375000000000004,0.5725,0.994375,0.421875,True,0.1665013433632171
sto-3g_b0.9,sto-3g,0.9,0.001,20,0.45,1.0,0.48875,0.7962499999999999,0.995,0.1987500000000001,True,0.1665013433632171
sto-3g_b0.9,sto-3g,0.9,0.001,20,0.55,1.0,0.591875,0.859375,0.995625,0.13624999999999998,True,0.1665013433632171
sto-3g_b0.9,sto-3g,0.9,0.001,40,0.15,0.9768749999999999,0.180625,0.015625,0.9356249999999999,0.7549999999999999,True,0.1665013433632171
sto-3g_b0.9,sto-3g,0.9,0.001,40,0.25,0.999375,0.28687500000000005,0.095,0.961875,0.675,True,0.1665013433632171
sto-3g_b0.9,sto-3g,0.9,0.001,40,0.35,1.0,0.38375000000000004,0.5825,0.965625,0.38312499999999994,True,0.1665013433632171
sto-3g_b0.9,sto-3g,0.9,0.001,40,0.45,1.0,0.48875,0.80875,0.973125,0.16437500000000005,True,0.1665013433632171
sto-3g_b0.9,sto-3g,0.9,0.001,40,0.55,1.0,0.591875,0.859375,0.9775,0.11812500000000004,True,0.1665013433632171
sto-3g_b0.9,sto-3g,0.9,0.002,10,0.15,0.8474999999999999,0.180625,0.010624999999999999,0.8756249999999999,0.6668749999999999,True,0.1665013433632171
sto-3g_b0.9,sto-3g,0.9,0.002,10,0.25,0.9737499999999999,0.28687500000000005,0.17375000000000002,0.975,0.6868749999999999,True,0.1665013433632171
sto-3g_b0.9,sto-3g,0.9,0.002,10,0.35,0.990625,0.38375000000000004,0.565625,0.993125,0.42499999999999993,True,0.1665013433632171
sto-3g_b0.9,sto-3g,0.9,0.002,10,0.45,0.9975,0.48875,0.8781249999999999,0.9975,0.11937500000000012,True,0.1665013433632171
sto-3g_b0.9,sto-3g,0.9,0.002,10,0.55,0.999375,0.591875,0.9724999999999999,0.999375,0.026875000000000093,True,0.1665013433632171
sto-3g_b0.9,sto-3g,0.9,0.002,20,0.15,0.8474999999999999,0.180625,0.013749999999999998,0.8775,0.6668749999999999,True,0.1665013433632171
sto-3g_b0.9,sto-3g,0.9,0.002,20,0.25,0.9737499999999999,0.28687500000000005,0.16437500000000002,0.97125,0.684375,True,0.1665013433632171
sto-3g_b0.9,sto-3g,0.9,0.002,20,0.35,0.990625,0.38375000000000004,0.51375,0.99375,0.47687499999999994,True,0.1665013433632171
sto-3g_b0.9,sto-3g,0.9,0.002,20,0.45,0.9975,0.48875,0.7674999999999998,0.99875,0.2300000000000002,True,0.1665013433632171
sto-3g_b0.9,sto-3g,0.9,0.002,20,0.55,0.999375,0.591875,0.836875,0.999375,0.16249999999999998,True,0.1665013433632171
sto-3g_b0.9,sto-3g,0.9,0.002,40,0.15,0.8474999999999999,0.180625,0.016875,0.8987499999999999,0.6668749999999999,True,0.1665013433632171
sto-3g_b0.9,sto-3g,0.9,0.002,40,0.25,0.9737499999999999,0.28687500000000005,0.19125,0.98125,0.6868749999999999,True,0.1665013433632171
sto-3g_b0.9,sto-3g,0.9,0.002,40,0.35,0.990625,0.38375000000000004,0.5656249999999999,0.995625,0.42500000000000004,True,0.1665013433632171
sto-3g_b0.9,sto-3g,0.9,0.002,40,0.45,0.9975,0.48875,0.793125,1.0,0.20437500000000008,True,0.1665013433632171
sto-3g_b0.9,sto-3g,0.9,0.002,40,0.55,0.999375,0.591875,0.845,1.0,0.15437500000000004,True,0.1665013433632171
sto-3g_b0.9,sto-3g,0.9,0.004,10,0.15,0.734375,0.180625,0.029375000000000002,0.745625,0.55375,True,0.1665013433632171
sto-3g_b0.9,sto-3g,0.9,0.004,10,0.25,0.909375,0.28687500000000005,0.190625,0.911875,0.6225,True,0.1665013433632171
sto-3g_b0.9,sto-3g,0.9,0.004,10,0.35,0.965625,0.38375000000000004,0.48062499999999997,0.965,0.484375,True,0.1665013433632171
sto-3g_b0.9,sto-3g,0.9,0.004,10,0.45,0.985625,0.48875,0.7606249999999999,0.98375,0.22312500000000013,True,0.1665013433632171
sto-3g_b0.9,sto-3g,0.9,0.004,10,0.55,0.99375,0.591875,0.9075,0.990625,0.083125,True,0.1665013433632171
sto-3g_b0.9,sto-3g,0.9,0.004,20,0.15,0.734375,0.180625,0.037500000000000006,0.72375,0.543125,True,0.1665013433632171
sto-3g_b0.9,sto-3g,0.9,0.004,20,0.25,0.909375,0.28687500000000005,0.2,0.901875,0.615,True,0.1665013433632171
sto-3g_b0.9,sto-3g,0.9,0.004,20,0.35,0.965625,0.38375000000000004,0.443125,0.96,0.516875,True,0.1665013433632171
sto-3g_b0.9,sto-3g,0.9,0.004,20,0.45,0.985625,0.48875,0.67,0.9775,0.3075,True,0.1665013433632171
sto-3g_b0.9,sto-3g,0.9,0.004,20,0.55,0.99375,0.591875,0.796875,0.984375,0.1875,True,0.1665013433632171
sto-3g_b0.9,sto-3g,0.9,0.004,40,0.15,0.734375,0.180625,0.05,0.728125,0.5475,True,0.1665013433632171
sto-3g_b0.9,sto-3g,0.9,0.004,40,0.25,0.909375,0.28687500000000005,0.244375,0.903125,0.61625,True,0.1665013433632171
sto-3g_b0.9,sto-3g,0.9,0.004,40,0.35,0.965625,0.38375000000000004,0.489375,0.9612499999999999,0.47187499999999993,True,0.1665013433632171
sto-3g_b0.9,sto-3g,0.9,0.004,40,0.45,0.985625,0.48875,0.69125,0.98,0.28874999999999995,True,0.1665013433632171
sto-3g_b0.9,sto-3g,0.9,0.004,40,0.55,0.99375,0.591875,0.7962499999999999,0.985,0.18875000000000008,True,0.1665013433632171
sto-3g_b0.9,sto-3g,0.9,0.008,10,0.15,0.534375,0.180625,0.10125,0.5574999999999999,0.35375,True,0.1665013433632171
sto-3g_b0.9,sto-3g,0.9,0.008,10,0.25,0.7649999999999999,0.28687500000000005,0.25625000000000003,0.79625,0.47812499999999986,True,0.1665013433632171
sto-3g_b0.9,sto-3g,0.9,0.008,10,0.35,0.869375,0.38375000000000004,0.46187500000000004,0.88375,0.4075,True,0.1665013433632171
sto-3g_b0.9,sto-3g,0.9,0.008,10,0.45,0.9268749999999999,0.48875,0.6768749999999999,0.923125,0.24625000000000008,True,0.1665013433632171
sto-3g_b0.9,sto-3g,0.9,0.008,10,0.55,0.959375,0.591875,0.8343750000000001,0.9475,0.11312499999999992,True,0.1665013433632171
sto-3g_b0.9,sto-3g,0.9,0.008,20,0.15,0.534375,0.180625,0.085625,0.509375,0.32875,True,0.1665013433632171
sto-3g_b0.9,sto-3g,0.9,0.008,20,0.25,0.7649999999999999,0.28687500000000005,0.22187500000000004,0.759375,0.4725,True,0.1665013433632171
sto-3g_b0.9,sto-3g,0.9,0.008,20,0.35,0.869375,0.38375000000000004,0.40125,0.869375,0.468125,True,0.1665013433632171
sto-3g_b0.9,sto-3g,0.9,0.008,20,0.45,0.9268749999999999,0.48875,0.58,0.9149999999999999,0.33499999999999996,True,0.1665013433632171
sto-3g_b0.9,sto-3g,0.9,0.008,20,0.55,0.959375,0.591875,0.725,0.946875,0.22187500000000004,True,0.1665013433632171
sto-3g_b0.9,sto-3g,0.9,0.008,40,0.15,0.534375,0.180625,0.095,0.515,0.334375,True,0.1665013433632171
sto-3g_b0.9,sto-3g,0.9,0.008,40,0.25,0.7649999999999999,0.28687500000000005,0.236875,0.736875,0.4499999999999999,True,0.1665013433632171
sto-3g_b0.9,sto-3g,0.9,0.008,40,0.35,0.869375,0.38375000000000004,0.39625,0.8556250000000001,0.4593750000000001,True,0.1665013433632171
sto-3g_b0.9,sto-3g,0.9,0.008,40,0.45,0.9268749999999999,0.48875,0.550625,0.9099999999999999,0.3593749999999999,True,0.1665013433632171
sto-3g_b0.9,sto-3g,0.9,0.008,40,0.55,0.959375,0.591875,0.66875,0.939375,0.270625,True,0.1665013433632171
sto-3g_b1.0,sto-3g,1.0,0.0005,10,0.15,0.9975,0.180625,0.0,0.9962500000000001,0.815625,True,0.016934071711284845
sto-3g_b1.0,sto-3g,1.0,0.0005,10,0.25,1.0,0.28687500000000005,0.0,1.0,0.713125,True,0.016934071711284845
sto-3g_b1.0,sto-3g,1.0,0.0005,10,0.35,1.0,0.38375000000000004,0.00875,1.0,0.61625,True,0.016934071711284845
sto-3g_b1.0,sto-3g,1.0,0.0005,10,0.45,1.0,0.48875,0.7268749999999999,1.0,0.27312500000000006,True,0.016934071711284845
sto-3g_b1.0,sto-3g,1.0,0.0005,10,0.55,1.0,0.591875,0.98125,1.0,0.018750000000000044,True,0.016934071711284845
sto-3g_b1.0,sto-3g,1.0,0.0005,20,0.15,0.9975,0.180625,0.0,0.85625,0.6756249999999999,True,0.016934071711284845
sto-3g_b1.0,sto-3g,1.0,0.0005,20,0.25,1.0,0.28687500000000005,0.0,0.859375,0.5725,True,0.016934071711284845
sto-3g_b1.0,sto-3g,1.0,0.0005,20,0.35,1.0,0.38375000000000004,0.008125,0.859375,0.47562499999999996,True,0.016934071711284845
sto-3g_b1.0,sto-3g,1.0,0.0005,20,0.45,1.0,0.48875,0.634375,0.859375,0.22499999999999998,True,0.016934071711284845
sto-3g_b1.0,sto-3g,1.0,0.0005,20,0.55,1.0,0.591875,0.8575,0.859375,0.00187499999999996,True,0.016934071711284845
sto-3g_b1.0,sto-3g,1.0,0.0005,40,0.15,0.9975,0.180625,0.0,0.8575,0.676875,True,0.016934071711284845
sto-3g_b1.0,sto-3g,1.0,0.0005,40,0.25,1.0,0.28687500000000005,0.0,0.859375,0.5725,True,0.016934071711284845
sto-3g_b1.0,sto-3g,1.0,0.0005,40,0.35,1.0,0.38375000000000004,0.00875,0.859375,0.47562499999999996,True,0.016934071711284845
sto-3g_b1.0,sto-3g,1.0,0.0005,40,0.45,1.0,0.48875,0.6025,0.859375,0.25687499999999996,True,0.016934071711284845
sto-3g_b1.0,sto-3g,1.0,0.0005,40,0.55,1.0,0.591875,0.795,0.859375,0.06437499999999996,True,0.016934071711284845
sto-3g_b1.0,sto-3g,1.0,0.001,10,0.15,0.949375,0.180625,0.0,0.9462499999999999,0.7656249999999999,True,0.016934071711284845
sto-3g_b1.0,sto-3g,1.0,0.001,10,0.25,0.998125,0.28687500000000005,0.0,0.996875,0.71,True,0.016934071711284845
sto-3g_b1.0,sto-3g,1.0,0.001,10,0.35,1.0,0.38375000000000004,0.08375,1.0,0.61625,True,0.016934071711284845
sto-3g_b1.0,sto-3g,1.0,0.001,10,0.45,1.0,0.48875,0.64125,1.0,0.35875,True,0.016934071711284845
sto-3g_b1.0,sto-3g,1.0,0.001,10,0.55,1.0,0.591875,0.94625,1.0,0.053749999999999964,True,0.016934071711284845
sto-3g_b1.0,sto-3g,1.0,0.001,20,0.15,0.949375,0.180625,0.0,0.813125,0.6325,True,0.016934071711284845
sto-3g_b1.0,sto-3g,1.0,0.001,20,0.25,0.998125,0.28687500000000005,0.0,0.856875,0.5700000000000001,True,0.016934071711284845
sto-3g_b1.0,sto-3g,1.0,0.001,20,0.35,1.0,0.38375000000000004,0.06375,0.859375,0.47562499999999996,True,0.016934071711284845
sto-3g_b1.0,sto-3g,1.0,0.001,20,0.45,1.0,0.48875,0.555625,0.859375,0.30374999999999996,True,0.016934071711284845
sto-3g_b1.0,sto-3g,1.0,0.001,20,0.55,1.0,0.591875,0.819375,0.859375,0.040000000000000036,True,0.016934071711284845
sto-3g_b1.0,sto-3g,1.0,0.001,40,0.15,0.949375,0.180625,0.0,0.81375,0.6331249999999999,True,0.016934071711284845
sto-3g_b1.0,sto-3g,1.0,0.001,40,0.25,0.998125,0.28687500000000005,0.0,0.85875,0.5718749999999999,True,0.016934071711284845
sto-3g_b1.0,sto-3g,1.0,0.001,40,0.35,1.0,0.38375000000000004,0.058750000000000004,0.859375,0.47562499999999996,True,0.016934071711284845
sto-3g_b1.0,sto-3g,1.0,0.001,40,0.45,1.0,0.48875,0.5368750000000001,0.859375,0.3224999999999999,True,0.016934071711284845
sto-3g_b1.0,sto-3g,1.0,0.001,40,0.55,1.0,0.591875,0.765625,0.859375,0.09375,True,0.016934071711284845
sto-3g_b1.0,sto-3g,1.0,0.002,10,0.15,0.815625,0.180625,0.0,0.8175,0.635,True,0.016934071711284845
sto-3g_b1.0,sto-3g,1.0,0.002,10,0.25,0.95125,0.28687500000000005,0.0,0.954375,0.6643749999999999,True,0.016934071711284845
sto-3g_b1.0,sto-3g,1.0,0.002,10,0.35,0.981875,0.38375000000000004,0.175625,0.98125,0.5974999999999999,True,0.016934071711284845
sto-3g_b1.0,sto-3g,1.0,0.002,10,0.45,0.993125,0.48875,0.615,0.9937499999999999,0.37812500000000004,True,0.016934071711284845
sto-3g_b1.0,sto-3g,1.0,0.002,10,0.55,0.99875,0.591875,0.845,0.99875,0.15375000000000005,True,0.016934071711284845
sto-3g_b1.0,sto-3g,1.0,0.002,20,0.15,0.815625,0.180625,0.0,0.714375,0.53375,True,0.016934071711284845
sto-3g_b1.0,sto-3g,1.0,0.002,20,0.25,0.95125,0.28687500000000005,0.001875,0.82125,0.534375,True,0.016934071711284845
sto-3g_b1.0,sto-3g,1.0,0.002,20,0.35,0.981875,0.38375000000000004,0.138125,0.8431249999999999,0.45937499999999987,True,0.016934071711284845
sto-3g_b1.0,sto-3g,1.0,0.002,20,0.45,0.993125,0.48875,0.541875,0.8525,0.31062500000000004,True,0.016934071711284845
sto-3g_b1.0,sto-3g,1.0,0.002,20,0.55,0.99875,0.591875,0.7462500000000001,0.85875,0.11249999999999993,True,0.016934071711284845
sto-3g_b1.0,sto-3g,1.0,0.002,40,0.15,0.815625,0.180625,0.0,0.7531249999999999,0.5724999999999999,True,0.016934071711284845
sto-3g_b1.0,sto-3g,1.0,0.002,40,0.25,0.95125,0.28687500000000005,0.001875,0.84375,0.556875,True,0.016934071711284845
sto-3g_b1.0,sto-3g,1.0,0.002,40,0.35,0.981875,0.38375000000000004,0.14500000000000002,0.851875,0.468125,True,0.016934071711284845
sto-3g_b1.0,sto-3g,1.0,0.002,40,0.45,0.993125,0.48875,0.51375,0.85625,0.3424999999999999,True,0.016934071711284845
sto-3g_b1.0,sto-3g,1.0,0.002,40,0.55,0.99875,0.591875,0.708125,0.859375,0.15125,True,0.016934071711284845
sto-3g_b1.0,sto-3g,1.0,0.004,10,0.15,0.7181249999999999,0.180625,0.000625,0.71375,0.533125,True,0.016934071711284845
sto-3g_b1.0,sto-3g,1.0,0.004,10,0.25,0.896875,0.28687500000000005,0.019375,0.89125,0.6043749999999999,True,0.016934071711284845
sto-3g_b1.0,sto-3g,1.0,0.004,10,0.35,0.95375,0.38375000000000004,0.2425,0.9512499999999999,0.5674999999999999,True,0.016934071711284845
sto-3g_b1.0,sto-3g,1.0,0.004,10,0.45,0.9774999999999999,0.48875,0.5918749999999999,0.974375,0.38250000000000006,True,0.016934071711284845
sto-3g_b1.0,sto-3g,1.0,0.004,10,0.55,0.9918750000000001,0.591875,0.7949999999999999,0.9875,0.19250000000000012,True,0.016934071711284845
sto-3g_b1.0,sto-3g,1.0,0.004,20,0.15,0.7181249999999999,0.180625,0.00375,0.623125,0.4425,True,0.016934071711284845
sto-3g_b1.0,sto-3g,1.0,0.004,20,0.25,0.896875,0.28687500000000005,0.021875000000000002,0.7687499999999999,0.4818749999999999,True,0.016934071711284845
sto-3g_b1.0,sto-3g,1.0,0.004,20,0.35,0.95375,0.38375000000000004,0.2175,0.825,0.4412499999999999,True,0.016934071711284845
sto-3g_b1.0,sto-3g,1.0,0.004,20,0.45,0.9774999999999999,0.48875,0.52,0.843125,0.323125,True,0.016934071711284845
sto-3g_b1.0,sto-3g,1.0,0.004,20,0.55,0.9918750000000001,0.591875,0.69625,0.8518749999999999,0.1556249999999999,True,0.016934071711284845
sto-3g_b1.0,sto-3g,1.0,0.004,40,0.15,0.7181249999999999,0.180625,0.000625,0.594375,0.41374999999999995,True,0.016934071711284845
sto-3g_b1.0,sto-3g,1.0,0.004,40,0.25,0.896875,0.28687500000000005,0.026875,0.760625,0.47374999999999995,True,0.016934071711284845
sto-3g_b1.0,sto-3g,1.0,0.004,40,0.35,0.95375,0.38375000000000004,0.20625,0.821875,0.438125,True,0.016934071711284845
sto-3g_b1.0,sto-3g,1.0,0.004,40,0.45,0.9774999999999999,0.48875,0.49000000000000005,0.844375,0.35437499999999994,True,0.016934071711284845
sto-3g_b1.0,sto-3g,1.0,0.004,40,0.55,0.9918750000000001,0.591875,0.638125,0.855625,0.21749999999999992,True,0.016934071711284845
sto-3g_b1.0,sto-3g,1.0,0.008,10,0.15,0.515,0.180625,0.015000000000000001,0.53125,0.334375,True,0.016934071711284845
sto-3g_b1.0,sto-3g,1.0,0.008,10,0.25,0.72875,0.28687500000000005,0.09062500000000001,0.764375,0.44187499999999996,True,0.016934071711284845
sto-3g_b1.0,sto-3g,1.0,0.008,10,0.35,0.849375,0.38375000000000004,0.2525,0.864375,0.46562499999999996,True,0.016934071711284845
sto-3g_b1.0,sto-3g,1.0,0.008,10,0.45,0.9181249999999999,0.48875,0.47687500000000005,0.9156249999999999,0.4268749999999999,True,0.016934071711284845
sto-3g_b1.0,sto-3g,1.0,0.008,10,0.55,0.955,0.591875,0.6775,0.9462499999999999,0.26874999999999993,True,0.016934071711284845
sto-3g_b1.0,sto-3g,1.0,0.008,20,0.15,0.515,0.180625,0.013750000000000002,0.44999999999999996,0.2693749999999999,True,0.016934071711284845
sto-3g_b1.0,sto-3g,1.0,0.008,20,0.25,0.72875,0.28687500000000005,0.08687500000000001,0.6793750000000001,0.3925,True,0.016934071711284845
sto-3g_b1.0,sto-3g,1.0,0.008,20,0.35,0.849375,0.38375000000000004,0.245,0.789375,0.405625,True,0.016934071711284845
sto-3g_b1.0,sto-3g,1.0,0.008,20,0.45,0.9181249999999999,0.48875,0.4600000000000001,0.840625,0.35187499999999994,True,0.016934071711284845
sto-3g_b1.0,sto-3g,1.0,0.008,20,0.55,0.955,0.591875,0.625625,0.8712500000000001,0.2456250000000001,True,0.016934071711284845
sto-3g_b1.0,sto-3g,1.0,0.008,40,0.15,0.515,0.180625,0.024999999999999998,0.468125,0.2875,True,0.016934071711284845
sto-3g_b1.0,sto-3g,1.0,0.008,40,0.25,0.72875,0.28687500000000005,0.096875,0.6593749999999999,0.3724999999999999,True,0.016934071711284845
sto-3g_b1.0,sto-3g,1.0,0.008,40,0.35,0.849375,0.38375000000000004,0.24375000000000002,0.760625,0.37687499999999996,True,0.016934071711284845
sto-3g_b1.0,sto-3g,1.0,0.008,40,0.45,0.9181249999999999,0.48875,0.42812500000000003,0.81125,0.3225,True,0.016934071711284845
sto-3g_b1.0,sto-3g,1.0,0.008,40,0.55,0.955,0.591875,0.56875,0.84625,0.2543749999999999,True,0.016934071711284845
sto-3g_b1.1,sto-3g,1.1,0.0005,10,0.15,0.9981249999999999,0.18125000000000002,0.0,0.995,0.81375,True,0.18361663766093492
sto-3g_b1.1,sto-3g,1.1,0.0005,10,0.25,1.0,0.288125,0.0,1.0,0.711875,True,0.18361663766093492
sto-3g_b1.1,sto-3g,1.1,0.0005,10,0.35,1.0,0.3875,0.31437499999999996,1.0,0.6125,True,0.18361663766093492
sto-3g_b1.1,sto-3g,1.1,0.0005,10,0.45,1.0,0.494375,0.806875,1.0,0.193125,True,0.18361663766093492
sto-3g_b1.1,sto-3g,1.1,0.0005,10,0.55,1.0,0.6000000000000001,1.0,1.0,0.0,False,0.18361663766093492
sto-3g_b1.1,sto-3g,1.1,0.0005,20,0.15,0.9981249999999999,0.18125000000000002,0.0,0.854375,0.673125,True,0.18361663766093492
sto-3g_b1.1,sto-3g,1.1,0.0005,20,0.25,1.0,0.288125,0.0,0.859375,0.57125,True,0.18361663766093492
sto-3g_b1.1,sto-3g,1.1,0.0005,20,0.35,1.0,0.3875,0.28500000000000003,0.859375,0.471875,True,0.18361663766093492
sto-3g_b1.1,sto-3g,1.1,0.0005,20,0.45,1.0,0.494375,0.701875,0.859375,0.15749999999999997,True,0.18361663766093492
sto-3g_b1.1,sto-3g,1.1,0.0005,20,0.55,1.0,0.6000000000000001,0.859375,0.859375,0.0,False,0.18361663766093492
sto-3g_b1.1,sto-3g,1.1,0.0005,40,0.15,0.9981249999999999,0.18125000000000002,0.0,0.793125,0.611875,True,0.18361663766093492
sto-3g_b1.1,sto-3g,1.1,0.0005,40,0.25,1.0,0.288125,0.0025,0.796875,0.50875,True,0.18361663766093492
sto-3g_b1.1,sto-3g,1.1,0.0005,40,0.35,1.0,0.3875,0.2775,0.796875,0.409375,True,0.18361663766093492
sto-3g_b1.1,sto-3g,1.1,0.0005,40,0.45,1.0,0.494375,0.65375,0.796875,0.14312499999999995,True,0.18361663766093492
sto-3g_b1.1,sto-3g,1.1,0.0005,40,0.55,1.0,0.6000000000000001,0.796875,0.796875,0.0,False,0.18361663766093492
sto-3g_b1.1,sto-3g,1.1,0.001,10,0.15,0.975,0.18125000000000002,0.0,0.9693749999999999,0.7881249999999999,True,0.18361663766093492
sto-3g_b1.1,sto-3g,1.1,0.001,10,0.25,1.0,0.288125,0.015625,1.0,0.711875,True,0.18361663766093492
sto-3g_b1.1,sto-3g,1.1,0.001,10,0.35,1.0,0.3875,0.30874999999999997,1.0,0.6125,True,0.18361663766093492
sto-3g_b1.1,sto-3g,1.1,0.001,10,0.45,1.0,0.494375,0.765,1.0,0.235,True,0.18361663766093492
sto-3g_b1.1,sto-3g,1.1,0.001,10,0.55,1.0,0.6000000000000001,0.9962500000000001,1.0,0.00374999999999992,True,0.18361663766093492
sto-3g_b1.1,sto-3g,1.1,0.001,20,0.15,0.975,0.18125000000000002,0.0,0.83125,0.65,True,0.18361663766093492
sto-3g_b1.1,sto-3g,1.1,0.001,20,0.25,1.0,0.288125,0.011875,0.859375,0.57125,True,0.18361663766093492
sto-3g_b1.1,sto-3g,1.1,0.001,20,0.35,1.0,0.3875,0.27125,0.859375,0.471875,True,0.18361663766093492
sto-3g_b1.1,sto-3g,1.1,0.001,20,0.45,1.0,0.494375,0.6625,0.859375,0.19687500000000002,True,0.18361663766093492
sto-3g_b1.1,sto-3g,1.1,0.001,20,0.55,1.0,0.6000000000000001,0.855,0.859375,0.004375000000000018,True,0.18361663766093492
sto-3g_b1.1,sto-3g,1.1,0.001,40,0.15,0.975,0.18125000000000002,0.0,0.763125,0.581875,True,0.18361663766093492
sto-3g_b1.1,sto-3g,1.1,0.001,40,0.25,1.0,0.288125,0.017499999999999998,0.796875,0.50875,True,0.18361663766093492
sto-3g_b1.1,sto-3g,1.1,0.001,40,0.35,1.0,0.3875,0.26875,0.796875,0.409375,True,0.18361663766093492
sto-3g_b1.1,sto-3g,1.1,0.001,40,0.45,1.0,0.494375,0.620625,0.796875,0.17625000000000002,True,0.18361663766093492
sto-3g_b1.1,sto-3g,1.1,0.001,40,0.55,1.0,0.6000000000000001,0.7931250000000001,0.796875,0.00374999999999992,True,0.18361663766093492
sto-3g_b1.1,sto-3g,1.1,0.002,10,0.15,0.8681249999999999,0.18125000000000002,0.003125,0.875,0.6868749999999999,True,0.18361663766093492
sto-3g_b1.1,sto-3g,1.1,0.002,10,0.25,0.978125,0.288125,0.048125,0.985,0.69,True,0.18361663766093492
sto-3g_b1.1,sto-3g,1.1,0.002,10,0.35,0.9975,0.3875,0.30125,0.9981249999999999,0.6100000000000001,True,0.18361663766093492
sto-3g_b1.1,sto-3g,1.1,0.002,10,0.45,0.999375,0.494375,0.6981250000000001,0.999375,0.3012499999999999,True,0.18361663766093492
sto-3g_b1.1,sto-3g,1.1,0.002,10,0.55,1.0,0.6000000000000001,0.96875,1.0,0.03125,True,0.18361663766093492
sto-3g_b1.1,sto-3g,1.1,0.002,20,0.15,0.8681249999999999,0.18125000000000002,0.001875,0.7649999999999999,0.5837499999999999,True,0.18361663766093492
sto-3g_b1.1,sto-3g,1.1,0.002,20,0.25,0.978125,0.288125,0.0475,0.8512500000000001,0.5631250000000001,True,0.18361663766093492
sto-3g_b1.1,sto-3g,1.1,0.002,20,0.35,0.9975,0.3875,0.29062499999999997,0.859375,0.471875,True,0.18361663766093492
sto-3g_b1.1,sto-3g,1.1,0.002,20,0.45,0.999375,0.494375,0.629375,0.859375,0.22999999999999998,True,0.18361663766093492
sto-3g_b1.1,sto-3g,1.1,0.002,20,0.55,1.0,0.6000000000000001,0.8374999999999999,0.859375,0.02187500000000009,True,0.18361663766093492
sto-3g_b1.1,sto-3g,1.1,0.002,40,0.15,0.8681249999999999,0.18125000000000002,0.0025,0.684375,0.5031249999999999,True,0.18361663766093492
sto-3g_b1.1,sto-3g,1.1,0.002,40,0.25,0.978125,0.288125,0.05500000000000001,0.79,0.5018750000000001,True,0.18361663766093492
sto-3g_b1.1,sto-3g,1.1,0.002,40,0.35,0.9975,0.3875,0.26812500000000006,0.795625,0.408125,True,0.18361663766093492
sto-3g_b1.1,sto-3g,1.1,0.002,40,0.45,0.999375,0.494375,0.565625,0.796875,0.23124999999999996,True,0.18361663766093492
sto-3g_b1.1,sto-3g,1.1,0.002,40,0.55,1.0,0.6000000000000001,0.774375,0.796875,0.022499999999999964,True,0.18361663766093492
sto-3g_b1.1,sto-3g,1.1,0.004,10,0.15,0.71875,0.18125000000000002,0.019375,0.711875,0.530625,True,0.18361663766093492
sto-3g_b1.1,sto-3g,1.1,0.004,10,0.25,0.910625,0.288125,0.10187500000000001,0.9037499999999999,0.6156249999999999,True,0.18361663766093492
sto-3g_b1.1,sto-3g,1.1,0.004,10,0.35,0.96625,0.3875,0.2975,0.9675,0.5787500000000001,True,0.18361663766093492
sto-3g_b1.1,sto-3g,1.1,0.004,10,0.45,0.989375,0.494375,0.6212500000000001,0.9875,0.36624999999999996,True,0.18361663766093492
sto-3g_b1.1,sto-3g,1.1,0.004,10,0.55,0.9962500000000001,0.6000000000000001,0.9025,0.9925,0.09000000000000008,True,0.18361663766093492
sto-3g_b1.1,sto-3g,1.1,0.004,20,0.15,0.71875,0.18125000000000002,0.013749999999999998,0.6168750000000001,0.43562500000000004,True,0.18361663766093492
sto-3g_b1.1,sto-3g,1.1,0.004,20,0.25,0.910625,0.288125,0.09625,0.791875,0.5037499999999999,True,0.18361663766093492
sto-3g_b1.1,sto-3g,1.1,0.004,20,0.35,0.96625,0.3875,0.26937500000000003,0.8456250000000001,0.45812500000000006,True,0.18361663766093492
sto-3g_b1.1,sto-3g,1.1,0.004,20,0.45,0.989375,0.494375,0.54625,0.85625,0.30999999999999994,True,0.18361663766093492
sto-3g_b1.1,sto-3g,1.1,0.004,20,0.55,0.9962500000000001,0.6000000000000001,0.78125,0.858125,0.07687500000000003,True,0.18361663766093492
sto-3g_b1.1,sto-3g,1.1,0.004,40,0.15,0.71875,0.18125000000000002,0.015625,0.57125,0.39,True,0.18361663766093492
sto-3g_b1.1,sto-3g,1.1,0.004,40,0.25,0.910625,0.288125,0.09312500000000001,0.741875,0.45374999999999993,True,0.18361663766093492
sto-3g_b1.1,sto-3g,1.1,0.004,40,0.35,0.96625,0.3875,0.27,0.79125,0.40375,True,0.18361663766093492
sto-3g_b1.1,sto-3g,1.1,0.004,40,0.45,0.989375,0.494375,0.529375,0.79625,0.266875,True,0.18361663766093492
sto-3g_b1.1,sto-3g,1.1,0.004,40,0.55,0.9962500000000001,0.6000000000000001,0.74,0.796875,0.05687500000000001,True,0.18361663766093492
sto-3g_b1.1,sto-3g,1.1,0.008,10,0.15,0.5193749999999999,0.18125000000000002,0.05625,0.5237499999999999,0.3381249999999999,True,0.18361663766093492
sto-3g_b1.1,sto-3g,1.1,0.008,10,0.25,0.7731250000000001,0.288125,0.153125,0.761875,0.47374999999999995,True,0.18361663766093492
sto-3g_b1.1,sto-3g,1.1,0.008,10,0.35,0.90625,0.3875,0.3375,0.895,0.5075000000000001,True,0.18361663766093492
sto-3g_b1.1,sto-3g,1.1,0.008,10,0.45,0.9606250000000001,0.494375,0.5856250000000001,0.941875,0.35624999999999996,True,0.18361663766093492
sto-3g_b1.1,sto-3g,1.1,0.008,10,0.55,0.9837499999999999,0.6000000000000001,0.815625,0.9650000000000001,0.14937500000000004,True,0.18361663766093492
sto-3g_b1.1,sto-3g,1.1,0.008,20,0.15,0.5193749999999999,0.18125000000000002,0.046875,0.444375,0.263125,True,0.18361663766093492
sto-3g_b1.1,sto-3g,1.1,0.008,20,0.25,0.7731250000000001,0.288125,0.139375,0.6756249999999999,0.3874999999999999,True,0.18361663766093492
sto-3g_b1.1,sto-3g,1.1,0.008,20,0.35,0.90625,0.3875,0.28874999999999995,0.799375,0.41187499999999994,True,0.18361663766093492
sto-3g_b1.1,sto-3g,1.1,0.008,20,0.45,0.9606250000000001,0.494375,0.514375,0.849375,0.33499999999999996,True,0.18361663766093492
sto-3g_b1.1,sto-3g,1.1,0.008,20,0.55,0.9837499999999999,0.6000000000000001,0.743125,0.869375,0.12624999999999997,True,0.18361663766093492
sto-3g_b1.1,sto-3g,1.1,0.008,40,0.15,0.5193749999999999,0.18125000000000002,0.06875,0.398125,0.21687499999999998,True,0.18361663766093492
sto-3g_b1.1,sto-3g,1.1,0.008,40,0.25,0.7731250000000001,0.288125,0.175,0.60125,0.31312499999999993,True,0.18361663766093492
sto-3g_b1.1,sto-3g,1.1,0.008,40,0.35,0.90625,0.3875,0.3075,0.70875,0.32125,True,0.18361663766093492
sto-3g_b1.1,sto-3g,1.1,0.008,40,0.45,0.9606250000000001,0.494375,0.494375,0.764375,0.27,True,0.18361663766093492
sto-3g_b1.1,sto-3g,1.1,0.008,40,0.55,0.9837499999999999,0.6000000000000001,0.6756249999999999,0.785625,0.1100000000000001,True,0.18361663766093492
sto-3g_b1.2,sto-3g,1.2,0.0005,10,0.15,1.0,0.24500000000000002,0.10125,0.875,0.63,True,-0.06545794321670048
sto-3g_b1.2,sto-3g,1.2,0.0005,10,0.25,1.0,0.37625,0.953125,0.875,-0.078125,False,-0.06545794321670048
sto-3g_b1.2,sto-3g,1.2,0.0005,10,0.35,1.0,0.44687499999999997,0.953125,0.875,-0.078125,False,-0.06545794321670048
sto-3g_b1.2,sto-3g,1.2,0.0005,10,0.45,1.0,0.5118750000000001,0.953125,0.875,-0.078125,False,-0.06545794321670048
sto-3g_b1.2,sto-3g,1.2,0.0005,10,0.55,1.0,0.5606249999999999,0.953125,0.875,-0.078125,False,-0.06545794321670048
sto-3g_b1.2,sto-3g,1.2,0.0005,20,0.15,1.0,0.24500000000000002,0.11125,0.75,0.505,True,-0.06545794321670048
sto-3g_b1.2,sto-3g,1.2,0.0005,20,0.25,1.0,0.37625,0.921875,0.75,-0.171875,False,-0.06545794321670048
sto-3g_b1.2,sto-3g,1.2,0.0005,20,0.35,1.0,0.44687499999999997,0.921875,0.75,-0.171875,False,-0.06545794321670048
sto-3g_b1.2,sto-3g,1.2,0.0005,20,0.45,1.0,0.5118750000000001,0.921875,0.75,-0.171875,False,-0.06545794321670048
sto-3g_b1.2,sto-3g,1.2,0.0005,20,0.55,1.0,0.5606249999999999,0.921875,0.75,-0.171875,False,-0.06545794321670048
sto-3g_b1.2,sto-3g,1.2,0.0005,40,0.15,1.0,0.24500000000000002,0.114375,0.65625,0.41125,True,-0.06545794321670048
sto-3g_b1.2,sto-3g,1.2,0.0005,40,0.25,1.0,0.37625,0.8125,0.65625,-0.15625,False,-0.06545794321670048
sto-3g_b1.2,sto-3g,1.2,0.0005,40,0.35,1.0,0.44687499999999997,0.8125,0.65625,-0.15625,False,-0.06545794321670048
sto-3g_b1.2,sto-3g,1.2,0.0005,40,0.45,1.0,0.5118750000000001,0.8125,0.65625,-0.15625,False,-0.06545794321670048
sto-3g_b1.2,sto-3g,1.2,0.0005,40,0.55,1.0,0.5606249999999999,0.8125,0.65625,-0.15625,False,-0.06545794321670048
sto-3g_b1.2,sto-3g,1.2,0.001,10,0.15,1.0,0.24500000000000002,0.26625,0.875,0.60875,True,-0.06545794321670048
sto-3g_b1.2,sto-3g,1.2,0.001,10,0.25,1.0,0.37625,0.953125,0.875,-0.078125,False,-0.06545794321670048
sto-3g_b1.2,sto-3g,1.2,0.001,10,0.35,1.0,0.44687499999999997,0.953125,0.875,-0.078125,False,-0.06545794321670048
sto-3g_b1.2,sto-3g,1.2,0.001,10,0.45,1.0,0.5118750000000001,0.953125,0.875,-0.078125,False,-0.06545794321670048
sto-3g_b1.2,sto-3g,1.2,0.001,10,0.55,1.0,0.5606249999999999,0.953125,0.875,-0.078125,False,-0.06545794321670048
sto-3g_b1.2,sto-3g,1.2,0.001,20,0.15,1.0,0.24500000000000002,0.26625,0.75,0.48375,True,-0.06545794321670048
sto-3g_b1.2,sto-3g,1.2,0.001,20,0.25,1.0,0.37625,0.921875,0.75,-0.171875,False,-0.06545794321670048
sto-3g_b1.2,sto-3g,1.2,0.001,20,0.35,1.0,0.44687499999999997,0.921875,0.75,-0.171875,False,-0.06545794321670048
sto-3g_b1.2,sto-3g,1.2,0.001,20,0.45,1.0,0.5118750000000001,0.921875,0.75,-0.171875,False,-0.06545794321670048
sto-3g_b1.2,sto-3g,1.2,0.001,20,0.55,1.0,0.5606249999999999,0.921875,0.75,-0.171875,False,-0.06545794321670048
sto-3g_b1.2,sto-3g,1.2,0.001,40,0.15,1.0,0.24500000000000002,0.208125,0.65625,0.41125,True,-0.06545794321670048
sto-3g_b1.2,sto-3g,1.2,0.001,40,0.25,1.0,0.37625,0.8125,0.65625,-0.15625,False,-0.06545794321670048
sto-3g_b1.2,sto-3g,1.2,0.001,40,0.35,1.0,0.44687499999999997,0.8125,0.65625,-0.15625,False,-0.06545794321670048
sto-3g_b1.2,sto-3g,1.2,0.001,40,0.45,1.0,0.5118750000000001,0.8125,0.65625,-0.15625,False,-0.06545794321670048
sto-3g_b1.2,sto-3g,1.2,0.001,40,0.55,1.0,0.5606249999999999,0.8125,0.65625,-0.15625,False,-0.06545794321670048
sto-3g_b1.2,sto-3g,1.2,0.002,10,0.15,1.0,0.24500000000000002,0.363125,0.875,0.5118750000000001,True,-0.06545794321670048
sto-3g_b1.2,sto-3g,1.2,0.002,10,0.25,1.0,0.37625,0.9525,0.875,-0.07750000000000001,False,-0.06545794321670048
sto-3g_b1.2,sto-3g,1.2,0.002,10,0.35,1.0,0.44687499999999997,0.953125,0.875,-0.078125,False,-0.06545794321670048
sto-3g_b1.2,sto-3g,1.2,0.002,10,0.45,1.0,0.5118750000000001,0.953125,0.875,-0.078125,False,-0.06545794321670048
sto-3g_b1.2,sto-3g,1.2,0.002,10,0.55,1.0,0.5606249999999999,0.953125,0.875,-0.078125,False,-0.06545794321670048
sto-3g_b1.2,sto-3g,1.2,0.002,20,0.15,1.0,0.24500000000000002,0.366875,0.75,0.383125,True,-0.06545794321670048
sto-3g_b1.2,sto-3g,1.2,0.002,20,0.25,1.0,0.37625,0.921875,0.75,-0.171875,False,-0.06545794321670048
sto-3g_b1.2,sto-3g,1.2,0.002,20,0.35,1.0,0.44687499999999997,0.921875,0.75,-0.171875,False,-0.06545794321670048
sto-3g_b1.2,sto-3g,1.2,0.002,20,0.45,1.0,0.5118750000000001,0.921875,0.75,-0.171875,False,-0.06545794321670048
sto-3g_b1.2,sto-3g,1.2,0.002,20,0.55,1.0,0.5606249999999999,0.921875,0.75,-0.171875,False,-0.06545794321670048
sto-3g_b1.2,sto-3g,1.2,0.002,40,0.15,1.0,0.24500000000000002,0.331875,0.65625,0.324375,True,-0.06545794321670048
sto-3g_b1.2,sto-3g,1.2,0.002,40,0.25,1.0,0.37625,0.8125,0.65625,-0.15625,False,-0.06545794321670048
sto-3g_b1.2,sto-3g,1.2,0.002,40,0.35,1.0,0.44687499999999997,0.8125,0.65625,-0.15625,False,-0.06545794321670048
sto-3g_b1.2,sto-3g,1.2,0.002,40,0.45,1.0,0.5118750000000001,0.8125,0.65625,-0.15625,False,-0.06545794321670048
sto-3g_b1.2,sto-3g,1.2,0.002,40,0.55,1.0,0.5606249999999999,0.8125,0.656875,-0.155625,False,-0.06545794321670048
sto-3g_b1.2,sto-3g,1.2,0.004,10,0.15,1.0,0.24500000000000002,0.421875,0.875,0.453125,True,-0.06545794321670048
sto-3g_b1.2,sto-3g,1.2,0.004,10,0.25,1.0,0.37625,0.94875,0.875,-0.07374999999999998,False,-0.06545794321670048
sto-3g_b1.2,sto-3g,1.2,0.004,10,0.35,1.0,0.44687499999999997,0.953125,0.875,-0.078125,False,-0.06545794321670048
sto-3g_b1.2,sto-3g,1.2,0.004,10,0.45,1.0,0.5118750000000001,0.953125,0.875,-0.078125,False,-0.06545794321670048
sto-3g_b1.2,sto-3g,1.2,0.004,10,0.55,1.0,0.5606249999999999,0.953125,0.875625,-0.07750000000000001,False,-0.06545794321670048
sto-3g_b1.2,sto-3g,1.2,0.004,20,0.15,1.0,0.24500000000000002,0.413125,0.75,0.336875,True,-0.06545794321670048
sto-3g_b1.2,sto-3g,1.2,0.004,20,0.25,1.0,0.37625,0.9175,0.75,-0.16749999999999998,False,-0.06545794321670048
sto-3g_b1.2,sto-3g,1.2,0.004,20,0.35,1.0,0.44687499999999997,0.921875,0.75,-0.171875,False,-0.06545794321670048
sto-3g_b1.2,sto-3g,1.2,0.004,20,0.45,1.0,0.5118750000000001,0.921875,0.75,-0.171875,False,-0.06545794321670048
sto-3g_b1.2,sto-3g,1.2,0.004,20,0.55,1.0,0.5606249999999999,0.921875,0.755,-0.166875,False,-0.06545794321670048
sto-3g_b1.2,sto-3g,1.2,0.004,40,0.15,1.0,0.24500000000000002,0.370625,0.65625,0.285625,True,-0.06545794321670048
sto-3g_b1.2,sto-3g,1.2,0.004,40,0.25,1.0,0.37625,0.806875,0.65625,-0.150625,False,-0.06545794321670048
sto-3g_b1.2,sto-3g,1.2,0.004,40,0.35,1.0,0.44687499999999997,0.8125,0.65625,-0.15625,False,-0.06545794321670048
sto-3g_b1.2,sto-3g,1.2,0.004,40,0.45,1.0,0.5118750000000001,0.8125,0.65625,-0.15625,False,-0.06545794321670048
sto-3g_b1.2,sto-3g,1.2,0.004,40,0.55,1.0,0.5606249999999999,0.8125,0.6668750000000001,-0.1456249999999999,False,-0.06545794321670048
sto-3g_b1.2,sto-3g,1.2,0.008,10,0.15,0.9918750000000001,0.24500000000000002,0.41874999999999996,0.8675,0.4487500000000001,True,-0.06545794321670048
sto-3g_b1.2,sto-3g,1.2,0.008,10,0.25,1.0,0.37625,0.891875,0.875,-0.016874999999999973,False,-0.06545794321670048
sto-3g_b1.2,sto-3g,1.2,0.008,10,0.35,1.0,0.44687499999999997,0.96375,0.875,-0.08875,False,-0.06545794321670048
sto-3g_b1.2,sto-3g,1.2,0.008,10,0.45,1.0,0.5118750000000001,0.96875,0.875625,-0.09312500000000001,False,-0.06545794321670048
sto-3g_b1.2,sto-3g,1.2,0.008,10,0.55,1.0,0.5606249999999999,0.96875,0.8868750000000001,-0.08187499999999992,False,-0.06545794321670048
sto-3g_b1.2,sto-3g,1.2,0.008,20,0.15,0.9918750000000001,0.24500000000000002,0.39375000000000004,0.738125,0.344375,True,-0.06545794321670048
sto-3g_b1.2,sto-3g,1.2,0.008,20,0.25,1.0,0.37625,0.8443749999999999,0.75,-0.09437499999999988,False,-0.06545794321670048
sto-3g_b1.2,sto-3g,1.2,0.008,20,0.35,1.0,0.44687499999999997,0.915,0.75,-0.16500000000000004,False,-0.06545794321670048
sto-3g_b1.2,sto-3g,1.2,0.008,20,0.45,1.0,0.5118750000000001,0.921875,0.75125,-0.17062500000000003,False,-0.06545794321670048
sto-3g_b1.2,sto-3g,1.2,0.008,20,0.55,1.0,0.5606249999999999,0.921875,0.768125,-0.15375000000000005,False,-0.06545794321670048
sto-3g_b1.2,sto-3g,1.2,0.008,40,0.15,0.9918750000000001,0.24500000000000002,0.359375,0.6468750000000001,0.2875000000000001,True,-0.06545794321670048
sto-3g_b1.2,sto-3g,1.2,0.008,40,0.25,1.0,0.37625,0.746875,0.65625,-0.09062499999999996,False,-0.06545794321670048
sto-3g_b1.2,sto-3g,1.2,0.008,40,0.35,1.0,0.44687499999999997,0.80625,0.65625,-0.15000000000000002,False,-0.06545794321670048
sto-3g_b1.2,sto-3g,1.2,0.008,40,0.45,1.0,0.5118750000000001,0.8125,0.65875,-0.15375000000000005,False,-0.06545794321670048
sto-3g_b1.2,sto-3g,1.2,0.008,40,0.55,1.0,0.5606249999999999,0.8125,0.67875,-0.13375000000000004,False,-0.06545794321670048
sto-3g_b1.3,sto-3g,1.3,0.0005,10,0.15,1.0,0.24500000000000002,0.0,0.90625,0.66125,True,-0.0638513338901155
sto-3g_b1.3,sto-3g,1.3,0.0005,10,0.25,1.0,0.37625,0.44875,0.90625,0.4575,True,-0.0638513338901155
sto-3g_b1.3,sto-3g,1.3,0.0005,10,0.35,1.0,0.44687499999999997,0.984375,0.90625,-0.078125,False,-0.0638513338901155
sto-3g_b1.3,sto-3g,1.3,0.0005,10,0.45,1.0,0.5118750000000001,0.984375,0.90625,-0.078125,False,-0.0638513338901155
sto-3g_b1.3,sto-3g,1.3,0.0005,10,0.55,1.0,0.5606249999999999,0.984375,0.90625,-0.078125,False,-0.0638513338901155
sto-3g_b1.3,sto-3g,1.3,0.0005,20,0.15,1.0,0.24500000000000002,0.0,0.828125,0.583125,True,-0.0638513338901155
sto-3g_b1.3,sto-3g,1.3,0.0005,20,0.25,1.0,0.37625,0.434375,0.828125,0.39375,True,-0.0638513338901155
sto-3g_b1.3,sto-3g,1.3,0.0005,20,0.35,1.0,0.44687499999999997,0.96875,0.828125,-0.140625,False,-0.0638513338901155
sto-3g_b1.3,sto-3g,1.3,0.0005,20,0.45,1.0,0.5118750000000001,0.96875,0.828125,-0.140625,False,-0.0638513338901155
sto-3g_b1.3,sto-3g,1.3,0.0005,20,0.55,1.0,0.5606249999999999,0.96875,0.828125,-0.140625,False,-0.0638513338901155
sto-3g_b1.3,sto-3g,1.3,0.0005,40,0.15,1.0,0.24500000000000002,0.0,0.75,0.505,True,-0.0638513338901155
sto-3g_b1.3,sto-3g,1.3,0.0005,40,0.25,1.0,0.37625,0.27125,0.75,0.37375,True,-0.0638513338901155
sto-3g_b1.3,sto-3g,1.3,0.0005,40,0.35,1.0,0.44687499999999997,0.90625,0.75,-0.15625,False,-0.0638513338901155
sto-3g_b1.3,sto-3g,1.3,0.0005,40,0.45,1.0,0.5118750000000001,0.90625,0.75,-0.15625,False,-0.0638513338901155
sto-3g_b1.3,sto-3g,1.3,0.0005,40,0.55,1.0,0.5606249999999999,0.90625,0.75,-0.15625,False,-0.0638513338901155
sto-3g_b1.3,sto-3g,1.3,0.001,10,0.15,1.0,0.24500000000000002,0.025625000000000002,0.90625,0.66125,True,-0.0638513338901155
sto-3g_b1.3,sto-3g,1.3,0.001,10,0.25,1.0,0.37625,0.469375,0.90625,0.436875,True,-0.0638513338901155
sto-3g_b1.3,sto-3g,1.3,0.001,10,0.35,1.0,0.44687499999999997,0.984375,0.90625,-0.078125,False,-0.0638513338901155
sto-3g_b1.3,sto-3g,1.3,0.001,10,0.45,1.0,0.5118750000000001,0.984375,0.90625,-0.078125,False,-0.0638513338901155
sto-3g_b1.3,sto-3g,1.3,0.001,10,0.55,1.0,0.5606249999999999,0.984375,0.90625,-0.078125,False,-0.0638513338901155
sto-3g_b1.3,sto-3g,1.3,0.001,20,0.15,1.0,0.24500000000000002,0.026875,0.828125,0.583125,True,-0.0638513338901155
sto-3g_b1.3,sto-3g,1.3,0.001,20,0.25,1.0,0.37625,0.4625,0.828125,0.365625,True,-0.0638513338901155
sto-3g_b1.3,sto-3g,1.3,0.001,20,0.35,1.0,0.44687499999999997,0.96875,0.828125,-0.140625,False,-0.0638513338901155
sto-3g_b1.3,sto-3g,1.3,0.001,20,0.45,1.0,0.5118750000000001,0.96875,0.828125,-0.140625,False,-0.0638513338901155
sto-3g_b1.3,sto-3g,1.3,0.001,20,0.55,1.0,0.5606249999999999,0.96875,0.828125,-0.140625,False,-0.0638513338901155
sto-3g_b1.3,sto-3g,1.3,0.001,40,0.15,1.0,0.24500000000000002,0.01375,0.75,0.505,True,-0.0638513338901155
sto-3g_b1.3,sto-3g,1.3,0.001,40,0.25,1.0,0.37625,0.32375000000000004,0.75,0.37375,True,-0.0638513338901155
sto-3g_b1.3,sto-3g,1.3,0.001,40,0.35,1.0,0.44687499999999997,0.90625,0.75,-0.15625,False,-0.0638513338901155
sto-3g_b1.3,sto-3g,1.3,0.001,40,0.45,1.0,0.5118750000000001,0.90625,0.75,-0.15625,False,-0.0638513338901155
sto-3g_b1.3,sto-3g,1.3,0.001,40,0.55,1.0,0.5606249999999999,0.90625,0.75,-0.15625,False,-0.0638513338901155
sto-3g_b1.3,sto-3g,1.3,0.002,10,0.15,1.0,0.24500000000000002,0.0625,0.90625,0.66125,True,-0.0638513338901155
sto-3g_b1.3,sto-3g,1.3,0.002,10,0.25,1.0,0.37625,0.40437500000000004,0.90625,0.501875,True,-0.0638513338901155
sto-3g_b1.3,sto-3g,1.3,0.002,10,0.35,1.0,0.44687499999999997,0.984375,0.90625,-0.078125,False,-0.0638513338901155
sto-3g_b1.3,sto-3g,1.3,0.002,10,0.45,1.0,0.5118750000000001,0.984375,0.90625,-0.078125,False,-0.0638513338901155
sto-3g_b1.3,sto-3g,1.3,0.002,10,0.55,1.0,0.5606249999999999,0.984375,0.90625,-0.078125,False,-0.0638513338901155
sto-3g_b1.3,sto-3g,1.3,0.002,20,0.15,1.0,0.24500000000000002,0.0675,0.828125,0.583125,True,-0.0638513338901155
sto-3g_b1.3,sto-3g,1.3,0.002,20,0.25,1.0,0.37625,0.400625,0.828125,0.4275,True,-0.0638513338901155
sto-3g_b1.3,sto-3g,1.3,0.002,20,0.35,1.0,0.44687499999999997,0.96875,0.828125,-0.140625,False,-0.0638513338901155
sto-3g_b1.3,sto-3g,1.3,0.002,20,0.45,1.0,0.5118750000000001,0.96875,0.828125,-0.140625,False,-0.0638513338901155
sto-3g_b1.3,sto-3g,1.3,0.002,20,0.55,1.0,0.5606249999999999,0.96875,0.828125,-0.140625,False,-0.0638513338901155
sto-3g_b1.3,sto-3g,1.3,0.002,40,0.15,1.0,0.24500000000000002,0.06375,0.75,0.505,True,-0.0638513338901155
sto-3g_b1.3,sto-3g,1.3,0.002,40,0.25,1.0,0.37625,0.401875,0.75,0.348125,True,-0.0638513338901155
sto-3g_b1.3,sto-3g,1.3,0.002,40,0.35,1.0,0.44687499999999997,0.90625,0.75,-0.15625,False,-0.0638513338901155
sto-3g_b1.3,sto-3g,1.3,0.002,40,0.45,1.0,0.5118750000000001,0.90625,0.75,-0.15625,False,-0.0638513338901155
sto-3g_b1.3,sto-3g,1.3,0.002,40,0.55,1.0,0.5606249999999999,0.90625,0.750625,-0.155625,False,-0.0638513338901155
sto-3g_b1.3,sto-3g,1.3,0.004,10,0.15,1.0,0.24500000000000002,0.004375,0.90625,0.66125,True,-0.0638513338901155
sto-3g_b1.3,sto-3g,1.3,0.004,10,0.25,1.0,0.37625,0.368125,0.90625,0.53,True,-0.0638513338901155
sto-3g_b1.3,sto-3g,1.3,0.004,10,0.35,1.0,0.44687499999999997,0.97625,0.90625,-0.06999999999999995,False,-0.0638513338901155
sto-3g_b1.3,sto-3g,1.3,0.004,10,0.45,1.0,0.5118750000000001,0.984375,0.90625,-0.078125,False,-0.0638513338901155
sto-3g_b1.3,sto-3g,1.3,0.004,10,0.55,1.0,0.5606249999999999,0.984375,0.906875,-0.07750000000000001,False,-0.0638513338901155
sto-3g_b1.3,sto-3g,1.3,0.004,20,0.15,1.0,0.24500000000000002,0.019375,0.828125,0.583125,True,-0.0638513338901155
sto-3g_b1.3,sto-3g,1.3,0.004,20,0.25,1.0,0.37625,0.385625,0.828125,0.4425,True,-0.0638513338901155
sto-3g_b1.3,sto-3g,1.3,0.004,20,0.35,1.0,0.44687499999999997,0.9575,0.828125,-0.12937500000000002,False,-0.0638513338901155
sto-3g_b1.3,sto-3g,1.3,0.004,20,0.45,1.0,0.5118750000000001,0.96875,0.828125,-0.140625,False,-0.0638513338901155
sto-3g_b1.3,sto-3g,1.3,0.004,20,0.55,1.0,0.5606249999999999,0.96875,0.830625,-0.13812500000000005,False,-0.0638513338901155
sto-3g_b1.3,sto-3g,1.3,0.004,40,0.15,1.0,0.24500000000000002,0.061250000000000006,0.75,0.505,True,-0.0638513338901155
sto-3g_b1.3,sto-3g,1.3,0.004,40,0.25,1.0,0.37625,0.413125,0.75,0.336875,True,-0.0638513338901155
sto-3g_b1.3,sto-3g,1.3,0.004,40,0.35,1.0,0.44687499999999997,0.899375,0.75,-0.14937500000000004,False,-0.0638513338901155
sto-3g_b1.3,sto-3g,1.3,0.004,40,0.45,1.0,0.5118750000000001,0.90625,0.75,-0.15625,False,-0.0638513338901155
sto-3g_b1.3,sto-3g,1.3,0.004,40,0.55,1.0,0.5606249999999999,0.90625,0.75625,-0.15000000000000002,False,-0.0638513338901155
sto-3g_b1.3,sto-3g,1.3,0.008,10,0.15,0.9893749999999999,0.24500000000000002,0.0125,0.895625,0.650625,True,-0.0638513338901155
sto-3g_b1.3,sto-3g,1.3,0.008,10,0.25,1.0,0.37625,0.398125,0.90625,0.5081249999999999,True,-0.0638513338901155
sto-3g_b1.3,sto-3g,1.3,0.008,10,0.35,1.0,0.44687499999999997,0.8975,0.90625,0.008750000000000036,True,-0.0638513338901155
sto-3g_b1.3,sto-3g,1.3,0.008,10,0.45,1.0,0.5118750000000001,0.9762500000000001,0.906875,-0.06937500000000008,False,-0.0638513338901155
sto-3g_b1.3,sto-3g,1.3,0.008,10,0.55,1.0,0.5606249999999999,0.984375,0.91625,-0.06812499999999999,False,-0.0638513338901155
sto-3g_b1.3,sto-3g,1.3,0.008,20,0.15,0.9893749999999999,0.24500000000000002,0.019375000000000003,0.828125,0.583125,True,-0.0638513338901155
sto-3g_b1.3,sto-3g,1.3,0.008,20,0.25,1.0,0.37625,0.395625,0.84375,0.448125,True,-0.0638513338901155
sto-3g_b1.3,sto-3g,1.3,0.008,20,0.35,1.0,0.44687499999999997,0.8856249999999999,0.84375,-0.041874999999999885,False,-0.0638513338901155
sto-3g_b1.3,sto-3g,1.3,0.008,20,0.45,1.0,0.5118750000000001,0.958125,0.844375,-0.11375000000000002,False,-0.0638513338901155
sto-3g_b1.3,sto-3g,1.3,0.008,20,0.55,1.0,0.5606249999999999,0.96875,0.85375,-0.11499999999999999,False,-0.0638513338901155
sto-3g_b1.3,sto-3g,1.3,0.008,40,0.15,0.9893749999999999,0.24500000000000002,0.026875,0.765,0.52,True,-0.0638513338901155
sto-3g_b1.3,sto-3g,1.3,0.008,40,0.25,1.0,0.37625,0.39,0.778125,0.38812499999999994,True,-0.0638513338901155
sto-3g_b1.3,sto-3g,1.3,0.008,40,0.35,1.0,0.44687499999999997,0.839375,0.7793749999999999,-0.06000000000000005,False,-0.0638513338901155
sto-3g_b1.3,sto-3g,1.3,0.008,40,0.45,1.0,0.5118750000000001,0.913125,0.78125,-0.13187499999999996,False,-0.0638513338901155
sto-3g_b1.3,sto-3g,1.3,0.008,40,0.55,1.0,0.5606249999999999,0.921875,0.8,-0.12187499999999996,False,-0.0638513338901155
sto-3g_b1.4,sto-3g,1.4,0.0005,10,0.15,1.0,0.24500000000000002,0.0,0.953125,0.708125,True,0.16233905615356614
sto-3g_b1.4,sto-3g,1.4,0.0005,10,0.25,1.0,0.37625,0.43937499999999996,0.953125,0.51375,True,0.16233905615356614
sto-3g_b1.4,sto-3g,1.4,0.0005,10,0.35,1.0,0.44687499999999997,1.0,0.953125,-0.046875,False,0.16233905615356614
sto-3g_b1.4,sto-3g,1.4,0.0005,10,0.45,1.0,0.5118750000000001,1.0,0.953125,-0.046875,False,0.16233905615356614
sto-3g_b1.4,sto-3g,1.4,0.0005,10,0.55,1.0,0.5606249999999999,1.0,0.953125,-0.046875,False,0.16233905615356614
sto-3g_b1.4,sto-3g,1.4,0.0005,20,0.15,1.0,0.24500000000000002,0.0,0.921875,0.676875,True,0.16233905615356614
sto-3g_b1.4,sto-3g,1.4,0.0005,20,0.25,1.0,0.37625,0.423125,0.921875,0.49875,True,0.16233905615356614
sto-3g_b1.4,sto-3g,1.4,0.0005,20,0.35,1.0,0.44687499999999997,1.0,0.921875,-0.078125,False,0.16233905615356614
sto-3g_b1.4,sto-3g,1.4,0.0005,20,0.45,1.0,0.5118750000000001,1.0,0.921875,-0.078125,False,0.16233905615356614
sto-3g_b1.4,sto-3g,1.4,0.0005,20,0.55,1.0,0.5606249999999999,1.0,0.921875,-0.078125,False,0.16233905615356614
sto-3g_b1.4,sto-3g,1.4,0.0005,40,0.15,1.0,0.24500000000000002,0.0,0.8125,0.5675,True,0.16233905615356614
sto-3g_b1.4,sto-3g,1.4,0.0005,40,0.25,1.0,0.37625,0.256875,0.8125,0.43625,True,0.16233905615356614
sto-3g_b1.4,sto-3g,1.4,0.0005,40,0.35,1.0,0.44687499999999997,0.921875,0.8125,-0.109375,False,0.16233905615356614
sto-3g_b1.4,sto-3g,1.4,0.0005,40,0.45,1.0,0.5118750000000001,0.921875,0.8125,-0.109375,False,0.16233905615356614
sto-3g_b1.4,sto-3g,1.4,0.0005,40,0.55,1.0,0.5606249999999999,0.921875,0.8125,-0.109375,False,0.16233905615356614
sto-3g_b1.4,sto-3g,1.4,0.001,10,0.15,1.0,0.24500000000000002,0.03,0.953125,0.708125,True,0.16233905615356614
sto-3g_b1.4,sto-3g,1.4,0.001,10,0.25,1.0,0.37625,0.438125,0.953125,0.515,True,0.16233905615356614
sto-3g_b1.4,sto-3g,1.4,0.001,10,0.35,1.0,0.44687499999999997,1.0,0.953125,-0.046875,False,0.16233905615356614
sto-3g_b1.4,sto-3g,1.4,0.001,10,0.45,1.0,0.5118750000000001,1.0,0.953125,-0.046875,False,0.16233905615356614
sto-3g_b1.4,sto-3g,1.4,0.001,10,0.55,1.0,0.5606249999999999,1.0,0.953125,-0.046875,False,0.16233905615356614
sto-3g_b1.4,sto-3g,1.4,0.001,20,0.15,1.0,0.24500000000000002,0.028125,0.921875,0.676875,True,0.16233905615356614
sto-3g_b1.4,sto-3g,1.4,0.001,20,0.25,1.0,0.37625,0.42812500000000003,0.921875,0.49374999999999997,True,0.16233905615356614
sto-3g_b1.4,sto-3g,1.4,0.001,20,0.35,1.0,0.44687499999999997,1.0,0.921875,-0.078125,False,0.16233905615356614
sto-3g_b1.4,sto-3g,1.4,0.001,20,0.45,1.0,0.5118750000000001,1.0,0.921875,-0.078125,False,0.16233905615356614
sto-3g_b1.4,sto-3g,1.4,0.001,20,0.55,1.0,0.5606249999999999,1.0,0.921875,-0.078125,False,0.16233905615356614
sto-3g_b1.4,sto-3g,1.4,0.001,40,0.15,1.0,0.24500000000000002,0.014374999999999999,0.8125,0.5675,True,0.16233905615356614
sto-3g_b1.4,sto-3g,1.4,0.001,40,0.25,1.0,0.37625,0.27937500000000004,0.8125,0.43625,True,0.16233905615356614
sto-3g_b1.4,sto-3g,1.4,0.001,40,0.35,1.0,0.44687499999999997,0.921875,0.8125,-0.109375,False,0.16233905615356614
sto-3g_b1.4,sto-3g,1.4,0.001,40,0.45,1.0,0.5118750000000001,0.921875,0.8125,-0.109375,False,0.16233905615356614
sto-3g_b1.4,sto-3g,1.4,0.001,40,0.55,1.0,0.5606249999999999,0.921875,0.8125,-0.109375,False,0.16233905615356614
sto-3g_b1.4,sto-3g,1.4,0.002,10,0.15,1.0,0.24500000000000002,0.065,0.953125,0.708125,True,0.16233905615356614
sto-3g_b1.4,sto-3g,1.4,0.002,10,0.25,1.0,0.37625,0.34500000000000003,0.953125,0.576875,True,0.16233905615356614
sto-3g_b1.4,sto-3g,1.4,0.002,10,0.35,1.0,0.44687499999999997,0.994375,0.953125,-0.04125000000000001,False,0.16233905615356614
sto-3g_b1.4,sto-3g,1.4,0.002,10,0.45,1.0,0.5118750000000001,1.0,0.953125,-0.046875,False,0.16233905615356614
sto-3g_b1.4,sto-3g,1.4,0.002,10,0.55,1.0,0.5606249999999999,1.0,0.953125,-0.046875,False,0.16233905615356614
sto-3g_b1.4,sto-3g,1.4,0.002,20,0.15,1.0,0.24500000000000002,0.0675,0.921875,0.676875,True,0.16233905615356614
sto-3g_b1.4,sto-3g,1.4,0.002,20,0.25,1.0,0.37625,0.34625000000000006,0.921875,0.545625,True,0.16233905615356614
sto-3g_b1.4,sto-3g,1.4,0.002,20,0.35,1.0,0.44687499999999997,0.994375,0.921875,-0.07250000000000001,False,0.16233905615356614
sto-3g_b1.4,sto-3g,1.4,0.002,20,0.45,1.0,0.5118750000000001,1.0,0.921875,-0.078125,False,0.16233905615356614
sto-3g_b1.4,sto-3g,1.4,0.002,20,0.55,1.0,0.5606249999999999,1.0,0.921875,-0.078125,False,0.16233905615356614
sto-3g_b1.4,sto-3g,1.4,0.002,40,0.15,1.0,0.24500000000000002,0.0625,0.8125,0.5675,True,0.16233905615356614
sto-3g_b1.4,sto-3g,1.4,0.002,40,0.25,1.0,0.37625,0.350625,0.8125,0.43625,True,0.16233905615356614
sto-3g_b1.4,sto-3g,1.4,0.002,40,0.35,1.0,0.44687499999999997,0.920625,0.8125,-0.10812500000000003,False,0.16233905615356614
sto-3g_b1.4,sto-3g,1.4,0.002,40,0.45,1.0,0.5118750000000001,0.921875,0.8125,-0.109375,False,0.16233905615356614
sto-3g_b1.4,sto-3g,1.4,0.002,40,0.55,1.0,0.5606249999999999,0.921875,0.8125,-0.109375,False,0.16233905615356614
sto-3g_b1.4,sto-3g,1.4,0.004,10,0.15,1.0,0.24500000000000002,0.00875,0.96875,0.72375,True,0.16233905615356614
sto-3g_b1.4,sto-3g,1.4,0.004,10,0.25,1.0,0.37625,0.30625,0.96875,0.5925,True,0.16233905615356614
sto-3g_b1.4,sto-3g,1.4,0.004,10,0.35,1.0,0.44687499999999997,0.9762500000000001,0.96875,-0.007500000000000062,False,0.16233905615356614
sto-3g_b1.4,sto-3g,1.4,0.004,10,0.45,1.0,0.5118750000000001,1.0,0.96875,-0.03125,False,0.16233905615356614
sto-3g_b1.4,sto-3g,1.4,0.004,10,0.55,1.0,0.5606249999999999,1.0,0.969375,-0.030625000000000013,False,0.16233905615356614
sto-3g_b1.4,sto-3g,1.4,0.004,20,0.15,1.0,0.24500000000000002,0.019999999999999997,0.921875,0.676875,True,0.16233905615356614
sto-3g_b1.4,sto-3g,1.4,0.004,20,0.25,1.0,0.37625,0.33,0.921875,0.545625,True,0.16233905615356614
sto-3g_b1.4,sto-3g,1.4,0.004,20,0.35,1.0,0.44687499999999997,0.98,0.921875,-0.05812499999999998,False,0.16233905615356614
sto-3g_b1.4,sto-3g,1.4,0.004,20,0.45,1.0,0.5118750000000001,1.0,0.921875,-0.078125,False,0.16233905615356614
sto-3g_b1.4,sto-3g,1.4,0.004,20,0.55,1.0,0.5606249999999999,1.0,0.923125,-0.07687500000000003,False,0.16233905615356614
sto-3g_b1.4,sto-3g,1.4,0.004,40,0.15,1.0,0.24500000000000002,0.054375,0.84,0.595,True,0.16233905615356614
sto-3g_b1.4,sto-3g,1.4,0.004,40,0.25,1.0,0.37625,0.364375,0.8418749999999999,0.46562499999999996,True,0.16233905615356614
sto-3g_b1.4,sto-3g,1.4,0.004,40,0.35,1.0,0.44687499999999997,0.9225,0.84375,-0.07874999999999999,False,0.16233905615356614
sto-3g_b1.4,sto-3g,1.4,0.004,40,0.45,1.0,0.5118750000000001,0.9375,0.84375,-0.09375,False,0.16233905615356614
sto-3g_b1.4,sto-3g,1.4,0.004,40,0.55,1.0,0.5606249999999999,0.9375,0.844375,-0.09312500000000001,False,0.16233905615356614
sto-3g_b1.4,sto-3g,1.4,0.008,10,0.15,0.9918750000000001,0.24500000000000002,0.005625,0.97,0.725,True,0.16233905615356614
sto-3g_b1.4,sto-3g,1.4,0.008,10,0.25,1.0,0.37625,0.34875,0.97875,0.6025,True,0.16233905615356614
sto-3g_b1.4,sto-3g,1.4,0.008,10,0.35,1.0,0.44687499999999997,0.8887499999999999,0.98,0.09125000000000005,True,0.16233905615356614
sto-3g_b1.4,sto-3g,1.4,0.008,10,0.45,1.0,0.5118750000000001,0.991875,0.981875,-0.009999999999999898,False,0.16233905615356614
sto-3g_b1.4,sto-3g,1.4,0.008,10,0.55,1.0,0.5606249999999999,1.0,0.9824999999999999,-0.01750000000000007,False,0.16233905615356614
sto-3g_b1.4,sto-3g,1.4,0.008,20,0.15,0.9918750000000001,0.24500000000000002,0.01375,0.9450000000000001,0.7000000000000001,True,0.16233905615356614
sto-3g_b1.4,sto-3g,1.4,0.008,20,0.25,1.0,0.37625,0.3675,0.9606250000000001,0.5843750000000001,True,0.16233905615356614
sto-3g_b1.4,sto-3g,1.4,0.008,20,0.35,1.0,0.44687499999999997,0.89125,0.961875,0.07062500000000005,True,0.16233905615356614
sto-3g_b1.4,sto-3g,1.4,0.008,20,0.45,1.0,0.5118750000000001,0.98875,0.96375,-0.025000000000000022,False,0.16233905615356614
sto-3g_b1.4,sto-3g,1.4,0.008,20,0.55,1.0,0.5606249999999999,1.0,0.964375,-0.03562500000000002,False,0.16233905615356614
sto-3g_b1.4,sto-3g,1.4,0.008,40,0.15,0.9918750000000001,0.24500000000000002,0.025625000000000002,0.8500000000000001,0.6050000000000001,True,0.16233905615356614
sto-3g_b1.4,sto-3g,1.4,0.008,40,0.25,1.0,0.37625,0.36312500000000003,0.8625,0.48625000000000007,True,0.16233905615356614
sto-3g_b1.4,sto-3g,1.4,0.008,40,0.35,1.0,0.44687499999999997,0.839375,0.864375,0.025000000000000022,True,0.16233905615356614
sto-3g_b1.4,sto-3g,1.4,0.008,40,0.45,1.0,0.5118750000000001,0.9325,0.8668750000000001,-0.06562499999999993,False,0.16233905615356614
sto-3g_b1.4,sto-3g,1.4,0.008,40,0.55,1.0,0.5606249999999999,0.941875,0.87,-0.07187500000000002,False,0.16233905615356614
sto-3g_b1.5,sto-3g,1.5,0.0005,10,0.15,1.0,0.24500000000000002,0.0,0.984375,0.739375,True,-0.019513065098711257
sto-3g_b1.5,sto-3g,1.5,0.0005,10,0.25,1.0,0.37625,0.578125,0.984375,0.40625,True,-0.019513065098711257
sto-3g_b1.5,sto-3g,1.5,0.0005,10,0.35,1.0,0.44687499999999997,0.578125,0.984375,0.40625,True,-0.019513065098711257
sto-3g_b1.5,sto-3g,1.5,0.0005,10,0.45,1.0,0.5118750000000001,1.0,0.984375,-0.015625,False,-0.019513065098711257
sto-3g_b1.5,sto-3g,1.5,0.0005,10,0.55,1.0,0.5606249999999999,1.0,0.984375,-0.015625,False,-0.019513065098711257
sto-3g_b1.5,sto-3g,1.5,0.0005,20,0.15,1.0,0.24500000000000002,0.0,0.96875,0.72375,True,-0.019513065098711257
sto-3g_b1.5,sto-3g,1.5,0.0005,20,0.25,1.0,0.37625,0.546875,0.96875,0.421875,True,-0.019513065098711257
sto-3g_b1.5,sto-3g,1.5,0.0005,20,0.35,1.0,0.44687499999999997,0.546875,0.96875,0.421875,True,-0.019513065098711257
sto-3g_b1.5,sto-3g,1.5,0.0005,20,0.45,1.0,0.5118750000000001,1.0,0.96875,-0.03125,False,-0.019513065098711257
sto-3g_b1.5,sto-3g,1.5,0.0005,20,0.55,1.0,0.5606249999999999,1.0,0.96875,-0.03125,False,-0.019513065098711257
sto-3g_b1.5,sto-3g,1.5,0.0005,40,0.15,1.0,0.24500000000000002,0.0,0.875,0.63,True,-0.019513065098711257
sto-3g_b1.5,sto-3g,1.5,0.0005,40,0.25,1.0,0.37625,0.34375,0.875,0.49875,True,-0.019513065098711257
sto-3g_b1.5,sto-3g,1.5,0.0005,40,0.35,1.0,0.44687499999999997,0.34375,0.875,0.42812500000000003,True,-0.019513065098711257
sto-3g_b1.5,sto-3g,1.5,0.0005,40,0.45,1.0,0.5118750000000001,0.921875,0.875,-0.046875,False,-0.019513065098711257
sto-3g_b1.5,sto-3g,1.5,0.0005,40,0.55,1.0,0.5606249999999999,0.921875,0.875,-0.046875,False,-0.019513065098711257
sto-3g_b1.5,sto-3g,1.5,0.001,10,0.15,1.0,0.24500000000000002,0.036250000000000004,0.984375,0.739375,True,-0.019513065098711257
sto-3g_b1.5,sto-3g,1.5,0.001,10,0.25,1.0,0.37625,0.578125,0.984375,0.40625,True,-0.019513065098711257
sto-3g_b1.5,sto-3g,1.5,0.001,10,0.35,1.0,0.44687499999999997,0.5862499999999999,0.984375,0.39812500000000006,True,-0.019513065098711257
sto-3g_b1.5,sto-3g,1.5,0.001,10,0.45,1.0,0.5118750000000001,1.0,0.984375,-0.015625,False,-0.019513065098711257
sto-3g_b1.5,sto-3g,1.5,0.001,10,0.55,1.0,0.5606249999999999,1.0,0.984375,-0.015625,False,-0.019513065098711257
sto-3g_b1.5,sto-3g,1.5,0.001,20,0.15,1.0,0.24500000000000002,0.039375,0.96875,0.72375,True,-0.019513065098711257
sto-3g_b1.5,sto-3g,1.5,0.001,20,0.25,1.0,0.37625,0.546875,0.96875,0.421875,True,-0.019513065098711257
sto-3g_b1.5,sto-3g,1.5,0.001,20,0.35,1.0,0.44687499999999997,0.5543750000000001,0.96875,0.41437499999999994,True,-0.019513065098711257
sto-3g_b1.5,sto-3g,1.5,0.001,20,0.45,1.0,0.5118750000000001,1.0,0.96875,-0.03125,False,-0.019513065098711257
sto-3g_b1.5,sto-3g,1.5,0.001,20,0.55,1.0,0.5606249999999999,1.0,0.96875,-0.03125,False,-0.019513065098711257
sto-3g_b1.5,sto-3g,1.5,0.001,40,0.15,1.0,0.24500000000000002,0.01625,0.88,0.635,True,-0.019513065098711257
sto-3g_b1.5,sto-3g,1.5,0.001,40,0.25,1.0,0.37625,0.34375,0.8825000000000001,0.5062500000000001,True,-0.019513065098711257
sto-3g_b1.5,sto-3g,1.5,0.001,40,0.35,1.0,0.44687499999999997,0.364375,0.884375,0.43750000000000006,True,-0.019513065098711257
sto-3g_b1.5,sto-3g,1.5,0.001,40,0.45,1.0,0.5118750000000001,0.926875,0.885625,-0.04125000000000001,False,-0.019513065098711257
sto-3g_b1.5,sto-3g,1.5,0.001,40,0.55,1.0,0.5606249999999999,0.9293750000000001,0.88625,-0.04312500000000008,False,-0.019513065098711257
sto-3g_b1.5,sto-3g,1.5,0.002,10,0.15,1.0,0.24500000000000002,0.14750000000000002,0.984375,0.739375,True,-0.019513065098711257
sto-3g_b1.5,sto-3g,1.5,0.002,10,0.25,1.0,0.37625,0.46375,0.984375,0.520625,True,-0.019513065098711257
sto-3g_b1.5,sto-3g,1.5,0.002,10,0.35,1.0,0.44687499999999997,0.5331250000000001,0.984375,0.45124999999999993,True,-0.019513065098711257
sto-3g_b1.5,sto-3g,1.5,0.002,10,0.45,1.0,0.5118750000000001,0.99875,0.984375,-0.014375000000000027,False,-0.019513065098711257
sto-3g_b1.5,sto-3g,1.5,0.002,10,0.55,1.0,0.5606249999999999,1.0,0.984375,-0.015625,False,-0.019513065098711257
sto-3g_b1.5,sto-3g,1.5,0.002,20,0.15,1.0,0.24500000000000002,0.15125,0.96875,0.72375,True,-0.019513065098711257
sto-3g_b1.5,sto-3g,1.5,0.002,20,0.25,1.0,0.37625,0.454375,0.96875,0.514375,True,-0.019513065098711257
sto-3g_b1.5,sto-3g,1.5,0.002,20,0.35,1.0,0.44687499999999997,0.5425,0.96875,0.42625,True,-0.019513065098711257
sto-3g_b1.5,sto-3g,1.5,0.002,20,0.45,1.0,0.5118750000000001,0.999375,0.96875,-0.030625000000000013,False,-0.019513065098711257
sto-3g_b1.5,sto-3g,1.5,0.002,20,0.55,1.0,0.5606249999999999,1.0,0.96875,-0.03125,False,-0.019513065098711257
sto-3g_b1.5,sto-3g,1.5,0.002,40,0.15,1.0,0.24500000000000002,0.08687500000000001,0.9156249999999999,0.6706249999999999,True,-0.019513065098711257
sto-3g_b1.5,sto-3g,1.5,0.002,40,0.25,1.0,0.37625,0.2875,0.92125,0.545,True,-0.019513065098711257
sto-3g_b1.5,sto-3g,1.5,0.002,40,0.35,1.0,0.44687499999999997,0.37875000000000003,0.92625,0.47937500000000005,True,-0.019513065098711257
sto-3g_b1.5,sto-3g,1.5,0.002,40,0.45,1.0,0.5118750000000001,0.955625,0.928125,-0.02749999999999997,False,-0.019513065098711257
sto-3g_b1.5,sto-3g,1.5,0.002,40,0.55,1.0,0.5606249999999999,0.956875,0.9293750000000001,-0.02749999999999997,False,-0.019513065098711257
sto-3g_b1.5,sto-3g,1.5,0.004,10,0.15,1.0,0.24500000000000002,0.0875,1.0,0.755,True,-0.019513065098711257
sto-3g_b1.5,sto-3g,1.5,0.004,10,0.25,1.0,0.37625,0.156875,1.0,0.62375,True,-0.019513065098711257
sto-3g_b1.5,sto-3g,1.5,0.004,10,0.35,1.0,0.44687499999999997,0.391875,1.0,0.5531250000000001,True,-0.019513065098711257
sto-3g_b1.5,sto-3g,1.5,0.004,10,0.45,1.0,0.5118750000000001,0.98,1.0,0.020000000000000018,True,-0.019513065098711257
sto-3g_b1.5,sto-3g,1.5,0.004,10,0.55,1.0,0.5606249999999999,1.0,1.0,0.0,False,-0.019513065098711257
sto-3g_b1.5,sto-3g,1.5,0.004,20,0.15,1.0,0.24500000000000002,0.11812500000000001,0.9981249999999999,0.7531249999999999,True,-0.019513065098711257
sto-3g_b1.5,sto-3g,1.5,0.004,20,0.25,1.0,0.37625,0.205625,0.99875,0.6225,True,-0.019513065098711257
sto-3g_b1.5,sto-3g,1.5,0.004,20,0.35,1.0,0.44687499999999997,0.42062499999999997,0.999375,0.5525,True,-0.019513065098711257
sto-3g_b1.5,sto-3g,1.5,0.004,20,0.45,1.0,0.5118750000000001,0.9775,1.0,0.022499999999999964,True,-0.019513065098711257
sto-3g_b1.5,sto-3g,1.5,0.004,20,0.55,1.0,0.5606249999999999,1.0,1.0,0.0,False,-0.019513065098711257
sto-3g_b1.5,sto-3g,1.5,0.004,40,0.15,1.0,0.24500000000000002,0.08875,0.926875,0.681875,True,-0.019513065098711257
sto-3g_b1.5,sto-3g,1.5,0.004,40,0.25,1.0,0.37625,0.174375,0.9299999999999999,0.55375,True,-0.019513065098711257
sto-3g_b1.5,sto-3g,1.5,0.004,40,0.35,1.0,0.44687499999999997,0.38125000000000003,0.9325,0.48562500000000003,True,-0.019513065098711257
sto-3g_b1.5,sto-3g,1.5,0.004,40,0.45,1.0,0.5118750000000001,0.9349999999999999,0.934375,-0.0006249999999999867,False,-0.019513065098711257
sto-3g_b1.5,sto-3g,1.5,0.004,40,0.55,1.0,0.5606249999999999,0.96375,0.9356249999999999,-0.028125000000000067,False,-0.019513065098711257
sto-3g_b1.5,sto-3g,1.5,0.008,10,0.15,0.99,0.24500000000000002,0.011875,0.98875,0.74375,True,-0.019513065098711257
sto-3g_b1.5,sto-3g,1.5,0.008,10,0.25,1.0,0.37625,0.028125,1.0,0.62375,True,-0.019513065098711257
sto-3g_b1.5,sto-3g,1.5,0.008,10,0.35,1.0,0.44687499999999997,0.328125,1.0,0.5531250000000001,True,-0.019513065098711257
sto-3g_b1.5,sto-3g,1.5,0.008,10,0.45,1.0,0.5118750000000001,0.8737499999999999,1.0,0.12625000000000008,True,-0.019513065098711257
sto-3g_b1.5,sto-3g,1.5,0.008,10,0.55,1.0,0.5606249999999999,0.988125,1.0,0.011874999999999969,True,-0.019513065098711257
sto-3g_b1.5,sto-3g,1.5,0.008,20,0.15,0.99,0.24500000000000002,0.035625000000000004,0.97875,0.73375,True,-0.019513065098711257
sto-3g_b1.5,sto-3g,1.5,0.008,20,0.25,1.0,0.37625,0.06875,0.99625,0.62,True,-0.019513065098711257
sto-3g_b1.5,sto-3g,1.5,0.008,20,0.35,1.0,0.44687499999999997,0.364375,0.996875,0.55,True,-0.019513065098711257
sto-3g_b1.5,sto-3g,1.5,0.008,20,0.45,1.0,0.5118750000000001,0.885,0.9975,0.11250000000000004,True,-0.019513065098711257
sto-3g_b1.5,sto-3g,1.5,0.008,20,0.55,1.0,0.5606249999999999,0.9875,0.9981249999999999,0.010624999999999885,True,-0.019513065098711257
sto-3g_b1.5,sto-3g,1.5,0.008,40,0.15,0.99,0.24500000000000002,0.06125,0.91625,0.67125,True,-0.019513065098711257
sto-3g_b1.5,sto-3g,1.5,0.008,40,0.25,1.0,0.37625,0.105625,0.9337500000000001,0.5575000000000001,True,-0.019513065098711257
sto-3g_b1.5,sto-3g,1.5,0.008,40,0.35,1.0,0.44687499999999997,0.39875,0.9375,0.49062500000000003,True,-0.019513065098711257
sto-3g_b1.5,sto-3g,1.5,0.008,40,0.45,1.0,0.5118750000000001,0.854375,0.9393750000000001,0.08500000000000008,True,-0.019513065098711257
sto-3g_b1.5,sto-3g,1.5,0.008,40,0.55,1.0,0.5606249999999999,0.9656250000000001,0.9412499999999999,-0.024375000000000147,False,-0.019513065098711257
sto-3g_b1.6,sto-3g,1.6,0.0005,10,0.15,1.0,0.24500000000000002,0.0,1.0,0.755,True,0.04169675672685826
sto-3g_b1.6,sto-3g,1.6,0.0005,10,0.25,1.0,0.37625,0.578125,1.0,0.421875,True,0.04169675672685826
sto-3g_b1.6,sto-3g,1.6,0.0005,10,0.35,1.0,0.44687499999999997,0.578125,1.0,0.421875,True,0.04169675672685826
sto-3g_b1.6,sto-3g,1.6,0.0005,10,0.45,1.0,0.5118750000000001,1.0,1.0,0.0,False,0.04169675672685826
sto-3g_b1.6,sto-3g,1.6,0.0005,10,0.55,1.0,0.5606249999999999,1.0,1.0,0.0,False,0.04169675672685826
sto-3g_b1.6,sto-3g,1.6,0.0005,20,0.15,1.0,0.24500000000000002,0.0,0.984375,0.739375,True,0.04169675672685826
sto-3g_b1.6,sto-3g,1.6,0.0005,20,0.25,1.0,0.37625,0.546875,0.984375,0.4375,True,0.04169675672685826
sto-3g_b1.6,sto-3g,1.6,0.0005,20,0.35,1.0,0.44687499999999997,0.546875,0.984375,0.4375,True,0.04169675672685826
sto-3g_b1.6,sto-3g,1.6,0.0005,20,0.45,1.0,0.5118750000000001,1.0,0.984375,-0.015625,False,0.04169675672685826
sto-3g_b1.6,sto-3g,1.6,0.0005,20,0.55,1.0,0.5606249999999999,1.0,0.984375,-0.015625,False,0.04169675672685826
sto-3g_b1.6,sto-3g,1.6,0.0005,40,0.15,1.0,0.24500000000000002,0.0,0.9525,0.7075,True,0.04169675672685826
sto-3g_b1.6,sto-3g,1.6,0.0005,40,0.25,1.0,0.37625,0.34375,0.956875,0.5806250000000001,True,0.04169675672685826
sto-3g_b1.6,sto-3g,1.6,0.0005,40,0.35,1.0,0.44687499999999997,0.34375,0.96,0.513125,True,0.04169675672685826
sto-3g_b1.6,sto-3g,1.6,0.0005,40,0.45,1.0,0.5118750000000001,0.974375,0.96375,-0.010624999999999996,False,0.04169675672685826
sto-3g_b1.6,sto-3g,1.6,0.0005,40,0.55,1.0,0.5606249999999999,0.975,0.965,-0.010000000000000009,False,0.04169675672685826
sto-3g_b1.6,sto-3g,1.6,0.001,10,0.15,1.0,0.24500000000000002,0.044375,1.0,0.755,True,0.04169675672685826
sto-3g_b1.6,sto-3g,1.6,0.001,10,0.25,1.0,0.37625,0.578125,1.0,0.421875,True,0.04169675672685826
sto-3g_b1.6,sto-3g,1.6,0.001,10,0.35,1.0,0.44687499999999997,0.5825,1.0,0.4175,True,0.04169675672685826
sto-3g_b1.6,sto-3g,1.6,0.001,10,0.45,1.0,0.5118750000000001,1.0,1.0,0.0,False,0.04169675672685826
sto-3g_b1.6,sto-3g,1.6,0.001,10,0.55,1.0,0.5606249999999999,1.0,1.0,0.0,False,0.04169675672685826
sto-3g_b1.6,sto-3g,1.6,0.001,20,0.15,1.0,0.24500000000000002,0.04125,1.0,0.755,True,0.04169675672685826
sto-3g_b1.6,sto-3g,1.6,0.001,20,0.25,1.0,0.37625,0.546875,1.0,0.453125,True,0.04169675672685826
sto-3g_b1.6,sto-3g,1.6,0.001,20,0.35,1.0,0.44687499999999997,0.551875,1.0,0.448125,True,0.04169675672685826
sto-3g_b1.6,sto-3g,1.6,0.001,20,0.45,1.0,0.5118750000000001,1.0,1.0,0.0,False,0.04169675672685826
sto-3g_b1.6,sto-3g,1.6,0.001,20,0.55,1.0,0.5606249999999999,1.0,1.0,0.0,False,0.04169675672685826
sto-3g_b1.6,sto-3g,1.6,0.001,40,0.15,1.0,0.24500000000000002,0.0175,0.995,0.75,True,0.04169675672685826
sto-3g_b1.6,sto-3g,1.6,0.001,40,0.25,1.0,0.37625,0.34375,0.996875,0.620625,True,0.04169675672685826
sto-3g_b1.6,sto-3g,1.6,0.001,40,0.35,1.0,0.44687499999999997,0.35375,0.998125,0.55125,True,0.04169675672685826
sto-3g_b1.6,sto-3g,1.6,0.001,40,0.45,1.0,0.5118750000000001,0.994375,0.999375,0.0050000000000000044,True,0.04169675672685826
sto-3g_b1.6,sto-3g,1.6,0.001,40,0.55,1.0,0.5606249999999999,0.9962500000000001,1.0,0.00374999999999992,True,0.04169675672685826
sto-3g_b1.6,sto-3g,1.6,0.002,10,0.15,1.0,0.24500000000000002,0.14875,1.0,0.755,True,0.04169675672685826
sto-3g_b1.6,sto-3g,1.6,0.002,10,0.25,1.0,0.37625,0.46375,1.0,0.53625,True,0.04169675672685826
sto-3g_b1.6,sto-3g,1.6,0.002,10,0.35,1.0,0.44687499999999997,0.5137499999999999,1.0,0.48625000000000007,True,0.04169675672685826
sto-3g_b1.6,sto-3g,1.6,0.002,10,0.45,1.0,0.5118750000000001,0.99875,1.0,0.0012499999999999734,True,0.04169675672685826
sto-3g_b1.6,sto-3g,1.6,0.002,10,0.55,1.0,0.5606249999999999,1.0,1.0,0.0,False,0.04169675672685826
sto-3g_b1.6,sto-3g,1.6,0.002,20,0.15,1.0,0.24500000000000002,0.153125,1.0,0.755,True,0.04169675672685826
sto-3g_b1.6,sto-3g,1.6,0.002,20,0.25,1.0,0.37625,0.454375,1.0,0.545625,True,0.04169675672685826
sto-3g_b1.6,sto-3g,1.6,0.002,20,0.35,1.0,0.44687499999999997,0.519375,1.0,0.48062499999999997,True,0.04169675672685826
sto-3g_b1.6,sto-3g,1.6,0.002,20,0.45,1.0,0.5118750000000001,0.9981249999999999,1.0,0.001875000000000071,True,0.04169675672685826
sto-3g_b1.6,sto-3g,1.6,0.002,20,0.55,1.0,0.5606249999999999,1.0,1.0,0.0,False,0.04169675672685826
sto-3g_b1.6,sto-3g,1.6,0.002,40,0.15,1.0,0.24500000000000002,0.08687500000000001,0.9868750000000001,0.7418750000000001,True,0.04169675672685826
sto-3g_b1.6,sto-3g,1.6,0.002,40,0.25,1.0,0.37625,0.2875,0.989375,0.613125,True,0.04169675672685826
sto-3g_b1.6,sto-3g,1.6,0.002,40,0.35,1.0,0.44687499999999997,0.35250000000000004,0.99125,0.544375,True,0.04169675672685826
sto-3g_b1.6,sto-3g,1.6,0.002,40,0.45,1.0,0.5118750000000001,0.98375,0.994375,0.010624999999999996,True,0.04169675672685826
sto-3g_b1.6,sto-3g,1.6,0.002,40,0.55,1.0,0.5606249999999999,0.988125,0.995,0.0068749999999999645,True,0.04169675672685826
sto-3g_b1.6,sto-3g,1.6,0.004,10,0.15,1.0,0.24500000000000002,0.08499999999999999,1.0,0.755,True,0.04169675672685826
sto-3g_b1.6,sto-3g,1.6,0.004,10,0.25,1.0,0.37625,0.14875,1.0,0.62375,True,0.04169675672685826
sto-3g_b1.6,sto-3g,1.6,0.004,10,0.35,1.0,0.44687499999999997,0.35125,1.0,0.5531250000000001,True,0.04169675672685826
sto-3g_b1.6,sto-3g,1.6,0.004,10,0.45,1.0,0.5118750000000001,0.974375,1.0,0.02562500000000001,True,0.04169675672685826
sto-3g_b1.6,sto-3g,1.6,0.004,10,0.55,1.0,0.5606249999999999,1.0,1.0,0.0,False,0.04169675672685826
sto-3g_b1.6,sto-3g,1.6,0.004,20,0.15,1.0,0.24500000000000002,0.123125,1.0,0.755,True,0.04169675672685826
sto-3g_b1.6,sto-3g,1.6,0.004,20,0.25,1.0,0.37625,0.203125,1.0,0.62375,True,0.04169675672685826
sto-3g_b1.6,sto-3g,1.6,0.004,20,0.35,1.0,0.44687499999999997,0.395,1.0,0.5531250000000001,True,0.04169675672685826
sto-3g_b1.6,sto-3g,1.6,0.004,20,0.45,1.0,0.5118750000000001,0.974375,1.0,0.02562500000000001,True,0.04169675672685826
sto-3g_b1.6,sto-3g,1.6,0.004,20,0.55,1.0,0.5606249999999999,1.0,1.0,0.0,False,0.04169675672685826
sto-3g_b1.6,sto-3g,1.6,0.004,40,0.15,1.0,0.24500000000000002,0.08937500000000001,0.97875,0.73375,True,0.04169675672685826
sto-3g_b1.6,sto-3g,1.6,0.004,40,0.25,1.0,0.37625,0.16875,0.98375,0.6075,True,0.04169675672685826
sto-3g_b1.6,sto-3g,1.6,0.004,40,0.35,1.0,0.44687499999999997,0.375,0.9875,0.5406250000000001,True,0.04169675672685826
sto-3g_b1.6,sto-3g,1.6,0.004,40,0.45,1.0,0.5118750000000001,0.9725,0.989375,0.016874999999999973,True,0.04169675672685826
sto-3g_b1.6,sto-3g,1.6,0.004,40,0.55,1.0,0.5606249999999999,0.999375,0.993125,-0.006249999999999978,False,0.04169675672685826
sto-3g_b1.6,sto-3g,1.6,0.008,10,0.15,0.99,0.24500000000000002,0.011875,0.9881249999999999,0.7431249999999999,True,0.04169675672685826
sto-3g_b1.6,sto-3g,1.6,0.008,10,0.25,1.0,0.37625,0.026875000000000003,1.0,0.62375,True,0.04169675672685826
sto-3g_b1.6,sto-3g,1.6,0.008,10,0.35,1.0,0.44687499999999997,0.313125,1.0,0.5531250000000001,True,0.04169675672685826
sto-3g_b1.6,sto-3g,1.6,0.008,10,0.45,1.0,0.5118750000000001,0.8674999999999999,1.0,0.13250000000000006,True,0.04169675672685826
sto-3g_b1.6,sto-3g,1.6,0.008,10,0.55,1.0,0.5606249999999999,0.989375,1.0,0.010624999999999996,True,0.04169675672685826
sto-3g_b1.6,sto-3g,1.6,0.008,20,0.15,0.99,0.24500000000000002,0.026875,0.98125,0.73625,True,0.04169675672685826
sto-3g_b1.6,sto-3g,1.6,0.008,20,0.25,1.0,0.37625,0.048125,0.995625,0.619375,True,0.04169675672685826
sto-3g_b1.6,sto-3g,1.6,0.008,20,0.35,1.0,0.44687499999999997,0.340625,0.99625,0.549375,True,0.04169675672685826
sto-3g_b1.6,sto-3g,1.6,0.008,20,0.45,1.0,0.5118750000000001,0.8787499999999999,0.996875,0.11812500000000004,True,0.04169675672685826
sto-3g_b1.6,sto-3g,1.6,0.008,20,0.55,1.0,0.5606249999999999,0.990625,0.9975,0.0068750000000000755,True,0.04169675672685826
sto-3g_b1.6,sto-3g,1.6,0.008,40,0.15,0.99,0.24500000000000002,0.06125,0.95625,0.71125,True,0.04169675672685826
sto-3g_b1.6,sto-3g,1.6,0.008,40,0.25,1.0,0.37625,0.10375000000000001,0.96875,0.5925,True,0.04169675672685826
sto-3g_b1.6,sto-3g,1.6,0.008,40,0.35,1.0,0.44687499999999997,0.39749999999999996,0.96875,0.5218750000000001,True,0.04169675672685826
sto-3g_b1.6,sto-3g,1.6,0.008,40,0.45,1.0,0.5118750000000001,0.871875,0.96875,0.09687500000000004,True,0.04169675672685826
sto-3g_b1.6,sto-3g,1.6,0.008,40,0.55,1.0,0.5606249999999999,0.99375,0.96875,-0.025000000000000022,False,0.04169675672685826
sto-3g_b1.7,sto-3g,1.7,0.0005,10,0.15,1.0,0.24500000000000002,0.0,1.0,0.755,True,0.07604624710480062
sto-3g_b1.7,sto-3g,1.7,0.0005,10,0.25,1.0,0.37625,0.578125,1.0,0.421875,True,0.07604624710480062
sto-3g_b1.7,sto-3g,1.7,0.0005,10,0.35,1.0,0.44687499999999997,0.578125,1.0,0.421875,True,0.07604624710480062
sto-3g_b1.7,sto-3g,1.7,0.0005,10,0.45,1.0,0.5118750000000001,1.0,1.0,0.0,False,0.07604624710480062
sto-3g_b1.7,sto-3g,1.7,0.0005,10,0.55,1.0,0.5606249999999999,1.0,1.0,0.0,False,0.07604624710480062
sto-3g_b1.7,sto-3g,1.7,0.0005,20,0.15,1.0,0.24500000000000002,0.0,1.0,0.755,True,0.07604624710480062
sto-3g_b1.7,sto-3g,1.7,0.0005,20,0.25,1.0,0.37625,0.546875,1.0,0.453125,True,0.07604624710480062
sto-3g_b1.7,sto-3g,1.7,0.0005,20,0.35,1.0,0.44687499999999997,0.546875,1.0,0.453125,True,0.07604624710480062
sto-3g_b1.7,sto-3g,1.7,0.0005,20,0.45,1.0,0.5118750000000001,1.0,1.0,0.0,False,0.07604624710480062
sto-3g_b1.7,sto-3g,1.7,0.0005,20,0.55,1.0,0.5606249999999999,1.0,1.0,0.0,False,0.07604624710480062
sto-3g_b1.7,sto-3g,1.7,0.0005,40,0.15,1.0,0.24500000000000002,0.0,1.0,0.755,True,0.07604624710480062
sto-3g_b1.7,sto-3g,1.7,0.0005,40,0.25,1.0,0.37625,0.34375,1.0,0.62375,True,0.07604624710480062
sto-3g_b1.7,sto-3g,1.7,0.0005,40,0.35,1.0,0.44687499999999997,0.34375,1.0,0.5531250000000001,True,0.07604624710480062
sto-3g_b1.7,sto-3g,1.7,0.0005,40,0.45,1.0,0.5118750000000001,1.0,1.0,0.0,False,0.07604624710480062
sto-3g_b1.7,sto-3g,1.7,0.0005,40,0.55,1.0,0.5606249999999999,1.0,1.0,0.0,False,0.07604624710480062
sto-3g_b1.7,sto-3g,1.7,0.001,10,0.15,1.0,0.24500000000000002,0.04375,1.0,0.755,True,0.07604624710480062
sto-3g_b1.7,sto-3g,1.7,0.001,10,0.25,1.0,0.37625,0.578125,1.0,0.421875,True,0.07604624710480062
sto-3g_b1.7,sto-3g,1.7,0.001,10,0.35,1.0,0.44687499999999997,0.58125,1.0,0.41874999999999996,True,0.07604624710480062
sto-3g_b1.7,sto-3g,1.7,0.001,10,0.45,1.0,0.5118750000000001,1.0,1.0,0.0,False,0.07604624710480062
sto-3g_b1.7,sto-3g,1.7,0.001,10,0.55,1.0,0.5606249999999999,1.0,1.0,0.0,False,0.07604624710480062
sto-3g_b1.7,sto-3g,1.7,0.001,20,0.15,1.0,0.24500000000000002,0.036875000000000005,1.0,0.755,True,0.07604624710480062
sto-3g_b1.7,sto-3g,1.7,0.001,20,0.25,1.0,0.37625,0.546875,1.0,0.453125,True,0.07604624710480062
sto-3g_b1.7,sto-3g,1.7,0.001,20,0.35,1.0,0.44687499999999997,0.54875,1.0,0.45125000000000004,True,0.07604624710480062
sto-3g_b1.7,sto-3g,1.7,0.001,20,0.45,1.0,0.5118750000000001,1.0,1.0,0.0,False,0.07604624710480062
sto-3g_b1.7,sto-3g,1.7,0.001,20,0.55,1.0,0.5606249999999999,1.0,1.0,0.0,False,0.07604624710480062
sto-3g_b1.7,sto-3g,1.7,0.001,40,0.15,1.0,0.24500000000000002,0.016875,0.999375,0.754375,True,0.07604624710480062
sto-3g_b1.7,sto-3g,1.7,0.001,40,0.25,1.0,0.37625,0.328125,1.0,0.62375,True,0.07604624710480062
sto-3g_b1.7,sto-3g,1.7,0.001,40,0.35,1.0,0.44687499999999997,0.329375,1.0,0.5531250000000001,True,0.07604624710480062
sto-3g_b1.7,sto-3g,1.7,0.001,40,0.45,1.0,0.5118750000000001,0.99875,1.0,0.0012499999999999734,True,0.07604624710480062
sto-3g_b1.7,sto-3g,1.7,0.001,40,0.55,1.0,0.5606249999999999,0.999375,1.0,0.0006249999999999867,True,0.07604624710480062
sto-3g_b1.7,sto-3g,1.7,0.002,10,0.15,1.0,0.24500000000000002,0.15375,1.0,0.755,True,0.07604624710480062
sto-3g_b1.7,sto-3g,1.7,0.002,10,0.25,1.0,0.37625,0.47562499999999996,1.0,0.524375,True,0.07604624710480062
sto-3g_b1.7,sto-3g,1.7,0.002,10,0.35,1.0,0.44687499999999997,0.5181250000000001,1.0,0.48187499999999994,True,0.07604624710480062
sto-3g_b1.7,sto-3g,1.7,0.002,10,0.45,1.0,0.5118750000000001,0.998125,1.0,0.00187499999999996,True,0.07604624710480062
sto-3g_b1.7,sto-3g,1.7,0.002,10,0.55,1.0,0.5606249999999999,1.0,1.0,0.0,False,0.07604624710480062
sto-3g_b1.7,sto-3g,1.7,0.002,20,0.15,1.0,0.24500000000000002,0.15687500000000001,1.0,0.755,True,0.07604624710480062
sto-3g_b1.7,sto-3g,1.7,0.002,20,0.25,1.0,0.37625,0.454375,1.0,0.545625,True,0.07604624710480062
sto-3g_b1.7,sto-3g,1.7,0.002,20,0.35,1.0,0.44687499999999997,0.515625,1.0,0.484375,True,0.07604624710480062
sto-3g_b1.7,sto-3g,1.7,0.002,20,0.45,1.0,0.5118750000000001,0.9981249999999999,1.0,0.001875000000000071,True,0.07604624710480062
sto-3g_b1.7,sto-3g,1.7,0.002,20,0.55,1.0,0.5606249999999999,1.0,1.0,0.0,False,0.07604624710480062
sto-3g_b1.7,sto-3g,1.7,0.002,40,0.15,1.0,0.24500000000000002,0.08875,0.996875,0.751875,True,0.07604624710480062
sto-3g_b1.7,sto-3g,1.7,0.002,40,0.25,1.0,0.37625,0.296875,0.9981249999999999,0.621875,True,0.07604624710480062
sto-3g_b1.7,sto-3g,1.7,0.002,40,0.35,1.0,0.44687499999999997,0.36250000000000004,0.99875,0.5518750000000001,True,0.07604624710480062
sto-3g_b1.7,sto-3g,1.7,0.002,40,0.45,1.0,0.5118750000000001,0.995625,0.999375,0.003750000000000031,True,0.07604624710480062
sto-3g_b1.7,sto-3g,1.7,0.002,40,0.55,1.0,0.5606249999999999,0.9981249999999999,1.0,0.001875000000000071,True,0.07604624710480062
sto-3g_b1.7,sto-3g,1.7,0.004,10,0.15,1.0,0.24500000000000002,0.085625,1.0,0.755,True,0.07604624710480062
sto-3g_b1.7,sto-3g,1.7,0.004,10,0.25,1.0,0.37625,0.14687499999999998,1.0,0.62375,True,0.07604624710480062
sto-3g_b1.7,sto-3g,1.7,0.004,10,0.35,1.0,0.44687499999999997,0.34125,1.0,0.5531250000000001,True,0.07604624710480062
sto-3g_b1.7,sto-3g,1.7,0.004,10,0.45,1.0,0.5118750000000001,0.97,1.0,0.030000000000000027,True,0.07604624710480062
sto-3g_b1.7,sto-3g,1.7,0.004,10,0.55,1.0,0.5606249999999999,1.0,1.0,0.0,False,0.07604624710480062
sto-3g_b1.7,sto-3g,1.7,0.004,20,0.15,1.0,0.24500000000000002,0.12187500000000001,1.0,0.755,True,0.07604624710480062
sto-3g_b1.7,sto-3g,1.7,0.004,20,0.25,1.0,0.37625,0.19625,1.0,0.62375,True,0.07604624710480062
sto-3g_b1.7,sto-3g,1.7,0.004,20,0.35,1.0,0.44687499999999997,0.37500000000000006,1.0,0.5531250000000001,True,0.07604624710480062
sto-3g_b1.7,sto-3g,1.7,0.004,20,0.45,1.0,0.5118750000000001,0.9681249999999999,1.0,0.0318750000000001,True,0.07604624710480062
sto-3g_b1.7,sto-3g,1.7,0.004,20,0.55,1.0,0.5606249999999999,1.0,1.0,0.0,False,0.07604624710480062
sto-3g_b1.7,sto-3g,1.7,0.004,40,0.15,1.0,0.24500000000000002,0.09125,0.986875,0.741875,True,0.07604624710480062
sto-3g_b1.7,sto-3g,1.7,0.004,40,0.25,1.0,0.37625,0.16875,0.988125,0.6118750000000001,True,0.07604624710480062
sto-3g_b1.7,sto-3g,1.7,0.004,40,0.35,1.0,0.44687499999999997,0.36624999999999996,0.99125,0.544375,True,0.07604624710480062
sto-3g_b1.7,sto-3g,1.7,0.004,40,0.45,1.0,0.5118750000000001,0.9624999999999999,0.9918750000000001,0.02937500000000015,True,0.07604624710480062
sto-3g_b1.7,sto-3g,1.7,0.004,40,0.55,1.0,0.5606249999999999,0.9981249999999999,0.9924999999999999,-0.005624999999999991,False,0.07604624710480062
sto-3g_b1.7,sto-3g,1.7,0.008,10,0.15,0.9893749999999999,0.24500000000000002,0.008125,0.9875,0.7425,True,0.07604624710480062
sto-3g_b1.7,sto-3g,1.7,0.008,10,0.25,1.0,0.37625,0.022500000000000003,1.0,0.62375,True,0.07604624710480062
sto-3g_b1.7,sto-3g,1.7,0.008,10,0.35,1.0,0.44687499999999997,0.29937500000000006,1.0,0.5531250000000001,True,0.07604624710480062
sto-3g_b1.7,sto-3g,1.7,0.008,10,0.45,1.0,0.5118750000000001,0.861875,1.0,0.13812500000000005,True,0.07604624710480062
sto-3g_b1.7,sto-3g,1.7,0.008,10,0.55,1.0,0.5606249999999999,0.989375,1.0,0.010624999999999996,True,0.07604624710480062
sto-3g_b1.7,sto-3g,1.7,0.008,20,0.15,0.9893749999999999,0.24500000000000002,0.020625,0.985,0.74,True,0.07604624710480062
sto-3g_b1.7,sto-3g,1.7,0.008,20,0.25,1.0,0.37625,0.040625,1.0,0.62375,True,0.07604624710480062
sto-3g_b1.7,sto-3g,1.7,0.008,20,0.35,1.0,0.44687499999999997,0.3225,1.0,0.5531250000000001,True,0.07604624710480062
sto-3g_b1.7,sto-3g,1.7,0.008,20,0.45,1.0,0.5118750000000001,0.870625,1.0,0.12937500000000002,True,0.07604624710480062
sto-3g_b1.7,sto-3g,1.7,0.008,20,0.55,1.0,0.5606249999999999,0.989375,1.0,0.010624999999999996,True,0.07604624710480062
sto-3g_b1.7,sto-3g,1.7,0.008,40,0.15,0.9893749999999999,0.24500000000000002,0.050625,0.9706250000000001,0.7256250000000001,True,0.07604624710480062
sto-3g_b1.7,sto-3g,1.7,0.008,40,0.25,1.0,0.37625,0.081875,0.984375,0.608125,True,0.07604624710480062
sto-3g_b1.7,sto-3g,1.7,0.008,40,0.35,1.0,0.44687499999999997,0.359375,0.984375,0.5375000000000001,True,0.07604624710480062
sto-3g_b1.7,sto-3g,1.7,0.008,40,0.45,1.0,0.5118750000000001,0.856875,0.984375,0.12749999999999995,True,0.07604624710480062
sto-3g_b1.7,sto-3g,1.7,0.008,40,0.55,1.0,0.5606249999999999,0.99125,0.984375,-0.0068749999999999645,False,0.07604624710480062
sto-3g_b1.8,sto-3g,1.8,0.0005,10,0.15,1.0,0.24500000000000002,0.0,1.0,0.755,True,0.09360516148366657
sto-3g_b1.8,sto-3g,1.8,0.0005,10,0.25,1.0,0.37625,0.578125,1.0,0.421875,True,0.09360516148366657
sto-3g_b1.8,sto-3g,1.8,0.0005,10,0.35,1.0,0.44687499999999997,0.578125,1.0,0.421875,True,0.09360516148366657
sto-3g_b1.8,sto-3g,1.8,0.0005,10,0.45,1.0,0.5118750000000001,1.0,1.0,0.0,False,0.09360516148366657
sto-3g_b1.8,sto-3g,1.8,0.0005,10,0.55,1.0,0.5606249999999999,1.0,1.0,0.0,False,0.09360516148366657
sto-3g_b1.8,sto-3g,1.8,0.0005,20,0.15,1.0,0.24500000000000002,0.0,1.0,0.755,True,0.09360516148366657
sto-3g_b1.8,sto-3g,1.8,0.0005,20,0.25,1.0,0.37625,0.546875,1.0,0.453125,True,0.09360516148366657
sto-3g_b1.8,sto-3g,1.8,0.0005,20,0.35,1.0,0.44687499999999997,0.546875,1.0,0.453125,True,0.09360516148366657
sto-3g_b1.8,sto-3g,1.8,0.0005,20,0.45,1.0,0.5118750000000001,1.0,1.0,0.0,False,0.09360516148366657
sto-3g_b1.8,sto-3g,1.8,0.0005,20,0.55,1.0,0.5606249999999999,1.0,1.0,0.0,False,0.09360516148366657
sto-3g_b1.8,sto-3g,1.8,0.0005,40,0.15,1.0,0.24500000000000002,0.0,1.0,0.755,True,0.09360516148366657
sto-3g_b1.8,sto-3g,1.8,0.0005,40,0.25,1.0,0.37625,0.34375,1.0,0.62375,True,0.09360516148366657
sto-3g_b1.8,sto-3g,1.8,0.0005,40,0.35,1.0,0.44687499999999997,0.34375,1.0,0.5531250000000001,True,0.09360516148366657
sto-3g_b1.8,sto-3g,1.8,0.0005,40,0.45,1.0,0.5118750000000001,1.0,1.0,0.0,False,0.09360516148366657
sto-3g_b1.8,sto-3g,1.8,0.0005,40,0.55,1.0,0.5606249999999999,1.0,1.0,0.0,False,0.09360516148366657
sto-3g_b1.8,sto-3g,1.8,0.001,10,0.15,1.0,0.24500000000000002,0.051875,1.0,0.755,True,0.09360516148366657
sto-3g_b1.8,sto-3g,1.8,0.001,10,0.25,1.0,0.37625,0.578125,1.0,0.421875,True,0.09360516148366657
sto-3g_b1.8,sto-3g,1.8,0.001,10,0.35,1.0,0.44687499999999997,0.58125,1.0,0.41874999999999996,True,0.09360516148366657
sto-3g_b1.8,sto-3g,1.8,0.001,10,0.45,1.0,0.5118750000000001,1.0,1.0,0.0,False,0.09360516148366657
sto-3g_b1.8,sto-3g,1.8,0.001,10,0.55,1.0,0.5606249999999999,1.0,1.0,0.0,False,0.09360516148366657
sto-3g_b1.8,sto-3g,1.8,0.001,20,0.15,1.0,0.24500000000000002,0.03875000000000001,1.0,0.755,True,0.09360516148366657
sto-3g_b1.8,sto-3g,1.8,0.001,20,0.25,1.0,0.37625,0.546875,1.0,0.453125,True,0.09360516148366657
sto-3g_b1.8,sto-3g,1.8,0.001,20,0.35,1.0,0.44687499999999997,0.5475,1.0,0.4525,True,0.09360516148366657
sto-3g_b1.8,sto-3g,1.8,0.001,20,0.45,1.0,0.5118750000000001,1.0,1.0,0.0,False,0.09360516148366657
sto-3g_b1.8,sto-3g,1.8,0.001,20,0.55,1.0,0.5606249999999999,1.0,1.0,0.0,False,0.09360516148366657
sto-3g_b1.8,sto-3g,1.8,0.001,40,0.15,1.0,0.24500000000000002,0.016875,1.0,0.755,True,0.09360516148366657
sto-3g_b1.8,sto-3g,1.8,0.001,40,0.25,1.0,0.37625,0.328125,1.0,0.62375,True,0.09360516148366657
sto-3g_b1.8,sto-3g,1.8,0.001,40,0.35,1.0,0.44687499999999997,0.329375,1.0,0.5531250000000001,True,0.09360516148366657
sto-3g_b1.8,sto-3g,1.8,0.001,40,0.45,1.0,0.5118750000000001,1.0,1.0,0.0,False,0.09360516148366657
sto-3g_b1.8,sto-3g,1.8,0.001,40,0.55,1.0,0.5606249999999999,1.0,1.0,0.0,False,0.09360516148366657
sto-3g_b1.8,sto-3g,1.8,0.002,10,0.15,1.0,0.24500000000000002,0.15375,1.0,0.755,True,0.09360516148366657
sto-3g_b1.8,sto-3g,1.8,0.002,10,0.25,1.0,0.37625,0.45375,1.0,0.54625,True,0.09360516148366657
sto-3g_b1.8,sto-3g,1.8,0.002,10,0.35,1.0,0.44687499999999997,0.4875,1.0,0.5125,True,0.09360516148366657
sto-3g_b1.8,sto-3g,1.8,0.002,10,0.45,1.0,0.5118750000000001,0.994375,1.0,0.005624999999999991,True,0.09360516148366657
sto-3g_b1.8,sto-3g,1.8,0.002,10,0.55,1.0,0.5606249999999999,1.0,1.0,0.0,False,0.09360516148366657
sto-3g_b1.8,sto-3g,1.8,0.002,20,0.15,1.0,0.24500000000000002,0.155,1.0,0.755,True,0.09360516148366657
sto-3g_b1.8,sto-3g,1.8,0.002,20,0.25,1.0,0.37625,0.43,1.0,0.5700000000000001,True,0.09360516148366657
sto-3g_b1.8,sto-3g,1.8,0.002,20,0.35,1.0,0.44687499999999997,0.48375,1.0,0.51625,True,0.09360516148366657
sto-3g_b1.8,sto-3g,1.8,0.002,20,0.45,1.0,0.5118750000000001,0.99625,1.0,0.003750000000000031,True,0.09360516148366657
sto-3g_b1.8,sto-3g,1.8,0.002,20,0.55,1.0,0.5606249999999999,1.0,1.0,0.0,False,0.09360516148366657
sto-3g_b1.8,sto-3g,1.8,0.002,40,0.15,1.0,0.24500000000000002,0.08750000000000001,0.9981249999999999,0.7531249999999999,True,0.09360516148366657
sto-3g_b1.8,sto-3g,1.8,0.002,40,0.25,1.0,0.37625,0.29125,0.99875,0.6225,True,0.09360516148366657
sto-3g_b1.8,sto-3g,1.8,0.002,40,0.35,1.0,0.44687499999999997,0.34500000000000003,0.999375,0.5525,True,0.09360516148366657
sto-3g_b1.8,sto-3g,1.8,0.002,40,0.45,1.0,0.5118750000000001,0.9981249999999999,1.0,0.001875000000000071,True,0.09360516148366657
sto-3g_b1.8,sto-3g,1.8,0.002,40,0.55,1.0,0.5606249999999999,1.0,1.0,0.0,False,0.09360516148366657
sto-3g_b1.8,sto-3g,1.8,0.004,10,0.15,1.0,0.24500000000000002,0.071875,1.0,0.755,True,0.09360516148366657
sto-3g_b1.8,sto-3g,1.8,0.004,10,0.25,1.0,0.37625,0.1175,1.0,0.62375,True,0.09360516148366657
sto-3g_b1.8,sto-3g,1.8,0.004,10,0.35,1.0,0.44687499999999997,0.285625,1.0,0.5531250000000001,True,0.09360516148366657
sto-3g_b1.8,sto-3g,1.8,0.004,10,0.45,1.0,0.5118750000000001,0.9568749999999999,1.0,0.04312500000000008,True,0.09360516148366657
sto-3g_b1.8,sto-3g,1.8,0.004,10,0.55,1.0,0.5606249999999999,1.0,1.0,0.0,False,0.09360516148366657
sto-3g_b1.8,sto-3g,1.8,0.004,20,0.15,1.0,0.24500000000000002,0.121875,1.0,0.755,True,0.09360516148366657
sto-3g_b1.8,sto-3g,1.8,0.004,20,0.25,1.0,0.37625,0.20437500000000003,1.0,0.62375,True,0.09360516148366657
sto-3g_b1.8,sto-3g,1.8,0.004,20,0.35,1.0,0.44687499999999997,0.37,1.0,0.5531250000000001,True,0.09360516148366657
sto-3g_b1.8,sto-3g,1.8,0.004,20,0.45,1.0,0.5118750000000001,0.9668749999999999,1.0,0.03312500000000007,True,0.09360516148366657
sto-3g_b1.8,sto-3g,1.8,0.004,20,0.55,1.0,0.5606249999999999,1.0,1.0,0.0,False,0.09360516148366657
sto-3g_b1.8,sto-3g,1.8,0.004,40,0.15,1.0,0.24500000000000002,0.08687500000000001,0.994375,0.749375,True,0.09360516148366657
sto-3g_b1.8,sto-3g,1.8,0.004,40,0.25,1.0,0.37625,0.15,0.995,0.61875,True,0.09360516148366657
sto-3g_b1.8,sto-3g,1.8,0.004,40,0.35,1.0,0.44687499999999997,0.333125,0.99625,0.549375,True,0.09360516148366657
sto-3g_b1.8,sto-3g,1.8,0.004,40,0.45,1.0,0.5118750000000001,0.954375,0.996875,0.04249999999999998,True,0.09360516148366657
sto-3g_b1.8,sto-3g,1.8,0.004,40,0.55,1.0,0.5606249999999999,1.0,0.9975,-0.0024999999999999467,False,0.09360516148366657
sto-3g_b1.8,sto-3g,1.8,0.008,10,0.15,0.99,0.24500000000000002,0.008125,0.988125,0.743125,True,0.09360516148366657
sto-3g_b1.8,sto-3g,1.8,0.008,10,0.25,1.0,0.37625,0.021875000000000002,1.0,0.62375,True,0.09360516148366657
sto-3g_b1.8,sto-3g,1.8,0.008,10,0.35,1.0,0.44687499999999997,0.28437500000000004,1.0,0.5531250000000001,True,0.09360516148366657
sto-3g_b1.8,sto-3g,1.8,0.008,10,0.45,1.0,0.5118750000000001,0.85625,1.0,0.14375000000000004,True,0.09360516148366657
sto-3g_b1.8,sto-3g,1.8,0.008,10,0.55,1.0,0.5606249999999999,0.989375,1.0,0.010624999999999996,True,0.09360516148366657
sto-3g_b1.8,sto-3g,1.8,0.008,20,0.15,0.99,0.24500000000000002,0.020625,0.9862500000000001,0.7412500000000001,True,0.09360516148366657
sto-3g_b1.8,sto-3g,1.8,0.008,20,0.25,1.0,0.37625,0.040625,1.0,0.62375,True,0.09360516148366657
sto-3g_b1.8,sto-3g,1.8,0.008,20,0.35,1.0,0.44687499999999997,0.30500000000000005,1.0,0.5531250000000001,True,0.09360516148366657
sto-3g_b1.8,sto-3g,1.8,0.008,20,0.45,1.0,0.5118750000000001,0.8631249999999999,1.0,0.13687500000000008,True,0.09360516148366657
sto-3g_b1.8,sto-3g,1.8,0.008,20,0.55,1.0,0.5606249999999999,0.99,1.0,0.010000000000000009,True,0.09360516148366657
sto-3g_b1.8,sto-3g,1.8,0.008,40,0.15,0.99,0.24500000000000002,0.050625,0.97125,0.72625,True,0.09360516148366657
sto-3g_b1.8,sto-3g,1.8,0.008,40,0.25,1.0,0.37625,0.081875,0.984375,0.608125,True,0.09360516148366657
sto-3g_b1.8,sto-3g,1.8,0.008,40,0.35,1.0,0.44687499999999997,0.353125,0.984375,0.5375000000000001,True,0.09360516148366657
sto-3g_b1.8,sto-3g,1.8,0.008,40,0.45,1.0,0.5118750000000001,0.85375,0.984375,0.130625,True,0.09360516148366657
sto-3g_b1.8,sto-3g,1.8,0.008,40,0.55,1.0,0.5606249999999999,0.994375,0.984375,-0.010000000000000009,False,0.09360516148366657
sto-3g_b1.9,sto-3g,1.9,0.0005,10,0.15,1.0,0.24500000000000002,0.0,1.0,0.755,True,0.09986348920565058
sto-3g_b1.9,sto-3g,1.9,0.0005,10,0.25,1.0,0.37625,0.578125,1.0,0.421875,True,0.09986348920565058
sto-3g_b1.9,sto-3g,1.9,0.0005,10,0.35,1.0,0.44687499999999997,0.578125,1.0,0.421875,True,0.09986348920565058
sto-3g_b1.9,sto-3g,1.9,0.0005,10,0.45,1.0,0.5118750000000001,1.0,1.0,0.0,False,0.09986348920565058
sto-3g_b1.9,sto-3g,1.9,0.0005,10,0.55,1.0,0.5606249999999999,1.0,1.0,0.0,False,0.09986348920565058
sto-3g_b1.9,sto-3g,1.9,0.0005,20,0.15,1.0,0.24500000000000002,0.0,1.0,0.755,True,0.09986348920565058
sto-3g_b1.9,sto-3g,1.9,0.0005,20,0.25,1.0,0.37625,0.546875,1.0,0.453125,True,0.09986348920565058
sto-3g_b1.9,sto-3g,1.9,0.0005,20,0.35,1.0,0.44687499999999997,0.546875,1.0,0.453125,True,0.09986348920565058
sto-3g_b1.9,sto-3g,1.9,0.0005,20,0.45,1.0,0.5118750000000001,1.0,1.0,0.0,False,0.09986348920565058
sto-3g_b1.9,sto-3g,1.9,0.0005,20,0.55,1.0,0.5606249999999999,1.0,1.0,0.0,False,0.09986348920565058
sto-3g_b1.9,sto-3g,1.9,0.0005,40,0.15,1.0,0.24500000000000002,0.0,1.0,0.755,True,0.09986348920565058
sto-3g_b1.9,sto-3g,1.9,0.0005,40,0.25,1.0,0.37625,0.34375,1.0,0.62375,True,0.09986348920565058
sto-3g_b1.9,sto-3g,1.9,0.0005,40,0.35,1.0,0.44687499999999997,0.34375,1.0,0.5531250000000001,True,0.09986348920565058
sto-3g_b1.9,sto-3g,1.9,0.0005,40,0.45,1.0,0.5118750000000001,1.0,1.0,0.0,False,0.09986348920565058
sto-3g_b1.9,sto-3g,1.9,0.0005,40,0.55,1.0,0.5606249999999999,1.0,1.0,0.0,False,0.09986348920565058
sto-3g_b1.9,sto-3g,1.9,0.001,10,0.15,1.0,0.24500000000000002,0.064375,1.0,0.755,True,0.09986348920565058
sto-3g_b1.9,sto-3g,1.9,0.001,10,0.25,1.0,0.37625,0.578125,1.0,0.421875,True,0.09986348920565058
sto-3g_b1.9,sto-3g,1.9,0.001,10,0.35,1.0,0.44687499999999997,0.579375,1.0,0.420625,True,0.09986348920565058
sto-3g_b1.9,sto-3g,1.9,0.001,10,0.45,1.0,0.5118750000000001,1.0,1.0,0.0,False,0.09986348920565058
sto-3g_b1.9,sto-3g,1.9,0.001,10,0.55,1.0,0.5606249999999999,1.0,1.0,0.0,False,0.09986348920565058
sto-3g_b1.9,sto-3g,1.9,0.001,20,0.15,1.0,0.24500000000000002,0.050625,1.0,0.755,True,0.09986348920565058
sto-3g_b1.9,sto-3g,1.9,0.001,20,0.25,1.0,0.37625,0.546875,1.0,0.453125,True,0.09986348920565058
sto-3g_b1.9,sto-3g,1.9,0.001,20,0.35,1.0,0.44687499999999997,0.5475,1.0,0.4525,True,0.09986348920565058
sto-3g_b1.9,sto-3g,1.9,0.001,20,0.45,1.0,0.5118750000000001,1.0,1.0,0.0,False,0.09986348920565058
sto-3g_b1.9,sto-3g,1.9,0.001,20,0.55,1.0,0.5606249999999999,1.0,1.0,0.0,False,0.09986348920565058
sto-3g_b1.9,sto-3g,1.9,0.001,40,0.15,1.0,0.24500000000000002,0.015625,1.0,0.755,True,0.09986348920565058
sto-3g_b1.9,sto-3g,1.9,0.001,40,0.25,1.0,0.37625,0.328125,1.0,0.62375,True,0.09986348920565058
sto-3g_b1.9,sto-3g,1.9,0.001,40,0.35,1.0,0.44687499999999997,0.328125,1.0,0.5531250000000001,True,0.09986348920565058
sto-3g_b1.9,sto-3g,1.9,0.001,40,0.45,1.0,0.5118750000000001,1.0,1.0,0.0,False,0.09986348920565058
sto-3g_b1.9,sto-3g,1.9,0.001,40,0.55,1.0,0.5606249999999999,1.0,1.0,0.0,False,0.09986348920565058
sto-3g_b1.9,sto-3g,1.9,0.002,10,0.15,1.0,0.24500000000000002,0.14750000000000002,1.0,0.755,True,0.09986348920565058
sto-3g_b1.9,sto-3g,1.9,0.002,10,0.25,1.0,0.37625,0.4225,1.0,0.5775,True,0.09986348920565058
sto-3g_b1.9,sto-3g,1.9,0.002,10,0.35,1.0,0.44687499999999997,0.463125,1.0,0.536875,True,0.09986348920565058
sto-3g_b1.9,sto-3g,1.9,0.002,10,0.45,1.0,0.5118750000000001,0.99375,1.0,0.006249999999999978,True,0.09986348920565058
sto-3g_b1.9,sto-3g,1.9,0.002,10,0.55,1.0,0.5606249999999999,1.0,1.0,0.0,False,0.09986348920565058
sto-3g_b1.9,sto-3g,1.9,0.002,20,0.15,1.0,0.24500000000000002,0.153125,1.0,0.755,True,0.09986348920565058
sto-3g_b1.9,sto-3g,1.9,0.002,20,0.25,1.0,0.37625,0.414375,1.0,0.5856250000000001,True,0.09986348920565058
sto-3g_b1.9,sto-3g,1.9,0.002,20,0.35,1.0,0.44687499999999997,0.4675000000000001,1.0,0.5325,True,0.09986348920565058
sto-3g_b1.9,sto-3g,1.9,0.002,20,0.45,1.0,0.5118750000000001,0.995625,1.0,0.004375000000000018,True,0.09986348920565058
sto-3g_b1.9,sto-3g,1.9,0.002,20,0.55,1.0,0.5606249999999999,1.0,1.0,0.0,False,0.09986348920565058
sto-3g_b1.9,sto-3g,1.9,0.002,40,0.15,1.0,0.24500000000000002,0.08812500000000001,0.9981249999999999,0.7531249999999999,True,0.09986348920565058
sto-3g_b1.9,sto-3g,1.9,0.002,40,0.25,1.0,0.37625,0.29125,0.99875,0.6225,True,0.09986348920565058
sto-3g_b1.9,sto-3g,1.9,0.002,40,0.35,1.0,0.44687499999999997,0.345625,0.999375,0.5525,True,0.09986348920565058
sto-3g_b1.9,sto-3g,1.9,0.002,40,0.45,1.0,0.5118750000000001,0.9981249999999999,1.0,0.001875000000000071,True,0.09986348920565058
sto-3g_b1.9,sto-3g,1.9,0.002,40,0.55,1.0,0.5606249999999999,1.0,1.0,0.0,False,0.09986348920565058
sto-3g_b1.9,sto-3g,1.9,0.004,10,0.15,1.0,0.24500000000000002,0.04625,1.0,0.755,True,0.09986348920565058
sto-3g_b1.9,sto-3g,1.9,0.004,10,0.25,1.0,0.37625,0.085625,1.0,0.62375,True,0.09986348920565058
sto-3g_b1.9,sto-3g,1.9,0.004,10,0.35,1.0,0.44687499999999997,0.256875,1.0,0.5531250000000001,True,0.09986348920565058
sto-3g_b1.9,sto-3g,1.9,0.004,10,0.45,1.0,0.5118750000000001,0.9524999999999999,1.0,0.0475000000000001,True,0.09986348920565058
sto-3g_b1.9,sto-3g,1.9,0.004,10,0.55,1.0,0.5606249999999999,1.0,1.0,0.0,False,0.09986348920565058
sto-3g_b1.9,sto-3g,1.9,0.004,20,0.15,1.0,0.24500000000000002,0.10062499999999999,1.0,0.755,True,0.09986348920565058
sto-3g_b1.9,sto-3g,1.9,0.004,20,0.25,1.0,0.37625,0.175,1.0,0.62375,True,0.09986348920565058
sto-3g_b1.9,sto-3g,1.9,0.004,20,0.35,1.0,0.44687499999999997,0.34125,1.0,0.5531250000000001,True,0.09986348920565058
sto-3g_b1.9,sto-3g,1.9,0.004,20,0.45,1.0,0.5118750000000001,0.9662499999999999,1.0,0.03375000000000006,True,0.09986348920565058
sto-3g_b1.9,sto-3g,1.9,0.004,20,0.55,1.0,0.5606249999999999,1.0,1.0,0.0,False,0.09986348920565058
sto-3g_b1.9,sto-3g,1.9,0.004,40,0.15,1.0,0.24500000000000002,0.08687500000000001,0.994375,0.749375,True,0.09986348920565058
sto-3g_b1.9,sto-3g,1.9,0.004,40,0.25,1.0,0.37625,0.15,0.995,0.61875,True,0.09986348920565058
sto-3g_b1.9,sto-3g,1.9,0.004,40,0.35,1.0,0.44687499999999997,0.32625000000000004,0.99625,0.549375,True,0.09986348920565058
sto-3g_b1.9,sto-3g,1.9,0.004,40,0.45,1.0,0.5118750000000001,0.9524999999999999,0.996875,0.04437500000000005,True,0.09986348920565058
sto-3g_b1.9,sto-3g,1.9,0.004,40,0.55,1.0,0.5606249999999999,1.0,0.9975,-0.0024999999999999467,False,0.09986348920565058
sto-3g_b1.9,sto-3g,1.9,0.008,10,0.15,0.99,0.24500000000000002,0.015625,0.988125,0.743125,True,0.09986348920565058
sto-3g_b1.9,sto-3g,1.9,0.008,10,0.25,1.0,0.37625,0.030625000000000003,1.0,0.62375,True,0.09986348920565058
sto-3g_b1.9,sto-3g,1.9,0.008,10,0.35,1.0,0.44687499999999997,0.290625,1.0,0.5531250000000001,True,0.09986348920565058
sto-3g_b1.9,sto-3g,1.9,0.008,10,0.45,1.0,0.5118750000000001,0.86625,1.0,0.13375000000000004,True,0.09986348920565058
sto-3g_b1.9,sto-3g,1.9,0.008,10,0.55,1.0,0.5606249999999999,0.994375,1.0,0.005624999999999991,True,0.09986348920565058
sto-3g_b1.9,sto-3g,1.9,0.008,20,0.15,0.99,0.24500000000000002,0.0225,0.985625,0.740625,True,0.09986348920565058
sto-3g_b1.9,sto-3g,1.9,0.008,20,0.25,1.0,0.37625,0.044375,1.0,0.62375,True,0.09986348920565058
sto-3g_b1.9,sto-3g,1.9,0.008,20,0.35,1.0,0.44687499999999997,0.30875,1.0,0.5531250000000001,True,0.09986348920565058
sto-3g_b1.9,sto-3g,1.9,0.008,20,0.45,1.0,0.5118750000000001,0.8724999999999999,1.0,0.12750000000000006,True,0.09986348920565058
sto-3g_b1.9,sto-3g,1.9,0.008,20,0.55,1.0,0.5606249999999999,0.995,1.0,0.0050000000000000044,True,0.09986348920565058
sto-3g_b1.9,sto-3g,1.9,0.008,40,0.15,0.99,0.24500000000000002,0.052500000000000005,0.97125,0.72625,True,0.09986348920565058
sto-3g_b1.9,sto-3g,1.9,0.008,40,0.25,1.0,0.37625,0.085,0.984375,0.608125,True,0.09986348920565058
sto-3g_b1.9,sto-3g,1.9,0.008,40,0.35,1.0,0.44687499999999997,0.349375,0.984375,0.5375000000000001,True,0.09986348920565058
sto-3g_b1.9,sto-3g,1.9,0.008,40,0.45,1.0,0.5118750000000001,0.8524999999999999,0.984375,0.13187500000000008,True,0.09986348920565058
sto-3g_b1.9,sto-3g,1.9,0.008,40,0.55,1.0,0.5606249999999999,0.994375,0.984375,-0.010000000000000009,False,0.09986348920565058
sto-3g_b2.0,sto-3g,2.0,0.0005,10,0.15,1.0,0.24500000000000002,0.0,1.0,0.755,True,0.09834782109552874
sto-3g_b2.0,sto-3g,2.0,0.0005,10,0.25,1.0,0.37625,0.578125,1.0,0.421875,True,0.09834782109552874
sto-3g_b2.0,sto-3g,2.0,0.0005,10,0.35,1.0,0.44687499999999997,0.578125,1.0,0.421875,True,0.09834782109552874
sto-3g_b2.0,sto-3g,2.0,0.0005,10,0.45,1.0,0.5118750000000001,1.0,1.0,0.0,False,0.09834782109552874
sto-3g_b2.0,sto-3g,2.0,0.0005,10,0.55,1.0,0.5606249999999999,1.0,1.0,0.0,False,0.09834782109552874
sto-3g_b2.0,sto-3g,2.0,0.0005,20,0.15,1.0,0.24500000000000002,0.0,1.0,0.755,True,0.09834782109552874
sto-3g_b2.0,sto-3g,2.0,0.0005,20,0.25,1.0,0.37625,0.546875,1.0,0.453125,True,0.09834782109552874
sto-3g_b2.0,sto-3g,2.0,0.0005,20,0.35,1.0,0.44687499999999997,0.546875,1.0,0.453125,True,0.09834782109552874
sto-3g_b2.0,sto-3g,2.0,0.0005,20,0.45,1.0,0.5118750000000001,1.0,1.0,0.0,False,0.09834782109552874
sto-3g_b2.0,sto-3g,2.0,0.0005,20,0.55,1.0,0.5606249999999999,1.0,1.0,0.0,False,0.09834782109552874
sto-3g_b2.0,sto-3g,2.0,0.0005,40,0.15,1.0,0.24500000000000002,0.0,1.0,0.755,True,0.09834782109552874
sto-3g_b2.0,sto-3g,2.0,0.0005,40,0.25,1.0,0.37625,0.34375,1.0,0.62375,True,0.09834782109552874
sto-3g_b2.0,sto-3g,2.0,0.0005,40,0.35,1.0,0.44687499999999997,0.34375,1.0,0.5531250000000001,True,0.09834782109552874
sto-3g_b2.0,sto-3g,2.0,0.0005,40,0.45,1.0,0.5118750000000001,1.0,1.0,0.0,False,0.09834782109552874
sto-3g_b2.0,sto-3g,2.0,0.0005,40,0.55,1.0,0.5606249999999999,1.0,1.0,0.0,False,0.09834782109552874
sto-3g_b2.0,sto-3g,2.0,0.001,10,0.15,1.0,0.24500000000000002,0.06375,1.0,0.755,True,0.09834782109552874
sto-3g_b2.0,sto-3g,2.0,0.001,10,0.25,1.0,0.37625,0.578125,1.0,0.421875,True,0.09834782109552874
sto-3g_b2.0,sto-3g,2.0,0.001,10,0.35,1.0,0.44687499999999997,0.579375,1.0,0.420625,True,0.09834782109552874
sto-3g_b2.0,sto-3g,2.0,0.001,10,0.45,1.0,0.5118750000000001,1.0,1.0,0.0,False,0.09834782109552874
sto-3g_b2.0,sto-3g,2.0,0.001,10,0.55,1.0,0.5606249999999999,1.0,1.0,0.0,False,0.09834782109552874
sto-3g_b2.0,sto-3g,2.0,0.001,20,0.15,1.0,0.24500000000000002,0.060625,1.0,0.755,True,0.09834782109552874
sto-3g_b2.0,sto-3g,2.0,0.001,20,0.25,1.0,0.37625,0.53125,1.0,0.46875,True,0.09834782109552874
sto-3g_b2.0,sto-3g,2.0,0.001,20,0.35,1.0,0.44687499999999997,0.531875,1.0,0.468125,True,0.09834782109552874
sto-3g_b2.0,sto-3g,2.0,0.001,20,0.45,1.0,0.5118750000000001,1.0,1.0,0.0,False,0.09834782109552874
sto-3g_b2.0,sto-3g,2.0,0.001,20,0.55,1.0,0.5606249999999999,1.0,1.0,0.0,False,0.09834782109552874
sto-3g_b2.0,sto-3g,2.0,0.001,40,0.15,1.0,0.24500000000000002,0.0225,1.0,0.755,True,0.09834782109552874
sto-3g_b2.0,sto-3g,2.0,0.001,40,0.25,1.0,0.37625,0.328125,1.0,0.62375,True,0.09834782109552874
sto-3g_b2.0,sto-3g,2.0,0.001,40,0.35,1.0,0.44687499999999997,0.328125,1.0,0.5531250000000001,True,0.09834782109552874
sto-3g_b2.0,sto-3g,2.0,0.001,40,0.45,1.0,0.5118750000000001,1.0,1.0,0.0,False,0.09834782109552874
sto-3g_b2.0,sto-3g,2.0,0.001,40,0.55,1.0,0.5606249999999999,1.0,1.0,0.0,False,0.09834782109552874
sto-3g_b2.0,sto-3g,2.0,0.002,10,0.15,1.0,0.24500000000000002,0.14937499999999998,1.0,0.755,True,0.09834782109552874
sto-3g_b2.0,sto-3g,2.0,0.002,10,0.25,1.0,0.37625,0.4225,1.0,0.5775,True,0.09834782109552874
sto-3g_b2.0,sto-3g,2.0,0.002,10,0.35,1.0,0.44687499999999997,0.4575,1.0,0.5425,True,0.09834782109552874
sto-3g_b2.0,sto-3g,2.0,0.002,10,0.45,1.0,0.5118750000000001,0.99375,1.0,0.006249999999999978,True,0.09834782109552874
sto-3g_b2.0,sto-3g,2.0,0.002,10,0.55,1.0,0.5606249999999999,1.0,1.0,0.0,False,0.09834782109552874
sto-3g_b2.0,sto-3g,2.0,0.002,20,0.15,1.0,0.24500000000000002,0.153125,1.0,0.755,True,0.09834782109552874
sto-3g_b2.0,sto-3g,2.0,0.002,20,0.25,1.0,0.37625,0.414375,1.0,0.5856250000000001,True,0.09834782109552874
sto-3g_b2.0,sto-3g,2.0,0.002,20,0.35,1.0,0.44687499999999997,0.46312500000000006,1.0,0.536875,True,0.09834782109552874
sto-3g_b2.0,sto-3g,2.0,0.002,20,0.45,1.0,0.5118750000000001,0.9937499999999999,1.0,0.006250000000000089,True,0.09834782109552874
sto-3g_b2.0,sto-3g,2.0,0.002,20,0.55,1.0,0.5606249999999999,1.0,1.0,0.0,False,0.09834782109552874
sto-3g_b2.0,sto-3g,2.0,0.002,40,0.15,1.0,0.24500000000000002,0.088125,0.9981249999999999,0.7531249999999999,True,0.09834782109552874
sto-3g_b2.0,sto-3g,2.0,0.002,40,0.25,1.0,0.37625,0.29125,0.99875,0.6225,True,0.09834782109552874
sto-3g_b2.0,sto-3g,2.0,0.002,40,0.35,1.0,0.44687499999999997,0.341875,0.999375,0.5525,True,0.09834782109552874
sto-3g_b2.0,sto-3g,2.0,0.002,40,0.45,1.0,0.5118750000000001,0.9975,1.0,0.0024999999999999467,True,0.09834782109552874
sto-3g_b2.0,sto-3g,2.0,0.002,40,0.55,1.0,0.5606249999999999,1.0,1.0,0.0,False,0.09834782109552874
sto-3g_b2.0,sto-3g,2.0,0.004,10,0.15,1.0,0.24500000000000002,0.036875000000000005,1.0,0.755,True,0.09834782109552874
sto-3g_b2.0,sto-3g,2.0,0.004,10,0.25,1.0,0.37625,0.06875,1.0,0.62375,True,0.09834782109552874
sto-3g_b2.0,sto-3g,2.0,0.004,10,0.35,1.0,0.44687499999999997,0.24312500000000004,1.0,0.5531250000000001,True,0.09834782109552874
sto-3g_b2.0,sto-3g,2.0,0.004,10,0.45,1.0,0.5118750000000001,0.961875,1.0,0.038124999999999964,True,0.09834782109552874
sto-3g_b2.0,sto-3g,2.0,0.004,10,0.55,1.0,0.5606249999999999,1.0,1.0,0.0,False,0.09834782109552874
sto-3g_b2.0,sto-3g,2.0,0.004,20,0.15,1.0,0.24500000000000002,0.09125,1.0,0.755,True,0.09834782109552874
sto-3g_b2.0,sto-3g,2.0,0.004,20,0.25,1.0,0.37625,0.159375,1.0,0.62375,True,0.09834782109552874
sto-3g_b2.0,sto-3g,2.0,0.004,20,0.35,1.0,0.44687499999999997,0.32375,1.0,0.5531250000000001,True,0.09834782109552874
sto-3g_b2.0,sto-3g,2.0,0.004,20,0.45,1.0,0.5118750000000001,0.96625,1.0,0.03374999999999995,True,0.09834782109552874
sto-3g_b2.0,sto-3g,2.0,0.004,20,0.55,1.0,0.5606249999999999,1.0,1.0,0.0,False,0.09834782109552874
sto-3g_b2.0,sto-3g,2.0,0.004,40,0.15,1.0,0.24500000000000002,0.08249999999999999,0.994375,0.749375,True,0.09834782109552874
sto-3g_b2.0,sto-3g,2.0,0.004,40,0.25,1.0,0.37625,0.145625,0.995,0.61875,True,0.09834782109552874
sto-3g_b2.0,sto-3g,2.0,0.004,40,0.35,1.0,0.44687499999999997,0.316875,0.99625,0.549375,True,0.09834782109552874
sto-3g_b2.0,sto-3g,2.0,0.004,40,0.45,1.0,0.5118750000000001,0.949375,0.996875,0.04749999999999999,True,0.09834782109552874
sto-3g_b2.0,sto-3g,2.0,0.004,40,0.55,1.0,0.5606249999999999,1.0,0.9975,-0.0024999999999999467,False,0.09834782109552874
sto-3g_b2.0,sto-3g,2.0,0.008,10,0.15,0.99,0.24500000000000002,0.015625,0.988125,0.743125,True,0.09834782109552874
sto-3g_b2.0,sto-3g,2.0,0.008,10,0.25,1.0,0.37625,0.035,1.0,0.62375,True,0.09834782109552874
sto-3g_b2.0,sto-3g,2.0,0.008,10,0.35,1.0,0.44687499999999997,0.29125,1.0,0.5531250000000001,True,0.09834782109552874
sto-3g_b2.0,sto-3g,2.0,0.008,10,0.45,1.0,0.5118750000000001,0.869375,1.0,0.130625,True,0.09834782109552874
sto-3g_b2.0,sto-3g,2.0,0.008,10,0.55,1.0,0.5606249999999999,0.994375,1.0,0.005624999999999991,True,0.09834782109552874
sto-3g_b2.0,sto-3g,2.0,0.008,20,0.15,0.99,0.24500000000000002,0.0225,0.985625,0.740625,True,0.09834782109552874
sto-3g_b2.0,sto-3g,2.0,0.008,20,0.25,1.0,0.37625,0.045625,1.0,0.62375,True,0.09834782109552874
sto-3g_b2.0,sto-3g,2.0,0.008,20,0.35,1.0,0.44687499999999997,0.30562500000000004,1.0,0.5531250000000001,True,0.09834782109552874
sto-3g_b2.0,sto-3g,2.0,0.008,20,0.45,1.0,0.5118750000000001,0.8687499999999999,1.0,0.1312500000000001,True,0.09834782109552874
sto-3g_b2.0,sto-3g,2.0,0.008,20,0.55,1.0,0.5606249999999999,0.995625,1.0,0.004375000000000018,True,0.09834782109552874
sto-3g_b2.0,sto-3g,2.0,0.008,40,0.15,0.99,0.24500000000000002,0.052500000000000005,0.98125,0.73625,True,0.09834782109552874
sto-3g_b2.0,sto-3g,2.0,0.008,40,0.25,1.0,0.37625,0.085,0.994375,0.618125,True,0.09834782109552874
sto-3g_b2.0,sto-3g,2.0,0.008,40,0.35,1.0,0.44687499999999997,0.348125,0.995625,0.5487500000000001,True,0.09834782109552874
sto-3g_b2.0,sto-3g,2.0,0.008,40,0.45,1.0,0.5118750000000001,0.8525,0.99625,0.14374999999999993,True,0.09834782109552874
sto-3g_b2.0,sto-3g,2.0,0.008,40,0.55,1.0,0.5606249999999999,0.994375,0.996875,0.0024999999999999467,True,0.09834782109552874
sto-3g_b2.1,sto-3g,2.1,0.0005,10,0.15,1.0,0.24500000000000002,0.0,1.0,0.755,True,0.0916118834150735
sto-3g_b2.1,sto-3g,2.1,0.0005,10,0.25,1.0,0.37625,0.578125,1.0,0.421875,True,0.0916118834150735
sto-3g_b2.1,sto-3g,2.1,0.0005,10,0.35,1.0,0.44687499999999997,0.578125,1.0,0.421875,True,0.0916118834150735
sto-3g_b2.1,sto-3g,2.1,0.0005,10,0.45,1.0,0.5118750000000001,1.0,1.0,0.0,False,0.0916118834150735
sto-3g_b2.1,sto-3g,2.1,0.0005,10,0.55,1.0,0.5606249999999999,1.0,1.0,0.0,False,0.0916118834150735
sto-3g_b2.1,sto-3g,2.1,0.0005,20,0.15,1.0,0.24500000000000002,0.0,1.0,0.755,True,0.0916118834150735
sto-3g_b2.1,sto-3g,2.1,0.0005,20,0.25,1.0,0.37625,0.546875,1.0,0.453125,True,0.0916118834150735
sto-3g_b2.1,sto-3g,2.1,0.0005,20,0.35,1.0,0.44687499999999997,0.546875,1.0,0.453125,True,0.0916118834150735
sto-3g_b2.1,sto-3g,2.1,0.0005,20,0.45,1.0,0.5118750000000001,1.0,1.0,0.0,False,0.0916118834150735
sto-3g_b2.1,sto-3g,2.1,0.0005,20,0.55,1.0,0.5606249999999999,1.0,1.0,0.0,False,0.0916118834150735
sto-3g_b2.1,sto-3g,2.1,0.0005,40,0.15,1.0,0.24500000000000002,0.0,1.0,0.755,True,0.0916118834150735
sto-3g_b2.1,sto-3g,2.1,0.0005,40,0.25,1.0,0.37625,0.34375,1.0,0.62375,True,0.0916118834150735
sto-3g_b2.1,sto-3g,2.1,0.0005,40,0.35,1.0,0.44687499999999997,0.34375,1.0,0.5531250000000001,True,0.0916118834150735
sto-3g_b2.1,sto-3g,2.1,0.0005,40,0.45,1.0,0.5118750000000001,1.0,1.0,0.0,False,0.0916118834150735
sto-3g_b2.1,sto-3g,2.1,0.0005,40,0.55,1.0,0.5606249999999999,1.0,1.0,0.0,False,0.0916118834150735
sto-3g_b2.1,sto-3g,2.1,0.001,10,0.15,1.0,0.24500000000000002,0.06375,1.0,0.755,True,0.0916118834150735
sto-3g_b2.1,sto-3g,2.1,0.001,10,0.25,1.0,0.37625,0.578125,1.0,0.421875,True,0.0916118834150735
sto-3g_b2.1,sto-3g,2.1,0.001,10,0.35,1.0,0.44687499999999997,0.579375,1.0,0.420625,True,0.0916118834150735
sto-3g_b2.1,sto-3g,2.1,0.001,10,0.45,1.0,0.5118750000000001,1.0,1.0,0.0,False,0.0916118834150735
sto-3g_b2.1,sto-3g,2.1,0.001,10,0.55,1.0,0.5606249999999999,1.0,1.0,0.0,False,0.0916118834150735
sto-3g_b2.1,sto-3g,2.1,0.001,20,0.15,1.0,0.24500000000000002,0.060625,1.0,0.755,True,0.0916118834150735
sto-3g_b2.1,sto-3g,2.1,0.001,20,0.25,1.0,0.37625,0.53125,1.0,0.46875,True,0.0916118834150735
sto-3g_b2.1,sto-3g,2.1,0.001,20,0.35,1.0,0.44687499999999997,0.531875,1.0,0.468125,True,0.0916118834150735
sto-3g_b2.1,sto-3g,2.1,0.001,20,0.45,1.0,0.5118750000000001,1.0,1.0,0.0,False,0.0916118834150735
sto-3g_b2.1,sto-3g,2.1,0.001,20,0.55,1.0,0.5606249999999999,1.0,1.0,0.0,False,0.0916118834150735
sto-3g_b2.1,sto-3g,2.1,0.001,40,0.15,1.0,0.24500000000000002,0.0225,1.0,0.755,True,0.0916118834150735
sto-3g_b2.1,sto-3g,2.1,0.001,40,0.25,1.0,0.37625,0.328125,1.0,0.62375,True,0.0916118834150735
sto-3g_b2.1,sto-3g,2.1,0.001,40,0.35,1.0,0.44687499999999997,0.328125,1.0,0.5531250000000001,True,0.0916118834150735
sto-3g_b2.1,sto-3g,2.1,0.001,40,0.45,1.0,0.5118750000000001,1.0,1.0,0.0,False,0.0916118834150735
sto-3g_b2.1,sto-3g,2.1,0.001,40,0.55,1.0,0.5606249999999999,1.0,1.0,0.0,False,0.0916118834150735
sto-3g_b2.1,sto-3g,2.1,0.002,10,0.15,1.0,0.24500000000000002,0.13875,1.0,0.755,True,0.0916118834150735
sto-3g_b2.1,sto-3g,2.1,0.002,10,0.25,1.0,0.37625,0.406875,1.0,0.593125,True,0.0916118834150735
sto-3g_b2.1,sto-3g,2.1,0.002,10,0.35,1.0,0.44687499999999997,0.441875,1.0,0.5531250000000001,True,0.0916118834150735
sto-3g_b2.1,sto-3g,2.1,0.002,10,0.45,1.0,0.5118750000000001,0.99375,1.0,0.006249999999999978,True,0.0916118834150735
sto-3g_b2.1,sto-3g,2.1,0.002,10,0.55,1.0,0.5606249999999999,1.0,1.0,0.0,False,0.0916118834150735
sto-3g_b2.1,sto-3g,2.1,0.002,20,0.15,1.0,0.24500000000000002,0.14375,1.0,0.755,True,0.0916118834150735
sto-3g_b2.1,sto-3g,2.1,0.002,20,0.25,1.0,0.37625,0.3925,1.0,0.6074999999999999,True,0.0916118834150735
sto-3g_b2.1,sto-3g,2.1,0.002,20,0.35,1.0,0.44687499999999997,0.44125000000000003,1.0,0.5531250000000001,True,0.0916118834150735
sto-3g_b2.1,sto-3g,2.1,0.002,20,0.45,1.0,0.5118750000000001,0.9937499999999999,1.0,0.006250000000000089,True,0.0916118834150735
sto-3g_b2.1,sto-3g,2.1,0.002,20,0.55,1.0,0.5606249999999999,1.0,1.0,0.0,False,0.0916118834150735
sto-3g_b2.1,sto-3g,2.1,0.002,40,0.15,1.0,0.24500000000000002,0.088125,0.9981249999999999,0.7531249999999999,True,0.0916118834150735
sto-3g_b2.1,sto-3g,2.1,0.002,40,0.25,1.0,0.37625,0.29125,0.99875,0.6225,True,0.0916118834150735
sto-3g_b2.1,sto-3g,2.1,0.002,40,0.35,1.0,0.44687499999999997,0.341875,0.999375,0.5525,True,0.0916118834150735
sto-3g_b2.1,sto-3g,2.1,0.002,40,0.45,1.0,0.5118750000000001,0.9975,1.0,0.0024999999999999467,True,0.0916118834150735
sto-3g_b2.1,sto-3g,2.1,0.002,40,0.55,1.0,0.5606249999999999,1.0,1.0,0.0,False,0.0916118834150735
sto-3g_b2.1,sto-3g,2.1,0.004,10,0.15,1.0,0.24500000000000002,0.036875000000000005,1.0,0.755,True,0.0916118834150735
sto-3g_b2.1,sto-3g,2.1,0.004,10,0.25,1.0,0.37625,0.06875,1.0,0.62375,True,0.0916118834150735
sto-3g_b2.1,sto-3g,2.1,0.004,10,0.35,1.0,0.44687499999999997,0.24312500000000004,1.0,0.5531250000000001,True,0.0916118834150735
sto-3g_b2.1,sto-3g,2.1,0.004,10,0.45,1.0,0.5118750000000001,0.9624999999999999,1.0,0.03750000000000009,True,0.0916118834150735
sto-3g_b2.1,sto-3g,2.1,0.004,10,0.55,1.0,0.5606249999999999,1.0,1.0,0.0,False,0.0916118834150735
sto-3g_b2.1,sto-3g,2.1,0.004,20,0.15,1.0,0.24500000000000002,0.096875,1.0,0.755,True,0.0916118834150735
sto-3g_b2.1,sto-3g,2.1,0.004,20,0.25,1.0,0.37625,0.165,1.0,0.62375,True,0.0916118834150735
sto-3g_b2.1,sto-3g,2.1,0.004,20,0.35,1.0,0.44687499999999997,0.329375,1.0,0.5531250000000001,True,0.0916118834150735
sto-3g_b2.1,sto-3g,2.1,0.004,20,0.45,1.0,0.5118750000000001,0.970625,1.0,0.02937500000000004,True,0.0916118834150735
sto-3g_b2.1,sto-3g,2.1,0.004,20,0.55,1.0,0.5606249999999999,1.0,1.0,0.0,False,0.0916118834150735
sto-3g_b2.1,sto-3g,2.1,0.004,40,0.15,1.0,0.24500000000000002,0.08249999999999999,0.994375,0.749375,True,0.0916118834150735
sto-3g_b2.1,sto-3g,2.1,0.004,40,0.25,1.0,0.37625,0.145625,0.995,0.61875,True,0.0916118834150735
sto-3g_b2.1,sto-3g,2.1,0.004,40,0.35,1.0,0.44687499999999997,0.308125,0.99625,0.549375,True,0.0916118834150735
sto-3g_b2.1,sto-3g,2.1,0.004,40,0.45,1.0,0.5118750000000001,0.94875,0.996875,0.04812499999999997,True,0.0916118834150735
sto-3g_b2.1,sto-3g,2.1,0.004,40,0.55,1.0,0.5606249999999999,1.0,0.9975,-0.0024999999999999467,False,0.0916118834150735
sto-3g_b2.1,sto-3g,2.1,0.008,10,0.15,0.99,0.24500000000000002,0.016875,0.988125,0.743125,True,0.0916118834150735
sto-3g_b2.1,sto-3g,2.1,0.008,10,0.25,1.0,0.37625,0.035625000000000004,1.0,0.62375,True,0.0916118834150735
sto-3g_b2.1,sto-3g,2.1,0.008,10,0.35,1.0,0.44687499999999997,0.294375,1.0,0.5531250000000001,True,0.0916118834150735
sto-3g_b2.1,sto-3g,2.1,0.008,10,0.45,1.0,0.5118750000000001,0.870625,1.0,0.12937500000000002,True,0.0916118834150735
sto-3g_b2.1,sto-3g,2.1,0.008,10,0.55,1.0,0.5606249999999999,0.994375,1.0,0.005624999999999991,True,0.0916118834150735
sto-3g_b2.1,sto-3g,2.1,0.008,20,0.15,0.99,0.24500000000000002,0.02375,0.985625,0.740625,True,0.0916118834150735
sto-3g_b2.1,sto-3g,2.1,0.008,20,0.25,1.0,0.37625,0.045625,1.0,0.62375,True,0.0916118834150735
sto-3g_b2.1,sto-3g,2.1,0.008,20,0.35,1.0,0.44687499999999997,0.30125,1.0,0.5531250000000001,True,0.0916118834150735
sto-3g_b2.1,sto-3g,2.1,0.008,20,0.45,1.0,0.5118750000000001,0.865,1.0,0.135,True,0.0916118834150735
sto-3g_b2.1,sto-3g,2.1,0.008,20,0.55,1.0,0.5606249999999999,0.995625,1.0,0.004375000000000018,True,0.0916118834150735
sto-3g_b2.1,sto-3g,2.1,0.008,40,0.15,0.99,0.24500000000000002,0.0425,0.980625,0.735625,True,0.0916118834150735
sto-3g_b2.1,sto-3g,2.1,0.008,40,0.25,1.0,0.37625,0.071875,0.994375,0.618125,True,0.0916118834150735
sto-3g_b2.1,sto-3g,2.1,0.008,40,0.35,1.0,0.44687499999999997,0.3375,0.995625,0.5487500000000001,True,0.0916118834150735
sto-3g_b2.1,sto-3g,2.1,0.008,40,0.45,1.0,0.5118750000000001,0.849375,0.99625,0.14687499999999998,True,0.0916118834150735
sto-3g_b2.1,sto-3g,2.1,0.008,40,0.55,1.0,0.5606249999999999,0.994375,0.996875,0.0024999999999999467,True,0.0916118834150735
sto-3g_b2.2,sto-3g,2.2,0.0005,10,0.15,1.0,0.24500000000000002,0.0,1.0,0.755,True,0.08163727484426371
sto-3g_b2.2,sto-3g,2.2,0.0005,10,0.25,1.0,0.37625,0.578125,1.0,0.421875,True,0.08163727484426371
sto-3g_b2.2,sto-3g,2.2,0.0005,10,0.35,1.0,0.44687499999999997,0.578125,1.0,0.421875,True,0.08163727484426371
sto-3g_b2.2,sto-3g,2.2,0.0005,10,0.45,1.0,0.5118750000000001,1.0,1.0,0.0,False,0.08163727484426371
sto-3g_b2.2,sto-3g,2.2,0.0005,10,0.55,1.0,0.5606249999999999,1.0,1.0,0.0,False,0.08163727484426371
sto-3g_b2.2,sto-3g,2.2,0.0005,20,0.15,1.0,0.24500000000000002,0.0,1.0,0.755,True,0.08163727484426371
sto-3g_b2.2,sto-3g,2.2,0.0005,20,0.25,1.0,0.37625,0.546875,1.0,0.453125,True,0.08163727484426371
sto-3g_b2.2,sto-3g,2.2,0.0005,20,0.35,1.0,0.44687499999999997,0.546875,1.0,0.453125,True,0.08163727484426371
sto-3g_b2.2,sto-3g,2.2,0.0005,20,0.45,1.0,0.5118750000000001,1.0,1.0,0.0,False,0.08163727484426371
sto-3g_b2.2,sto-3g,2.2,0.0005,20,0.55,1.0,0.5606249999999999,1.0,1.0,0.0,False,0.08163727484426371
sto-3g_b2.2,sto-3g,2.2,0.0005,40,0.15,1.0,0.24500000000000002,0.0,1.0,0.755,True,0.08163727484426371
sto-3g_b2.2,sto-3g,2.2,0.0005,40,0.25,1.0,0.37625,0.34375,1.0,0.62375,True,0.08163727484426371
sto-3g_b2.2,sto-3g,2.2,0.0005,40,0.35,1.0,0.44687499999999997,0.34375,1.0,0.5531250000000001,True,0.08163727484426371
sto-3g_b2.2,sto-3g,2.2,0.0005,40,0.45,1.0,0.5118750000000001,1.0,1.0,0.0,False,0.08163727484426371
sto-3g_b2.2,sto-3g,2.2,0.0005,40,0.55,1.0,0.5606249999999999,1.0,1.0,0.0,False,0.08163727484426371
sto-3g_b2.2,sto-3g,2.2,0.001,10,0.15,1.0,0.24500000000000002,0.06625,1.0,0.755,True,0.08163727484426371
sto-3g_b2.2,sto-3g,2.2,0.001,10,0.25,1.0,0.37625,0.578125,1.0,0.421875,True,0.08163727484426371
sto-3g_b2.2,sto-3g,2.2,0.001,10,0.35,1.0,0.44687499999999997,0.579375,1.0,0.420625,True,0.08163727484426371
sto-3g_b2.2,sto-3g,2.2,0.001,10,0.45,1.0,0.5118750000000001,1.0,1.0,0.0,False,0.08163727484426371
sto-3g_b2.2,sto-3g,2.2,0.001,10,0.55,1.0,0.5606249999999999,1.0,1.0,0.0,False,0.08163727484426371
sto-3g_b2.2,sto-3g,2.2,0.001,20,0.15,1.0,0.24500000000000002,0.051250000000000004,1.0,0.755,True,0.08163727484426371
sto-3g_b2.2,sto-3g,2.2,0.001,20,0.25,1.0,0.37625,0.53125,1.0,0.46875,True,0.08163727484426371
sto-3g_b2.2,sto-3g,2.2,0.001,20,0.35,1.0,0.44687499999999997,0.531875,1.0,0.468125,True,0.08163727484426371
sto-3g_b2.2,sto-3g,2.2,0.001,20,0.45,1.0,0.5118750000000001,1.0,1.0,0.0,False,0.08163727484426371
sto-3g_b2.2,sto-3g,2.2,0.001,20,0.55,1.0,0.5606249999999999,1.0,1.0,0.0,False,0.08163727484426371
sto-3g_b2.2,sto-3g,2.2,0.001,40,0.15,1.0,0.24500000000000002,0.016875,1.0,0.755,True,0.08163727484426371
sto-3g_b2.2,sto-3g,2.2,0.001,40,0.25,1.0,0.37625,0.328125,1.0,0.62375,True,0.08163727484426371
sto-3g_b2.2,sto-3g,2.2,0.001,40,0.35,1.0,0.44687499999999997,0.328125,1.0,0.5531250000000001,True,0.08163727484426371
sto-3g_b2.2,sto-3g,2.2,0.001,40,0.45,1.0,0.5118750000000001,1.0,1.0,0.0,False,0.08163727484426371
sto-3g_b2.2,sto-3g,2.2,0.001,40,0.55,1.0,0.5606249999999999,1.0,1.0,0.0,False,0.08163727484426371
sto-3g_b2.2,sto-3g,2.2,0.002,10,0.15,1.0,0.24500000000000002,0.136875,1.0,0.755,True,0.08163727484426371
sto-3g_b2.2,sto-3g,2.2,0.002,10,0.25,1.0,0.37625,0.406875,1.0,0.593125,True,0.08163727484426371
sto-3g_b2.2,sto-3g,2.2,0.002,10,0.35,1.0,0.44687499999999997,0.441875,1.0,0.5531250000000001,True,0.08163727484426371
sto-3g_b2.2,sto-3g,2.2,0.002,10,0.45,1.0,0.5118750000000001,0.99375,1.0,0.006249999999999978,True,0.08163727484426371
sto-3g_b2.2,sto-3g,2.2,0.002,10,0.55,1.0,0.5606249999999999,1.0,1.0,0.0,False,0.08163727484426371
sto-3g_b2.2,sto-3g,2.2,0.002,20,0.15,1.0,0.24500000000000002,0.14375,1.0,0.755,True,0.08163727484426371
sto-3g_b2.2,sto-3g,2.2,0.002,20,0.25,1.0,0.37625,0.3925,1.0,0.6074999999999999,True,0.08163727484426371
sto-3g_b2.2,sto-3g,2.2,0.002,20,0.35,1.0,0.44687499999999997,0.44125000000000003,1.0,0.5531250000000001,True,0.08163727484426371
sto-3g_b2.2,sto-3g,2.2,0.002,20,0.45,1.0,0.5118750000000001,0.9937499999999999,1.0,0.006250000000000089,True,0.08163727484426371
sto-3g_b2.2,sto-3g,2.2,0.002,20,0.55,1.0,0.5606249999999999,1.0,1.0,0.0,False,0.08163727484426371
sto-3g_b2.2,sto-3g,2.2,0.002,40,0.15,1.0,0.24500000000000002,0.088125,1.0,0.755,True,0.08163727484426371
sto-3g_b2.2,sto-3g,2.2,0.002,40,0.25,1.0,0.37625,0.29125,1.0,0.62375,True,0.08163727484426371
sto-3g_b2.2,sto-3g,2.2,0.002,40,0.35,1.0,0.44687499999999997,0.340625,1.0,0.5531250000000001,True,0.08163727484426371
sto-3g_b2.2,sto-3g,2.2,0.002,40,0.45,1.0,0.5118750000000001,0.996875,1.0,0.0031250000000000444,True,0.08163727484426371
sto-3g_b2.2,sto-3g,2.2,0.002,40,0.55,1.0,0.5606249999999999,1.0,1.0,0.0,False,0.08163727484426371
sto-3g_b2.2,sto-3g,2.2,0.004,10,0.15,1.0,0.24500000000000002,0.04625,1.0,0.755,True,0.08163727484426371
sto-3g_b2.2,sto-3g,2.2,0.004,10,0.25,1.0,0.37625,0.084375,1.0,0.62375,True,0.08163727484426371
sto-3g_b2.2,sto-3g,2.2,0.004,10,0.35,1.0,0.44687499999999997,0.25250000000000006,1.0,0.5531250000000001,True,0.08163727484426371
sto-3g_b2.2,sto-3g,2.2,0.004,10,0.45,1.0,0.5118750000000001,0.9624999999999999,1.0,0.03750000000000009,True,0.08163727484426371
sto-3g_b2.2,sto-3g,2.2,0.004,10,0.55,1.0,0.5606249999999999,1.0,1.0,0.0,False,0.08163727484426371
sto-3g_b2.2,sto-3g,2.2,0.004,20,0.15,1.0,0.24500000000000002,0.095625,1.0,0.755,True,0.08163727484426371
sto-3g_b2.2,sto-3g,2.2,0.004,20,0.25,1.0,0.37625,0.165,1.0,0.62375,True,0.08163727484426371
sto-3g_b2.2,sto-3g,2.2,0.004,20,0.35,1.0,0.44687499999999997,0.3225,1.0,0.5531250000000001,True,0.08163727484426371
sto-3g_b2.2,sto-3g,2.2,0.004,20,0.45,1.0,0.5118750000000001,0.9662499999999999,1.0,0.03375000000000006,True,0.08163727484426371
sto-3g_b2.2,sto-3g,2.2,0.004,20,0.55,1.0,0.5606249999999999,1.0,1.0,0.0,False,0.08163727484426371
sto-3g_b2.2,sto-3g,2.2,0.004,40,0.15,1.0,0.24500000000000002,0.08249999999999999,0.995625,0.750625,True,0.08163727484426371
sto-3g_b2.2,sto-3g,2.2,0.004,40,0.25,1.0,0.37625,0.145625,0.996875,0.620625,True,0.08163727484426371
sto-3g_b2.2,sto-3g,2.2,0.004,40,0.35,1.0,0.44687499999999997,0.308125,0.9975,0.5506250000000001,True,0.08163727484426371
sto-3g_b2.2,sto-3g,2.2,0.004,40,0.45,1.0,0.5118750000000001,0.94875,0.9981249999999999,0.04937499999999995,True,0.08163727484426371
sto-3g_b2.2,sto-3g,2.2,0.004,40,0.55,1.0,0.5606249999999999,1.0,0.999375,-0.0006249999999999867,False,0.08163727484426371
sto-3g_b2.2,sto-3g,2.2,0.008,10,0.15,0.99,0.24500000000000002,0.016875,0.988125,0.743125,True,0.08163727484426371
sto-3g_b2.2,sto-3g,2.2,0.008,10,0.25,1.0,0.37625,0.035625000000000004,1.0,0.62375,True,0.08163727484426371
sto-3g_b2.2,sto-3g,2.2,0.008,10,0.35,1.0,0.44687499999999997,0.294375,1.0,0.5531250000000001,True,0.08163727484426371
sto-3g_b2.2,sto-3g,2.2,0.008,10,0.45,1.0,0.5118750000000001,0.870625,1.0,0.12937500000000002,True,0.08163727484426371
sto-3g_b2.2,sto-3g,2.2,0.008,10,0.55,1.0,0.5606249999999999,0.994375,1.0,0.005624999999999991,True,0.08163727484426371
sto-3g_b2.2,sto-3g,2.2,0.008,20,0.15,0.99,0.24500000000000002,0.02375,0.985625,0.740625,True,0.08163727484426371
sto-3g_b2.2,sto-3g,2.2,0.008,20,0.25,1.0,0.37625,0.045625,1.0,0.62375,True,0.08163727484426371
sto-3g_b2.2,sto-3g,2.2,0.008,20,0.35,1.0,0.44687499999999997,0.30125,1.0,0.5531250000000001,True,0.08163727484426371
sto-3g_b2.2,sto-3g,2.2,0.008,20,0.45,1.0,0.5118750000000001,0.865,1.0,0.135,True,0.08163727484426371
sto-3g_b2.2,sto-3g,2.2,0.008,20,0.55,1.0,0.5606249999999999,0.995625,1.0,0.004375000000000018,True,0.08163727484426371
sto-3g_b2.2,sto-3g,2.2,0.008,40,0.15,0.99,0.24500000000000002,0.052500000000000005,0.981875,0.7368750000000001,True,0.08163727484426371
sto-3g_b2.2,sto-3g,2.2,0.008,40,0.25,1.0,0.37625,0.085,0.99625,0.62,True,0.08163727484426371
sto-3g_b2.2,sto-3g,2.2,0.008,40,0.35,1.0,0.44687499999999997,0.34625,0.996875,0.55,True,0.08163727484426371
sto-3g_b2.2,sto-3g,2.2,0.008,40,0.45,1.0,0.5118750000000001,0.85,0.9975,0.14750000000000008,True,0.08163727484426371
sto-3g_b2.2,sto-3g,2.2,0.008,40,0.55,1.0,0.5606249999999999,0.994375,0.99875,0.004375000000000018,True,0.08163727484426371
sto-3g_b2.3,sto-3g,2.3,0.0005,10,0.15,1.0,0.24500000000000002,0.0,1.0,0.755,True,0.07579897057380475
sto-3g_b2.3,sto-3g,2.3,0.0005,10,0.25,1.0,0.37625,0.578125,1.0,0.421875,True,0.07579897057380475
sto-3g_b2.3,sto-3g,2.3,0.0005,10,0.35,1.0,0.44687499999999997,0.578125,1.0,0.421875,True,0.07579897057380475
sto-3g_b2.3,sto-3g,2.3,0.0005,10,0.45,1.0,0.5118750000000001,1.0,1.0,0.0,False,0.07579897057380475
sto-3g_b2.3,sto-3g,2.3,0.0005,10,0.55,1.0,0.5606249999999999,1.0,1.0,0.0,False,0.07579897057380475
sto-3g_b2.3,sto-3g,2.3,0.0005,20,0.15,1.0,0.24500000000000002,0.0,1.0,0.755,True,0.07579897057380475
sto-3g_b2.3,sto-3g,2.3,0.0005,20,0.25,1.0,0.37625,0.546875,1.0,0.453125,True,0.07579897057380475
sto-3g_b2.3,sto-3g,2.3,0.0005,20,0.35,1.0,0.44687499999999997,0.546875,1.0,0.453125,True,0.07579897057380475
sto-3g_b2.3,sto-3g,2.3,0.0005,20,0.45,1.0,0.5118750000000001,1.0,1.0,0.0,False,0.07579897057380475
sto-3g_b2.3,sto-3g,2.3,0.0005,20,0.55,1.0,0.5606249999999999,1.0,1.0,0.0,False,0.07579897057380475
sto-3g_b2.3,sto-3g,2.3,0.0005,40,0.15,1.0,0.24500000000000002,0.0,1.0,0.755,True,0.07579897057380475
sto-3g_b2.3,sto-3g,2.3,0.0005,40,0.25,1.0,0.37625,0.34375,1.0,0.62375,True,0.07579897057380475
sto-3g_b2.3,sto-3g,2.3,0.0005,40,0.35,1.0,0.44687499999999997,0.34375,1.0,0.5531250000000001,True,0.07579897057380475
sto-3g_b2.3,sto-3g,2.3,0.0005,40,0.45,1.0,0.5118750000000001,1.0,1.0,0.0,False,0.07579897057380475
sto-3g_b2.3,sto-3g,2.3,0.0005,40,0.55,1.0,0.5606249999999999,1.0,1.0,0.0,False,0.07579897057380475
sto-3g_b2.3,sto-3g,2.3,0.001,10,0.15,1.0,0.24500000000000002,0.0,1.0,0.755,True,0.07579897057380475
sto-3g_b2.3,sto-3g,2.3,0.001,10,0.25,1.0,0.37625,0.578125,1.0,0.421875,True,0.07579897057380475
sto-3g_b2.3,sto-3g,2.3,0.001,10,0.35,1.0,0.44687499999999997,0.579375,1.0,0.420625,True,0.07579897057380475
sto-3g_b2.3,sto-3g,2.3,0.001,10,0.45,1.0,0.5118750000000001,1.0,1.0,0.0,False,0.07579897057380475
sto-3g_b2.3,sto-3g,2.3,0.001,10,0.55,1.0,0.5606249999999999,1.0,1.0,0.0,False,0.07579897057380475
sto-3g_b2.3,sto-3g,2.3,0.001,20,0.15,1.0,0.24500000000000002,0.0,1.0,0.755,True,0.07579897057380475
sto-3g_b2.3,sto-3g,2.3,0.001,20,0.25,1.0,0.37625,0.53125,1.0,0.46875,True,0.07579897057380475
sto-3g_b2.3,sto-3g,2.3,0.001,20,0.35,1.0,0.44687499999999997,0.531875,1.0,0.468125,True,0.07579897057380475
sto-3g_b2.3,sto-3g,2.3,0.001,20,0.45,1.0,0.5118750000000001,1.0,1.0,0.0,False,0.07579897057380475
sto-3g_b2.3,sto-3g,2.3,0.001,20,0.55,1.0,0.5606249999999999,1.0,1.0,0.0,False,0.07579897057380475
sto-3g_b2.3,sto-3g,2.3,0.001,40,0.15,1.0,0.24500000000000002,0.0,1.0,0.755,True,0.07579897057380475
sto-3g_b2.3,sto-3g,2.3,0.001,40,0.25,1.0,0.37625,0.328125,1.0,0.62375,True,0.07579897057380475
sto-3g_b2.3,sto-3g,2.3,0.001,40,0.35,1.0,0.44687499999999997,0.328125,1.0,0.5531250000000001,True,0.07579897057380475
sto-3g_b2.3,sto-3g,2.3,0.001,40,0.45,1.0,0.5118750000000001,1.0,1.0,0.0,False,0.07579897057380475
sto-3g_b2.3,sto-3g,2.3,0.001,40,0.55,1.0,0.5606249999999999,1.0,1.0,0.0,False,0.07579897057380475
sto-3g_b2.3,sto-3g,2.3,0.002,10,0.15,1.0,0.24500000000000002,0.016875,1.0,0.755,True,0.07579897057380475
sto-3g_b2.3,sto-3g,2.3,0.002,10,0.25,1.0,0.37625,0.528125,1.0,0.47187500000000004,True,0.07579897057380475
sto-3g_b2.3,sto-3g,2.3,0.002,10,0.35,1.0,0.44687499999999997,0.55375,1.0,0.44625000000000004,True,0.07579897057380475
sto-3g_b2.3,sto-3g,2.3,0.002,10,0.45,1.0,0.5118750000000001,0.9962500000000001,1.0,0.00374999999999992,True,0.07579897057380475
sto-3g_b2.3,sto-3g,2.3,0.002,10,0.55,1.0,0.5606249999999999,1.0,1.0,0.0,False,0.07579897057380475
sto-3g_b2.3,sto-3g,2.3,0.002,20,0.15,1.0,0.24500000000000002,0.018125000000000002,1.0,0.755,True,0.07579897057380475
sto-3g_b2.3,sto-3g,2.3,0.002,20,0.25,1.0,0.37625,0.44937499999999997,1.0,0.550625,True,0.07579897057380475
sto-3g_b2.3,sto-3g,2.3,0.002,20,0.35,1.0,0.44687499999999997,0.495,1.0,0.505,True,0.07579897057380475
sto-3g_b2.3,sto-3g,2.3,0.002,20,0.45,1.0,0.5118750000000001,0.99625,1.0,0.003750000000000031,True,0.07579897057380475
sto-3g_b2.3,sto-3g,2.3,0.002,20,0.55,1.0,0.5606249999999999,1.0,1.0,0.0,False,0.07579897057380475
sto-3g_b2.3,sto-3g,2.3,0.002,40,0.15,1.0,0.24500000000000002,0.0125,1.0,0.755,True,0.07579897057380475
sto-3g_b2.3,sto-3g,2.3,0.002,40,0.25,1.0,0.37625,0.296875,1.0,0.62375,True,0.07579897057380475
sto-3g_b2.3,sto-3g,2.3,0.002,40,0.35,1.0,0.44687499999999997,0.34875,1.0,0.5531250000000001,True,0.07579897057380475
sto-3g_b2.3,sto-3g,2.3,0.002,40,0.45,1.0,0.5118750000000001,0.996875,1.0,0.0031250000000000444,True,0.07579897057380475
sto-3g_b2.3,sto-3g,2.3,0.002,40,0.55,1.0,0.5606249999999999,1.0,1.0,0.0,False,0.07579897057380475
sto-3g_b2.3,sto-3g,2.3,0.004,10,0.15,1.0,0.24500000000000002,0.07125000000000001,1.0,0.755,True,0.07579897057380475
sto-3g_b2.3,sto-3g,2.3,0.004,10,0.25,1.0,0.37625,0.180625,1.0,0.62375,True,0.07579897057380475
sto-3g_b2.3,sto-3g,2.3,0.004,10,0.35,1.0,0.44687499999999997,0.33687500000000004,1.0,0.5531250000000001,True,0.07579897057380475
sto-3g_b2.3,sto-3g,2.3,0.004,10,0.45,1.0,0.5118750000000001,0.9668749999999999,1.0,0.03312500000000007,True,0.07579897057380475
sto-3g_b2.3,sto-3g,2.3,0.004,10,0.55,1.0,0.5606249999999999,1.0,1.0,0.0,False,0.07579897057380475
sto-3g_b2.3,sto-3g,2.3,0.004,20,0.15,1.0,0.24500000000000002,0.104375,1.0,0.755,True,0.07579897057380475
sto-3g_b2.3,sto-3g,2.3,0.004,20,0.25,1.0,0.37625,0.29375,1.0,0.62375,True,0.07579897057380475
sto-3g_b2.3,sto-3g,2.3,0.004,20,0.35,1.0,0.44687499999999997,0.42625,1.0,0.5531250000000001,True,0.07579897057380475
sto-3g_b2.3,sto-3g,2.3,0.004,20,0.45,1.0,0.5118750000000001,0.974375,1.0,0.02562500000000001,True,0.07579897057380475
sto-3g_b2.3,sto-3g,2.3,0.004,20,0.55,1.0,0.5606249999999999,1.0,1.0,0.0,False,0.07579897057380475
sto-3g_b2.3,sto-3g,2.3,0.004,40,0.15,1.0,0.24500000000000002,0.076875,0.99875,0.75375,True,0.07579897057380475
sto-3g_b2.3,sto-3g,2.3,0.004,40,0.25,1.0,0.37625,0.230625,0.999375,0.623125,True,0.07579897057380475
sto-3g_b2.3,sto-3g,2.3,0.004,40,0.35,1.0,0.44687499999999997,0.374375,1.0,0.5531250000000001,True,0.07579897057380475
sto-3g_b2.3,sto-3g,2.3,0.004,40,0.45,1.0,0.5118750000000001,0.954375,1.0,0.04562500000000003,True,0.07579897057380475
sto-3g_b2.3,sto-3g,2.3,0.004,40,0.55,1.0,0.5606249999999999,1.0,1.0,0.0,False,0.07579897057380475
sto-3g_b2.3,sto-3g,2.3,0.008,10,0.15,0.99,0.24500000000000002,0.021875000000000002,0.988125,0.743125,True,0.07579897057380475
sto-3g_b2.3,sto-3g,2.3,0.008,10,0.25,1.0,0.37625,0.057499999999999996,1.0,0.62375,True,0.07579897057380475
sto-3g_b2.3,sto-3g,2.3,0.008,10,0.35,1.0,0.44687499999999997,0.31125,1.0,0.5531250000000001,True,0.07579897057380475
sto-3g_b2.3,sto-3g,2.3,0.008,10,0.45,1.0,0.5118750000000001,0.870625,1.0,0.12937500000000002,True,0.07579897057380475
sto-3g_b2.3,sto-3g,2.3,0.008,10,0.55,1.0,0.5606249999999999,0.994375,1.0,0.005624999999999991,True,0.07579897057380475
sto-3g_b2.3,sto-3g,2.3,0.008,20,0.15,0.99,0.24500000000000002,0.069375,0.985625,0.740625,True,0.07579897057380475
sto-3g_b2.3,sto-3g,2.3,0.008,20,0.25,1.0,0.37625,0.131875,1.0,0.62375,True,0.07579897057380475
sto-3g_b2.3,sto-3g,2.3,0.008,20,0.35,1.0,0.44687499999999997,0.369375,1.0,0.5531250000000001,True,0.07579897057380475
sto-3g_b2.3,sto-3g,2.3,0.008,20,0.45,1.0,0.5118750000000001,0.8681249999999999,1.0,0.13187500000000008,True,0.07579897057380475
sto-3g_b2.3,sto-3g,2.3,0.008,20,0.55,1.0,0.5606249999999999,0.993125,1.0,0.0068749999999999645,True,0.07579897057380475
sto-3g_b2.3,sto-3g,2.3,0.008,40,0.15,0.99,0.24500000000000002,0.045625,0.981875,0.7368750000000001,True,0.07579897057380475
sto-3g_b2.3,sto-3g,2.3,0.008,40,0.25,1.0,0.37625,0.09125,0.99625,0.62,True,0.07579897057380475
sto-3g_b2.3,sto-3g,2.3,0.008,40,0.35,1.0,0.44687499999999997,0.364375,0.996875,0.55,True,0.07579897057380475
sto-3g_b2.3,sto-3g,2.3,0.008,40,0.45,1.0,0.5118750000000001,0.859375,0.9975,0.13812500000000005,True,0.07579897057380475
sto-3g_b2.3,sto-3g,2.3,0.008,40,0.55,1.0,0.5606249999999999,0.994375,0.99875,0.004375000000000018,True,0.07579897057380475
sto-3g_b2.4,sto-3g,2.4,0.0005,10,0.15,1.0,0.24500000000000002,0.0,1.0,0.755,True,0.07293444574219116
sto-3g_b2.4,sto-3g,2.4,0.0005,10,0.25,1.0,0.37625,0.578125,1.0,0.421875,True,0.07293444574219116
sto-3g_b2.4,sto-3g,2.4,0.0005,10,0.35,1.0,0.44687499999999997,0.578125,1.0,0.421875,True,0.07293444574219116
sto-3g_b2.4,sto-3g,2.4,0.0005,10,0.45,1.0,0.5118750000000001,1.0,1.0,0.0,False,0.07293444574219116
sto-3g_b2.4,sto-3g,2.4,0.0005,10,0.55,1.0,0.5606249999999999,1.0,1.0,0.0,False,0.07293444574219116
sto-3g_b2.4,sto-3g,2.4,0.0005,20,0.15,1.0,0.24500000000000002,0.0,1.0,0.755,True,0.07293444574219116
sto-3g_b2.4,sto-3g,2.4,0.0005,20,0.25,1.0,0.37625,0.546875,1.0,0.453125,True,0.07293444574219116
sto-3g_b2.4,sto-3g,2.4,0.0005,20,0.35,1.0,0.44687499999999997,0.546875,1.0,0.453125,True,0.07293444574219116
sto-3g_b2.4,sto-3g,2.4,0.0005,20,0.45,1.0,0.5118750000000001,1.0,1.0,0.0,False,0.07293444574219116
sto-3g_b2.4,sto-3g,2.4,0.0005,20,0.55,1.0,0.5606249999999999,1.0,1.0,0.0,False,0.07293444574219116
sto-3g_b2.4,sto-3g,2.4,0.0005,40,0.15,1.0,0.24500000000000002,0.0,1.0,0.755,True,0.07293444574219116
sto-3g_b2.4,sto-3g,2.4,0.0005,40,0.25,1.0,0.37625,0.34375,1.0,0.62375,True,0.07293444574219116
sto-3g_b2.4,sto-3g,2.4,0.0005,40,0.35,1.0,0.44687499999999997,0.34375,1.0,0.5531250000000001,True,0.07293444574219116
sto-3g_b2.4,sto-3g,2.4,0.0005,40,0.45,1.0,0.5118750000000001,1.0,1.0,0.0,False,0.07293444574219116
sto-3g_b2.4,sto-3g,2.4,0.0005,40,0.55,1.0,0.5606249999999999,1.0,1.0,0.0,False,0.07293444574219116
sto-3g_b2.4,sto-3g,2.4,0.001,10,0.15,1.0,0.24500000000000002,0.0,1.0,0.755,True,0.07293444574219116
sto-3g_b2.4,sto-3g,2.4,0.001,10,0.25,1.0,0.37625,0.578125,1.0,0.421875,True,0.07293444574219116
sto-3g_b2.4,sto-3g,2.4,0.001,10,0.35,1.0,0.44687499999999997,0.579375,1.0,0.420625,True,0.07293444574219116
sto-3g_b2.4,sto-3g,2.4,0.001,10,0.45,1.0,0.5118750000000001,1.0,1.0,0.0,False,0.07293444574219116
sto-3g_b2.4,sto-3g,2.4,0.001,10,0.55,1.0,0.5606249999999999,1.0,1.0,0.0,False,0.07293444574219116
sto-3g_b2.4,sto-3g,2.4,0.001,20,0.15,1.0,0.24500000000000002,0.0,1.0,0.755,True,0.07293444574219116
sto-3g_b2.4,sto-3g,2.4,0.001,20,0.25,1.0,0.37625,0.53125,1.0,0.46875,True,0.07293444574219116
sto-3g_b2.4,sto-3g,2.4,0.001,20,0.35,1.0,0.44687499999999997,0.531875,1.0,0.468125,True,0.07293444574219116
sto-3g_b2.4,sto-3g,2.4,0.001,20,0.45,1.0,0.5118750000000001,1.0,1.0,0.0,False,0.07293444574219116
sto-3g_b2.4,sto-3g,2.4,0.001,20,0.55,1.0,0.5606249999999999,1.0,1.0,0.0,False,0.07293444574219116
sto-3g_b2.4,sto-3g,2.4,0.001,40,0.15,1.0,0.24500000000000002,0.0,1.0,0.755,True,0.07293444574219116
sto-3g_b2.4,sto-3g,2.4,0.001,40,0.25,1.0,0.37625,0.328125,1.0,0.62375,True,0.07293444574219116
sto-3g_b2.4,sto-3g,2.4,0.001,40,0.35,1.0,0.44687499999999997,0.328125,1.0,0.5531250000000001,True,0.07293444574219116
sto-3g_b2.4,sto-3g,2.4,0.001,40,0.45,1.0,0.5118750000000001,1.0,1.0,0.0,False,0.07293444574219116
sto-3g_b2.4,sto-3g,2.4,0.001,40,0.55,1.0,0.5606249999999999,1.0,1.0,0.0,False,0.07293444574219116
sto-3g_b2.4,sto-3g,2.4,0.002,10,0.15,1.0,0.24500000000000002,0.01875,1.0,0.755,True,0.07293444574219116
sto-3g_b2.4,sto-3g,2.4,0.002,10,0.25,1.0,0.37625,0.546875,1.0,0.453125,True,0.07293444574219116
sto-3g_b2.4,sto-3g,2.4,0.002,10,0.35,1.0,0.44687499999999997,0.5706249999999999,1.0,0.42937500000000006,True,0.07293444574219116
sto-3g_b2.4,sto-3g,2.4,0.002,10,0.45,1.0,0.5118750000000001,0.9962500000000001,1.0,0.00374999999999992,True,0.07293444574219116
sto-3g_b2.4,sto-3g,2.4,0.002,10,0.55,1.0,0.5606249999999999,1.0,1.0,0.0,False,0.07293444574219116
sto-3g_b2.4,sto-3g,2.4,0.002,20,0.15,1.0,0.24500000000000002,0.02,1.0,0.755,True,0.07293444574219116
sto-3g_b2.4,sto-3g,2.4,0.002,20,0.25,1.0,0.37625,0.53125,1.0,0.46875,True,0.07293444574219116
sto-3g_b2.4,sto-3g,2.4,0.002,20,0.35,1.0,0.44687499999999997,0.56375,1.0,0.43625,True,0.07293444574219116
sto-3g_b2.4,sto-3g,2.4,0.002,20,0.45,1.0,0.5118750000000001,0.99625,1.0,0.003750000000000031,True,0.07293444574219116
sto-3g_b2.4,sto-3g,2.4,0.002,20,0.55,1.0,0.5606249999999999,1.0,1.0,0.0,False,0.07293444574219116
sto-3g_b2.4,sto-3g,2.4,0.002,40,0.15,1.0,0.24500000000000002,0.01125,1.0,0.755,True,0.07293444574219116
sto-3g_b2.4,sto-3g,2.4,0.002,40,0.25,1.0,0.37625,0.328125,1.0,0.62375,True,0.07293444574219116
sto-3g_b2.4,sto-3g,2.4,0.002,40,0.35,1.0,0.44687499999999997,0.376875,1.0,0.5531250000000001,True,0.07293444574219116
sto-3g_b2.4,sto-3g,2.4,0.002,40,0.45,1.0,0.5118750000000001,0.9975,1.0,0.0024999999999999467,True,0.07293444574219116
sto-3g_b2.4,sto-3g,2.4,0.002,40,0.55,1.0,0.5606249999999999,1.0,1.0,0.0,False,0.07293444574219116
sto-3g_b2.4,sto-3g,2.4,0.004,10,0.15,1.0,0.24500000000000002,0.093125,1.0,0.755,True,0.07293444574219116
sto-3g_b2.4,sto-3g,2.4,0.004,10,0.25,1.0,0.37625,0.37375,1.0,0.62375,True,0.07293444574219116
sto-3g_b2.4,sto-3g,2.4,0.004,10,0.35,1.0,0.44687499999999997,0.48187500000000005,1.0,0.518125,True,0.07293444574219116
sto-3g_b2.4,sto-3g,2.4,0.004,10,0.45,1.0,0.5118750000000001,0.971875,1.0,0.028124999999999956,True,0.07293444574219116
sto-3g_b2.4,sto-3g,2.4,0.004,10,0.55,1.0,0.5606249999999999,1.0,1.0,0.0,False,0.07293444574219116
sto-3g_b2.4,sto-3g,2.4,0.004,20,0.15,1.0,0.24500000000000002,0.114375,1.0,0.755,True,0.07293444574219116
sto-3g_b2.4,sto-3g,2.4,0.004,20,0.25,1.0,0.37625,0.37625,1.0,0.62375,True,0.07293444574219116
sto-3g_b2.4,sto-3g,2.4,0.004,20,0.35,1.0,0.44687499999999997,0.5006250000000001,1.0,0.4993749999999999,True,0.07293444574219116
sto-3g_b2.4,sto-3g,2.4,0.004,20,0.45,1.0,0.5118750000000001,0.9762500000000001,1.0,0.023749999999999938,True,0.07293444574219116
sto-3g_b2.4,sto-3g,2.4,0.004,20,0.55,1.0,0.5606249999999999,1.0,1.0,0.0,False,0.07293444574219116
sto-3g_b2.4,sto-3g,2.4,0.004,40,0.15,1.0,0.24500000000000002,0.07375000000000001,0.99875,0.75375,True,0.07293444574219116
sto-3g_b2.4,sto-3g,2.4,0.004,40,0.25,1.0,0.37625,0.265,0.999375,0.623125,True,0.07293444574219116
sto-3g_b2.4,sto-3g,2.4,0.004,40,0.35,1.0,0.44687499999999997,0.41250000000000003,1.0,0.5531250000000001,True,0.07293444574219116
sto-3g_b2.4,sto-3g,2.4,0.004,40,0.45,1.0,0.5118750000000001,0.9575,1.0,0.04249999999999998,True,0.07293444574219116
sto-3g_b2.4,sto-3g,2.4,0.004,40,0.55,1.0,0.5606249999999999,1.0,1.0,0.0,False,0.07293444574219116
sto-3g_b2.4,sto-3g,2.4,0.008,10,0.15,0.99,0.24500000000000002,0.056875,0.988125,0.743125,True,0.07293444574219116
sto-3g_b2.4,sto-3g,2.4,0.008,10,0.25,1.0,0.37625,0.109375,1.0,0.62375,True,0.07293444574219116
sto-3g_b2.4,sto-3g,2.4,0.008,10,0.35,1.0,0.44687499999999997,0.34875,1.0,0.5531250000000001,True,0.07293444574219116
sto-3g_b2.4,sto-3g,2.4,0.008,10,0.45,1.0,0.5118750000000001,0.8831249999999999,1.0,0.11687500000000006,True,0.07293444574219116
sto-3g_b2.4,sto-3g,2.4,0.008,10,0.55,1.0,0.5606249999999999,0.994375,1.0,0.005624999999999991,True,0.07293444574219116
sto-3g_b2.4,sto-3g,2.4,0.008,20,0.15,0.99,0.24500000000000002,0.075,0.985625,0.740625,True,0.07293444574219116
sto-3g_b2.4,sto-3g,2.4,0.008,20,0.25,1.0,0.37625,0.145625,1.0,0.62375,True,0.07293444574219116
sto-3g_b2.4,sto-3g,2.4,0.008,20,0.35,1.0,0.44687499999999997,0.39,1.0,0.5531250000000001,True,0.07293444574219116
sto-3g_b2.4,sto-3g,2.4,0.008,20,0.45,1.0,0.5118750000000001,0.880625,1.0,0.11937500000000001,True,0.07293444574219116
sto-3g_b2.4,sto-3g,2.4,0.008,20,0.55,1.0,0.5606249999999999,0.994375,1.0,0.005624999999999991,True,0.07293444574219116
sto-3g_b2.4,sto-3g,2.4,0.008,40,0.15,0.99,0.24500000000000002,0.078125,0.981875,0.7368750000000001,True,0.07293444574219116
sto-3g_b2.4,sto-3g,2.4,0.008,40,0.25,1.0,0.37625,0.16249999999999998,0.99625,0.62,True,0.07293444574219116
sto-3g_b2.4,sto-3g,2.4,0.008,40,0.35,1.0,0.44687499999999997,0.41125,0.996875,0.55,True,0.07293444574219116
sto-3g_b2.4,sto-3g,2.4,0.008,40,0.45,1.0,0.5118750000000001,0.8731249999999999,0.9975,0.12437500000000012,True,0.07293444574219116
sto-3g_b2.4,sto-3g,2.4,0.008,40,0.55,1.0,0.5606249999999999,0.994375,0.99875,0.004375000000000018,True,0.07293444574219116
sto-3g_b2.5,sto-3g,2.5,0.0005,10,0.15,1.0,0.24500000000000002,0.0,1.0,0.755,True,0.07175798600577599
sto-3g_b2.5,sto-3g,2.5,0.0005,10,0.25,1.0,0.37625,0.578125,1.0,0.421875,True,0.07175798600577599
sto-3g_b2.5,sto-3g,2.5,0.0005,10,0.35,1.0,0.44687499999999997,0.578125,1.0,0.421875,True,0.07175798600577599
sto-3g_b2.5,sto-3g,2.5,0.0005,10,0.45,1.0,0.5118750000000001,1.0,1.0,0.0,False,0.07175798600577599
sto-3g_b2.5,sto-3g,2.5,0.0005,10,0.55,1.0,0.5606249999999999,1.0,1.0,0.0,False,0.07175798600577599
sto-3g_b2.5,sto-3g,2.5,0.0005,20,0.15,1.0,0.24500000000000002,0.0,1.0,0.755,True,0.07175798600577599
sto-3g_b2.5,sto-3g,2.5,0.0005,20,0.25,1.0,0.37625,0.546875,1.0,0.453125,True,0.07175798600577599
sto-3g_b2.5,sto-3g,2.5,0.0005,20,0.35,1.0,0.44687499999999997,0.546875,1.0,0.453125,True,0.07175798600577599
sto-3g_b2.5,sto-3g,2.5,0.0005,20,0.45,1.0,0.5118750000000001,1.0,1.0,0.0,False,0.07175798600577599
sto-3g_b2.5,sto-3g,2.5,0.0005,20,0.55,1.0,0.5606249999999999,1.0,1.0,0.0,False,0.07175798600577599
sto-3g_b2.5,sto-3g,2.5,0.0005,40,0.15,1.0,0.24500000000000002,0.0,1.0,0.755,True,0.07175798600577599
sto-3g_b2.5,sto-3g,2.5,0.0005,40,0.25,1.0,0.37625,0.34375,1.0,0.62375,True,0.07175798600577599
sto-3g_b2.5,sto-3g,2.5,0.0005,40,0.35,1.0,0.44687499999999997,0.34375,1.0,0.5531250000000001,True,0.07175798600577599
sto-3g_b2.5,sto-3g,2.5,0.0005,40,0.45,1.0,0.5118750000000001,1.0,1.0,0.0,False,0.07175798600577599
sto-3g_b2.5,sto-3g,2.5,0.0005,40,0.55,1.0,0.5606249999999999,1.0,1.0,0.0,False,0.07175798600577599
sto-3g_b2.5,sto-3g,2.5,0.001,10,0.15,1.0,0.24500000000000002,0.0,1.0,0.755,True,0.07175798600577599
sto-3g_b2.5,sto-3g,2.5,0.001,10,0.25,1.0,0.37625,0.578125,1.0,0.421875,True,0.07175798600577599
sto-3g_b2.5,sto-3g,2.5,0.001,10,0.35,1.0,0.44687499999999997,0.579375,1.0,0.420625,True,0.07175798600577599
sto-3g_b2.5,sto-3g,2.5,0.001,10,0.45,1.0,0.5118750000000001,1.0,1.0,0.0,False,0.07175798600577599
sto-3g_b2.5,sto-3g,2.5,0.001,10,0.55,1.0,0.5606249999999999,1.0,1.0,0.0,False,0.07175798600577599
sto-3g_b2.5,sto-3g,2.5,0.001,20,0.15,1.0,0.24500000000000002,0.0,1.0,0.755,True,0.07175798600577599
sto-3g_b2.5,sto-3g,2.5,0.001,20,0.25,1.0,0.37625,0.546875,1.0,0.453125,True,0.07175798600577599
sto-3g_b2.5,sto-3g,2.5,0.001,20,0.35,1.0,0.44687499999999997,0.5475,1.0,0.4525,True,0.07175798600577599
sto-3g_b2.5,sto-3g,2.5,0.001,20,0.45,1.0,0.5118750000000001,1.0,1.0,0.0,False,0.07175798600577599
sto-3g_b2.5,sto-3g,2.5,0.001,20,0.55,1.0,0.5606249999999999,1.0,1.0,0.0,False,0.07175798600577599
sto-3g_b2.5,sto-3g,2.5,0.001,40,0.15,1.0,0.24500000000000002,0.0,1.0,0.755,True,0.07175798600577599
sto-3g_b2.5,sto-3g,2.5,0.001,40,0.25,1.0,0.37625,0.34375,1.0,0.62375,True,0.07175798600577599
sto-3g_b2.5,sto-3g,2.5,0.001,40,0.35,1.0,0.44687499999999997,0.34375,1.0,0.5531250000000001,True,0.07175798600577599
sto-3g_b2.5,sto-3g,2.5,0.001,40,0.45,1.0,0.5118750000000001,1.0,1.0,0.0,False,0.07175798600577599
sto-3g_b2.5,sto-3g,2.5,0.001,40,0.55,1.0,0.5606249999999999,1.0,1.0,0.0,False,0.07175798600577599
sto-3g_b2.5,sto-3g,2.5,0.002,10,0.15,1.0,0.24500000000000002,0.02,1.0,0.755,True,0.07175798600577599
sto-3g_b2.5,sto-3g,2.5,0.002,10,0.25,1.0,0.37625,0.578125,1.0,0.421875,True,0.07175798600577599
sto-3g_b2.5,sto-3g,2.5,0.002,10,0.35,1.0,0.44687499999999997,0.60625,1.0,0.39375000000000004,True,0.07175798600577599
sto-3g_b2.5,sto-3g,2.5,0.002,10,0.45,1.0,0.5118750000000001,0.9962500000000001,1.0,0.00374999999999992,True,0.07175798600577599
sto-3g_b2.5,sto-3g,2.5,0.002,10,0.55,1.0,0.5606249999999999,1.0,1.0,0.0,False,0.07175798600577599
sto-3g_b2.5,sto-3g,2.5,0.002,20,0.15,1.0,0.24500000000000002,0.02,1.0,0.755,True,0.07175798600577599
sto-3g_b2.5,sto-3g,2.5,0.002,20,0.25,1.0,0.37625,0.53125,1.0,0.46875,True,0.07175798600577599
sto-3g_b2.5,sto-3g,2.5,0.002,20,0.35,1.0,0.44687499999999997,0.56625,1.0,0.43374999999999997,True,0.07175798600577599
sto-3g_b2.5,sto-3g,2.5,0.002,20,0.45,1.0,0.5118750000000001,0.996875,1.0,0.0031250000000000444,True,0.07175798600577599
sto-3g_b2.5,sto-3g,2.5,0.002,20,0.55,1.0,0.5606249999999999,1.0,1.0,0.0,False,0.07175798600577599
sto-3g_b2.5,sto-3g,2.5,0.002,40,0.15,1.0,0.24500000000000002,0.01125,1.0,0.755,True,0.07175798600577599
sto-3g_b2.5,sto-3g,2.5,0.002,40,0.25,1.0,0.37625,0.328125,1.0,0.62375,True,0.07175798600577599
sto-3g_b2.5,sto-3g,2.5,0.002,40,0.35,1.0,0.44687499999999997,0.379375,1.0,0.5531250000000001,True,0.07175798600577599
sto-3g_b2.5,sto-3g,2.5,0.002,40,0.45,1.0,0.5118750000000001,0.9975,1.0,0.0024999999999999467,True,0.07175798600577599
sto-3g_b2.5,sto-3g,2.5,0.002,40,0.55,1.0,0.5606249999999999,1.0,1.0,0.0,False,0.07175798600577599
sto-3g_b2.5,sto-3g,2.5,0.004,10,0.15,1.0,0.24500000000000002,0.10375000000000001,1.0,0.755,True,0.07175798600577599
sto-3g_b2.5,sto-3g,2.5,0.004,10,0.25,1.0,0.37625,0.41312499999999996,1.0,0.586875,True,0.07175798600577599
sto-3g_b2.5,sto-3g,2.5,0.004,10,0.35,1.0,0.44687499999999997,0.5162500000000001,1.0,0.4837499999999999,True,0.07175798600577599
sto-3g_b2.5,sto-3g,2.5,0.004,10,0.45,1.0,0.5118750000000001,0.97,1.0,0.030000000000000027,True,0.07175798600577599
sto-3g_b2.5,sto-3g,2.5,0.004,10,0.55,1.0,0.5606249999999999,1.0,1.0,0.0,False,0.07175798600577599
sto-3g_b2.5,sto-3g,2.5,0.004,20,0.15,1.0,0.24500000000000002,0.11875000000000001,1.0,0.755,True,0.07175798600577599
sto-3g_b2.5,sto-3g,2.5,0.004,20,0.25,1.0,0.37625,0.42000000000000004,1.0,0.58,True,0.07175798600577599
sto-3g_b2.5,sto-3g,2.5,0.004,20,0.35,1.0,0.44687499999999997,0.541875,1.0,0.458125,True,0.07175798600577599
sto-3g_b2.5,sto-3g,2.5,0.004,20,0.45,1.0,0.5118750000000001,0.9781249999999999,1.0,0.02187500000000009,True,0.07175798600577599
sto-3g_b2.5,sto-3g,2.5,0.004,20,0.55,1.0,0.5606249999999999,1.0,1.0,0.0,False,0.07175798600577599
sto-3g_b2.5,sto-3g,2.5,0.004,40,0.15,1.0,0.24500000000000002,0.07500000000000001,0.99875,0.75375,True,0.07175798600577599
sto-3g_b2.5,sto-3g,2.5,0.004,40,0.25,1.0,0.37625,0.265,0.999375,0.623125,True,0.07175798600577599
sto-3g_b2.5,sto-3g,2.5,0.004,40,0.35,1.0,0.44687499999999997,0.41437500000000005,1.0,0.5531250000000001,True,0.07175798600577599
sto-3g_b2.5,sto-3g,2.5,0.004,40,0.45,1.0,0.5118750000000001,0.9575,1.0,0.04249999999999998,True,0.07175798600577599
sto-3g_b2.5,sto-3g,2.5,0.004,40,0.55,1.0,0.5606249999999999,1.0,1.0,0.0,False,0.07175798600577599
sto-3g_b2.5,sto-3g,2.5,0.008,10,0.15,0.99,0.24500000000000002,0.10625000000000001,0.988125,0.743125,True,0.07175798600577599
sto-3g_b2.5,sto-3g,2.5,0.008,10,0.25,1.0,0.37625,0.186875,1.0,0.62375,True,0.07175798600577599
sto-3g_b2.5,sto-3g,2.5,0.008,10,0.35,1.0,0.44687499999999997,0.40625,1.0,0.5531250000000001,True,0.07175798600577599
sto-3g_b2.5,sto-3g,2.5,0.008,10,0.45,1.0,0.5118750000000001,0.895,1.0,0.10499999999999998,True,0.07175798600577599
sto-3g_b2.5,sto-3g,2.5,0.008,10,0.55,1.0,0.5606249999999999,0.994375,1.0,0.005624999999999991,True,0.07175798600577599
sto-3g_b2.5,sto-3g,2.5,0.008,20,0.15,0.99,0.24500000000000002,0.099375,0.9849999999999999,0.7399999999999999,True,0.07175798600577599
sto-3g_b2.5,sto-3g,2.5,0.008,20,0.25,1.0,0.37625,0.18875000000000003,1.0,0.62375,True,0.07175798600577599
sto-3g_b2.5,sto-3g,2.5,0.008,20,0.35,1.0,0.44687499999999997,0.41625,1.0,0.5531250000000001,True,0.07175798600577599
sto-3g_b2.5,sto-3g,2.5,0.008,20,0.45,1.0,0.5118750000000001,0.8868749999999999,1.0,0.11312500000000014,True,0.07175798600577599
sto-3g_b2.5,sto-3g,2.5,0.008,20,0.55,1.0,0.5606249999999999,0.994375,1.0,0.005624999999999991,True,0.07175798600577599
sto-3g_b2.5,sto-3g,2.5,0.008,40,0.15,0.99,0.24500000000000002,0.08374999999999999,0.981875,0.7368750000000001,True,0.07175798600577599
sto-3g_b2.5,sto-3g,2.5,0.008,40,0.25,1.0,0.37625,0.17875000000000002,0.996875,0.620625,True,0.07175798600577599
sto-3g_b2.5,sto-3g,2.5,0.008,40,0.35,1.0,0.44687499999999997,0.415625,0.9975,0.5506250000000001,True,0.07175798600577599
sto-3g_b2.5,sto-3g,2.5,0.008,40,0.45,1.0,0.5118750000000001,0.8731249999999999,0.9981249999999999,0.125,True,0.07175798600577599
sto-3g_b2.5,sto-3g,2.5,0.008,40,0.55,1.0,0.5606249999999999,0.994375,0.999375,0.0050000000000000044,True,0.07175798600577599
cc-pvtz_b1.0,cc-pvtz,1.0,0.0005,10,0.15,1.0,0.27187500000000003,0.0,1.0,0.7281249999999999,True,0.013867333437136075
cc-pvtz_b1.0,cc-pvtz,1.0,0.0005,10,0.25,1.0,0.458125,0.281875,1.0,0.541875,True,0.013867333437136075
cc-pvtz_b1.0,cc-pvtz,1.0,0.0005,10,0.35,1.0,0.576875,0.9793749999999999,1.0,0.020625000000000115,True,0.013867333437136075
cc-pvtz_b1.0,cc-pvtz,1.0,0.0005,10,0.45,1.0,0.6499999999999999,1.0,1.0,0.0,False,0.013867333437136075
cc-pvtz_b1.0,cc-pvtz,1.0,0.0005,10,0.55,1.0,0.7262500000000001,1.0,1.0,0.0,False,0.013867333437136075
cc-pvtz_b1.0,cc-pvtz,1.0,0.0005,20,0.15,1.0,0.27187500000000003,0.0,1.0,0.7281249999999999,True,0.013867333437136075
cc-pvtz_b1.0,cc-pvtz,1.0,0.0005,20,0.25,1.0,0.458125,0.28125,1.0,0.541875,True,0.013867333437136075
cc-pvtz_b1.0,cc-pvtz,1.0,0.0005,20,0.35,1.0,0.576875,0.98,1.0,0.020000000000000018,True,0.013867333437136075
cc-pvtz_b1.0,cc-pvtz,1.0,0.0005,20,0.45,1.0,0.6499999999999999,1.0,1.0,0.0,False,0.013867333437136075
cc-pvtz_b1.0,cc-pvtz,1.0,0.0005,20,0.55,1.0,0.7262500000000001,1.0,1.0,0.0,False,0.013867333437136075
cc-pvtz_b1.0,cc-pvtz,1.0,0.0005,40,0.15,1.0,0.27187500000000003,0.0,1.0,0.7281249999999999,True,0.013867333437136075
cc-pvtz_b1.0,cc-pvtz,1.0,0.0005,40,0.25,1.0,0.458125,0.36375,1.0,0.541875,True,0.013867333437136075
cc-pvtz_b1.0,cc-pvtz,1.0,0.0005,40,0.35,1.0,0.576875,0.9674999999999999,1.0,0.032500000000000084,True,0.013867333437136075
cc-pvtz_b1.0,cc-pvtz,1.0,0.0005,40,0.45,1.0,0.6499999999999999,1.0,1.0,0.0,False,0.013867333437136075
cc-pvtz_b1.0,cc-pvtz,1.0,0.0005,40,0.55,1.0,0.7262500000000001,1.0,1.0,0.0,False,0.013867333437136075
cc-pvtz_b1.0,cc-pvtz,1.0,0.001,10,0.15,0.973125,0.27187500000000003,0.018125000000000002,0.96875,0.6968749999999999,True,0.013867333437136075
cc-pvtz_b1.0,cc-pvtz,1.0,0.001,10,0.25,1.0,0.458125,0.281875,1.0,0.541875,True,0.013867333437136075
cc-pvtz_b1.0,cc-pvtz,1.0,0.001,10,0.35,1.0,0.576875,0.918125,1.0,0.08187500000000003,True,0.013867333437136075
cc-pvtz_b1.0,cc-pvtz,1.0,0.001,10,0.45,1.0,0.6499999999999999,0.995,1.0,0.0050000000000000044,True,0.013867333437136075
cc-pvtz_b1.0,cc-pvtz,1.0,0.001,10,0.55,1.0,0.7262500000000001,1.0,1.0,0.0,False,0.013867333437136075
cc-pvtz_b1.0,cc-pvtz,1.0,0.001,20,0.15,0.973125,0.27187500000000003,0.016875,0.965,0.693125,True,0.013867333437136075
cc-pvtz_b1.0,cc-pvtz,1.0,0.001,20,0.25,1.0,0.458125,0.29125,1.0,0.541875,True,0.013867333437136075
cc-pvtz_b1.0,cc-pvtz,1.0,0.001,20,0.35,1.0,0.576875,0.91625,1.0,0.08374999999999999,True,0.013867333437136075
cc-pvtz_b1.0,cc-pvtz,1.0,0.001,20,0.45,1.0,0.6499999999999999,0.993125,1.0,0.0068749999999999645,True,0.013867333437136075
cc-pvtz_b1.0,cc-pvtz,1.0,0.001,20,0.55,1.0,0.7262500000000001,1.0,1.0,0.0,False,0.013867333437136075
cc-pvtz_b1.0,cc-pvtz,1.0,0.001,40,0.15,0.973125,0.27187500000000003,0.019375,0.96625,0.694375,True,0.013867333437136075
cc-pvtz_b1.0,cc-pvtz,1.0,0.001,40,0.25,1.0,0.458125,0.35250000000000004,1.0,0.541875,True,0.013867333437136075
cc-pvtz_b1.0,cc-pvtz,1.0,0.001,40,0.35,1.0,0.576875,0.90625,1.0,0.09375,True,0.013867333437136075
cc-pvtz_b1.0,cc-pvtz,1.0,0.001,40,0.45,1.0,0.6499999999999999,0.9962500000000001,1.0,0.00374999999999992,True,0.013867333437136075
cc-pvtz_b1.0,cc-pvtz,1.0,0.001,40,0.55,1.0,0.7262500000000001,1.0,1.0,0.0,False,0.013867333437136075
cc-pvtz_b1.0,cc-pvtz,1.0,0.002,10,0.15,0.8743749999999999,0.27187500000000003,0.06625,0.881875,0.6024999999999998,True,0.013867333437136075
cc-pvtz_b1.0,cc-pvtz,1.0,0.002,10,0.25,0.98375,0.458125,0.393125,0.988125,0.525625,True,0.013867333437136075
cc-pvtz_b1.0,cc-pvtz,1.0,0.002,10,0.35,0.996875,0.576875,0.814375,0.996875,0.1825,True,0.013867333437136075
cc-pvtz_b1.0,cc-pvtz,1.0,0.002,10,0.45,0.999375,0.6499999999999999,0.95875,0.999375,0.04062500000000002,True,0.013867333437136075
cc-pvtz_b1.0,cc-pvtz,1.0,0.002,10,0.55,1.0,0.7262500000000001,0.995,1.0,0.0050000000000000044,True,0.013867333437136075
cc-pvtz_b1.0,cc-pvtz,1.0,0.002,20,0.15,0.8743749999999999,0.27187500000000003,0.07375000000000001,0.8787499999999999,0.6024999999999998,True,0.013867333437136075
cc-pvtz_b1.0,cc-pvtz,1.0,0.002,20,0.25,0.98375,0.458125,0.43,0.99,0.525625,True,0.013867333437136075
cc-pvtz_b1.0,cc-pvtz,1.0,0.002,20,0.35,0.996875,0.576875,0.848125,0.999375,0.14874999999999994,True,0.013867333437136075
cc-pvtz_b1.0,cc-pvtz,1.0,0.002,20,0.45,0.999375,0.6499999999999999,0.9668749999999999,1.0,0.032500000000000084,True,0.013867333437136075
cc-pvtz_b1.0,cc-pvtz,1.0,0.002,20,0.55,1.0,0.7262500000000001,0.99625,1.0,0.003750000000000031,True,0.013867333437136075
cc-pvtz_b1.0,cc-pvtz,1.0,0.002,40,0.15,0.8743749999999999,0.27187500000000003,0.079375,0.860625,0.5887499999999999,True,0.013867333437136075
cc-pvtz_b1.0,cc-pvtz,1.0,0.002,40,0.25,0.98375,0.458125,0.4275,0.98875,0.525625,True,0.013867333437136075
cc-pvtz_b1.0,cc-pvtz,1.0,0.002,40,0.35,0.996875,0.576875,0.838125,0.999375,0.15874999999999995,True,0.013867333437136075
cc-pvtz_b1.0,cc-pvtz,1.0,0.002,40,0.45,0.999375,0.6499999999999999,0.9593750000000001,1.0,0.039999999999999925,True,0.013867333437136075
cc-pvtz_b1.0,cc-pvtz,1.0,0.002,40,0.55,1.0,0.7262500000000001,0.998125,1.0,0.00187499999999996,True,0.013867333437136075
cc-pvtz_b1.0,cc-pvtz,1.0,0.004,10,0.15,0.7112499999999999,0.27187500000000003,0.140625,0.701875,0.43,True,0.013867333437136075
cc-pvtz_b1.0,cc-pvtz,1.0,0.004,10,0.25,0.9162499999999999,0.458125,0.39437500000000003,0.920625,0.4581249999999999,True,0.013867333437136075
cc-pvtz_b1.0,cc-pvtz,1.0,0.004,10,0.35,0.959375,0.576875,0.6425000000000001,0.963125,0.3168749999999999,True,0.013867333437136075
cc-pvtz_b1.0,cc-pvtz,1.0,0.004,10,0.45,0.98625,0.6499999999999999,0.844375,0.985625,0.14125,True,0.013867333437136075
cc-pvtz_b1.0,cc-pvtz,1.0,0.004,10,0.55,0.995625,0.7262500000000001,0.953125,0.9918750000000001,0.03875000000000006,True,0.013867333437136075
cc-pvtz_b1.0,cc-pvtz,1.0,0.004,20,0.15,0.7112499999999999,0.27187500000000003,0.16125000000000003,0.71375,0.4393749999999999,True,0.013867333437136075
cc-pvtz_b1.0,cc-pvtz,1.0,0.004,20,0.25,0.9162499999999999,0.458125,0.444375,0.9343750000000001,0.4581249999999999,True,0.013867333437136075
cc-pvtz_b1.0,cc-pvtz,1.0,0.004,20,0.35,0.959375,0.576875,0.71875,0.974375,0.24062499999999998,True,0.013867333437136075
cc-pvtz_b1.0,cc-pvtz,1.0,0.004,20,0.45,0.98625,0.6499999999999999,0.8987499999999999,0.985,0.08625000000000005,True,0.013867333437136075
cc-pvtz_b1.0,cc-pvtz,1.0,0.004,20,0.55,0.995625,0.7262500000000001,0.975625,0.9875,0.01187500000000008,True,0.013867333437136075
cc-pvtz_b1.0,cc-pvtz,1.0,0.004,40,0.15,0.7112499999999999,0.27187500000000003,0.1575,0.7012499999999999,0.4293749999999999,True,0.013867333437136075
cc-pvtz_b1.0,cc-pvtz,1.0,0.004,40,0.25,0.9162499999999999,0.458125,0.451875,0.930625,0.4581249999999999,True,0.013867333437136075
cc-pvtz_b1.0,cc-pvtz,1.0,0.004,40,0.35,0.959375,0.576875,0.724375,0.98,0.235,True,0.013867333437136075
cc-pvtz_b1.0,cc-pvtz,1.0,0.004,40,0.45,0.98625,0.6499999999999999,0.885,0.989375,0.10124999999999995,True,0.013867333437136075
cc-pvtz_b1.0,cc-pvtz,1.0,0.004,40,0.55,0.995625,0.7262500000000001,0.964375,0.99125,0.026874999999999982,True,0.013867333437136075
cc-pvtz_b1.0,cc-pvtz,1.0,0.008,10,0.15,0.5231250000000001,0.27187500000000003,0.198125,0.53,0.25125000000000003,True,0.013867333437136075
cc-pvtz_b1.0,cc-pvtz,1.0,0.008,10,0.25,0.7875,0.458125,0.395625,0.79125,0.329375,True,0.013867333437136075
cc-pvtz_b1.0,cc-pvtz,1.0,0.008,10,0.35,0.9037499999999999,0.576875,0.57125,0.8987499999999999,0.3218749999999999,True,0.013867333437136075
cc-pvtz_b1.0,cc-pvtz,1.0,0.008,10,0.45,0.9512499999999999,0.6499999999999999,0.731875,0.9356249999999999,0.20374999999999988,True,0.013867333437136075
cc-pvtz_b1.0,cc-pvtz,1.0,0.008,10,0.55,0.9749999999999999,0.7262500000000001,0.8525,0.959375,0.10687499999999994,True,0.013867333437136075
cc-pvtz_b1.0,cc-pvtz,1.0,0.008,20,0.15,0.5231250000000001,0.27187500000000003,0.21625,0.5293749999999999,0.25125000000000003,True,0.013867333437136075
cc-pvtz_b1.0,cc-pvtz,1.0,0.008,20,0.25,0.7875,0.458125,0.421875,0.794375,0.329375,True,0.013867333437136075
cc-pvtz_b1.0,cc-pvtz,1.0,0.008,20,0.35,0.9037499999999999,0.576875,0.6031249999999999,0.9056249999999999,0.30062500000000003,True,0.013867333437136075
cc-pvtz_b1.0,cc-pvtz,1.0,0.008,20,0.45,0.9512499999999999,0.6499999999999999,0.745625,0.94,0.19437499999999996,True,0.013867333437136075
cc-pvtz_b1.0,cc-pvtz,1.0,0.008,20,0.55,0.9749999999999999,0.7262500000000001,0.8631249999999999,0.95875,0.09562500000000007,True,0.013867333437136075
cc-pvtz_b1.0,cc-pvtz,1.0,0.008,40,0.15,0.5231250000000001,0.27187500000000003,0.215,0.5175,0.24562499999999993,True,0.013867333437136075
cc-pvtz_b1.0,cc-pvtz,1.0,0.008,40,0.25,0.7875,0.458125,0.41937500000000005,0.7793749999999999,0.3212499999999999,True,0.013867333437136075
cc-pvtz_b1.0,cc-pvtz,1.0,0.008,40,0.35,0.9037499999999999,0.576875,0.6112500000000001,0.89,0.27874999999999994,True,0.013867333437136075
cc-pvtz_b1.0,cc-pvtz,1.0,0.008,40,0.45,0.9512499999999999,0.6499999999999999,0.75125,0.936875,0.18562500000000004,True,0.013867333437136075
cc-pvtz_b1.0,cc-pvtz,1.0,0.008,40,0.55,0.9749999999999999,0.7262500000000001,0.8518749999999999,0.958125,0.10625000000000007,True,0.013867333437136075
