training_seed,architecture,heldout_both_correct,task_competent,transition,component_norm,next_component_norm,transported_component_norm,transport_fraction_of_next,transport_alignment_with_next,random_transport_median,transport_selectivity_over_random,transport_percentile,matched_own_history_transport,transport_selectivity_over_own_history,erase_cross_entropy_increase,random_action_loss_median,action_loss_selectivity_over_random,action_loss_percentile,matched_own_history_action_loss,action_loss_selectivity_over_own_history,erase_probability_response,random_probability_response_median,probability_response_selectivity_over_random,probability_response_percentile,exchange_cross_entropy_increase,erase_bilateral_fraction,exchange_bilateral_fraction,random_bilateral_median,reentry_state_reconstruction_error
2000,independent,0.11767578125,False,4_to_5,0.0,0.0,0.0,0.0,0.0,0.0,0.0,0.5,0.0,0.0,0.0,0.0,0.0,0.5,0.0,0.0,0.0,0.0,0.0,0.5,0.0,0.0,0.0,0.0,0.0
2000,independent,0.11767578125,False,5_to_6,0.0,0.0,0.0,0.0,0.0,0.0,0.0,0.5,0.0,0.0,0.0,0.0,0.0,0.5,0.0,0.0,0.0,0.0,0.0,0.5,0.0,0.0,0.0,0.0,0.0
2000,independent,0.11767578125,False,6_to_7,0.0,0.0,0.0,0.0,0.0,0.0,0.0,0.5,0.0,0.0,0.0,0.0,0.0,0.5,0.0,0.0,0.0,0.0,0.0,0.5,0.0,0.0,0.0,0.0,0.0
2000,distributed,1.0,True,4_to_5,0.3367512839594774,0.4775180212550054,0.30121647127683976,0.6307960283576048,0.6380973224883383,0.2652681503044231,0.03594832097241668,1.0,0.39053647720543927,-0.08932000592859951,0.07447251556951164,0.24789300928887728,-0.17342049371936563,0.0,3.0743636280395856,-2.999891112470074,0.015746332951764894,0.02933131444849997,-0.013584981496735076,0.0,0.18327872447359966,1.0,0.999267578125,0.999755859375,2.498001805406602e-16
2000,distributed,1.0,True,5_to_6,0.4775180212550054,0.6070453591002001,0.46054456791475473,0.7586658245726516,0.6894536042590365,0.34150203462331896,0.11904253329143577,1.0,0.5179794101174944,-0.057434842202739644,0.3969652662582624,0.36995506684812485,0.027010199410137548,0.984375,2.8771506391644444,-2.480185372906182,0.09577658266119037,0.045186003360433845,0.05059057930075652,1.0,0.993662592488642,1.0,1.0,0.999755859375,2.498001805406602e-16
2000,distributed,1.0,True,6_to_7,0.6070453591002001,0.7016470306587616,0.5802939546359933,0.8270454078472584,0.8180346712450366,0.4145570690687015,0.16573688556729183,1.0,0.5811246598871753,-0.0008307052511820068,0.7117320371399674,0.3118218380752075,0.39991019906475983,1.0,2.9406053655612885,-2.2288733284213214,0.16481430356858975,0.04851966984488236,0.1162946337237074,1.0,3.2209449401488968,1.0,1.0,1.0,2.220446049250313e-16
2000,central_shared,1.0,True,4_to_5,0.32684028300061674,0.43005318261500713,0.402009425367272,0.9347900250912909,0.9020173674769556,0.29056468244490663,0.11144474292236539,1.0,0.36923652384849137,0.03277290151878065,1.501953776658202,0.10319107526567407,1.398762701392528,1.0,1.1322699127206945,0.3696838639375075,0.16196256671780027,0.01574544754223447,0.1462171191755658,1.0,3.99401648217659,1.0,0.997802734375,0.9970703125,2.220446049250313e-16
2000,central_shared,1.0,True,5_to_6,0.43005318261500713,0.5770009663940917,0.5175413299974421,0.8969505427898388,0.8883248696794426,0.33180385757280406,0.185737472424638,1.0,0.42621687276236564,0.09132445723507643,1.7773554009508583,0.16851414421219835,1.60884125673866,1.0,1.2520929463764126,0.5252624545744458,0.1858728536838666,0.024761670971378234,0.16111118271248837,1.0,4.467408679075252,1.0,0.9990234375,0.998046875,2.42861286636753e-16
2000,central_shared,1.0,True,6_to_7,0.5770009663940917,0.6938355872621516,0.6495812125937598,0.936217779138401,0.901583803428837,0.40448563480865773,0.24509557778510205,1.0,0.49585528292733894,0.15372592966642085,2.2236792065146735,0.32379047863103094,1.8998887278836425,1.0,1.3378523587802142,0.8858268477344593,0.268226120894163,0.04473945454655587,0.2234866663476071,1.0,6.464359582736086,1.0,0.99951171875,0.999267578125,2.498001805406602e-16
2000,directional_relay,1.0,True,4_to_5,0.3630361865361983,0.5344883769407895,0.4902174776570046,0.917171446202114,0.9412138773546423,0.2678719719677121,0.22234550568929246,1.0,0.3562830362358724,0.1339344414211322,1.1621972144704864,0.2918521834706132,0.8703450309998733,1.0,1.1365558318731075,0.025641382597378914,0.14822176382652288,0.03623273199744305,0.11198903182907984,1.0,5.0818144492338915,1.0,0.99609375,0.9913330078125,2.220446049250313e-16
2000,directional_relay,1.0,True,5_to_6,0.5344883769407895,0.6740610715838611,0.6535174712231882,0.9695226423439629,0.9552774108605133,0.34562643070391885,0.3078910405192693,1.0,0.4109393779090414,0.24257809331414676,2.4300743031385856,0.3935825767954305,2.0364917263431552,1.0,0.7049853905805769,1.7250889125580087,0.3239688839647259,0.04979027743365179,0.2741786065310741,1.0,7.237912351531445,1.0,0.998291015625,0.99609375,2.220446049250313e-16
2000,directional_relay,1.0,True,6_to_7,0.6740610715838611,0.7576162784552578,0.7617856395855854,1.005503262335953,0.9555043629249781,0.4051997762495667,0.3565858633360187,1.0,0.47733990808945426,0.28444573149613117,3.042170233855045,0.32058324090864454,2.7215869929464005,1.0,0.6590793464453756,2.3830908874096695,0.4013504410209436,0.04521946583894443,0.35613097518199915,1.0,9.01078146610214,1.0,0.99951171875,0.9990234375,2.220446049250313e-16
2000,four_channel_crossbar,1.0,True,4_to_5,0.39256896278888254,0.5611187242021043,0.5487838925587614,0.978017429981716,0.9741950806691339,0.29813170483649376,0.2506521877222676,1.0,0.3469841921714806,0.2017997003872808,3.5407585661343917,0.448644132294247,3.0921144338401447,1.0,0.3305892731470627,3.210169292987329,0.309061242766473,0.04227411603345034,0.2667871267330227,1.0,8.699499598384184,1.0,0.99951171875,1.0,2.220446049250313e-16
2000,four_channel_crossbar,1.0,True,5_to_6,0.5611187242021043,0.7110012162562583,0.7104107766527518,0.9991695659725935,0.9766579826784452,0.36766831118918564,0.3427424654635661,1.0,0.3654240114170203,0.34498676523573146,4.561177998305429,0.49110033579573154,4.070077662509698,1.0,0.16730654519685062,4.393871453108579,0.3954343805533098,0.05456141117347397,0.34087296937983586,1.0,9.476837457332156,1.0,1.0,1.0,2.220446049250313e-16
2000,four_channel_crossbar,1.0,True,6_to_7,0.7110012162562583,0.8147506218288654,0.8282825335492121,1.0166086546702742,0.9855077564800235,0.42168782541902483,0.4065947081301873,1.0,0.4153613885947978,0.4129211449544143,4.921395702260098,0.37751185255231434,4.543883849707783,1.0,0.11143287674840896,4.809962825511689,0.4578923121881384,0.04742489612353795,0.41046741606460047,1.0,9.982013033183467,1.0,1.0,1.0,2.220446049250313e-16
2001,independent,0.1064453125,False,4_to_5,0.0,0.0,0.0,0.0,0.0,0.0,0.0,0.5,0.0,0.0,0.0,0.0,0.0,0.5,0.0,0.0,0.0,0.0,0.0,0.5,0.0,0.0,0.0,0.0,0.0
2001,independent,0.1064453125,False,5_to_6,0.0,0.0,0.0,0.0,0.0,0.0,0.0,0.5,0.0,0.0,0.0,0.0,0.0,0.5,0.0,0.0,0.0,0.0,0.0,0.5,0.0,0.0,0.0,0.0,0.0
2001,independent,0.1064453125,False,6_to_7,0.0,0.0,0.0,0.0,0.0,0.0,0.0,0.5,0.0,0.0,0.0,0.0,0.0,0.5,0.0,0.0,0.0,0.0,0.0,0.5,0.0,0.0,0.0,0.0,0.0
2001,distributed,0.999755859375,True,4_to_5,0.2982863372136311,0.3268962980020519,0.3436387534152193,1.0512164117963256,0.3247612133874575,0.27273132323130356,0.07090743018391577,1.0,0.2987401250544035,0.04489862836081582,0.8512747625728573,0.08974169114239122,0.761533071430466,1.0,1.1505644235716996,-0.29928966099884236,0.07111208596851384,0.01661926471901691,0.054492821249496934,1.0,2.1158023121205507,1.0,1.0,1.0,2.220446049250313e-16
2001,distributed,0.999755859375,True,5_to_6,0.3268962980020519,0.4918617072596838,0.3611312639289471,0.7342130086542474,0.4794386478629784,0.2816961370920617,0.07943512683688542,1.0,0.3188364374153331,0.04229482651361405,0.10878604630069927,0.1174639653812011,-0.008677919080501834,0.203125,0.640149564123372,-0.5313635178226728,0.032317367593257956,0.020227487529308988,0.012089880063948968,1.0,0.7835871917136057,1.0,1.0,1.0,2.220446049250313e-16
2001,distributed,0.999755859375,True,6_to_7,0.4918617072596838,0.6005737326380994,0.4679565563073175,0.7791825231046261,0.5700898321824146,0.3712737582293814,0.09668279807793606,1.0,0.4735554899740688,-0.005598933666751349,0.7959708334959137,0.3597383369992275,0.43623249649668616,1.0,1.6237813495186786,-0.8278105160227649,0.13105518461259077,0.049923814036567656,0.08113137057602313,1.0,1.7889168262105728,1.0,1.0,1.0,2.498001805406602e-16
2001,central_shared,1.0,True,4_to_5,0.4459652782557762,0.5826827893842931,0.5719115786465023,0.9815144518869823,0.9653889462589624,0.34320680043260043,0.2287047782139019,1.0,0.3218132360294552,0.2500983426170471,5.9448850296935705,0.4775990291082354,5.467286000585335,1.0,0.28845251800903204,5.656432511684539,0.37103479819355617,0.043686576138704726,0.3273482220548514,1.0,9.978487472370585,1.0,0.999755859375,0.99951171875,2.220446049250313e-16
2001,central_shared,1.0,True,5_to_6,0.5826827893842931,0.6661238541628383,0.6718796154465831,1.0086406773271595,0.973882640140267,0.4135478921531657,0.25833172329341747,1.0,0.4159938013831087,0.25588581406347444,6.154830913920287,0.48769321693372963,5.667137696986557,1.0,0.1878556062462851,5.9669753076740015,0.4201079073677676,0.050800140673579644,0.36930776669418797,1.0,10.313199117644565,1.0,1.0,0.999755859375,2.220446049250313e-16
2001,central_shared,1.0,True,6_to_7,0.6661238541628383,0.7450745210185434,0.7614480765064793,1.0219757286365834,0.9776724874404614,0.435461800700155,0.3259862758063243,1.0,0.4728017907312245,0.28864628577525475,6.395010606780768,0.36445308034167573,6.030557526439092,1.0,0.4428536297473197,5.952156977033448,0.4431119940500365,0.047884822435898255,0.39522717161413823,1.0,10.564818271219519,1.0,1.0,0.999755859375,2.220446049250313e-16
2001,directional_relay,0.999755859375,True,4_to_5,0.40010960940973694,0.5467103662757404,0.504980627462239,0.9236712135206625,0.8966178124651665,0.3159977711776665,0.18898285628457256,1.0,0.37949523449615036,0.12548539296608868,4.209731445007445,0.5235719436354583,3.6861595013719866,1.0,1.8778696745834744,2.3318617704239704,0.19473189649910594,0.05043969647352525,0.14429220002558069,1.0,6.685310011187177,1.0,0.996826171875,0.996337890625,2.220446049250313e-16
2001,directional_relay,0.999755859375,True,5_to_6,0.5467103662757404,0.6750845593040619,0.6700199685983177,0.9924978424762593,0.9627284036388062,0.3942560766696536,0.2757638919286641,1.0,0.3321586075251721,0.33786136107314557,5.540505803419783,0.5777919601443867,4.962713843275396,1.0,0.2867064824052645,5.253799321014518,0.35915718390797924,0.06643689550270294,0.2927202884052763,1.0,9.802249381537388,1.0,0.997802734375,0.99755859375,2.220446049250313e-16
2001,directional_relay,0.999755859375,True,6_to_7,0.6750845593040619,0.7718133022981218,0.7824885434048608,1.013831377452232,0.9838554036376759,0.4336644740836064,0.3488240693212544,1.0,0.40918788492793445,0.3733006584769264,5.959519341446673,0.4364731986429268,5.5230461428037465,1.0,0.2575140400488406,5.702005301397833,0.4405349445348545,0.05237817673309046,0.388156767801764,1.0,10.868792860267256,1.0,0.999755859375,0.9984130859375,2.220446049250313e-16
2001,four_channel_crossbar,1.0,True,4_to_5,0.26640588824013056,0.43422279973758526,0.28654164334578647,0.6598954350599572,0.775479799107584,0.23171214938916115,0.054829493956625314,1.0,0.33310498398777927,-0.0465633406419928,0.0009116472447098196,0.05253086540895549,-0.051619218164245674,0.0,1.4940750033664425,-1.4931633561217328,0.0005844383560036899,0.008821515980048433,-0.008237077624044744,0.0,0.00809400193024535,0.902099609375,0.93115234375,0.896728515625,2.220446049250313e-16
2001,four_channel_crossbar,1.0,True,5_to_6,0.43422279973758526,0.6081269413431232,0.4397355813269096,0.7230983392311142,0.8166550177650423,0.32505601165177433,0.11467956967513526,1.0,0.45622023293891656,-0.016484651612006962,0.04802965530872058,0.14357396669532135,-0.09554431138660077,0.0,1.6190971271039558,-1.5710674717952353,0.01854700058591362,0.022770232105456784,-0.004223231519543163,0.0,0.4545012264207172,0.97021484375,0.9619140625,0.955810546875,2.220446049250313e-16
2001,four_channel_crossbar,1.0,True,6_to_7,0.6081269413431232,0.7450093289714159,0.5883572152429302,0.7897313394118638,0.7997246273919959,0.4013425786285729,0.18701463661435724,1.0,0.5620802901859322,0.02627692505699797,1.5540277580567678,0.343577015588605,1.2104507424681628,1.0,2.142117704474146,-0.5880899464173781,0.1695587062168069,0.04435136113402523,0.1252073450827817,1.0,3.0989329164632684,0.990234375,0.97705078125,0.971435546875,2.498001805406602e-16
2002,independent,0.117919921875,False,4_to_5,0.0,0.0,0.0,0.0,0.0,0.0,0.0,0.5,0.0,0.0,0.0,0.0,0.0,0.5,0.0,0.0,0.0,0.0,0.0,0.5,0.0,0.0,0.0,0.0,0.0
2002,independent,0.117919921875,False,5_to_6,0.0,0.0,0.0,0.0,0.0,0.0,0.0,0.5,0.0,0.0,0.0,0.0,0.0,0.5,0.0,0.0,0.0,0.0,0.0,0.5,0.0,0.0,0.0,0.0,0.0
2002,independent,0.117919921875,False,6_to_7,0.0,0.0,0.0,0.0,0.0,0.0,0.0,0.5,0.0,0.0,0.0,0.0,0.0,0.5,0.0,0.0,0.0,0.0,0.0,0.5,0.0,0.0,0.0,0.0,0.0
2002,distributed,1.0,True,4_to_5,0.22099186905198714,0.3404366690162848,0.27783449512513425,0.8161121301296836,0.6474002710703093,0.19643956920652617,0.08139492591860809,1.0,0.2795849480903304,-0.0017504529651961587,0.5433565275910887,0.061267851636268356,0.4820886759548203,1.0,0.6247448398744379,-0.0813883122833492,0.07854279717478736,0.012072059630866003,0.06647073754392135,1.0,1.8094265098497886,1.0,1.0,1.0,2.220446049250313e-16
2002,distributed,1.0,True,5_to_6,0.3404366690162848,0.5134896888659564,0.4021158744074724,0.78310408782608,0.7377026004132634,0.2712643363827436,0.13085153802472876,1.0,0.3867247418621107,0.015391132545361674,0.696545296202319,0.06211313370463519,0.6344321624976837,1.0,0.8681471966896587,-0.1716019004873397,0.0890658623107204,0.0132945082970674,0.07577135401365301,1.0,2.096451741392781,1.0,1.0,1.0,2.498001805406602e-16
2002,distributed,1.0,True,6_to_7,0.5134896888659564,0.6738627798621014,0.5284362396284081,0.7841896828558282,0.7673822222869484,0.3528907979773879,0.1755454416510202,1.0,0.5283641620731006,7.207755530758142e-05,0.6583845311811329,0.10127007493852033,0.5571144562426126,1.0,1.795697622640526,-1.137313091459393,0.12893412862800832,0.021245714183568496,0.10768841444443983,1.0,2.2402423932275037,1.0,1.0,1.0,2.3592239273284576e-16
2002,central_shared,1.0,True,4_to_5,0.1983500745732601,0.26273444106018473,0.19634805781609088,0.747325158528087,0.7379194328401262,0.17951916743038515,0.01682889038570573,1.0,0.2646579492959796,-0.0683098914798887,0.008643942852553243,0.059037877615377654,-0.05039393476282441,0.0,0.6709443748745226,-0.6623004320219694,0.0031698239695234463,0.007737160470900289,-0.004567336501376843,0.0,0.15410296278917082,1.0,0.99951171875,0.99951171875,2.220446049250313e-16
2002,central_shared,1.0,True,5_to_6,0.26273444106018473,0.4345551013438201,0.28926504171690137,0.6656579127074493,0.7378983748416493,0.2160410496461158,0.07322399207078556,1.0,0.3117461261770741,-0.022481084460172718,0.00721233449485019,0.05300450125103402,-0.04579216675618383,0.0,0.8854565171769122,-0.8782441826820621,0.0026428785869123637,0.008701011722209726,-0.006058133135297362,0.0,0.1801152837663596,0.9990234375,0.999755859375,0.999755859375,2.498001805406602e-16
2002,central_shared,1.0,True,6_to_7,0.4345551013438201,0.6378188311082276,0.5229777047528605,0.8199471060523136,0.8091513620142153,0.32500205809658966,0.19797564665627088,1.0,0.40272629301935203,0.1202514117335085,0.5870706355125462,0.24112072494239145,0.3459499105701548,1.0,1.5787565664196053,-0.991685930907059,0.10445633957893095,0.03532680615477406,0.0691295334241569,1.0,1.9857499448955782,1.0,0.999755859375,1.0,2.3592239273284576e-16
2002,directional_relay,1.0,True,4_to_5,0.38141233172235356,0.49366089341687486,0.4498271855170096,0.9112068456618669,0.8713592494636134,0.27578252622956123,0.1740446592874484,1.0,0.4192290544349309,0.030598131082078706,1.9822686810498855,0.25189884060952294,1.7303698404403627,1.0,3.099851360136228,-1.1175826790863426,0.21837401074557947,0.03170690958835429,0.18666710115722518,1.0,3.8559285980030693,1.0,0.999755859375,1.0,2.220446049250313e-16
2002,directional_relay,1.0,True,5_to_6,0.49366089341687486,0.6331974642154183,0.6025886878901136,0.9516599827776767,0.8599072772452776,0.3452032191054873,0.25738546878462626,1.0,0.4275106762602609,0.17507801162985265,3.5754890647502604,0.24990557963789645,3.325583485112364,1.0,2.1307953915727595,1.4446936731775009,0.3136612020138114,0.037462525899889465,0.27619867611392196,1.0,5.076936819976064,1.0,1.0,1.0,2.220446049250313e-16
2002,directional_relay,1.0,True,6_to_7,0.6331974642154183,0.728306875300352,0.7398619033950415,1.0158656034791986,0.9417220983119925,0.3966493261082281,0.3432125772868134,1.0,0.45497489027891275,0.2848870131161288,3.0888382840641238,0.21426879078172795,2.874569493282396,1.0,0.15541900058362892,2.933419283480495,0.411200523438217,0.03589107579540518,0.3753094476428118,1.0,8.313065399584262,1.0,1.0,1.0,2.220446049250313e-16
2002,four_channel_crossbar,1.0,True,4_to_5,0.3985274836607947,0.5386303938104353,0.46222531327699057,0.8581493331764442,0.9172101048487712,0.29233816849460903,0.16988714478238154,1.0,0.39274097712075423,0.06948433615623634,0.6341197127543325,0.2113723816387263,0.42274733111560625,1.0,2.06429709038748,-1.4301773776331475,0.11086407198553694,0.02792428809231226,0.08293978389322468,1.0,3.8472367114538453,1.0,1.0,0.999267578125,2.498001805406602e-16
2002,four_channel_crossbar,1.0,True,5_to_6,0.5386303938104353,0.6769178941637374,0.617966324549418,0.9129117872010933,0.919629748772729,0.3416936353705755,0.2762726891788425,1.0,0.42446787071741954,0.19349845383199848,2.3061712510999315,0.20073820234970732,2.105433048750224,1.0,1.5907382206020613,0.7154330304978702,0.2833467446667717,0.02761650023687366,0.255730244429898,1.0,6.04001369893538,1.0,0.999755859375,0.99951171875,2.42861286636753e-16
2002,four_channel_crossbar,1.0,True,6_to_7,0.6769178941637374,0.7512552431494313,0.716925326135732,0.9543032580115108,0.9426418420266067,0.4241787345655642,0.2927465915701678,1.0,0.4680176161613446,0.24890770997438744,2.7978016130023624,0.31691731979295135,2.480884293209411,1.0,0.2806615410062862,2.517140071996076,0.3553021204570568,0.04195179026865836,0.3133503301883984,1.0,8.184931006678378,1.0,1.0,0.999267578125,2.220446049250313e-16
2003,independent,0.101318359375,False,4_to_5,0.0,0.0,0.0,0.0,0.0,0.0,0.0,0.5,0.0,0.0,0.0,0.0,0.0,0.5,0.0,0.0,0.0,0.0,0.0,0.5,0.0,0.0,0.0,0.0,0.0
2003,independent,0.101318359375,False,5_to_6,0.0,0.0,0.0,0.0,0.0,0.0,0.0,0.5,0.0,0.0,0.0,0.0,0.0,0.5,0.0,0.0,0.0,0.0,0.0,0.5,0.0,0.0,0.0,0.0,0.0
2003,independent,0.101318359375,False,6_to_7,0.0,0.0,0.0,0.0,0.0,0.0,0.0,0.5,0.0,0.0,0.0,0.0,0.0,0.5,0.0,0.0,0.0,0.0,0.0,0.5,0.0,0.0,0.0,0.0,0.0
2003,distributed,1.0,True,4_to_5,0.29846002928159443,0.2867724704164514,0.3092166671813322,1.0782648234409926,0.4200413288108053,0.2431256315424963,0.06609103563883592,1.0,0.3121494332461571,-0.0029327660648248988,0.4100318774866051,0.09417679521854924,0.3158550822680558,1.0,0.25299765403405555,0.15703422345254953,0.08013461997744743,0.017665065502228433,0.062469554475219,1.0,1.4828127974031104,1.0,1.0,1.0,2.220446049250313e-16
2003,distributed,1.0,True,5_to_6,0.2867724704164514,0.4295150896424591,0.27558581097461265,0.6416207896305071,0.39043422150550955,0.21767394297358256,0.0579118680010301,1.0,0.27034102080631217,0.005244790168300484,0.013404659263254003,0.01941518483779202,-0.006010525574538015,0.03125,0.12799501908865238,-0.11459035982539838,0.005262819366246876,0.004935332430621708,0.0003274869356251677,0.75,0.2213436480579006,1.0,1.0,1.0,2.220446049250313e-16
2003,distributed,1.0,True,6_to_7,0.4295150896424591,0.6010899314775928,0.43579971820769897,0.7250158343800914,0.5816477208709253,0.29404582095629606,0.14175389725140292,1.0,0.38450894103468825,0.051290777173010726,0.4594022423851127,0.059781189412330474,0.3996210529727822,1.0,0.8539150330123871,-0.39451279062727446,0.08671061118953494,0.01279388654957383,0.0739167246399611,1.0,1.2395115556175547,1.0,0.999755859375,1.0,2.636779683484747e-16
2003,central_shared,1.0,True,4_to_5,0.21504111572808926,0.3868244481661486,0.21906994792872592,0.5663291163919172,0.4656661178434156,0.1672232546785376,0.051846693250188314,1.0,0.23550809967191982,-0.016438151743193907,0.00012603014290690567,0.031463944026904854,-0.031337913883997946,0.0,1.052724143110898,-1.052598112967991,8.347389101065928e-05,0.005227112306747555,-0.005143638415736896,0.0,0.026047383900984263,0.96044921875,0.9716796875,0.9736328125,2.220446049250313e-16
2003,central_shared,1.0,True,5_to_6,0.3868244481661486,0.5747634547469579,0.4286724023280708,0.7458240408078758,0.7407602516181897,0.268642546925274,0.1600298554027968,1.0,0.3633572307102467,0.06531517161782407,0.28526158422157927,0.1274360058196246,0.15782557840195466,1.0,1.9348260837839928,-1.6495644995624135,0.051682441206685775,0.018796243501537205,0.03288619770514857,1.0,0.4009269824806654,1.0,0.992919921875,0.993408203125,2.498001805406602e-16
2003,central_shared,1.0,True,6_to_7,0.5747634547469579,0.7100885212246368,0.6082689834433441,0.856610077845376,0.8358059231779282,0.3757158599077955,0.23255312353554863,1.0,0.5087573951607239,0.09951158828262019,0.8690484181012459,0.31632880821301246,0.5527196098882334,1.0,1.8689262630217414,-0.9998778449204955,0.18609626085793618,0.04609533850393108,0.1400009223540051,1.0,3.0592425420430907,1.0,0.997314453125,0.997802734375,2.220446049250313e-16
2003,directional_relay,1.0,True,4_to_5,0.3585534290830915,0.5328814197738472,0.397326752630621,0.7456194528216896,0.7891777234666812,0.25806595764416607,0.13926079498645494,1.0,0.4024306475781034,-0.005103894947482368,1.4748094044394076,0.28549957001641413,1.1893098344229935,1.0,2.4240844512383486,-0.949275046798941,0.14472561196290387,0.03262662482427538,0.1120989871386285,1.0,2.431902431644418,0.998291015625,1.0,1.0,2.498001805406602e-16
2003,directional_relay,1.0,True,5_to_6,0.5328814197738472,0.6416020406280663,0.558327646671724,0.8702086516513808,0.8137672612393327,0.35943705735643905,0.19889058931528492,1.0,0.5177396720652315,0.04058797460649244,3.4137049226187894,0.3647134752771478,3.0489914473416415,1.0,3.992327575288761,-0.5786226526699716,0.2183543711166088,0.04649466886856131,0.17185970224804747,1.0,4.217962575037541,1.0,1.0,1.0,2.220446049250313e-16
2003,directional_relay,1.0,True,6_to_7,0.6416020406280663,0.7398216324186242,0.6905080366921734,0.9333439391799956,0.91380052569988,0.41176184180867026,0.27874619488350316,1.0,0.5385578923142389,0.15195014437793453,3.193916066841344,0.317572142261076,2.876343924580268,1.0,1.9502037404520929,1.2437123263892513,0.2813068296570956,0.050376522050792655,0.23093030760630293,1.0,5.320105778610099,1.0,1.0,1.0,2.498001805406602e-16
2003,four_channel_crossbar,1.0,True,4_to_5,0.3515340825690465,0.5331700334884871,0.4578541899550842,0.8587395412292442,0.9120117304434048,0.25477515842064047,0.20307903153444373,1.0,0.3639536902338388,0.09390049972124542,1.150637995967221,0.2349239740761463,0.9157140218910748,1.0,1.9442995355378503,-0.7936615395706292,0.19076274013165037,0.026906044443420638,0.16385669568822975,1.0,4.998843343683947,1.0,0.99951171875,0.999755859375,2.220446049250313e-16
2003,four_channel_crossbar,1.0,True,5_to_6,0.5331700334884871,0.6928810240880128,0.6289919108767934,0.9077920869671502,0.9318805737930576,0.3384373075603608,0.2905546033164326,1.0,0.41169259995446983,0.21729931092232357,3.0760075223693915,0.3654898678468282,2.710517654522563,1.0,1.10080118409679,1.9752063382726015,0.30424543986889097,0.043733427181682584,0.26051201268720836,1.0,6.0798330293403335,1.0,0.999755859375,1.0,2.498001805406602e-16
2003,four_channel_crossbar,1.0,True,6_to_7,0.6928810240880128,0.8056000606137648,0.7828794058389221,0.9717966074164239,0.9513514392548997,0.40376984873190813,0.379109557107014,1.0,0.4630529131800821,0.31982649265884,3.57843808630061,0.2860691827617614,3.292368903538849,1.0,0.9868792464101513,2.5915588398904585,0.3772296365585148,0.04120951029332076,0.33602012626519406,1.0,7.915657914450054,1.0,1.0,1.0,2.220446049250313e-16
2004,independent,0.11767578125,False,4_to_5,0.0,0.0,0.0,0.0,0.0,0.0,0.0,0.5,0.0,0.0,0.0,0.0,0.0,0.5,0.0,0.0,0.0,0.0,0.0,0.5,0.0,0.0,0.0,0.0,0.0
2004,independent,0.11767578125,False,5_to_6,0.0,0.0,0.0,0.0,0.0,0.0,0.0,0.5,0.0,0.0,0.0,0.0,0.0,0.5,0.0,0.0,0.0,0.0,0.0,0.5,0.0,0.0,0.0,0.0,0.0
2004,independent,0.11767578125,False,6_to_7,0.0,0.0,0.0,0.0,0.0,0.0,0.0,0.5,0.0,0.0,0.0,0.0,0.0,0.5,0.0,0.0,0.0,0.0,0.0,0.5,0.0,0.0,0.0,0.0,0.0
2004,distributed,1.0,True,4_to_5,0.3947889136906578,0.5213063546356621,0.4337665542871196,0.8320760919752771,0.8222510565488361,0.3393568946749511,0.09440965961216846,1.0,0.42998190807171754,0.003784646215402032,0.7301470150487709,0.6838317638889331,0.04631525115983781,0.96875,3.5383766913333314,-2.8082296762845607,0.12372564298163545,0.08188531617296144,0.041840326808674014,1.0,2.5427381200646195,1.0,1.0,1.0,2.498001805406602e-16
2004,distributed,1.0,True,5_to_6,0.5213063546356621,0.5970339772731742,0.506858837976109,0.8489614616090678,0.7906118986483168,0.4052811551034465,0.1015776828726625,1.0,0.5055167897422942,0.0013420482338147854,0.42156740401804826,0.6582951720878426,-0.23672776806979434,0.0,2.487513616483498,-2.0659462124654495,0.09377587212920048,0.08387741413842743,0.009898457990773046,1.0,1.950661507760512,1.0,1.0,1.0,2.498001805406602e-16
2004,distributed,1.0,True,6_to_7,0.5970339772731742,0.6779254591168581,0.5480030414515443,0.808352945123841,0.7729028594609357,0.42247748319430684,0.1255255582572375,1.0,0.48438501587014227,0.06361802558140206,1.0262998115822708,0.41166716485330296,0.6146326467289678,1.0,0.9051348940020202,0.12116491758025061,0.18348467770267796,0.061103757069562496,0.12238092063311545,1.0,2.957224186193309,1.0,1.0,1.0,2.220446049250313e-16
2004,central_shared,1.0,True,4_to_5,0.29431867309677173,0.4379353923845811,0.3518259243369276,0.8033740374835133,0.7936023030712853,0.24510326766340657,0.10672265667352104,1.0,0.3238132812424477,0.028012643094479928,3.1724740102603404,0.24010328814687054,2.93237072211347,1.0,2.4722133292117334,0.700260681048607,0.22325360552596055,0.02834373486053448,0.19490987066542606,1.0,4.083297777388523,1.0,0.999755859375,0.999267578125,2.220446049250313e-16
2004,central_shared,1.0,True,5_to_6,0.4379353923845811,0.5878808276628893,0.5345526313181774,0.9092874034407327,0.8625686784916502,0.3021720412739449,0.2323805900442325,1.0,0.3474942012680311,0.18705843005014633,3.815621647890325,0.26903559532694654,3.5465860525633786,1.0,0.9350405534958871,2.880581094394438,0.3075883591766965,0.034808474348127866,0.27277988482856863,1.0,6.266573786406226,1.0,1.0,0.999755859375,2.220446049250313e-16
2004,central_shared,1.0,True,6_to_7,0.5878808276628893,0.7271371871079548,0.691788086711199,0.9513859268601706,0.9441833666311605,0.37381185326876126,0.3179762334424377,1.0,0.43609148894660404,0.2556965977645949,4.328529990282012,0.2323162412315872,4.096213749050424,1.0,0.2515101638851613,4.0770198263968505,0.351499726881141,0.03504506683825864,0.31645466004288236,1.0,7.448716552541614,1.0,0.999755859375,0.999755859375,2.220446049250313e-16
2004,directional_relay,1.0,True,4_to_5,0.21937405423060757,0.3817356006899658,0.2606331023820681,0.6827581758447163,0.7003368625620499,0.17818457023490547,0.08244853214716263,1.0,0.25623185156243844,0.004401250819629665,0.4599919592316071,0.027101934643354586,0.4328900245882525,1.0,0.6025636576961448,-0.14257169846453777,0.041302188728420224,0.004840198578990184,0.03646199014943004,1.0,0.4983371238650255,0.997314453125,0.99658203125,0.994140625,2.220446049250313e-16
2004,directional_relay,1.0,True,5_to_6,0.3817356006899658,0.5839935059191987,0.4684091780229966,0.8020794294377062,0.8544144643133458,0.27665552598107446,0.19175365204192213,1.0,0.38228710377487307,0.08612207424812351,1.1623136395801383,0.09054277117682644,1.0717708684033118,1.0,0.6390321748736352,0.5232814647065032,0.10121792284692777,0.014705102445269819,0.08651282040165795,1.0,2.2322496026415384,0.9990234375,0.998779296875,0.9990234375,2.498001805406602e-16
2004,directional_relay,1.0,True,6_to_7,0.5839935059191987,0.719195802550717,0.6468080918764904,0.8993490918363335,0.93248386162743,0.377739952636981,0.26906813923950934,1.0,0.5129494839641595,0.13385860791233084,1.9778839559652068,0.20790550674243855,1.7699784492227684,1.0,0.6464141735032707,1.3314697824619361,0.23934389093309758,0.03152051644747509,0.2078233744856225,1.0,5.9975364000663145,1.0,1.0,0.99951171875,2.498001805406602e-16
2004,four_channel_crossbar,1.0,True,4_to_5,0.36495876645921693,0.5143267712996321,0.46436705092966124,0.9028638539585843,0.9280397232707405,0.31348049470208766,0.15088655622757358,1.0,0.3973051603495021,0.06706189058015916,1.679429977733098,0.388147362653796,1.291282615079302,1.0,1.777171234978544,-0.09774125724544591,0.22039173479103732,0.04504035731928252,0.1753513774717548,1.0,4.947335316435776,1.0,0.999755859375,0.999755859375,2.220446049250313e-16
2004,four_channel_crossbar,1.0,True,5_to_6,0.5143267712996321,0.6523361989960874,0.636343349299324,0.9754837310555882,0.9422921810025011,0.3977514677562771,0.2385918815430469,1.0,0.4811443465104184,0.15519900278890564,3.1111589046759165,0.47537716692713305,2.6357817377487835,1.0,0.8203639523256492,2.290794952350267,0.306663591895227,0.054477319995727205,0.2521862718994998,1.0,7.197217397918584,1.0,1.0,1.0,2.498001805406602e-16
2004,four_channel_crossbar,1.0,True,6_to_7,0.6523361989960874,0.7574412902107723,0.7644698306041211,1.0092793203700223,0.9736007007039176,0.44960399296618747,0.31486583763793363,1.0,0.45049824821494333,0.3139715823891778,4.282519545578413,0.44388869757944094,3.8386308479989726,1.0,0.02502919020929776,4.257490355369115,0.42152982357864555,0.054369376722976474,0.36716044685566906,1.0,9.404192525398013,1.0,1.0,1.0,2.220446049250313e-16
2005,independent,0.1064453125,False,4_to_5,0.0,0.0,0.0,0.0,0.0,0.0,0.0,0.5,0.0,0.0,0.0,0.0,0.0,0.5,0.0,0.0,0.0,0.0,0.0,0.5,0.0,0.0,0.0,0.0,0.0
2005,independent,0.1064453125,False,5_to_6,0.0,0.0,0.0,0.0,0.0,0.0,0.0,0.5,0.0,0.0,0.0,0.0,0.0,0.5,0.0,0.0,0.0,0.0,0.0,0.5,0.0,0.0,0.0,0.0,0.0
2005,independent,0.1064453125,False,6_to_7,0.0,0.0,0.0,0.0,0.0,0.0,0.0,0.5,0.0,0.0,0.0,0.0,0.0,0.5,0.0,0.0,0.0,0.0,0.0,0.5,0.0,0.0,0.0,0.0,0.0
2005,distributed,1.0,True,4_to_5,0.3522075887710506,0.44108189707386647,0.3948170274065712,0.8951104772736854,0.6939888151297684,0.2953461401597646,0.09947088724680658,1.0,0.3765001846841301,0.018316842722441107,0.09558216435433425,0.21690649504131493,-0.12132433068698067,0.0,1.5156594619912889,-1.4200772976369547,0.028746671490914727,0.03317224162632522,-0.004425570135410492,0.0,1.602852271696097,1.0,1.0,0.999755859375,2.498001805406602e-16
2005,distributed,1.0,True,5_to_6,0.44108189707386647,0.5468555402454628,0.45438280788353924,0.8309009865376585,0.7164540947585534,0.35405653971216783,0.10032626817137141,1.0,0.4492335034779076,0.005149304405631661,0.3927107607731646,0.23458430554269677,0.1581264552304678,1.0,2.290952432480708,-1.8982416717075434,0.08598916511312145,0.035599416483967194,0.050389748629154255,1.0,1.5473509833723968,1.0,0.999755859375,1.0,2.498001805406602e-16
2005,distributed,1.0,True,6_to_7,0.5468555402454628,0.6630295641151916,0.5628093224806244,0.8488449881291336,0.8120525082028195,0.4008892365375124,0.16192008594311202,1.0,0.5380118750372584,0.024797447443365983,2.0579029387387573,0.1926912242414648,1.8652117144972924,1.0,1.2971602730048988,0.7607426657338585,0.21282967282470558,0.034610754507179486,0.1782189183175261,1.0,3.698067722070334,1.0,1.0,0.999755859375,2.498001805406602e-16
2005,central_shared,1.0,True,4_to_5,0.36297548266717183,0.5070666432040599,0.43817545098273475,0.864137795012477,0.8792177440454866,0.28514107312248105,0.1530343778602537,1.0,0.3738235147835778,0.06435193619915697,1.570968268480727,0.40604036382371517,1.1649279046570118,1.0,2.514407619724711,-0.943439351243984,0.12790322516710506,0.03885832704099233,0.08904489812611273,1.0,4.693018920526847,0.97509765625,0.993896484375,0.992431640625,2.220446049250313e-16
2005,central_shared,1.0,True,5_to_6,0.5070666432040599,0.6583136419895019,0.6187680778874515,0.9399289919277093,0.9203621146138408,0.352932413073755,0.26583566481369647,1.0,0.4267335231184013,0.19203455476905018,3.7968815025962455,0.4951200230014786,3.301761479594767,1.0,1.299028302752321,2.4978531998439246,0.2987895739835967,0.04789595210990619,0.25089362187369046,1.0,7.533323851695228,1.0,0.997802734375,0.99609375,2.220446049250313e-16
2005,central_shared,1.0,True,6_to_7,0.6583136419895019,0.7252039587328041,0.7274593866741959,1.0031100601620169,0.9494635662992207,0.4207322248329806,0.30672716184121523,1.0,0.4317113684813775,0.2957480181928184,3.9572943255995234,0.4586952783200265,3.4985990472794968,1.0,1.264951017700404,2.6923433078991197,0.3656512971796091,0.058118738287507354,0.30753255889210174,1.0,8.238135716761745,1.0,0.999267578125,0.99658203125,2.220446049250313e-16
2005,directional_relay,1.0,True,4_to_5,0.3967108916344703,0.5792138604285342,0.47067699756786635,0.8126134917069038,0.9045674108111582,0.2824511381714765,0.18822585939638986,1.0,0.4190207329254477,0.051656264642418626,0.511798912289389,0.5305008167704264,-0.018701904481037368,0.265625,3.909166994185656,-3.397368081896267,0.05305523458220013,0.048935398119401535,0.004119836462798593,1.0,0.7568637074184826,0.99853515625,0.999755859375,0.999267578125,2.220446049250313e-16
2005,directional_relay,1.0,True,5_to_6,0.5792138604285342,0.6899082936421164,0.6186451579303361,0.8967063646451142,0.9505454210300057,0.35779840917571804,0.2608467487546181,1.0,0.5407657211745,0.0778794367558362,0.9888452139693288,0.5514567885252968,0.437388425444032,1.0,2.9893505894783887,-2.00050537550906,0.09999836103764552,0.06256512186275379,0.03743323917489173,1.0,2.9182771078206518,1.0,0.999755859375,0.999755859375,2.220446049250313e-16
2005,directional_relay,1.0,True,6_to_7,0.6899082936421164,0.7696832678531962,0.7340229465287293,0.9536688365021488,0.9691872694903784,0.4230157925818693,0.31100715394686007,1.0,0.6034106195006468,0.13061232702808256,1.9619244925043429,0.4110214008822044,1.5509030916221385,1.0,1.0450495580324382,0.9168749344719047,0.30022114271576666,0.053562734042550304,0.24665840867321637,1.0,6.890856196908378,1.0,1.0,1.0,2.220446049250313e-16
2005,four_channel_crossbar,1.0,True,4_to_5,0.37146843593789125,0.5283438397958785,0.45915637884230964,0.8690484193393853,0.9585166086997978,0.27552519285048527,0.18363118599182437,1.0,0.34733632833731665,0.111820050504993,1.140200876805085,0.48266314817926165,0.6575377286258235,1.0,2.190722708849539,-1.050521832044454,0.1492484015766,0.04839103578075553,0.10085736579584446,1.0,3.544639510611229,1.0,0.99951171875,0.999755859375,2.220446049250313e-16
2005,four_channel_crossbar,1.0,True,5_to_6,0.5283438397958785,0.6745182510932515,0.6440258682149083,0.9547938357058219,0.9775657603171823,0.3513799105219206,0.2926459576929877,1.0,0.4332871632312887,0.21073870498361957,2.639152842713333,0.5902286455366523,2.0489241971766807,1.0,1.6122888753136049,1.0268639673997282,0.29736334754734234,0.0623565119135088,0.23500683563383354,1.0,6.958935635112199,1.0,0.999755859375,1.0,2.220446049250313e-16
2005,four_channel_crossbar,1.0,True,6_to_7,0.6745182510932515,0.7877606616917232,0.7701193089728033,0.9776056947537405,0.9873619978868238,0.4050260483829598,0.36509326058984354,1.0,0.5003761778672615,0.2697431311055418,3.5807248359174517,0.4101091609889157,3.170615674928536,1.0,0.8845572126939751,2.6961676232234764,0.3883377465031797,0.05579043888032663,0.33254730762285306,1.0,8.599553281661812,1.0,1.0,1.0,2.220446049250313e-16
2006,independent,0.1064453125,False,4_to_5,0.0,0.0,0.0,0.0,0.0,0.0,0.0,0.5,0.0,0.0,0.0,0.0,0.0,0.5,0.0,0.0,0.0,0.0,0.0,0.5,0.0,0.0,0.0,0.0,0.0
2006,independent,0.1064453125,False,5_to_6,0.0,0.0,0.0,0.0,0.0,0.0,0.0,0.5,0.0,0.0,0.0,0.0,0.0,0.5,0.0,0.0,0.0,0.0,0.0,0.5,0.0,0.0,0.0,0.0,0.0
2006,independent,0.1064453125,False,6_to_7,0.0,0.0,0.0,0.0,0.0,0.0,0.0,0.5,0.0,0.0,0.0,0.0,0.0,0.5,0.0,0.0,0.0,0.0,0.0,0.5,0.0,0.0,0.0,0.0,0.0
2006,distributed,1.0,True,4_to_5,0.4183021418662216,0.5330219258184453,0.4595138057555776,0.8620917517604977,0.7377555704375027,0.3349413800440822,0.1245724257114954,1.0,0.4268205124996164,0.03269329325596121,1.7620347237982092,0.4821573060821729,1.2798774177160364,1.0,1.9388000682714321,-0.1767653444732229,0.20016592502557548,0.05714627659692294,0.14301964842865256,1.0,3.3858063019947444,1.0,1.0,1.0,2.220446049250313e-16
2006,distributed,1.0,True,5_to_6,0.5330219258184453,0.616059284802081,0.5178661268421768,0.8406108626518788,0.7440038427807437,0.38904083686772806,0.12882528997444875,1.0,0.5508684719487815,-0.033002345106604714,1.7238184607256062,0.5129821710504661,1.2108362896751401,1.0,2.9327517969958046,-1.2089333362701984,0.19608471940764152,0.0649494574698469,0.13113526193779462,1.0,3.3670447705768614,1.0,1.0,1.0,2.498001805406602e-16
2006,distributed,1.0,True,6_to_7,0.616059284802081,0.6944434413117404,0.5864485087964759,0.8444870725378701,0.7579402387156264,0.44160726632250785,0.14484124247396807,1.0,0.6281276864282357,-0.04167917763175977,1.4994091205636317,0.487478323663562,1.0119307969000697,1.0,3.467048201999003,-1.9676390814353713,0.20552310524418207,0.06896901433776015,0.13655409090642193,1.0,2.387079093691112,1.0,1.0,1.0,2.220446049250313e-16
2006,central_shared,1.0,True,4_to_5,0.28637913887129207,0.4079140416341116,0.3530297853457778,0.8654514169983794,0.8423370388411462,0.24182706739241644,0.11120271795336134,1.0,0.29858103861168883,0.05444874673408895,1.0741329399301807,0.11297516255421555,0.9611577773759651,1.0,1.0531656464229813,0.02096729350719939,0.11798549665813417,0.015851493095273488,0.10213400356286068,1.0,3.0050986901452115,1.0,0.997314453125,0.996826171875,2.220446049250313e-16
2006,central_shared,1.0,True,5_to_6,0.4079140416341116,0.5922544712257298,0.5046394213104681,0.8520651946553758,0.8673881731557896,0.2931450267681934,0.21149439454227476,1.0,0.3980845081510086,0.10655491315945953,1.0102952396505966,0.21088710263206742,0.7994081370185292,1.0,2.3318418923618007,-1.321546652711204,0.1268595573542717,0.0276172690162372,0.0992422883380345,1.0,3.048526121065757,1.0,0.99755859375,0.997314453125,2.220446049250313e-16
2006,central_shared,1.0,True,6_to_7,0.5922544712257298,0.7066575991878712,0.6489807722750176,0.9183808014247086,0.9191819627935148,0.3849608999361708,0.26401987233884683,1.0,0.5460073914822251,0.1029733807927925,2.6708385022286856,0.37861350437210667,2.2922249978565787,1.0,2.4777884968289317,0.19305000539975392,0.2887050591745349,0.0486282952983533,0.24007676387618157,1.0,5.837822586449457,1.0,0.99755859375,0.9989013671875,2.498001805406602e-16
2006,directional_relay,1.0,True,4_to_5,0.34532419660370395,0.5243340838955741,0.4835645405647666,0.9222451017719322,0.934740747226783,0.2755588495673994,0.2080056909973672,1.0,0.3352302004719421,0.14833434009282453,0.9990291542205877,0.326865343912031,0.6721638103085568,1.0,1.5495009209412136,-0.5504717667206259,0.12472436706631447,0.04025280792738297,0.0844715591389315,1.0,4.1819990741702435,1.0,0.99951171875,0.999755859375,2.220446049250313e-16
2006,directional_relay,1.0,True,5_to_6,0.5243340838955741,0.6602631398621421,0.627221531386342,0.949956908873182,0.9478627636260275,0.36191201978380705,0.2653095116025349,1.0,0.41595306089067086,0.2112684704956711,1.780657641966972,0.4279479844407057,1.3527096575262663,1.0,1.7255962577746986,0.055061384192273355,0.29440650528247186,0.05257062135639194,0.2418358839260799,1.0,6.27680046537989,1.0,0.99951171875,1.0,2.498001805406602e-16
2006,directional_relay,1.0,True,6_to_7,0.6602631398621421,0.7763009039113657,0.7620728334039784,0.9816719645234216,0.9594816808277922,0.4221882149997947,0.33988461840418366,1.0,0.4277697156681485,0.3343031177358299,3.1413433765349317,0.2824376757747834,2.858905700760148,1.0,0.23253045029675645,2.9088129262381752,0.42554574841966336,0.046529414158989535,0.3790163342606738,1.0,7.9741086751748655,1.0,1.0,1.0,2.220446049250313e-16
2006,four_channel_crossbar,0.999755859375,True,4_to_5,0.2950744998755696,0.4577211855100535,0.31550291499554495,0.6892906096185386,0.682420096204875,0.22627690742307432,0.08922600757247062,1.0,0.32061403789709586,-0.005111122901550913,0.028758273679342364,0.19240211156687814,-0.16364383788753578,0.0,1.6248946776076143,-1.596136403928272,0.007187787806642053,0.021050642540845578,-0.013862854734203525,0.0,0.11662908577383246,1.0,0.998779296875,0.9990234375,2.498001805406602e-16
2006,four_channel_crossbar,0.999755859375,True,5_to_6,0.4577211855100535,0.6143615777532607,0.5127240344720626,0.8345639653233365,0.8114978143655482,0.30995652333152024,0.20276751114054237,1.0,0.4494303045520908,0.06329372991997179,0.27171549396961975,0.3788081565513034,-0.10709266258168365,0.0,2.9354557505720327,-2.663740256602413,0.07464673037649522,0.04451962560095376,0.03012710477554146,1.0,1.1952157340672263,1.0,0.999755859375,0.99951171875,2.220446049250313e-16
2006,four_channel_crossbar,0.999755859375,True,6_to_7,0.6143615777532607,0.7076517720476022,0.6362743252214511,0.8991347868463336,0.8735094160361887,0.40651499964410126,0.22975932557734985,1.0,0.5146561340124542,0.12161819120899686,1.228357251069843,0.3963190751977072,0.8320381758721358,1.0,2.5607639004077267,-1.3324066493378837,0.2020781442774456,0.05558048651235964,0.14649765776508597,1.0,4.154279922215284,1.0,1.0,1.0,2.498001805406602e-16
2007,independent,0.117919921875,False,4_to_5,0.0,0.0,0.0,0.0,0.0,0.0,0.0,0.5,0.0,0.0,0.0,0.0,0.0,0.5,0.0,0.0,0.0,0.0,0.0,0.5,0.0,0.0,0.0,0.0,0.0
2007,independent,0.117919921875,False,5_to_6,0.0,0.0,0.0,0.0,0.0,0.0,0.0,0.5,0.0,0.0,0.0,0.0,0.0,0.5,0.0,0.0,0.0,0.0,0.0,0.5,0.0,0.0,0.0,0.0,0.0
2007,independent,0.117919921875,False,6_to_7,0.0,0.0,0.0,0.0,0.0,0.0,0.0,0.5,0.0,0.0,0.0,0.0,0.0,0.5,0.0,0.0,0.0,0.0,0.0,0.5,0.0,0.0,0.0,0.0,0.0
2007,distributed,1.0,True,4_to_5,0.3195944756619722,0.4526655565369315,0.32511526512583055,0.7182239965706457,0.49031921887354857,0.26984413029176674,0.05527113483406382,1.0,0.3223690567065044,0.002746208419326157,0.5842634030610312,0.17199198227169799,0.4122714207893332,1.0,1.334222908148985,-0.7499595050879537,0.11149696517427854,0.02717014583498938,0.08432681933928916,1.0,1.6210509904934225,1.0,1.0,0.999755859375,2.220446049250313e-16
2007,distributed,1.0,True,5_to_6,0.4526655565369315,0.5852472686807672,0.41164272402145763,0.7033654765264612,0.6418114473421865,0.3416342931406986,0.07000843088075903,1.0,0.39877837784821873,0.012864346173238894,0.5583839935811205,0.35595215422976445,0.202431839351356,1.0,1.2725078801927046,-0.7141238866115841,0.09671320466857931,0.050434197397300116,0.0462790072712792,1.0,1.9916933776244112,1.0,1.0,1.0,2.498001805406602e-16
2007,distributed,1.0,True,6_to_7,0.5852472686807672,0.6714533840388959,0.5305271660181896,0.7901176442465547,0.7432882154187133,0.4250346475572015,0.10549251846098812,1.0,0.5326081208131374,-0.0020809547949477425,1.0447298976098582,0.342301964594459,0.7024279330153993,1.0,0.9900581989132181,0.054671698696640125,0.164826216212535,0.05481123001838276,0.11001498619415223,1.0,3.071135564863855,1.0,1.0,1.0,2.498001805406602e-16
2007,central_shared,1.0,True,4_to_5,0.39261719904472764,0.5233553389568636,0.509453490900273,0.9734370760709171,0.9427870564255345,0.322858722610708,0.186594768289565,1.0,0.3541398973834691,0.1553135935168039,3.466959262135073,0.3955185182326485,3.0714407439024245,1.0,1.2115467829877724,2.2554124791473003,0.31485222598582757,0.041705966434782346,0.2731462595510452,1.0,8.479641019938752,1.0,0.99462890625,0.99072265625,2.220446049250313e-16
2007,central_shared,1.0,True,5_to_6,0.5233553389568636,0.6566766777235975,0.6572637827757736,1.0008940549772702,0.9642858949410549,0.37035159692013925,0.2869121858556343,1.0,0.42739207586225564,0.22987170691351794,4.676058979245406,0.4417153759832856,4.23434360326212,1.0,0.20144199359949444,4.474616985645912,0.40400061216038763,0.048971070335676464,0.35502954182471114,1.0,9.40999023433686,1.0,0.9970703125,0.992919921875,2.220446049250313e-16
2007,central_shared,1.0,True,6_to_7,0.6566766777235975,0.7367351208837609,0.7422655505539455,1.0075066730408488,0.9593524082900993,0.4282744298238855,0.31399112073005997,1.0,0.5008817203087244,0.24138383024522114,4.118053485443751,0.5203996317722805,3.59765385367147,1.0,0.4110452498421503,3.7070082356016005,0.41648706643174754,0.06343362432210406,0.3530534421096435,1.0,9.020210492732263,1.0,0.9990234375,0.995849609375,2.220446049250313e-16
2007,directional_relay,0.9853515625,True,4_to_5,0.30901615928407367,0.42008533712097584,0.3334417101903768,0.7937475572834682,0.7411476157596817,0.23711928926161585,0.09632242092876098,1.0,0.3523461330567141,-0.018904422866337256,1.5798043661531427,0.2834715385332261,1.2963328276199166,1.0,2.1111687824055365,-0.5313644162523938,0.19509553842374006,0.04050141575460313,0.1545941226691369,1.0,2.7268802788977644,1.0,1.0,1.0,2.220446049250313e-16
2007,directional_relay,0.9853515625,True,5_to_6,0.42008533712097584,0.5722136592376186,0.470336047385526,0.8219587907289247,0.8280086672193077,0.28737928952333913,0.18295675786218685,1.0,0.4047454636553832,0.06559058373014276,2.712823910933736,0.33136004310416317,2.381463867829573,1.0,1.962050640033097,0.7507732709006392,0.22420686502687004,0.04978551791710166,0.17442134710976837,1.0,4.161635939267329,1.0,1.0,1.0,2.498001805406602e-16
2007,directional_relay,0.9853515625,True,6_to_7,0.5722136592376186,0.6945476906493033,0.644436895493867,0.9278511816681877,0.9425188417435894,0.35815729742960195,0.286279598064265,1.0,0.49251736947408314,0.1519195260197838,3.587904552562494,0.3526486379371975,3.2352559146252964,1.0,1.1688238872707553,2.4190806652917387,0.29473987871189555,0.06082246976676137,0.2339174089451342,1.0,5.717223911989685,1.0,1.0,1.0,2.220446049250313e-16
2007,four_channel_crossbar,1.0,True,4_to_5,0.24654989089678514,0.39522226735305416,0.2775047360409411,0.7021485350496324,0.7762842341994765,0.2155881029615866,0.06191663307935452,1.0,0.2964880727911806,-0.0189833367502395,0.23604217076260572,0.08728595779656736,0.14875621296603836,1.0,1.591840018455051,-1.3557978476924453,0.026016407672098524,0.012417608950632826,0.013598798721465698,1.0,0.361380516412462,0.994384765625,0.99755859375,0.996826171875,2.220446049250313e-16
2007,four_channel_crossbar,1.0,True,5_to_6,0.39522226735305416,0.5663603098555174,0.4622194640975972,0.816122627335084,0.86861583136372,0.28678643772260604,0.17543302637499114,1.0,0.36512806686376875,0.09709139723382842,1.5065668944617399,0.21147006136403787,1.295096833097702,1.0,1.5775477883347884,-0.07098089387304851,0.17042088893045984,0.026785975257722514,0.14363491367273734,1.0,3.167673093283275,1.0,0.9990234375,0.998779296875,2.498001805406602e-16
2007,four_channel_crossbar,1.0,True,6_to_7,0.5663603098555174,0.6868407630476261,0.6143939248066431,0.8945216385825379,0.9239608635409207,0.39541666598965874,0.21897725881698438,1.0,0.4640213702852777,0.15037255452136544,2.634393222876559,0.330584267204338,2.3038089556722214,1.0,0.8643379062726678,1.7700553166038913,0.27837348447679705,0.046656878043744895,0.23171660643305214,1.0,6.465345156710377,1.0,1.0,0.99951171875,2.498001805406602e-16
2008,independent,0.10693359375,False,4_to_5,0.0,0.0,0.0,0.0,0.0,0.0,0.0,0.5,0.0,0.0,0.0,0.0,0.0,0.5,0.0,0.0,0.0,0.0,0.0,0.5,0.0,0.0,0.0,0.0,0.0
2008,independent,0.10693359375,False,5_to_6,0.0,0.0,0.0,0.0,0.0,0.0,0.0,0.5,0.0,0.0,0.0,0.0,0.0,0.5,0.0,0.0,0.0,0.0,0.0,0.5,0.0,0.0,0.0,0.0,0.0
2008,independent,0.10693359375,False,6_to_7,0.0,0.0,0.0,0.0,0.0,0.0,0.0,0.5,0.0,0.0,0.0,0.0,0.0,0.5,0.0,0.0,0.0,0.0,0.0,0.5,0.0,0.0,0.0,0.0,0.0
2008,distributed,1.0,True,4_to_5,0.2513910529372275,0.33799592667492484,0.27956007341441663,0.827110776643441,0.49957684079783277,0.21805813580645755,0.06150193760795908,1.0,0.2839728353741004,-0.004412761959683764,0.4220659238545996,0.16414597572287637,0.25791994813172325,1.0,1.1940109228191222,-0.7719449989645226,0.05947617641299422,0.025251454640019183,0.03422472177297504,1.0,0.7596918444814966,1.0,1.0,1.0,2.220446049250313e-16
2008,distributed,1.0,True,5_to_6,0.33799592667492484,0.497605027182002,0.3733887453546776,0.7503717305052636,0.6030313228228319,0.28007745565899067,0.09331128969568692,1.0,0.35487689234810865,0.018511853006568935,0.33310458804865034,0.1705269739677676,0.16257761408088275,1.0,1.1302492358490601,-0.7971446478004098,0.06363231625854533,0.028032978987224504,0.03559933727132083,1.0,1.623037531189806,1.0,0.999755859375,1.0,2.220446049250313e-16
2008,distributed,1.0,True,6_to_7,0.497605027182002,0.647533153677477,0.5109008547131536,0.7889956704326878,0.6957634103343227,0.37534078713340624,0.13556006757974737,1.0,0.48010004837996695,0.03080080633318666,0.6966833103737596,0.22723212608753326,0.46945118428622634,1.0,0.9788044907241953,-0.28212118035043565,0.1316348388196694,0.03975794335861112,0.09187689546105827,1.0,3.277806107715893,1.0,1.0,1.0,2.220446049250313e-16
2008,central_shared,1.0,True,4_to_5,0.3132272210589929,0.458196146409399,0.40825289794915315,0.8910002869914548,0.8468476544328569,0.2511272818565604,0.15712561609259273,1.0,0.312833444777671,0.09541945317148215,0.9940482787196665,0.12919828343996143,0.8648499952797051,1.0,1.0522709854675096,-0.058222706747843134,0.11722412039315527,0.018443793563762835,0.09878032682939245,1.0,2.8512121668818637,1.0,0.999267578125,0.999755859375,2.220446049250313e-16
2008,central_shared,1.0,True,5_to_6,0.458196146409399,0.607402741425962,0.5994899721372968,0.9869727797571529,0.9333365981832041,0.33996935528299266,0.25952061685430416,1.0,0.32986944574008936,0.26962052639720746,1.823294804656986,0.30898242474909426,1.5143123799078917,1.0,0.4024695157168803,1.4208252889401056,0.25484575304171375,0.041846253683079065,0.2129994993586347,1.0,5.741141111094334,1.0,1.0,1.0,2.220446049250313e-16
2008,central_shared,1.0,True,6_to_7,0.607402741425962,0.6789950455850671,0.6896590600595363,1.015705585105235,0.9367130577740868,0.4079737930191928,0.28168526704034347,1.0,0.36281762889891067,0.3268414311606256,3.2227178417093842,0.4208705044826303,2.801847337226754,1.0,0.07830113535700828,3.144416706352376,0.41255844821479304,0.053152171670620904,0.3594062765441721,1.0,8.397618855676168,1.0,1.0,1.0,2.220446049250313e-16
2008,directional_relay,1.0,True,4_to_5,0.35184947453450105,0.5124366568563083,0.4578563929330566,0.8934887596486749,0.9498555437697087,0.27034407684684425,0.18751231608621233,1.0,0.31892430928377336,0.13893208364928322,0.6305291937703907,0.35886961785025373,0.271659575920137,1.0,0.8498886814689381,-0.2193594876985474,0.11348395694677875,0.039330313490754235,0.07415364345602452,1.0,3.960304254533578,1.0,0.996826171875,0.99267578125,2.220446049250313e-16
2008,directional_relay,1.0,True,5_to_6,0.5124366568563083,0.6644362584049701,0.629585763926805,0.9475487768204788,0.9696574643614255,0.35436650981477685,0.27521925411202813,1.0,0.38966298708543157,0.23992277684137342,1.7032137926499757,0.45818444400163694,1.2450293486483388,1.0,1.0771689383590013,0.6260448542909745,0.25583561907537816,0.05506371218617434,0.20077190688920382,1.0,5.85936410812706,1.0,0.998779296875,0.9970703125,2.220446049250313e-16
2008,directional_relay,1.0,True,6_to_7,0.6644362584049701,0.7571414831827623,0.7427461229179613,0.9809872255258186,0.9713308647583818,0.41214059551676585,0.3306055274011954,1.0,0.41816180826045424,0.32458431465750703,2.692842789999346,0.34164479608029535,2.3511979939190506,1.0,0.5301208019229073,2.162721988076439,0.3670697068542104,0.04994866538149175,0.3171210414727187,1.0,7.983215543718613,1.0,0.99951171875,0.99853515625,2.220446049250313e-16
2008,four_channel_crossbar,1.0,True,4_to_5,0.3760239336473543,0.5032211739682311,0.4792253127919983,0.952315477929894,0.8965995590353346,0.3169200606453894,0.1623052521466089,1.0,0.4804832489468888,-0.0012579361548905044,1.205762042817356,0.6180431355810214,0.5877189072363347,1.0,5.5651993291467745,-4.359437286329419,0.11236432550457971,0.06782483775581846,0.04453948774876125,1.0,2.7460620709405723,1.0,0.999755859375,0.99951171875,2.220446049250313e-16
2008,four_channel_crossbar,1.0,True,5_to_6,0.5032211739682311,0.6283253692632262,0.6029034260813267,0.9595401611561392,0.9079161573077054,0.386227857231387,0.21667556884993977,1.0,0.5547200673342407,0.048183358747086014,1.136780604717808,0.46318128899673855,0.6735993157210693,1.0,2.979119811930673,-1.8423392072128653,0.1719197331163512,0.06307236597638383,0.10884736713996737,1.0,3.4317209699385605,1.0,0.99951171875,1.0,2.498001805406602e-16
2008,four_channel_crossbar,1.0,True,6_to_7,0.6283253692632262,0.7655764454847689,0.7200954023700165,0.9405924210665161,0.9320216444577799,0.4274336260374985,0.29266177633251794,1.0,0.5828151755866515,0.13728022678336493,2.0671973960389187,0.3221926411697238,1.745004754869195,1.0,1.4263764638729362,0.6408209321659826,0.2708016373056063,0.049147115421893595,0.2216545218837127,1.0,4.745520232232948,1.0,1.0,1.0,2.498001805406602e-16
2009,independent,0.117919921875,False,4_to_5,0.0,0.0,0.0,0.0,0.0,0.0,0.0,0.5,0.0,0.0,0.0,0.0,0.0,0.5,0.0,0.0,0.0,0.0,0.0,0.5,0.0,0.0,0.0,0.0,0.0
2009,independent,0.117919921875,False,5_to_6,0.0,0.0,0.0,0.0,0.0,0.0,0.0,0.5,0.0,0.0,0.0,0.0,0.0,0.5,0.0,0.0,0.0,0.0,0.0,0.5,0.0,0.0,0.0,0.0,0.0
2009,independent,0.117919921875,False,6_to_7,0.0,0.0,0.0,0.0,0.0,0.0,0.0,0.5,0.0,0.0,0.0,0.0,0.0,0.5,0.0,0.0,0.0,0.0,0.0,0.5,0.0,0.0,0.0,0.0,0.0
2009,distributed,1.0,True,4_to_5,0.31364316456091845,0.4633144405768972,0.34582701291558693,0.7464196723179608,0.7271673259392091,0.26931053518155684,0.07651647773403009,1.0,0.38667139485336954,-0.040844381937782615,1.0307367382078911,0.14457321193865622,0.8861635262692349,1.0,2.3270528816496103,-1.2963161434417192,0.09567237962527286,0.021140971076971368,0.0745314085483015,1.0,2.069194162762528,1.0,1.0,1.0,2.220446049250313e-16
2009,distributed,1.0,True,5_to_6,0.4633144405768972,0.5922785059168323,0.4552436367409484,0.7686310277902837,0.7185011492286262,0.33780432353627166,0.11743931320467677,1.0,0.49850094604511985,-0.04325730930417143,1.2669252706407534,0.20825893406134682,1.0586663365794067,1.0,2.1529976503402257,-0.8860723796994723,0.15092724157854817,0.029938286722406372,0.1209889548561418,1.0,2.5575522285224412,1.0,0.999755859375,1.0,2.220446049250313e-16
2009,distributed,1.0,True,6_to_7,0.5922785059168323,0.6981080971611515,0.5581582439402009,0.7995298238337943,0.7522694266376224,0.39542156128111083,0.16273668265909003,1.0,0.58627118369771,-0.02811293975750917,1.55355007338713,0.139863378575899,1.413686694811231,1.0,1.9660225194806387,-0.41247244609350875,0.1548663948124464,0.026619471922287155,0.12824692289015927,1.0,3.410495468157193,1.0,1.0,1.0,2.498001805406602e-16
2009,central_shared,1.0,True,4_to_5,0.28019254074759287,0.43382540596199654,0.3630725195354102,0.8369093062456919,0.8636776898928438,0.22144890117730248,0.14162361835810772,1.0,0.31449173834568533,0.048580781189724864,1.2918404709605973,0.12502763344804568,1.1668128375125515,1.0,1.541854628785222,-0.25001415782462466,0.12048507516578295,0.018749166782959938,0.10173590838282301,1.0,2.95502135736293,1.0,0.997802734375,0.998291015625,2.220446049250313e-16
2009,central_shared,1.0,True,5_to_6,0.43382540596199654,0.5890198646093984,0.5361954836069717,0.9103181672192727,0.9126739974419618,0.3171067165830317,0.21908876702393998,1.0,0.40253619099741256,0.1336592926095591,2.740377338803183,0.20447648864218582,2.535900850160997,1.0,0.9552692041276719,1.7851081346755109,0.22110358598561877,0.03068018789171864,0.19042339809390013,1.0,4.988743425919467,1.0,1.0,0.9990234375,2.498001805406602e-16
2009,central_shared,1.0,True,6_to_7,0.5890198646093984,0.7124314177867836,0.6911723157660989,0.9701597915393351,0.9536662973425227,0.3947007816389043,0.2964715341271946,1.0,0.4656671826643938,0.22550513310170517,3.6073182786247977,0.24997032660703347,3.357347952017764,1.0,0.32736647750556147,3.2799518011192363,0.32212435546450063,0.040340569901833774,0.28178378556266687,1.0,6.9012885899592185,1.0,0.999755859375,0.999755859375,2.220446049250313e-16
2009,directional_relay,1.0,True,4_to_5,0.3716199610830651,0.5849851264810461,0.49405376261699496,0.8445578190832903,0.9116437036982341,0.2624024285986001,0.23165133401839488,1.0,0.33184954928545046,0.1622042133315445,2.12339480468767,0.27942449156686977,1.8439703131208003,1.0,1.288311887207256,0.835082917480414,0.231208460925839,0.03497837208732521,0.19623008883851378,1.0,4.165734828966647,1.0,1.0,1.0,2.220446049250313e-16
2009,directional_relay,1.0,True,5_to_6,0.5849851264810461,0.6932920394264501,0.6343539625176882,0.9149880951214722,0.932850169494926,0.37547036051542043,0.25888360200226773,1.0,0.44654385106003885,0.1878101114576493,2.4594280948468357,0.5068755735764705,1.9525525212703652,1.0,1.8532927133355455,0.6061353815112902,0.27655130829552715,0.06398004874124172,0.21257125955428544,1.0,6.31066852175319,1.0,1.0,1.0,2.498001805406602e-16
2009,directional_relay,1.0,True,6_to_7,0.6932920394264501,0.8127546853010286,0.8006245154202694,0.9850752384450833,0.9752130973306794,0.42644522112837385,0.3741792942918955,1.0,0.41858054007499085,0.3820439753452785,3.8193851619887353,0.49771393378389417,3.321671228204841,1.0,0.9010645832454806,2.9183205787432547,0.42788298119349805,0.06184366967857512,0.3660393115149229,1.0,8.578155892838613,1.0,1.0,1.0,2.671474153004283e-16
2009,four_channel_crossbar,1.0,True,4_to_5,0.3447184032538081,0.4621922150518236,0.3304198049456649,0.714896950197693,0.7902316409343957,0.2692906085029454,0.061129196442719524,1.0,0.40834112723117494,-0.07792132228551002,2.5391666379535076,0.3748975599353802,2.1642690780181275,1.0,2.3306937714201736,0.20847286653333397,0.19505174565174213,0.03984646088291597,0.15520528476882617,1.0,3.7243783856757746,0.996826171875,0.99951171875,0.999267578125,2.220446049250313e-16
2009,four_channel_crossbar,1.0,True,5_to_6,0.4621922150518236,0.5973765934234685,0.4722298988133887,0.7905061966139578,0.8695173008269873,0.3153125627294487,0.15691733608394004,1.0,0.4654138049694223,0.00681609384396642,4.366330731290606,0.3595585493732254,4.0067721819173805,1.0,2.0741558740788695,2.292174857211737,0.23300363484668937,0.041783914603882734,0.19121972024280665,1.0,6.099890637490322,1.0,0.999267578125,0.999267578125,2.220446049250313e-16
2009,four_channel_crossbar,1.0,True,6_to_7,0.5973765934234685,0.7251467545499553,0.665865136755565,0.9182487994017405,0.9185232261295161,0.3762332108556532,0.2896319258999118,1.0,0.49964366004969674,0.1662214767058683,4.534263534435427,0.31810614354518507,4.216157390890242,1.0,0.9092883581637967,3.6249751762716302,0.2970701115264945,0.04332793806936862,0.25374217345712585,1.0,8.451410738681615,1.0,1.0,0.999755859375,2.220446049250313e-16
2010,independent,0.107421875,False,4_to_5,0.0,0.0,0.0,0.0,0.0,0.0,0.0,0.5,0.0,0.0,0.0,0.0,0.0,0.5,0.0,0.0,0.0,0.0,0.0,0.5,0.0,0.0,0.0,0.0,0.0
2010,independent,0.107421875,False,5_to_6,0.0,0.0,0.0,0.0,0.0,0.0,0.0,0.5,0.0,0.0,0.0,0.0,0.0,0.5,0.0,0.0,0.0,0.0,0.0,0.5,0.0,0.0,0.0,0.0,0.0
2010,independent,0.107421875,False,6_to_7,0.0,0.0,0.0,0.0,0.0,0.0,0.0,0.5,0.0,0.0,0.0,0.0,0.0,0.5,0.0,0.0,0.0,0.0,0.0,0.5,0.0,0.0,0.0,0.0,0.0
2010,distributed,1.0,True,4_to_5,0.27499420618574644,0.35551374110758766,0.2963281532942854,0.8335209558175948,0.33114230804200867,0.2206888846748566,0.07563926861942882,1.0,0.24178941907549195,0.05453873421879346,0.26378819599040604,0.042489483077353264,0.22129871291305278,1.0,0.25114807342160267,0.01264012256880337,0.03824348651528949,0.010331671957301504,0.02791181455798799,1.0,0.959549813975031,1.0,0.99951171875,0.999755859375,2.220446049250313e-16
2010,distributed,1.0,True,5_to_6,0.35551374110758766,0.5277236386655031,0.3711852246184437,0.7033704716299793,0.455463856451611,0.2657115132637502,0.10547371135469352,1.0,0.2860138691157614,0.08517135550268234,0.4264502461727096,0.11399543660289847,0.31245480956981114,1.0,0.3960422556274972,0.030407990545212427,0.07461494374500514,0.01823743991763476,0.05637750382737038,1.0,1.499472272256079,1.0,1.0,0.999755859375,2.498001805406602e-16
2010,distributed,1.0,True,6_to_7,0.5277236386655031,0.6488328205154035,0.5415821136196043,0.8347020935059911,0.6250281060941407,0.3532355042074161,0.18834660941218817,1.0,0.4573113707043296,0.0842707429152747,1.5794425265700283,0.31358406478030837,1.26585846178972,1.0,1.5268854913159058,0.052557035254122475,0.19671366425632417,0.04528487533408211,0.15142878892224204,1.0,3.3577572897968073,1.0,1.0,1.0,2.498001805406602e-16
2010,central_shared,1.0,True,4_to_5,0.2381172916108757,0.34263686026781576,0.2934216772210722,0.8563634309272056,0.7870449026968498,0.20111793895503688,0.09230373826603533,1.0,0.3162898490772782,-0.022868171856205988,0.45788550193582367,0.08037193695573963,0.37751356498008404,1.0,2.4206344526675183,-1.9627489507316946,0.04934269249414247,0.012435590832382253,0.036907101661760214,1.0,1.4492539808859857,0.99853515625,0.998779296875,0.99951171875,2.220446049250313e-16
2010,central_shared,1.0,True,5_to_6,0.34263686026781576,0.49357940015582474,0.3591175966241161,0.7275781698157204,0.7684650425127657,0.2593982922058557,0.09971930441826038,1.0,0.41286545235989475,-0.05374785573577867,0.6117990764701137,0.14069034300427877,0.47110873346583493,1.0,1.9091753928714617,-1.297376316401348,0.05558229498257796,0.019529734364049638,0.03605256061852832,1.0,1.6001613090258355,1.0,1.0,0.999755859375,2.220446049250313e-16
2010,central_shared,1.0,True,6_to_7,0.49357940015582474,0.6540068054925984,0.5629341452714951,0.8607466169216583,0.8501705529507552,0.35037303705163936,0.21256110821985574,1.0,0.4255843265969465,0.1373498186745486,1.7388987673531064,0.18649799408671056,1.5524007732663958,1.0,0.9063050094157715,0.8325937579373349,0.1922911007305764,0.029091376984822982,0.16319972374575342,1.0,4.282008988637774,1.0,1.0,0.9998779296875,2.498001805406602e-16
2010,directional_relay,1.0,True,4_to_5,0.3465519542432384,0.5315991176427723,0.41737952501676645,0.7851396120962715,0.840478031952361,0.2554640636511647,0.16191546136560175,1.0,0.4071964709959143,0.010183054020852178,0.06770380811101352,0.3311968908492424,-0.2634930827382289,0.0,4.298681334463392,-4.230977526352379,0.025036360006042844,0.03276508373927697,-0.0077287237332341295,0.0,0.7245689952844416,0.993896484375,0.9990234375,0.999267578125,2.498001805406602e-16
2010,directional_relay,1.0,True,5_to_6,0.5315991176427723,0.6954903060499791,0.6068492052425509,0.8725487615911381,0.9315104248323836,0.34187200588684685,0.2649771993557041,1.0,0.5099985357656057,0.0968506694769452,0.7126895333286026,0.40534145364940877,0.30734807967919386,1.0,3.0990448343722896,-2.386355301043687,0.09702347823945712,0.047018577991075367,0.05000490024838175,1.0,2.5295150004179274,1.0,0.999755859375,0.999755859375,2.220446049250313e-16
2010,directional_relay,1.0,True,6_to_7,0.6954903060499791,0.7806517234122999,0.729261921169954,0.934170641399834,0.9633342537405641,0.43202516654188683,0.2972367546280672,1.0,0.6179359924891821,0.11132592868077196,1.9609362656663083,0.37317739755027873,1.5877588681160295,1.0,1.2934989160669277,0.6674373495993806,0.2747269544871945,0.04993536792908297,0.2247915865581115,1.0,6.308903089832804,1.0,1.0,1.0,2.498001805406602e-16
2010,four_channel_crossbar,1.0,True,4_to_5,0.3495622665695214,0.5154950339906601,0.40935407867749646,0.7940989761017043,0.8111076478678177,0.2444006164974247,0.16495346218007176,1.0,0.36525790106256295,0.04409617761493351,1.112082700497928,0.17870168501896172,0.9333810154789661,1.0,1.2269848733101718,-0.11490217281224391,0.17222139657812618,0.024115568308184048,0.14810582826994215,1.0,3.62425437282943,1.0,1.0,1.0,2.220446049250313e-16
2010,four_channel_crossbar,1.0,True,5_to_6,0.5154950339906601,0.6858313086800951,0.6465453398561885,0.9427177378362709,0.9564551004191593,0.3348661018661273,0.31167923799006114,1.0,0.3687636931364273,0.27778164671976113,3.884866984802589,0.4029086452097507,3.4819583395928384,1.0,0.41402072361189746,3.4708462611906916,0.337176118876167,0.054174200363276075,0.2830019185128909,1.0,7.627611348781611,1.0,1.0,1.0,2.220446049250313e-16
2010,four_channel_crossbar,1.0,True,6_to_7,0.6858313086800951,0.800414960947904,0.8101940990462748,1.0122175853469677,0.9512596465140639,0.40130499843288947,0.40888910061338535,1.0,0.48608502151515487,0.32410907753111995,5.491790026156615,0.47860387558459816,5.013186150572016,1.0,0.4568918083870867,5.034898217769528,0.43103792248326833,0.06369139788641441,0.3673465245968539,1.0,9.108135265536895,1.0,0.999755859375,1.0,2.498001805406602e-16
2011,independent,0.117919921875,False,4_to_5,0.0,0.0,0.0,0.0,0.0,0.0,0.0,0.5,0.0,0.0,0.0,0.0,0.0,0.5,0.0,0.0,0.0,0.0,0.0,0.5,0.0,0.0,0.0,0.0,0.0
2011,independent,0.117919921875,False,5_to_6,0.0,0.0,0.0,0.0,0.0,0.0,0.0,0.5,0.0,0.0,0.0,0.0,0.0,0.5,0.0,0.0,0.0,0.0,0.0,0.5,0.0,0.0,0.0,0.0,0.0
2011,independent,0.117919921875,False,6_to_7,0.0,0.0,0.0,0.0,0.0,0.0,0.0,0.5,0.0,0.0,0.0,0.0,0.0,0.5,0.0,0.0,0.0,0.0,0.0,0.5,0.0,0.0,0.0,0.0,0.0
2011,distributed,0.999755859375,True,4_to_5,0.21012775583767063,0.3185142099357193,0.23745415441542547,0.7455056854868332,0.48756329420622824,0.18889215869449688,0.04856199572092859,1.0,0.25872757954106584,-0.02127342512564037,0.03682521594431101,0.01994425257593875,0.016880963368372262,1.0,0.5796938168410221,-0.5428686008967111,0.010359262790157102,0.0042067485538310155,0.006152514236326087,1.0,0.4356779136445112,1.0,1.0,1.0,2.220446049250313e-16
2011,distributed,0.999755859375,True,5_to_6,0.3185142099357193,0.4835418701390752,0.3569321074843363,0.7381617384688451,0.6123762925369391,0.2546684170152465,0.10226369046908979,1.0,0.34765195917040603,0.009280148313930259,0.6764892407033817,0.04923683251646836,0.6272524081869133,1.0,0.5657609684347454,0.11072827226863624,0.09686624030013237,0.009086937523725441,0.08777930277640693,1.0,1.6700474027111785,1.0,1.0,1.0,2.706168622523819e-16
2011,distributed,0.999755859375,True,6_to_7,0.4835418701390752,0.6420606523146628,0.5247211030979638,0.8172453820465657,0.6787631194248893,0.3441325924961721,0.1805885106017917,1.0,0.44992130287072796,0.07479980022723587,2.5774030270635726,0.14803669149002766,2.429366335573545,1.0,1.0099805949540988,1.5674224321094739,0.20361790114504244,0.02462098265492698,0.17899691849011545,1.0,3.8617021945170382,1.0,1.0,1.0,2.498001805406602e-16
2011,central_shared,0.999755859375,True,4_to_5,0.22983389553844763,0.3931794855336529,0.2650426835204749,0.6741009978197081,0.6806293549890643,0.18815635197686756,0.07688633154360733,1.0,0.2615187635110328,0.003523920009442072,0.025401213956058127,0.008361377284889376,0.01703983667116875,1.0,0.2710832953033788,-0.2456820813473207,0.005948355849202996,0.0017827958871714457,0.00416555996203155,1.0,0.13971080292975677,1.0,0.9990234375,0.9984130859375,2.220446049250313e-16
2011,central_shared,0.999755859375,True,5_to_6,0.3931794855336529,0.6143741562203919,0.48756895912628523,0.7936026510714451,0.8147886338975915,0.25585727551074244,0.23171168361554279,1.0,0.33297071421209035,0.15459824491419488,0.45750496502504123,0.07213580335254985,0.38536916167249136,1.0,0.5580513024368119,-0.10054633741177066,0.08757125970435507,0.01096368331290451,0.07660757639145056,1.0,1.8018268438112883,0.99853515625,0.99951171875,0.9991455078125,2.498001805406602e-16
2011,central_shared,0.999755859375,True,6_to_7,0.6143741562203919,0.7825377210161406,0.709693699989805,0.9069130866538342,0.9039202823742963,0.36629060139771685,0.3434030985920882,1.0,0.470730111044342,0.23896358894546305,1.3343768655072745,0.23579032481816958,1.0985865406891049,1.0,0.8727564564335818,0.46162040907369273,0.20156656306680332,0.03435550561008356,0.16721105745671977,1.0,4.564519239749777,1.0,1.0,1.0,2.706168622523819e-16
2011,directional_relay,0.999755859375,True,4_to_5,0.3867660475556536,0.5448193320773578,0.44830321534631856,0.8228474816357377,0.9119754764933494,0.28976590350151904,0.15853731184479952,1.0,0.3610201315401599,0.08728308380615868,2.326139932461235,0.5251249723039846,1.8010149601572503,1.0,2.5133601092413334,-0.1872201767800985,0.2115888351708544,0.05834776753291314,0.15324106763794126,1.0,2.817585196340294,0.98583984375,0.99609375,0.991943359375,2.220446049250313e-16
2011,directional_relay,0.999755859375,True,5_to_6,0.5448193320773578,0.6767292287368767,0.6191123861178627,0.9148598284626237,0.9453694844118521,0.375769807551826,0.2433425785660367,1.0,0.3998264325142327,0.21928595360362996,3.4559517147049026,0.5958537076080803,2.8600980070968225,1.0,1.7355691407686957,1.7203825739362069,0.2607387414574515,0.06779456604020692,0.1929441754172446,1.0,4.898462795736191,1.0,0.998779296875,0.9951171875,2.220446049250313e-16
2011,directional_relay,0.999755859375,True,6_to_7,0.6767292287368767,0.7710946549506613,0.7562528094928334,0.9807522392192206,0.9563400169169287,0.4125596327090859,0.34369317678374744,1.0,0.4767792890136203,0.27947352047921303,5.436288554228491,0.5843734131268854,4.851915141101605,1.0,1.292032473004756,4.144256081223735,0.3956743128127578,0.07436579228794647,0.3213085205248113,1.0,7.548105362317289,1.0,0.99853515625,0.997802734375,2.220446049250313e-16
2011,four_channel_crossbar,1.0,True,4_to_5,0.3746858214289589,0.48304505796594555,0.37353308241101746,0.7732882807743193,0.8648299076893291,0.289692809924536,0.08384027248648146,1.0,0.3834506869841128,-0.009917604573095318,1.5157320858757248,0.28894022491664084,1.226791860959084,1.0,2.2556060395211257,-0.7398739536454009,0.1065867100820669,0.03222841230409479,0.07435829777797211,1.0,2.0508276962616936,1.0,1.0,1.0,2.220446049250313e-16
2011,four_channel_crossbar,1.0,True,5_to_6,0.48304505796594555,0.6299234895670895,0.5613741105062564,0.8911782459359577,0.8875165490443396,0.3354678703493045,0.22590624015695193,1.0,0.3876807691369566,0.17369334136929981,3.489147811663061,0.3310213350296256,3.1581264766334356,1.0,2.169166948359503,1.3199808633035581,0.2611765446619128,0.03886188134259188,0.22231466331932093,1.0,4.803453817050143,1.0,1.0,1.0,2.220446049250313e-16
2011,four_channel_crossbar,1.0,True,6_to_7,0.6299234895670895,0.7318269024937866,0.6705083262084073,0.916211639560627,0.9409998124436068,0.40895155805017325,0.26155676815823403,1.0,0.5030186262980026,0.16748969991040463,3.8659351942361684,0.4440761266369058,3.4218590675992626,1.0,2.046927148799884,1.8190080454362842,0.33369970732594983,0.05631156391572266,0.27738814341022716,1.0,6.705893282373977,1.0,1.0,1.0,2.3592239273284576e-16
2012,independent,0.1064453125,False,4_to_5,0.0,0.0,0.0,0.0,0.0,0.0,0.0,0.5,0.0,0.0,0.0,0.0,0.0,0.5,0.0,0.0,0.0,0.0,0.0,0.5,0.0,0.0,0.0,0.0,0.0
2012,independent,0.1064453125,False,5_to_6,0.0,0.0,0.0,0.0,0.0,0.0,0.0,0.5,0.0,0.0,0.0,0.0,0.0,0.5,0.0,0.0,0.0,0.0,0.0,0.5,0.0,0.0,0.0,0.0,0.0
2012,independent,0.1064453125,False,6_to_7,0.0,0.0,0.0,0.0,0.0,0.0,0.0,0.5,0.0,0.0,0.0,0.0,0.0,0.5,0.0,0.0,0.0,0.0,0.0,0.5,0.0,0.0,0.0,0.0,0.0
2012,distributed,1.0,True,4_to_5,0.2678768962247937,0.3984677442854794,0.3002937233408831,0.7536211591715183,0.4867183847415091,0.2518633746162479,0.0484303487246352,1.0,0.2953174499306954,0.004976273410187693,0.06917089655603988,0.08038436021198425,-0.011213463655944375,0.140625,0.9465815905929303,-0.8774106940368904,0.018635818994814386,0.014070265837088241,0.004565553157726145,1.0,1.0367729428070207,1.0,1.0,1.0,2.220446049250313e-16
2012,distributed,1.0,True,5_to_6,0.3984677442854794,0.5053053348245968,0.39809355624230525,0.7878277326727467,0.5637940037300468,0.33565995897684076,0.06243359726546449,1.0,0.410165272375825,-0.012071716133519761,0.3023748722017518,0.13105899348923067,0.17131587871252113,1.0,0.8330077922977771,-0.5306329200960254,0.071096807351555,0.022232487899612706,0.0488643194519423,1.0,1.8275349870441133,1.0,1.0,1.0,2.498001805406602e-16
2012,distributed,1.0,True,6_to_7,0.5053053348245968,0.632635351841192,0.5119449495670448,0.8092259594363553,0.6717502514473006,0.38557137190670465,0.1263735776603402,1.0,0.510033075591986,0.0019118739750588754,1.1830460942455336,0.20334126915904738,0.9797048250864863,1.0,1.4391638535433875,-0.25611775929785385,0.13754427701108732,0.03307483276013392,0.10446944425095339,1.0,2.6439317385183307,1.0,1.0,1.0,2.220446049250313e-16
2012,central_shared,1.0,True,4_to_5,0.4107069586546609,0.5196265900869925,0.5055617950234816,0.9729328803956006,0.9200704170231371,0.3311338781419476,0.17442791688153403,1.0,0.4264595312157115,0.07910226380777013,3.1316682625262535,0.46029367672433286,2.671374585801921,1.0,2.416112448019766,0.7155558145064873,0.27873128232634853,0.052590272545525674,0.22614100978082285,1.0,6.699453290428774,1.0,1.0,1.0,2.220446049250313e-16
2012,central_shared,1.0,True,5_to_6,0.5196265900869925,0.6422852188064432,0.6160703766192162,0.9591850451798626,0.9543296103076563,0.35440725435973774,0.2616631222594784,1.0,0.3729636538635819,0.24310672275563427,3.984100460196517,0.3083898888842968,3.6757105713122202,1.0,0.925275364528119,3.058825095668398,0.39893110191647313,0.04235873994752022,0.3565723619689529,1.0,8.379549710513707,1.0,1.0,1.0,2.498001805406602e-16
2012,central_shared,1.0,True,6_to_7,0.6422852188064432,0.704496490085623,0.7095797757984856,1.0072154876346435,0.9636593440090067,0.41056654807029236,0.2990132277281933,1.0,0.4373591334855931,0.27222064231289256,4.535783267160011,0.4123503701832888,4.123432896976722,1.0,1.205666276790206,3.330116990369805,0.4369292756816474,0.05692987290057824,0.37999940278106914,1.0,8.516342995514815,1.0,1.0,1.0,2.220446049250313e-16
2012,directional_relay,1.0,True,4_to_5,0.2964713595085548,0.42974521449365133,0.3510097338433318,0.8167856720799326,0.8572040207507325,0.2624621402240162,0.08854759361931558,1.0,0.31374749522906287,0.03726223861426892,0.005288733913845852,0.10355193855278748,-0.09826320463894163,0.0,0.8694218155653223,-0.8641330816514764,0.0025312515194061778,0.017432911446236172,-0.014901659926829994,0.0,0.27703300642428774,1.0,1.0,1.0,2.220446049250313e-16
2012,directional_relay,1.0,True,5_to_6,0.42974521449365133,0.594673508271546,0.530557807816002,0.8921833584921245,0.8990150793013039,0.33156561170167287,0.19899219611432917,1.0,0.39356808913875907,0.13698971867724297,0.8358277079093579,0.18708210206706077,0.6487456058422971,1.0,0.5340947575690816,0.30173295034027625,0.14112328038527133,0.03081575962228402,0.1103075207629873,1.0,3.5827281070829047,1.0,1.0,1.0,2.220446049250313e-16
2012,directional_relay,1.0,True,6_to_7,0.594673508271546,0.7131882969739022,0.682079992915537,0.9563813593263386,0.9519841706536474,0.41243186910789453,0.26964812380764247,1.0,0.4344569690659675,0.24762302384956952,1.8538537075880772,0.29683073815295313,1.557022969435124,1.0,0.09379588582980852,1.7600578217582687,0.3408008099905538,0.049780016032618835,0.29102079395793495,1.0,7.829846342696651,1.0,1.0,1.0,2.220446049250313e-16
2012,four_channel_crossbar,1.0,True,4_to_5,0.23158881491069444,0.20790613986229534,0.2578938505600381,1.2404340282150959,0.49337886358680294,0.21373729989846596,0.04415655066157215,1.0,0.27892025164491485,-0.021026401084876745,0.11943756465264559,0.02705223884477135,0.09238532580787423,1.0,0.3739974054539601,-0.2545598408013145,0.044747824425339096,0.006770120831889625,0.03797770359344947,1.0,1.8476124503742484,1.0,0.999755859375,0.999267578125,2.220446049250313e-16
2012,four_channel_crossbar,1.0,True,5_to_6,0.20790613986229534,0.32455307815872436,0.2486095454257978,0.7660058158629265,0.5227958410394075,0.18297273979125553,0.06563680563454227,1.0,0.2446550758609452,0.003954469564852597,0.019078971839832207,0.02239577180811976,-0.003316799968287553,0.1875,0.2053853092455648,-0.1863063374057326,0.008602086004318108,0.005047751518507517,0.0035543344858105915,1.0,0.030813599886796866,1.0,0.99951171875,0.9990234375,2.220446049250313e-16
2012,four_channel_crossbar,1.0,True,6_to_7,0.32455307815872436,0.5445968425189777,0.3849825338136632,0.7069129009873899,0.6209583770918705,0.25342376737208006,0.13155876644158315,1.0,0.30728175822778947,0.07770077558587374,0.3144605828768566,0.06469575577421997,0.2497648271026366,1.0,0.8318460357055507,-0.5173854528286941,0.05962864516436608,0.012251305716351866,0.047377339448014213,1.0,0.4809052439984618,1.0,1.0,0.99951171875,2.498001805406602e-16
2013,independent,0.1064453125,False,4_to_5,0.0,0.0,0.0,0.0,0.0,0.0,0.0,0.5,0.0,0.0,0.0,0.0,0.0,0.5,0.0,0.0,0.0,0.0,0.0,0.5,0.0,0.0,0.0,0.0,0.0
2013,independent,0.1064453125,False,5_to_6,0.0,0.0,0.0,0.0,0.0,0.0,0.0,0.5,0.0,0.0,0.0,0.0,0.0,0.5,0.0,0.0,0.0,0.0,0.0,0.5,0.0,0.0,0.0,0.0,0.0
2013,independent,0.1064453125,False,6_to_7,0.0,0.0,0.0,0.0,0.0,0.0,0.0,0.5,0.0,0.0,0.0,0.0,0.0,0.5,0.0,0.0,0.0,0.0,0.0,0.5,0.0,0.0,0.0,0.0,0.0
2013,distributed,1.0,True,4_to_5,0.3549285371890516,0.4570525715931065,0.3206591021021212,0.7015803477145506,0.630568984209386,0.2959793368663425,0.024679765235778695,1.0,0.40615770240022375,-0.08549860029810258,0.6305780560008287,0.45328164193432285,0.17729641406650587,1.0,2.93257357722267,-2.3019955212218415,0.09488578583961071,0.04499059598547037,0.04989518985414034,1.0,2.4731115848684366,1.0,0.99951171875,0.99951171875,2.498001805406602e-16
2013,distributed,1.0,True,5_to_6,0.4570525715931065,0.5747039043523685,0.4012867144042498,0.6982495009433739,0.6062252891030856,0.35089198033294333,0.05039473407130646,1.0,0.48861808918899297,-0.08733137478474318,0.8084792441879787,0.25708191444268025,0.5513973297452984,1.0,2.5526145279776236,-1.7441352837896449,0.10630820773806576,0.033184761644678276,0.07312344609338749,1.0,2.327193720605317,1.0,0.99951171875,0.999755859375,2.498001805406602e-16
2013,distributed,1.0,True,6_to_7,0.5747039043523685,0.6573198320639909,0.502014984420145,0.7637301659434387,0.6631179110160199,0.4083926323702164,0.09362235204992864,1.0,0.5876573615521404,-0.0856423771319954,0.8839853181591325,0.19748690354130155,0.686498414617831,1.0,1.5571611172252031,-0.6731757990660706,0.15585312784939373,0.03489832840632852,0.12095479944306521,1.0,3.7891577364143276,1.0,0.999755859375,0.999755859375,2.220446049250313e-16
2013,central_shared,1.0,True,4_to_5,0.47349455806553814,0.6003999450004383,0.5986882901604439,0.9971491422438536,0.9776818837708523,0.3571155678912765,0.24157272226916737,1.0,0.3323278274187361,0.26636046274170777,4.291916603406183,0.7368436842756274,3.5550729191305557,1.0,0.10029350937320645,4.191623094032977,0.3961045332381376,0.0736123791816212,0.32249215405651643,1.0,9.449567075378358,1.0,1.0,1.0,2.220446049250313e-16
2013,central_shared,1.0,True,5_to_6,0.6003999450004383,0.6886547407128807,0.6878889839574018,0.9988880396660217,0.9804887652634516,0.41619860242497914,0.2716903815324227,1.0,0.3933196625086832,0.2945693214487186,4.158151695445013,0.8218767595999507,3.3362749358450623,1.0,0.6240926174104449,3.534059078034568,0.42159580943436925,0.08731088741548029,0.33428492201888893,1.0,9.230150630780392,1.0,1.0,1.0,2.220446049250313e-16
2013,central_shared,1.0,True,6_to_7,0.6886547407128807,0.7511721086041439,0.7577139768138044,1.0087088806076905,0.978892887167494,0.4429189768605767,0.3147949999532277,1.0,0.4461834089830127,0.3115305678307917,4.16739388020622,0.6770947948990772,3.4902990853071425,1.0,0.551548620721368,3.6158452594848516,0.44656178073018293,0.07920548674765951,0.36735629398252345,1.0,9.370385954889572,1.0,1.0,1.0,2.220446049250313e-16
2013,directional_relay,1.0,True,4_to_5,0.28830672619851716,0.4538292246257556,0.3396867534531973,0.7484902580553635,0.853979289167472,0.2262376865373949,0.11344906691580242,1.0,0.2916034435951528,0.04808330985804454,0.6145400373774367,0.1612522080237048,0.4532878293537319,1.0,2.4609418591346808,-1.8464018217572442,0.08443449195122565,0.018989185119668545,0.06544530683155711,1.0,2.084760589566233,0.9990234375,0.989990234375,0.9915771484375,2.498001805406602e-16
2013,directional_relay,1.0,True,5_to_6,0.4538292246257556,0.6111254261991488,0.5395809439790058,0.8829299532419903,0.9638199954852542,0.31487604973086947,0.22470489424813633,1.0,0.3875947031249524,0.15198624085405338,2.110878781670043,0.22422264626026578,1.886656135409777,1.0,2.2307048208551934,-0.11982603918515045,0.1868430539342857,0.029680683545407538,0.15716237038887818,1.0,5.271251438199718,1.0,0.996826171875,0.9970703125,2.220446049250313e-16
2013,directional_relay,1.0,True,6_to_7,0.6111254261991488,0.755481929822487,0.7275710807344653,0.9630555702443078,0.981723714264157,0.3933577790642758,0.3342133016701895,1.0,0.5240013519239455,0.20356972881051982,3.785394053439673,0.26902107883227766,3.5163729746073953,1.0,1.6990164528879697,2.086377600551703,0.3677592057666601,0.0399390534041299,0.3278201523625302,1.0,8.564183257247006,1.0,1.0,0.9990234375,2.220446049250313e-16
2013,four_channel_crossbar,1.0,True,4_to_5,0.48917712478504494,0.5558543404935266,0.542521247139192,0.9760133323012348,0.8020275675129109,0.3545370607851762,0.18798418635401581,1.0,0.46811940983212597,0.07440183730706607,2.083997988257585,0.5871859108586428,1.4968120773989424,1.0,2.2251976872041173,-0.14119969894653206,0.23247984995202187,0.07547842334629135,0.15700142660573052,1.0,4.120944198167995,1.0,0.99951171875,1.0,2.498001805406602e-16
2013,four_channel_crossbar,1.0,True,5_to_6,0.5558543404935266,0.5847631015383634,0.6060136340346398,1.03634041279344,0.823801335815177,0.3912492291659987,0.21476440486864112,1.0,0.5442351333797111,0.061778500654928736,1.6413471477653871,0.3931544308024877,1.2481927169628995,1.0,1.954264843586087,-0.31291769582069984,0.21246950393124875,0.060998188483152666,0.15147131544809608,1.0,3.7312512080919698,1.0,0.999755859375,1.0,2.220446049250313e-16
2013,four_channel_crossbar,1.0,True,6_to_7,0.5847631015383634,0.646480830877762,0.6161132059451095,0.9530262561823826,0.763327230694806,0.3905156588935495,0.22559754705156004,1.0,0.522917154021645,0.09319605192346458,1.9269377160368608,0.24509067923566824,1.6818470368011926,1.0,1.4778804211899192,0.44905729484694157,0.22919024397081578,0.0438317761707062,0.18535846780010956,1.0,4.025855579760748,1.0,1.0,1.0,2.220446049250313e-16
2014,independent,0.1083984375,False,4_to_5,0.0,0.0,0.0,0.0,0.0,0.0,0.0,0.5,0.0,0.0,0.0,0.0,0.0,0.5,0.0,0.0,0.0,0.0,0.0,0.5,0.0,0.0,0.0,0.0,0.0
2014,independent,0.1083984375,False,5_to_6,0.0,0.0,0.0,0.0,0.0,0.0,0.0,0.5,0.0,0.0,0.0,0.0,0.0,0.5,0.0,0.0,0.0,0.0,0.0,0.5,0.0,0.0,0.0,0.0,0.0
2014,independent,0.1083984375,False,6_to_7,0.0,0.0,0.0,0.0,0.0,0.0,0.0,0.5,0.0,0.0,0.0,0.0,0.0,0.5,0.0,0.0,0.0,0.0,0.0,0.5,0.0,0.0,0.0,0.0,0.0
2014,distributed,1.0,True,4_to_5,0.41565556439653384,0.5918379890526175,0.40484542393685685,0.6840477147891633,0.7505983011250128,0.2956669664318418,0.10917845750501504,1.0,0.4865440711711454,-0.08169864723428855,1.5088712684226637,0.5800049668254368,0.9288663015972269,1.0,3.870997479240922,-2.3621262108182584,0.09035727946494669,0.0588392257330624,0.031518053731884293,1.0,1.761245802522286,1.0,1.0,1.0,2.498001805406602e-16
2014,distributed,1.0,True,5_to_6,0.5918379890526175,0.7199393334677223,0.5751734628200612,0.7989193478978718,0.8085301598297838,0.3857008438170342,0.18947261900302703,1.0,0.579714194737941,-0.004540731917879737,2.095228113238452,0.564318125850898,1.530909987387554,1.0,2.95481701162291,-0.859588898384458,0.16130657537074986,0.06615436811116635,0.09515220725958351,1.0,2.8510066333240256,1.0,1.0,1.0,2.220446049250313e-16
2014,distributed,1.0,True,6_to_7,0.7199393334677223,0.7686838018559543,0.6549366098862978,0.8520234305770217,0.8244634115624555,0.4368168323261722,0.21811977756012557,1.0,0.608140012474075,0.04679659741222275,2.783771013955114,0.3722085079077647,2.4115625060473493,1.0,2.174459053510854,0.6093119604442601,0.2360513986988699,0.05450698222876731,0.18154441647010258,1.0,4.027226477221248,1.0,1.0,1.0,2.498001805406602e-16
2014,central_shared,1.0,True,4_to_5,0.24892867495099252,0.43348629683856277,0.3214450166101306,0.7415344359312974,0.6921871477075718,0.21501194066195278,0.1064330759481778,1.0,0.2839947466624696,0.037450269947660986,0.3672619586597229,0.10779885867803604,0.2594630999816868,1.0,1.157213969647978,-0.7899520109882551,0.07618697767751409,0.012530416841932422,0.06365656083558166,1.0,1.2862357095931138,1.0,0.991455078125,0.9827880859375,2.220446049250313e-16
2014,central_shared,1.0,True,5_to_6,0.43348629683856277,0.6431915441615855,0.5669458357945163,0.8814572283184208,0.8573118578064078,0.31846513365906143,0.24848070213545487,1.0,0.39696403931711743,0.16998179647739886,1.8001162879484394,0.21976838398152015,1.5803479039669193,1.0,0.6750641262340586,1.1250521617143807,0.20596847654350992,0.02848659317679038,0.17748188336671955,1.0,4.680416140013998,1.0,0.994140625,0.994873046875,2.220446049250313e-16
2014,central_shared,1.0,True,6_to_7,0.6431915441615855,0.7783716697354454,0.7503205726296547,0.9639618215866916,0.9267444582505916,0.43082281574022946,0.3194977568894252,1.0,0.5170508765631359,0.23326969606651882,2.915528888229693,0.3489705673391496,2.5665583208905436,1.0,0.45962604407211566,2.455902844157577,0.30010406783923593,0.04474318345616893,0.25536088438306703,1.0,7.615802409569283,1.0,0.99853515625,0.9970703125,2.220446049250313e-16
2014,directional_relay,1.0,True,4_to_5,0.30535381794155547,0.4408828409333238,0.3110298474274181,0.7054705208508131,0.8083524347569676,0.24428848195345562,0.0667413654739625,1.0,0.34769373648027846,-0.03666388905286033,0.5762588710875854,0.28182934666918136,0.2944295244184041,1.0,3.2552511279308063,-2.678992256843221,0.09140836836791828,0.02908161372417417,0.06232675464374411,1.0,1.1931984002577039,0.984619140625,0.993408203125,0.993896484375,2.220446049250313e-16
2014,directional_relay,1.0,True,5_to_6,0.4408828409333238,0.6063786703914421,0.45135566943346156,0.7443462170958175,0.8525143150138752,0.31307310964942714,0.13828255978403442,1.0,0.46138789870738517,-0.01003222927392361,2.280306736836423,0.29678905360749275,1.9835176832289303,1.0,3.061490921540204,-0.7811841847037813,0.2121418127580822,0.037038829403202675,0.1751029833548795,1.0,3.20978793669644,1.0,0.9970703125,0.99658203125,2.220446049250313e-16
2014,directional_relay,1.0,True,6_to_7,0.6063786703914421,0.7180615395516702,0.6384033699323448,0.8890649822728831,0.93841936551513,0.4132093690064651,0.2251940009258797,1.0,0.5480887425584009,0.09031462737394391,3.4246525772632284,0.34207370825668815,3.0825788690065403,1.0,1.4439775931645558,1.9806749840986726,0.26071813629563717,0.05131440667284784,0.20940372962278933,1.0,5.952562387920755,1.0,0.999267578125,0.998291015625,2.220446049250313e-16
2014,four_channel_crossbar,1.0,True,4_to_5,0.3522746868631198,0.45930191354538386,0.3462298842091507,0.7538176393313448,0.8773759285676586,0.2563178980678605,0.0899119861412902,1.0,0.3923784628530559,-0.0461485786439052,0.8779584954923764,0.2138615820894368,0.6640969134029395,1.0,1.7706662236022759,-0.8927077281098995,0.0987345180677235,0.026936562009569884,0.07179795605815362,1.0,2.6497478222940005,1.0,1.0,1.0,2.220446049250313e-16
2014,four_channel_crossbar,1.0,True,5_to_6,0.45930191354538386,0.5968717612258267,0.5206130119229233,0.8722359571069557,0.8958428713493436,0.3167918046037073,0.203821207319216,1.0,0.4183466360556686,0.10226637586725473,3.164126543667246,0.23636002044276655,2.9277665232244794,1.0,0.7418647083617227,2.422261835305523,0.24969630910655913,0.03306030027369332,0.21663600883286582,1.0,4.7903379762539355,1.0,1.0,1.0,2.220446049250313e-16
2014,four_channel_crossbar,1.0,True,6_to_7,0.5968717612258267,0.7145148117015071,0.6433258358221394,0.9003673895718941,0.9155473305517388,0.38400266602051913,0.2593231698016203,1.0,0.4583667365080701,0.18495909931406934,3.6670546186713198,0.4032322737927413,3.2638223448785784,1.0,0.5057863558705721,3.1612682628007476,0.2995126521680135,0.0534663247433301,0.24604632742468338,1.0,5.988802634377491,1.0,1.0,1.0,2.220446049250313e-16
2015,independent,0.1064453125,False,4_to_5,0.0,0.0,0.0,0.0,0.0,0.0,0.0,0.5,0.0,0.0,0.0,0.0,0.0,0.5,0.0,0.0,0.0,0.0,0.0,0.5,0.0,0.0,0.0,0.0,0.0
2015,independent,0.1064453125,False,5_to_6,0.0,0.0,0.0,0.0,0.0,0.0,0.0,0.5,0.0,0.0,0.0,0.0,0.0,0.5,0.0,0.0,0.0,0.0,0.0,0.5,0.0,0.0,0.0,0.0,0.0
2015,independent,0.1064453125,False,6_to_7,0.0,0.0,0.0,0.0,0.0,0.0,0.0,0.5,0.0,0.0,0.0,0.0,0.0,0.5,0.0,0.0,0.0,0.0,0.0,0.5,0.0,0.0,0.0,0.0,0.0
2015,distributed,1.0,True,4_to_5,0.25689971516375243,0.3383175167447541,0.22875738603916296,0.6761618146179245,0.4701461435811505,0.218329492990266,0.010427893048896963,1.0,0.29165827869070576,-0.0629008926515428,0.3912932338803326,0.085502435162664,0.3057907987176686,1.0,0.6825851555921372,-0.29129192171180457,0.05725514889297211,0.014919766472527492,0.04233538242044462,1.0,0.8270289707529564,1.0,0.999755859375,1.0,2.220446049250313e-16
2015,distributed,1.0,True,5_to_6,0.3383175167447541,0.4554476127118702,0.321921596632329,0.7068246438169087,0.5727059456192973,0.27089320528862393,0.05102839134370507,1.0,0.32822366055826724,-0.006302063925938239,1.6815665193823712,0.1292921545409263,1.552274364841445,1.0,0.7446963164983105,0.9368702028840608,0.14167253034131114,0.02119007266686453,0.12048245767444661,1.0,2.6653223507253805,1.0,1.0,1.0,2.498001805406602e-16
2015,distributed,1.0,True,6_to_7,0.4554476127118702,0.62712073372802,0.4400499114117221,0.70169887191542,0.6199420305785237,0.3286148206227778,0.11143509078894431,1.0,0.4619894332502322,-0.021939521838510057,2.037779927437454,0.23349562863711537,1.8042842988003387,1.0,1.604530209082055,0.43324971835539894,0.18500718645622413,0.03341500319234387,0.15159218326388027,1.0,2.8728135001393977,1.0,1.0,1.0,2.498001805406602e-16
2015,central_shared,1.0,True,4_to_5,0.35890830572340215,0.388174661044573,0.41576537927610546,1.0710781022060694,0.6622448285954309,0.31192406669206796,0.1038413125840375,1.0,0.4494566895460772,-0.03369131026997174,1.917221965690884,0.13158831846671923,1.7856336472241647,1.0,2.2987774944712482,-0.38155552878036425,0.19145692383771395,0.02363859690444092,0.16781832693327303,1.0,3.2876825051534353,1.0,1.0,1.0,2.220446049250313e-16
2015,central_shared,1.0,True,5_to_6,0.388174661044573,0.48328418258051864,0.43034494009058843,0.8904593934623338,0.6945016885529138,0.3084188705650463,0.12192606952554214,1.0,0.4471155320233288,-0.016770591932740386,0.9426488780592466,0.04763542927367406,0.8950134487855725,1.0,1.2934786634372726,-0.350829785378026,0.09980076609382778,0.011362179094475861,0.08843858699935192,1.0,1.8214564631345849,1.0,1.0,1.0,2.220446049250313e-16
2015,central_shared,1.0,True,6_to_7,0.48328418258051864,0.6112544038343936,0.5361409316551092,0.8771158592754537,0.7514654200587214,0.35090157765925667,0.18523935399585256,1.0,0.4493986301815451,0.08674230147356415,1.5026400238900361,0.11888980477724598,1.3837502191127902,1.0,1.2220040503332508,0.2806359735567854,0.1797123820593081,0.02359186756354348,0.1561205144957646,1.0,2.9743108314989186,1.0,1.0,1.0,2.3592239273284576e-16
2015,directional_relay,1.0,True,4_to_5,0.3353447424592064,0.5232681163040946,0.43129630247912043,0.824235777110629,0.8876303012449425,0.24649007588422256,0.18480622659489787,1.0,0.28768513368407456,0.14361116879504587,0.7216210163734935,0.36070684713059165,0.36091416924290187,1.0,1.6399487385250002,-0.9183277221515067,0.08595106140460258,0.042144278084171795,0.04380678332043079,1.0,2.2577139421521553,0.996826171875,0.99951171875,0.999755859375,2.498001805406602e-16
2015,directional_relay,1.0,True,5_to_6,0.5232681163040946,0.6575527947093127,0.6073984403235758,0.9237257376300729,0.9552948536507861,0.3466549501473731,0.26074349017620274,1.0,0.3729607037229389,0.23443773660063694,1.9250402669153197,0.46506214750322017,1.4599781194120995,1.0,0.9433001996311458,0.981740067284174,0.23447874589559647,0.061193310375844454,0.173285435519752,1.0,6.244136250284097,1.0,0.99951171875,1.0,2.498001805406602e-16
2015,directional_relay,1.0,True,6_to_7,0.6575527947093127,0.7138937773983377,0.7101881802094945,0.994809315746738,0.9857768425024656,0.4293511158302762,0.2808370643792183,1.0,0.4444313559911973,0.26575682421829716,4.020883301176954,0.419037755213809,3.601845545963145,1.0,0.45609199183974575,3.5647913093372083,0.44207747789700114,0.05982678682859692,0.3822506910684042,1.0,9.816517731466105,1.0,1.0,1.0,2.220446049250313e-16
2015,four_channel_crossbar,1.0,True,4_to_5,0.34189786532463606,0.542972556442717,0.5207210145720498,0.9590190303236537,0.9320964335743483,0.26271352084104954,0.25800749373100024,1.0,0.3087552138744354,0.2119658006976144,2.240089204823289,0.20816210899431742,2.031927095828972,1.0,0.4852011024629381,1.754888102360351,0.23399346294556064,0.02364898038677036,0.2103444825587903,1.0,6.887790593456877,1.0,0.9951171875,0.9937744140625,2.220446049250313e-16
2015,four_channel_crossbar,1.0,True,5_to_6,0.542972556442717,0.7099087295040067,0.7007147406564218,0.9870490550890838,0.9669466815170078,0.3536828165415785,0.3470319241148433,1.0,0.34817200559298406,0.35254273506343775,3.3365738771404634,0.39305979061217505,2.9435140865282885,1.0,0.2940603519079462,3.042513525232517,0.35557081438612403,0.042512719995753706,0.31305809439037036,1.0,8.325078117310388,1.0,0.999755859375,0.997314453125,2.498001805406602e-16
2015,four_channel_crossbar,1.0,True,6_to_7,0.7099087295040067,0.7908225638240791,0.7856422809713328,0.9934495004445792,0.9686486406817196,0.43042421127357205,0.35521806969776076,1.0,0.4225050091830387,0.36313727178829414,4.326531904294148,0.34726136274169556,3.9792705415524527,1.0,0.19721327395469357,4.129318630339455,0.41071041675575093,0.04540661679299842,0.36530379996275253,1.0,8.911095004357101,1.0,0.999755859375,0.99951171875,2.498001805406602e-16
2016,independent,0.11767578125,False,4_to_5,0.0,0.0,0.0,0.0,0.0,0.0,0.0,0.5,0.0,0.0,0.0,0.0,0.0,0.5,0.0,0.0,0.0,0.0,0.0,0.5,0.0,0.0,0.0,0.0,0.0
2016,independent,0.11767578125,False,5_to_6,0.0,0.0,0.0,0.0,0.0,0.0,0.0,0.5,0.0,0.0,0.0,0.0,0.0,0.5,0.0,0.0,0.0,0.0,0.0,0.5,0.0,0.0,0.0,0.0,0.0
2016,independent,0.11767578125,False,6_to_7,0.0,0.0,0.0,0.0,0.0,0.0,0.0,0.5,0.0,0.0,0.0,0.0,0.0,0.5,0.0,0.0,0.0,0.0,0.0,0.5,0.0,0.0,0.0,0.0,0.0
2016,distributed,1.0,True,4_to_5,0.21715226177509928,0.37093541351481224,0.27770386146164966,0.748658260558776,0.7795387758305803,0.19788027810910297,0.07982358335254669,1.0,0.2724319618128837,0.005271899648765954,0.4356253904394709,0.0352106769280427,0.4004147135114282,1.0,1.1909886844314383,-0.7553632939919674,0.09051083146708,0.006940149440687618,0.08357068202639238,1.0,2.5374060850254,1.0,1.0,1.0,2.498001805406602e-16
2016,distributed,1.0,True,5_to_6,0.37093541351481224,0.5187517582164614,0.4022677402370537,0.7754532565250565,0.7857758138056081,0.30423930976330826,0.09802843047374543,1.0,0.3731382686643615,0.02912947157269219,0.931559543749785,0.10324950763062793,0.8283100361191571,1.0,0.878103655027446,0.05345588872233897,0.13125778306272118,0.019649306909625013,0.11160847615309616,1.0,4.047369443721197,1.0,1.0,1.0,2.498001805406602e-16
2016,distributed,1.0,True,6_to_7,0.5187517582164614,0.6490445516303727,0.5375976586128159,0.8282908426892933,0.7898064636422054,0.3895283063678433,0.14806935224497264,1.0,0.43917122924680546,0.09842642936601048,0.6342225251667286,0.1578535049752417,0.4763690201914869,1.0,1.3614732152073648,-0.7272506900406361,0.11985533745327165,0.028291424005288595,0.09156391344798305,1.0,3.265450370449165,1.0,1.0,1.0,2.498001805406602e-16
2016,central_shared,1.0,True,4_to_5,0.3573737419882294,0.4518013014987858,0.43029529656947074,0.9523994179344505,0.7872766165444438,0.2960341903225705,0.13426110624690024,1.0,0.39372380911601923,0.03657148745345151,1.1393520716516206,0.1761231831902331,0.9632288884613874,1.0,1.0920932220980595,0.04725884955356108,0.15225117111767683,0.028719212291636792,0.12353195882604004,1.0,3.8085865695235177,1.0,1.0,1.0,2.220446049250313e-16
2016,central_shared,1.0,True,5_to_6,0.4518013014987858,0.5593351722655822,0.5160796645819514,0.9226662119093554,0.8129978406320162,0.3554937301820589,0.16058593439989255,1.0,0.43133075555754463,0.0847489090244068,0.4824549368565901,0.11536486562205882,0.36709007123453125,1.0,0.47809315099344313,0.00436178586314695,0.10055444499960664,0.022095976496020242,0.0784584685035864,1.0,2.8530861455265595,1.0,1.0,1.0,2.498001805406602e-16
2016,central_shared,1.0,True,6_to_7,0.5593351722655822,0.6860947679962829,0.6151808241796084,0.8966411826404443,0.8591300006009411,0.39627082309042105,0.21891000108918734,1.0,0.5119300844485438,0.10325073973106458,0.9780587039844014,0.1044320966414438,0.8736266073429576,1.0,0.96671197562662,0.011346728357781388,0.14904434599916752,0.021616036943099652,0.12742830905606786,1.0,3.3479429931392044,1.0,1.0,1.0,2.498001805406602e-16
2016,directional_relay,1.0,True,4_to_5,0.2791535699731792,0.41600445982923506,0.31887729195264825,0.7665237341050228,0.8682859654873403,0.21480726124466043,0.10407003070798782,1.0,0.23551311191894397,0.08336418003370427,1.6724816066183952,0.14545997997192422,1.527021626646471,1.0,0.8338084978621947,0.8386731087562005,0.20569349531528372,0.02072262536786193,0.1849708699474218,1.0,4.526457122271467,1.0,0.999755859375,1.0,2.220446049250313e-16
2016,directional_relay,1.0,True,5_to_6,0.41600445982923506,0.5232868495214138,0.4805299108305504,0.918291585714474,0.9453791060493542,0.2971831674367692,0.1833467433937812,1.0,0.33719130720885004,0.14333860362170037,2.764616789501532,0.23055677554890008,2.5340600139526317,1.0,0.8841854807014062,1.8804313088001257,0.3404190146497322,0.03702238454804198,0.3033966301016902,1.0,6.925180666621817,1.0,1.0,1.0,2.498001805406602e-16
2016,directional_relay,1.0,True,6_to_7,0.5232868495214138,0.7249927287820044,0.7022319338115506,0.968605485176807,0.9762868426406472,0.3480303104549057,0.3542016233566449,1.0,0.4049211716910203,0.29731076212053026,2.9859779149830654,0.2324951784030327,2.7534827365800325,1.0,1.1371552440457917,1.8488226709372737,0.36779343294663375,0.037955792019241166,0.3298376409273926,1.0,7.967085009696908,1.0,1.0,1.0,2.498001805406602e-16
2016,four_channel_crossbar,1.0,True,4_to_5,0.43164129963969833,0.5400849179572506,0.5505488204328587,1.0193745504228955,0.9563221937606023,0.33456472462089387,0.21598409581196482,1.0,0.32880750657250846,0.22174131386035023,2.2472650313490625,0.6335375566855073,1.6137274746635553,1.0,0.8530057519648715,1.394259279384191,0.31912826517483045,0.06367186370715433,0.2554564014676761,1.0,8.439647581947845,1.0,1.0,0.999755859375,2.220446049250313e-16
2016,four_channel_crossbar,1.0,True,5_to_6,0.5400849179572506,0.6418212812366064,0.6502062752762732,1.0130643752159656,0.9642761236193538,0.39806562186411143,0.25214065341216174,1.0,0.39998923056377145,0.2502170447125017,2.935777026928417,0.7711064697830506,2.1646705571453664,1.0,1.301059868768282,1.6347171581601352,0.3405957187889123,0.08056280622184289,0.2600329125670694,1.0,8.138172377780599,1.0,0.99951171875,1.0,2.220446049250313e-16
2016,four_channel_crossbar,1.0,True,6_to_7,0.6418212812366064,0.6973214190999553,0.7075364873600752,1.0146490097397334,0.949465110954141,0.4497972668047634,0.25773922055531184,1.0,0.4926700687717649,0.21486641858831035,3.154171509002179,0.4624300313172063,2.691741477684973,1.0,1.5207995094481175,1.6333719995540614,0.3858383359503043,0.06387294321128507,0.32196539273901925,1.0,8.703506664953235,1.0,0.999755859375,1.0,2.220446049250313e-16
2017,independent,0.1064453125,False,4_to_5,0.0,0.0,0.0,0.0,0.0,0.0,0.0,0.5,0.0,0.0,0.0,0.0,0.0,0.5,0.0,0.0,0.0,0.0,0.0,0.5,0.0,0.0,0.0,0.0,0.0
2017,independent,0.1064453125,False,5_to_6,0.0,0.0,0.0,0.0,0.0,0.0,0.0,0.5,0.0,0.0,0.0,0.0,0.0,0.5,0.0,0.0,0.0,0.0,0.0,0.5,0.0,0.0,0.0,0.0,0.0
2017,independent,0.1064453125,False,6_to_7,0.0,0.0,0.0,0.0,0.0,0.0,0.0,0.5,0.0,0.0,0.0,0.0,0.0,0.5,0.0,0.0,0.0,0.0,0.0,0.5,0.0,0.0,0.0,0.0,0.0
2017,distributed,0.999755859375,True,4_to_5,0.3320446254639543,0.39607024114649353,0.3935238100161315,0.9935707587548337,0.4332653271582767,0.27182934011768717,0.12169446989844435,1.0,0.35254480174457836,0.04097900827155315,0.644790002075701,0.2233695232043397,0.42142047887136136,1.0,2.651045807222215,-2.0062558051465142,0.09917591583090925,0.03222151302537588,0.06695440280553336,1.0,2.2716609215547066,1.0,1.0,1.0,2.220446049250313e-16
2017,distributed,0.999755859375,True,5_to_6,0.39607024114649353,0.4129916754769514,0.4206401906976992,1.0185197806031192,0.46061648119196297,0.29942319612134793,0.12121699457635127,1.0,0.355120192713933,0.06551999798376618,1.023333999175864,0.1705314498222169,0.8528025493536472,1.0,0.4114393952309359,0.6118946039449282,0.1569835203637968,0.025683936375305333,0.13129958398849148,1.0,2.445334322435236,1.0,1.0,1.0,2.220446049250313e-16
2017,distributed,0.999755859375,True,6_to_7,0.4129916754769514,0.5829061039845842,0.393997850554394,0.6759199258013154,0.39448552120945723,0.29130651363986515,0.10269133691452886,1.0,0.44522155000537933,-0.051223699450985316,0.060976534791382236,0.05516618835425871,0.005810346437123526,0.8125,0.6702338949567429,-0.6092573601653607,0.02122036938827916,0.012249621751666764,0.008970747636612398,1.0,0.8551930902995429,1.0,1.0,1.0,2.220446049250313e-16
2017,central_shared,1.0,True,4_to_5,0.1863484297241071,0.32511841907366495,0.24366419347336285,0.7494629008335382,0.7670475261314642,0.16058277568510837,0.08308141778825448,1.0,0.20743811692885047,0.036226076544512376,0.1945487922547356,0.008221552258064077,0.1863272399966715,1.0,0.22002960056418105,-0.025480808309445463,0.03625715107717133,0.002207031836873101,0.03405011924029823,1.0,0.7992883924219397,1.0,0.998779296875,0.997802734375,2.220446049250313e-16
2017,central_shared,1.0,True,5_to_6,0.32511841907366495,0.5192356295903002,0.44021021427240553,0.8478043284890731,0.8141801977458019,0.2405408027784286,0.19966941149397693,1.0,0.2931389247863514,0.14707128948605414,1.4169291692508084,0.12212870482460536,1.294800464426203,1.0,1.3588332248884956,0.0580959443623128,0.1600449056723173,0.018923502899858544,0.14112140277245877,1.0,2.846075951941703,1.0,0.99853515625,0.9990234375,2.220446049250313e-16
2017,central_shared,1.0,True,6_to_7,0.5192356295903002,0.6735392938990632,0.6346781361512075,0.9423030577430878,0.9254032732877631,0.3494823344701602,0.2851958016810473,1.0,0.387880880328355,0.2467972558228525,1.9125092561838473,0.22868465469087484,1.6838246014929723,1.0,0.6253370151844929,1.2871722409993542,0.26604468593099545,0.03622031085463441,0.22982437507636105,1.0,5.278098118003178,1.0,0.99951171875,0.99951171875,2.220446049250313e-16
2017,directional_relay,1.0,True,4_to_5,0.39979362351090386,0.5226361547026351,0.4873519862331505,0.9324880834362478,0.9490705169976854,0.29832335756005135,0.18902862867309916,1.0,0.36683098261175884,0.12052100362139168,0.6291150432843602,0.30910061515824444,0.32001442812611575,1.0,1.3924789082183633,-0.7633638649340031,0.1532932100753673,0.04119102855595802,0.11210218151940929,1.0,5.542543494107029,1.0,1.0,1.0,2.220446049250313e-16
2017,directional_relay,1.0,True,5_to_6,0.5226361547026351,0.6423553614702271,0.6301740693683177,0.9810365214761673,0.9786210938627118,0.35086779966525866,0.279306269703059,1.0,0.3991613096461579,0.23101275972215973,2.1324161513103905,0.25547545052825615,1.8769407007821344,1.0,0.6566986532861745,1.475717498024216,0.3082430808696812,0.04061300038149046,0.26763008048819076,1.0,8.060738847193354,1.0,1.0,1.0,2.220446049250313e-16
2017,directional_relay,1.0,True,6_to_7,0.6423553614702271,0.7373942300780616,0.7408250245350512,1.0046525919474938,0.9739584761185286,0.4054855047850689,0.3353395197499823,1.0,0.45222141795984416,0.288603606575207,2.771411670417274,0.18864434626640603,2.5827673241508684,1.0,0.22568616062019226,2.545725509797082,0.4145441827257925,0.035200710161116824,0.3793434725646757,1.0,8.924359557636322,1.0,1.0,1.0,2.220446049250313e-16
2017,four_channel_crossbar,1.0,True,4_to_5,0.2955022393364365,0.4263267865710973,0.3928637484536914,0.9215084785393249,0.932722579445031,0.23576871504137506,0.15709503341231632,1.0,0.26973818276577544,0.12312556568791594,1.3883427941740458,0.3825641691871201,1.0057786249869256,1.0,0.8163227729459068,0.572020021228139,0.2362536815454324,0.04759449603376491,0.1886591855116675,1.0,5.779433338392454,1.0,1.0,1.0,2.220446049250313e-16
2017,four_channel_crossbar,1.0,True,5_to_6,0.4263267865710973,0.5836394465198262,0.5715208366939756,0.9792361364569984,0.9753669991001641,0.32316546568021987,0.2483553710137557,1.0,0.36451681186651536,0.20700402482746022,2.36529026279089,0.37276913023859704,1.9925211325522927,1.0,0.33190342749587953,2.03338683529501,0.36496108039792435,0.051597292945595216,0.3133637874523291,1.0,8.161137675866389,1.0,1.0,1.0,2.220446049250313e-16
2017,four_channel_crossbar,1.0,True,6_to_7,0.5836394465198262,0.6973943998569834,0.6860372957058893,0.9837149478782407,0.9756864637537899,0.3901060429171177,0.29593125278877164,1.0,0.4398643999841507,0.24617289572173862,3.3069188677643773,0.3124174920927033,2.994501375671674,1.0,0.09107363854514816,3.215845229219229,0.39664383508594586,0.0513581901609486,0.34528564492499725,1.0,8.986295925425477,1.0,1.0,1.0,2.220446049250313e-16
2018,independent,0.10498046875,False,4_to_5,0.0,0.0,0.0,0.0,0.0,0.0,0.0,0.5,0.0,0.0,0.0,0.0,0.0,0.5,0.0,0.0,0.0,0.0,0.0,0.5,0.0,0.0,0.0,0.0,0.0
2018,independent,0.10498046875,False,5_to_6,0.0,0.0,0.0,0.0,0.0,0.0,0.0,0.5,0.0,0.0,0.0,0.0,0.0,0.5,0.0,0.0,0.0,0.0,0.0,0.5,0.0,0.0,0.0,0.0,0.0
2018,independent,0.10498046875,False,6_to_7,0.0,0.0,0.0,0.0,0.0,0.0,0.0,0.5,0.0,0.0,0.0,0.0,0.0,0.5,0.0,0.0,0.0,0.0,0.0,0.5,0.0,0.0,0.0,0.0,0.0
2018,distributed,1.0,True,4_to_5,0.2679086696955417,0.4072918596663883,0.3139243411504413,0.7707601654685068,0.7334439224326958,0.2387963537516856,0.07512798739875573,1.0,0.3161651519443187,-0.0022408107938773902,0.4104957380363291,0.20168951446847916,0.20880622356784995,1.0,0.7488319384679816,-0.33833620043165247,0.08637557917312455,0.025497753708383912,0.06087782546474064,1.0,3.2917690137938194,1.0,0.999267578125,0.996337890625,2.220446049250313e-16
2018,distributed,1.0,True,5_to_6,0.4072918596663883,0.5374273414685253,0.48242126597838486,0.8976492797336365,0.7857551276264614,0.342851981408251,0.13956928457013384,1.0,0.4394243715249508,0.042996894453434076,1.347260543319009,0.18893333396955386,1.1583272093494552,1.0,0.931471303051265,0.415789240267744,0.16310082501300519,0.02935516476648057,0.13374566024652462,1.0,4.709735280729091,1.0,0.995361328125,0.99658203125,2.220446049250313e-16
2018,distributed,1.0,True,6_to_7,0.5374273414685253,0.6493048578823437,0.563458570137978,0.8677873933912237,0.7833465193543452,0.3899226861088916,0.17353588402908637,1.0,0.5151332892974193,0.04832528084055865,1.62574981545483,0.18456370986291082,1.4411861055919193,1.0,1.017673968976193,0.6080758464786369,0.21047122367964985,0.030495359113044056,0.1799758645666058,1.0,4.683031355234197,1.0,0.99951171875,0.997802734375,2.498001805406602e-16
2018,central_shared,1.0,True,4_to_5,0.38541358449439006,0.5367048973456545,0.5331569860058571,0.9933894559983633,0.9365016896509257,0.3165016469180461,0.21665533908781104,1.0,0.35074913030391186,0.1824078557019453,2.4963529298612475,0.4324460382201364,2.063906891641111,1.0,0.6334637717050966,1.8628891581561509,0.2573687652539286,0.04787997797802214,0.20948878727590647,1.0,7.152417626481428,1.0,0.989013671875,0.98681640625,2.220446049250313e-16
2018,central_shared,1.0,True,5_to_6,0.5367048973456545,0.6441936718703318,0.6495005968137699,1.008238089219396,0.942471942294727,0.39728212415536623,0.2522184726584037,1.0,0.4249323433629347,0.22456825345083525,3.561043938453476,0.4904030172555569,3.070640921197919,1.0,0.4639605456347257,3.0970833928187504,0.38105647761150796,0.05790404337673501,0.32315243423477297,1.0,8.761990251553486,1.0,0.99365234375,0.9901123046875,2.220446049250313e-16
2018,central_shared,1.0,True,6_to_7,0.6441936718703318,0.7222744081133881,0.7437093542306497,1.0296770117790144,0.9537213542328606,0.43731176758783663,0.306397586642813,1.0,0.5129987950865802,0.23071055914406946,4.334485555022412,0.46231193260779696,3.872173622414615,1.0,0.5790932632044565,3.755392291817955,0.43888191802063314,0.06168336548424449,0.3771985525363887,1.0,9.905975829139772,1.0,0.995849609375,0.989501953125,2.220446049250313e-16
2018,directional_relay,1.0,True,4_to_5,0.3389477592637996,0.48849674863032067,0.40284392106356776,0.824660393734632,0.8783682137319548,0.24892101260936872,0.15392290845419904,1.0,0.3582104356986029,0.044633485364964864,0.6967529398472709,0.22233716757309985,0.4744157722741711,1.0,2.385276373180768,-1.6885234333334969,0.1131881550345973,0.029352383869453658,0.08383577116514364,1.0,2.028009991633383,1.0,0.999755859375,0.999755859375,2.220446049250313e-16
2018,directional_relay,1.0,True,5_to_6,0.48849674863032067,0.6110582428519593,0.55656276800278,0.9108178713131575,0.935838127828082,0.34539563951980123,0.2111671284829788,1.0,0.43528399649471017,0.12127877150806987,1.965002683802464,0.3554254099350455,1.6095772738674183,1.0,1.3957153889848815,0.5692872948175824,0.26402957424103807,0.04804634803829611,0.21598322620274196,1.0,4.6593327099678445,1.0,0.999755859375,0.999755859375,2.220446049250313e-16
2018,directional_relay,1.0,True,6_to_7,0.6110582428519593,0.7092480406224969,0.691900592334917,0.9755410698458126,0.962708891377458,0.4105169143269462,0.28138367800797076,1.0,0.46832721416700807,0.2235733781679089,2.535900819219673,0.27696741559044685,2.258933403629226,1.0,0.2832329911746599,2.2526678280450128,0.35738664714273066,0.04468838891427533,0.3126982582284553,1.0,7.658424717469597,1.0,1.0,0.999755859375,2.220446049250313e-16
2018,four_channel_crossbar,1.0,True,4_to_5,0.433945896013889,0.6064748114512276,0.5828797449307872,0.9610947296162556,0.9601489125974476,0.32174949785886175,0.26113024707192545,1.0,0.3207335766166012,0.262146168314186,2.8178414548407615,0.6348988354733665,2.1829426193673953,1.0,0.7788615185097,2.0389799363310614,0.28227960083361253,0.0588428810020041,0.22343671983160843,1.0,8.827920091359218,1.0,0.998779296875,0.994384765625,2.220446049250313e-16
2018,four_channel_crossbar,1.0,True,5_to_6,0.6064748114512276,0.7092500994706594,0.7014719610514819,0.989033292452151,0.9822233467400068,0.41287713091358125,0.28859483013790066,1.0,0.37547539140075264,0.32599656965072926,3.5038528144469656,0.6256313441641511,2.8782214702828144,1.0,0.19516284245186044,3.308689971995105,0.41706360831779454,0.0684072286614634,0.3486563796563311,1.0,9.896434336715592,1.0,0.998046875,0.996826171875,2.220446049250313e-16
2018,four_channel_crossbar,1.0,True,6_to_7,0.7092500994706594,0.8073336906291925,0.8184647808487947,1.0137874714616792,0.9852591786739643,0.446127936686902,0.3723368441618927,1.0,0.4235207439760801,0.3949440368727146,4.348776481216085,0.34793783327312755,4.000838647942957,1.0,0.32474190352590776,4.024034577690177,0.4352809916881151,0.05089748010532266,0.3843835115827925,1.0,9.991126214627174,1.0,0.99853515625,0.998291015625,2.220446049250313e-16
2019,independent,0.117919921875,False,4_to_5,0.0,0.0,0.0,0.0,0.0,0.0,0.0,0.5,0.0,0.0,0.0,0.0,0.0,0.5,0.0,0.0,0.0,0.0,0.0,0.5,0.0,0.0,0.0,0.0,0.0
2019,independent,0.117919921875,False,5_to_6,0.0,0.0,0.0,0.0,0.0,0.0,0.0,0.5,0.0,0.0,0.0,0.0,0.0,0.5,0.0,0.0,0.0,0.0,0.0,0.5,0.0,0.0,0.0,0.0,0.0
2019,independent,0.117919921875,False,6_to_7,0.0,0.0,0.0,0.0,0.0,0.0,0.0,0.5,0.0,0.0,0.0,0.0,0.0,0.5,0.0,0.0,0.0,0.0,0.0,0.5,0.0,0.0,0.0,0.0,0.0
2019,distributed,1.0,True,4_to_5,0.2711351432621795,0.30916757923192906,0.2860870202180521,0.9253461211191146,0.3278240875531694,0.23071710581133792,0.05536991440671418,1.0,0.3278155337398333,-0.041728513521781196,0.18585739841143445,0.016202999142373862,0.1696543992690606,1.0,0.31601516912813005,-0.1301577707166956,0.0472998772279665,0.004050331325338347,0.04324954590262815,1.0,1.2765129224517981,0.998291015625,0.999267578125,0.99853515625,2.220446049250313e-16
2019,distributed,1.0,True,5_to_6,0.30916757923192906,0.4911425554047195,0.3036038886683051,0.6181583846224125,0.4344340782777514,0.2389261135933673,0.06467777507493783,1.0,0.2863683923915947,0.01723549627671045,0.1101524414400116,0.02238432204398561,0.087768119396026,1.0,0.35676154149013434,-0.24660910005012274,0.03011319256056108,0.004823478429912955,0.025289714130648126,1.0,0.5708252766846941,0.998291015625,0.9990234375,0.998291015625,2.220446049250313e-16
2019,distributed,1.0,True,6_to_7,0.4911425554047195,0.6713194058357901,0.4726159884806178,0.7040106160676418,0.6073228194403677,0.33384228885797895,0.13877369962263886,1.0,0.4645318179199038,0.008084170560714032,0.8354536093240156,0.17978896499199096,0.6556646443320246,1.0,1.771474243253399,-0.9360206339293834,0.08130104005561549,0.0277957954414173,0.053505244614198186,1.0,1.7727204454779006,1.0,0.999755859375,0.9990234375,2.498001805406602e-16
2019,central_shared,1.0,True,4_to_5,0.3831897545147249,0.4875484367283019,0.49220893836303725,1.0095590535906744,0.9685166378299316,0.3009652494513396,0.19124368891169763,1.0,0.3290657681141521,0.16314317024888514,4.009092305741059,0.4575699722557559,3.551522333485303,1.0,0.9226773377027302,3.086414968038329,0.4041608990964752,0.05310891980023365,0.35105197929624155,1.0,9.315872610874836,1.0,0.999755859375,0.999755859375,2.220446049250313e-16
2019,central_shared,1.0,True,5_to_6,0.4875484367283019,0.5949938069410339,0.594587551132084,0.999317210020994,0.9834715774267692,0.3429716984196329,0.25161585271245107,1.0,0.3808178941054857,0.21376965702659823,3.730983618769351,0.4579217039629171,3.273061914806434,1.0,0.678663135874803,3.0523204828945483,0.4442088813689828,0.05810053361103655,0.3861083477579462,1.0,9.73095095792094,1.0,0.99951171875,0.999755859375,2.220446049250313e-16
2019,central_shared,1.0,True,6_to_7,0.5949938069410339,0.6548602512986332,0.6586286221750035,1.0057544657335626,0.9778933078586547,0.3887118810022069,0.2699167411727966,1.0,0.41487705932513386,0.24375156284986965,3.5282140611557566,0.40066965023108303,3.1275444109246737,1.0,0.7847076361672224,2.743506424988534,0.4530708430486583,0.05743079841185683,0.39564004463680147,1.0,9.619702207889883,1.0,0.999755859375,1.0,2.220446049250313e-16
2019,directional_relay,1.0,True,4_to_5,0.25846103746675586,0.43354046433240057,0.35450686360044315,0.8177019050490257,0.8491169326670309,0.20736395281953093,0.1471429107809122,1.0,0.23952274013545943,0.11498412346498371,0.20604203574263824,0.0842183691461055,0.12182366659653274,1.0,0.43331666352244225,-0.227274627779804,0.06458810638394757,0.013095136544897223,0.05149296983905035,1.0,2.193602920640108,1.0,1.0,1.0,2.220446049250313e-16
2019,directional_relay,1.0,True,5_to_6,0.43354046433240057,0.5987541453192936,0.5541151573809717,0.9254468828528651,0.9464248471286453,0.2794450676936777,0.274670089687294,1.0,0.3136543442358871,0.2404608131450846,1.498556272520639,0.11428845145565056,1.3842678210649884,1.0,0.7220858062486827,0.7764704662719563,0.26353998257492345,0.019419236451115637,0.2441207461238078,1.0,5.570481410264892,1.0,1.0,1.0,2.220446049250313e-16
2019,directional_relay,1.0,True,6_to_7,0.5987541453192936,0.7184389762957459,0.7067443691549837,0.9837221983681074,0.9671637802220655,0.37083945608193364,0.3359049130730501,1.0,0.4354671225978195,0.27127724655716423,2.695408889634796,0.14204178577795631,2.5533671038568397,1.0,0.5916950175460132,2.103713872088783,0.39789562310823895,0.027224224819033804,0.37067139828920515,1.0,8.329546294950843,1.0,1.0,1.0,2.220446049250313e-16
2019,four_channel_crossbar,1.0,True,4_to_5,0.43031792796134194,0.6051590685228905,0.5599824240774921,0.9253474882964766,0.975294144233216,0.30651031715538235,0.25347210692210975,1.0,0.3571517197031535,0.2028307043743386,2.077772531022239,0.6019602441042471,1.475812286917992,1.0,2.4259778454914347,-0.34820531446919567,0.17230295203628354,0.04523090198340554,0.127072050052878,1.0,6.652308802818279,1.0,0.983154296875,0.962646484375,2.220446049250313e-16
2019,four_channel_crossbar,1.0,True,5_to_6,0.6051590685228905,0.7604316147291907,0.7389429674572691,0.9717415125098733,0.9796825345151227,0.3731643916381132,0.36577857581915585,1.0,0.43077441775851705,0.308168549698752,3.2109319878810068,0.7419065261346812,2.4690254617463254,1.0,2.2687332277707153,0.9421987601102915,0.2945357380821246,0.06413753584207355,0.23039820224005103,1.0,8.643722752242105,1.0,0.988525390625,0.9776611328125,2.220446049250313e-16
2019,four_channel_crossbar,1.0,True,6_to_7,0.7604316147291907,0.8431237493142907,0.8308077544088903,0.9853924232173309,0.9793141374434038,0.4408939677478788,0.3899137866610115,1.0,0.504973486664682,0.3258342677442083,4.031776634257552,0.5838583649145792,3.447918269342973,1.0,1.8402642744459128,2.1915123598116395,0.40511656458640416,0.06434416473191054,0.3407723998544936,1.0,10.365568359201255,1.0,0.99609375,0.991943359375,2.220446049250313e-16
2020,independent,0.10986328125,False,4_to_5,0.0,0.0,0.0,0.0,0.0,0.0,0.0,0.5,0.0,0.0,0.0,0.0,0.0,0.5,0.0,0.0,0.0,0.0,0.0,0.5,0.0,0.0,0.0,0.0,0.0
2020,independent,0.10986328125,False,5_to_6,0.0,0.0,0.0,0.0,0.0,0.0,0.0,0.5,0.0,0.0,0.0,0.0,0.0,0.5,0.0,0.0,0.0,0.0,0.0,0.5,0.0,0.0,0.0,0.0,0.0
2020,independent,0.10986328125,False,6_to_7,0.0,0.0,0.0,0.0,0.0,0.0,0.0,0.5,0.0,0.0,0.0,0.0,0.0,0.5,0.0,0.0,0.0,0.0,0.0,0.5,0.0,0.0,0.0,0.0,0.0
2020,distributed,0.999755859375,True,4_to_5,0.28183435513873434,0.4320851442667818,0.33136606192449425,0.7668999185028664,0.7962224373712122,0.25148898424573257,0.07987707767876168,1.0,0.3163690036497355,0.014997058274758723,0.26639737233909155,0.1805694623490966,0.08582790998999495,1.0,2.015989626468441,-1.7495922541293494,0.05120907637422125,0.024131185127390486,0.027077891246830764,1.0,1.6276221092489835,1.0,1.0,1.0,2.498001805406602e-16
2020,distributed,0.999755859375,True,5_to_6,0.4320851442667818,0.5904283091313892,0.48841376425594785,0.8272194213967815,0.813718547773386,0.33825728164629487,0.15015648260965297,1.0,0.44178203078675105,0.0466317334691968,1.0335940665693375,0.21873011760038202,0.8148639489689555,1.0,2.0575143499462576,-1.02392028337692,0.16987898782322383,0.032841166341419675,0.13703782148180416,1.0,2.9223563621893707,1.0,0.99951171875,1.0,2.636779683484747e-16
2020,distributed,0.999755859375,True,6_to_7,0.5904283091313892,0.6930126179993086,0.6082139089460536,0.8776375684210997,0.8145499136670319,0.40824279282607995,0.1999711161199737,1.0,0.5467152656411022,0.06149864330495147,2.677454992962914,0.24014305988399748,2.4373119330789166,1.0,1.1647386026284363,1.5127163903344778,0.2571203923271988,0.03887545847576833,0.21824493385143046,1.0,4.767619017819012,1.0,1.0,1.0,2.498001805406602e-16
2020,central_shared,1.0,True,4_to_5,0.295962251646647,0.45172195518592057,0.40806550195624613,0.9033554762426674,0.907674689536622,0.24622797436592647,0.16183752759031966,1.0,0.33249848187650954,0.07556702007973659,2.1886642947588375,0.18960093580585652,1.999063358952981,1.0,2.2393536943484773,-0.050689399589639805,0.19086988068921884,0.021571910022098267,0.16929797066712057,1.0,4.13210680383993,1.0,0.99853515625,0.999267578125,2.498001805406602e-16
2020,central_shared,1.0,True,5_to_6,0.45172195518592057,0.6176820660230266,0.5743783380369087,0.9298931758454139,0.9093742277632169,0.32567360630742637,0.24870473172948238,1.0,0.44553224257545687,0.12884609546145187,3.086672629465586,0.14175816797030144,2.9449144614952845,1.0,1.360114941187841,1.726557688277745,0.2932741139600263,0.021033235758164244,0.27224087820186205,1.0,5.818808711064782,1.0,0.999267578125,0.99951171875,2.220446049250313e-16
2020,central_shared,1.0,True,6_to_7,0.6176820660230266,0.7717575708267468,0.7559484202711938,0.979515392976816,0.9383251695721995,0.37328043500648034,0.38266798526471346,1.0,0.45036100274628993,0.30558741752490387,4.264181641531433,0.168786540417805,4.0953951011136285,1.0,0.9021057678248504,3.3620758737065826,0.3563322012036026,0.02691665451059081,0.32941554669301176,1.0,7.141813693973744,1.0,1.0,0.999755859375,2.2898349882893854e-16
2020,directional_relay,1.0,True,4_to_5,0.38821661604446894,0.5420216955329455,0.519223638395498,0.9579388476045572,0.9570176389861198,0.27056362316418275,0.24866001523131526,1.0,0.31297448905427,0.206249149341228,2.7056727511016234,0.3392734716379089,2.3663992794637148,1.0,0.8559296391120951,1.8497431119895285,0.29176069053428805,0.0331949005270179,0.25856579000727015,1.0,7.847264400574796,1.0,0.999755859375,0.999267578125,2.220446049250313e-16
2020,directional_relay,1.0,True,5_to_6,0.5420216955329455,0.6601555628602124,0.6551653127680568,0.9924407967259494,0.9759410988059569,0.3488452546253194,0.3063200581427374,1.0,0.3729154106058984,0.2822499021621584,3.680616987264461,0.35150816783510525,3.3291088194293557,1.0,0.3831950770677185,3.2974219101967424,0.4479729697350461,0.04082380641614296,0.4071491633189031,1.0,9.671171160119581,1.0,1.0,0.999755859375,2.220446049250313e-16
2020,directional_relay,1.0,True,6_to_7,0.6601555628602124,0.7380918278726203,0.7491934284765194,1.0150409477312556,0.9779583061092417,0.38258926839152535,0.366604160084994,1.0,0.41345119778472916,0.3357422306917902,3.5708547475789207,0.25187089592718215,3.3189838516517387,1.0,0.19216658543536105,3.37868816214356,0.45871423048131305,0.03676288660594595,0.4219513438753671,1.0,9.895335041489867,1.0,1.0,0.999755859375,2.220446049250313e-16
2020,four_channel_crossbar,1.0,True,4_to_5,0.210504047152533,0.36345927805124867,0.26855035024403334,0.7388732836424307,0.8445724407384457,0.1803934070428475,0.08815694320118583,1.0,0.22384394028081073,0.044706409963222615,0.0032914302354171863,0.050123310987723727,-0.04683188075230654,0.0,0.9235346874302903,-0.9202432571948731,0.0017062201902850033,0.008345255952418256,-0.006639035762133253,0.0,0.586251225421785,1.0,0.99853515625,0.999755859375,2.220446049250313e-16
2020,four_channel_crossbar,1.0,True,5_to_6,0.36345927805124867,0.5964950607859567,0.49867455804083805,0.836007857942314,0.9110554736185501,0.263047912818635,0.23562664522220306,1.0,0.34464317789125076,0.15403138014958728,0.46805272612145166,0.10639557562472972,0.3616571504967219,1.0,1.027845623613547,-0.5597928974920953,0.08141016225082105,0.01863872308730799,0.06277143916351306,1.0,2.891719692087903,1.0,1.0,1.0,2.220446049250313e-16
2020,four_channel_crossbar,1.0,True,6_to_7,0.5964950607859567,0.7207226302021723,0.6790214119579648,0.9421397129815257,0.9645487078823756,0.4019497253611521,0.27707168659681275,1.0,0.47049143774079205,0.2085299742171728,1.934389934538361,0.3288101009961323,1.6055798335422287,1.0,0.7489958483110305,1.1853940862273307,0.29842781441882155,0.044638081667763556,0.253789732751058,1.0,6.757463844547797,1.0,1.0,1.0,2.498001805406602e-16
2021,independent,0.112548828125,False,4_to_5,0.0,0.0,0.0,0.0,0.0,0.0,0.0,0.5,0.0,0.0,0.0,0.0,0.0,0.5,0.0,0.0,0.0,0.0,0.0,0.5,0.0,0.0,0.0,0.0,0.0
2021,independent,0.112548828125,False,5_to_6,0.0,0.0,0.0,0.0,0.0,0.0,0.0,0.5,0.0,0.0,0.0,0.0,0.0,0.5,0.0,0.0,0.0,0.0,0.0,0.5,0.0,0.0,0.0,0.0,0.0
2021,independent,0.112548828125,False,6_to_7,0.0,0.0,0.0,0.0,0.0,0.0,0.0,0.5,0.0,0.0,0.0,0.0,0.0,0.5,0.0,0.0,0.0,0.0,0.0,0.5,0.0,0.0,0.0,0.0,0.0
2021,distributed,1.0,True,4_to_5,0.25659817110801,0.40479801358564493,0.23334233948682656,0.5764414143733373,0.5065210067210111,0.20033657704030752,0.03300576244651904,1.0,0.2853372996840399,-0.051994960197213363,0.10625207737190638,0.04368465024112006,0.06256742713078632,1.0,0.4079577301869328,-0.3017056528150264,0.013477039075131576,0.007879203078798467,0.005597835996333109,1.0,0.17743555003249797,0.9990234375,0.999755859375,0.999755859375,2.220446049250313e-16
2021,distributed,1.0,True,5_to_6,0.40479801358564493,0.5872059500328256,0.39372846048166776,0.6705117011495845,0.6782131104621184,0.28298515058220636,0.1107433098994614,1.0,0.3543274377374065,0.03940102274426127,0.18592602789530316,0.12633176973446164,0.05959425816084152,1.0,0.7222953508123975,-0.5363693229170943,0.047929208535410474,0.019240452931457652,0.02868875560395282,1.0,0.9291696628595794,1.0,1.0,1.0,2.220446049250313e-16
2021,distributed,1.0,True,6_to_7,0.5872059500328256,0.7161986416843849,0.5659909697832831,0.7902709344046823,0.7698384997984477,0.3830164844898515,0.18297448529343163,1.0,0.49208585593115195,0.07390511385213117,0.830588622209721,0.2235627581491794,0.6070258640605416,1.0,0.9927352777835402,-0.16214665557381924,0.16431001993413702,0.034001176797847324,0.1303088431362897,1.0,2.798033523369958,1.0,1.0,1.0,2.498001805406602e-16
2021,central_shared,1.0,True,4_to_5,0.2921803685233187,0.48764451571827294,0.3569560523705754,0.7320005472527447,0.735830315994348,0.2277717587850188,0.12918429358555664,1.0,0.33570053412361855,0.021255518246956873,0.23052087561849777,0.23075913443624343,-0.00023825881774566793,0.5,2.616599488699291,-2.3860786130807936,0.047073070278445504,0.02792558234093285,0.019147487937512656,1.0,0.8482521280417573,1.0,0.998779296875,0.998291015625,2.220446049250313e-16
2021,central_shared,1.0,True,5_to_6,0.48764451571827294,0.5983079483029338,0.48851088142774823,0.8164873671048185,0.8268849078839213,0.33875378150229624,0.149757099925452,1.0,0.46545674689734284,0.02305413453040539,2.0501355865982744,0.5579359199005125,1.492199666697762,1.0,3.6379740784273986,-1.5878384918291242,0.1523952695456485,0.06469545522168145,0.08769981432396705,1.0,3.11744626671295,1.0,0.999267578125,0.999267578125,2.220446049250313e-16
2021,central_shared,1.0,True,6_to_7,0.5983079483029338,0.6983974751345519,0.6570272105849242,0.9407640118663697,0.9116866362783214,0.405276541654078,0.2517506689308462,1.0,0.5038447465888793,0.15318246399604485,3.635536901741475,0.49270543795231403,3.142831463789161,1.0,1.459627084488934,2.175909817252541,0.32365326644710135,0.06656051433568502,0.25709275211141636,1.0,5.86461850784752,1.0,0.999755859375,0.999755859375,2.220446049250313e-16
2021,directional_relay,1.0,True,4_to_5,0.25002154652282066,0.4474966107653145,0.32461246308447966,0.7253964729013773,0.8316816508888571,0.187591882617701,0.13702058046677867,1.0,0.2715977719461884,0.05301469113829127,0.3716211726608204,0.11197190289810005,0.25964926976272035,1.0,1.5960222096455225,-1.2244010369847023,0.06349024024176168,0.014449711588413945,0.04904052865334774,1.0,0.8636087324007141,1.0,0.999755859375,0.999755859375,2.498001805406602e-16
2021,directional_relay,1.0,True,5_to_6,0.4474966107653145,0.5983625092031557,0.5094887994463155,0.8514717944558492,0.9067182911328278,0.31463616159113017,0.19485263785518536,1.0,0.44775767139089206,0.06173112805542347,1.0862964371155315,0.19237390917543687,0.8939225279400946,1.0,1.9660191623595131,-0.8797227252439817,0.12656499107987307,0.028138322936029157,0.0984266681438439,1.0,2.9511994531573116,1.0,0.999755859375,1.0,2.220446049250313e-16
2021,directional_relay,1.0,True,6_to_7,0.5983625092031557,0.7171517700023788,0.661834464426877,0.9228652735873212,0.9382205644449017,0.38632084633850444,0.27551361808837255,1.0,0.5340961850702595,0.12773827935661752,1.9655865177991856,0.20217349077582444,1.7634130270233612,1.0,0.6817878883573132,1.2837986294418724,0.26089134738867376,0.031964188040890365,0.2289271593477834,1.0,6.62495382937709,1.0,1.0,1.0,2.220446049250313e-16
2021,four_channel_crossbar,1.0,True,4_to_5,0.2596787727316823,0.37160190219181544,0.30041810295036975,0.8084407027477979,0.7381968124593122,0.2119755778512178,0.08844252509915196,1.0,0.27093899443379643,0.029479108516573316,0.8439786634765702,0.060461215948784494,0.7835174475277857,1.0,1.141354876721716,-0.29737621324514585,0.12836415205738114,0.009536488288323564,0.11882766376905757,1.0,1.9996612610436173,0.9990234375,0.998046875,0.9901123046875,2.220446049250313e-16
2021,four_channel_crossbar,1.0,True,5_to_6,0.37160190219181544,0.5185503322986761,0.4306150126200662,0.8304208594587098,0.802101967517308,0.2899501953245006,0.14066481729556557,1.0,0.3529836908022411,0.07763132181782506,2.8598808060986673,0.1468542076405278,2.7130265984581396,1.0,1.5393252427390396,1.3205555633596278,0.2224222417165093,0.021008387160968187,0.20141385455554112,1.0,4.11003325909469,0.998046875,0.99609375,0.9931640625,2.220446049250313e-16
2021,four_channel_crossbar,1.0,True,6_to_7,0.5185503322986761,0.6465669496333352,0.6193604096714234,0.9579215424213371,0.9233021749916946,0.3517994694910962,0.26756094018032717,1.0,0.4512601385277859,0.16810027114363746,3.401713489022675,0.2018977118473309,3.1998157771753437,1.0,0.40810495571716143,2.9936085333055136,0.2692123067274799,0.03220084926850728,0.23701145745897265,1.0,7.5696209854207135,1.0,0.998046875,0.9951171875,2.220446049250313e-16
2022,independent,0.111572265625,False,4_to_5,0.0,0.0,0.0,0.0,0.0,0.0,0.0,0.5,0.0,0.0,0.0,0.0,0.0,0.5,0.0,0.0,0.0,0.0,0.0,0.5,0.0,0.0,0.0,0.0,0.0
2022,independent,0.111572265625,False,5_to_6,0.0,0.0,0.0,0.0,0.0,0.0,0.0,0.5,0.0,0.0,0.0,0.0,0.0,0.5,0.0,0.0,0.0,0.0,0.0,0.5,0.0,0.0,0.0,0.0,0.0
2022,independent,0.111572265625,False,6_to_7,0.0,0.0,0.0,0.0,0.0,0.0,0.0,0.5,0.0,0.0,0.0,0.0,0.0,0.5,0.0,0.0,0.0,0.0,0.0,0.5,0.0,0.0,0.0,0.0,0.0
2022,distributed,1.0,True,4_to_5,0.3161581432466226,0.394498748944481,0.3177681730306464,0.8054985570445164,0.5106635445861791,0.27820418948684805,0.039563983543798364,1.0,0.3822554243984432,-0.06448725136779676,0.5009278731292895,0.2549159395406176,0.24601193358867196,1.0,1.6968395520688626,-1.1959116789395732,0.07275755456753218,0.038788779778830385,0.03396877478870179,1.0,1.6020748970521155,1.0,0.9990234375,0.99951171875,2.220446049250313e-16
2022,distributed,1.0,True,5_to_6,0.394498748944481,0.5587966215430051,0.34997757751447767,0.6263058222293553,0.6220392958831353,0.3186594687531118,0.03131810876136587,1.0,0.4390992604124816,-0.08912168289800393,0.07289103719343647,0.2294089038158786,-0.15651786662244216,0.0,1.539404454694696,-1.4665134175012595,0.02311323618598134,0.0397394925582386,-0.016626256372257262,0.0,0.5665253332423141,1.0,0.999755859375,0.999755859375,2.498001805406602e-16
2022,distributed,1.0,True,6_to_7,0.5587966215430051,0.6195938798452576,0.5084507610724911,0.8206194050843041,0.7015692337245563,0.4182245144893177,0.09022624658317341,1.0,0.5474270423891435,-0.03897628131665243,0.5097328075847493,0.267778222045533,0.24195458553921628,1.0,1.2830803195849525,-0.7733475120002032,0.10173532495291983,0.0506661946324479,0.05106913032047193,1.0,2.246217806488062,1.0,0.999755859375,1.0,2.498001805406602e-16
2022,central_shared,1.0,True,4_to_5,0.4467325321529687,0.5857615105080503,0.5638446339826674,0.9625839592868203,0.9426648002577733,0.3293674993382006,0.2344771346444668,1.0,0.3594356782331279,0.2044089557495395,2.6063101484374736,0.4087337104662029,2.1975764379712706,1.0,1.5689520070004248,1.0373581414370487,0.3276574622795235,0.062762868207211,0.26489459407231253,1.0,5.611985891495634,1.0,1.0,1.0,2.220446049250313e-16
2022,central_shared,1.0,True,5_to_6,0.5857615105080503,0.6739309769421993,0.6627296521579265,0.9833791216496738,0.9622061757955291,0.3962687097111206,0.26646094244680585,1.0,0.43387421517164537,0.22885543698628108,2.997418720432453,0.5287796053622242,2.4686391150702285,1.0,1.5613974416238323,1.4360212788086206,0.3756514253223106,0.0787905187288029,0.2968609065935077,1.0,6.487882174434656,1.0,1.0,1.0,2.220446049250313e-16
2022,central_shared,1.0,True,6_to_7,0.6739309769421993,0.7129158474389378,0.7248436531642913,1.016731014983329,0.9740307638953433,0.4498514625181712,0.2749921906461201,1.0,0.45798509314353664,0.2668585600207547,3.27850555277489,0.46868393876210845,2.8098216140127814,1.0,0.432375176297624,2.846130376477266,0.4369501256885528,0.07573267492200231,0.3612174507665505,1.0,7.537289188323856,1.0,1.0,1.0,2.220446049250313e-16
2022,directional_relay,1.0,True,4_to_5,0.24684506136199905,0.4063912728097493,0.28467977903479164,0.7005066252199356,0.8421060998030029,0.20258128345087334,0.0820984955839183,1.0,0.3004439240101864,-0.015764144975394745,0.00012217495758148667,0.129903125338408,-0.12978095038082652,0.0,1.063431088788011,-1.0633089138304295,8.07509764557751e-05,0.01592204882811225,-0.015841297851656475,0.0,0.012757101150315886,0.94140625,0.970947265625,0.9737548828125,2.220446049250313e-16
2022,directional_relay,1.0,True,5_to_6,0.4063912728097493,0.6072688542246969,0.48872895613108697,0.804798324055413,0.8764410421044062,0.28277681575626795,0.20595214037481901,1.0,0.3718432519827568,0.11688570414833016,0.27417440160613193,0.22627249068279365,0.04790191092333829,1.0,1.7265587284220958,-1.452384326815964,0.06822701898571909,0.029781415374225132,0.03844560361149396,1.0,1.800858848920211,1.0,0.991943359375,0.988525390625,2.498001805406602e-16
2022,directional_relay,1.0,True,6_to_7,0.6072688542246969,0.7471335640365009,0.6791316595430203,0.908982934555784,0.9513132695795139,0.39937273731945894,0.2797589222235614,1.0,0.5019744799717076,0.17715717957131272,1.129137716180698,0.29447025542341554,0.8346674607572824,1.0,1.2519430506491476,-0.12280533446844966,0.18501253527824865,0.04669752760946984,0.1383150076687788,1.0,5.675344025514213,1.0,0.99658203125,0.994140625,2.220446049250313e-16
2022,four_channel_crossbar,1.0,True,4_to_5,0.3155427005398721,0.48693130291442405,0.4019328961982519,0.8254406602996517,0.9085537584470865,0.2590802837947124,0.14285261240353953,1.0,0.34330923431489135,0.058623661883360545,0.6339741391084474,0.2494460034330013,0.3845281356754461,1.0,2.51463359674521,-1.8806594576367628,0.08918785811061188,0.028564251513807044,0.06062360659680483,1.0,3.1547257268684823,1.0,0.99951171875,0.999755859375,2.220446049250313e-16
2022,four_channel_crossbar,1.0,True,5_to_6,0.48693130291442405,0.6659498158488578,0.5953802459422745,0.894031699946292,0.9485376736880788,0.35187835063101336,0.2435018953112611,1.0,0.42537389707157586,0.1700063488706986,1.5080074687782903,0.2844525705360185,1.2235548982422717,1.0,1.072225628845375,0.4357818399329152,0.18850299341197496,0.0362968976058419,0.15220609580613306,1.0,5.70692983738015,1.0,1.0,1.0,2.220446049250313e-16
2022,four_channel_crossbar,1.0,True,6_to_7,0.6659498158488578,0.7902446204643704,0.7728248442963401,0.9779564761126828,0.9592710891009648,0.4389998914594697,0.3338249528368704,1.0,0.5370567396110393,0.23576810468530085,3.2386122954534065,0.3426606008083862,2.8959516946450203,1.0,1.5237812832735482,1.7148310121798582,0.3443011991644102,0.04556500101090722,0.298736198153503,1.0,8.006811879574842,1.0,1.0,1.0,2.220446049250313e-16
2023,independent,0.10986328125,False,4_to_5,0.0,0.0,0.0,0.0,0.0,0.0,0.0,0.5,0.0,0.0,0.0,0.0,0.0,0.5,0.0,0.0,0.0,0.0,0.0,0.5,0.0,0.0,0.0,0.0,0.0
2023,independent,0.10986328125,False,5_to_6,0.0,0.0,0.0,0.0,0.0,0.0,0.0,0.5,0.0,0.0,0.0,0.0,0.0,0.5,0.0,0.0,0.0,0.0,0.0,0.5,0.0,0.0,0.0,0.0,0.0
2023,independent,0.10986328125,False,6_to_7,0.0,0.0,0.0,0.0,0.0,0.0,0.0,0.5,0.0,0.0,0.0,0.0,0.0,0.5,0.0,0.0,0.0,0.0,0.0,0.5,0.0,0.0,0.0,0.0,0.0
2023,distributed,1.0,True,4_to_5,0.33298206696661,0.3838500632510474,0.38319991425587707,0.9983062423133037,0.5222524747231478,0.30135548757512487,0.0818444266807522,1.0,0.35966907244365554,0.023530841812221537,0.21503881990293294,0.18742359617967455,0.027615223723258392,1.0,1.2355699483974658,-1.0205311284945329,0.04844130148493442,0.029172470441233694,0.019268831043700724,1.0,1.4793976334307797,1.0,1.0,1.0,2.220446049250313e-16
2023,distributed,1.0,True,5_to_6,0.3838500632510474,0.5432815435157707,0.40825142844168383,0.7514546247968257,0.5843716582319229,0.3147665200754787,0.09348490836620515,1.0,0.35856726382457027,0.04968416461711356,0.10526143083698618,0.060986439018577795,0.04427499181840838,1.0,1.3819396781011952,-1.276678247264209,0.03722712361641598,0.013272670579895257,0.023954453036520724,1.0,0.7322957617640996,1.0,1.0,1.0,2.498001805406602e-16
2023,distributed,1.0,True,6_to_7,0.5432815435157707,0.5964699421155403,0.5567213379384448,0.9333602561159806,0.6465230260368534,0.4052099793352403,0.15151135860320453,1.0,0.45851197376273733,0.09820936417570747,1.49999310723935,0.18079501623793592,1.319198091001414,1.0,0.35845571182129266,1.1415373954180574,0.19026705651648215,0.034675889789571014,0.15559116672691115,1.0,3.5124240491706886,1.0,1.0,1.0,2.220446049250313e-16
2023,central_shared,1.0,True,4_to_5,0.2895241557840615,0.4372808273506228,0.32814468879961983,0.7504209383881931,0.8035482437293772,0.23698950597322588,0.09115518282639395,1.0,0.3469999593193725,-0.018855270519752665,0.819697113389636,0.20442540967194417,0.6152717037176918,1.0,2.448112521972883,-1.6284154085832472,0.10387920279972519,0.02539958244151161,0.07847962035821358,1.0,2.1322093776593616,1.0,0.99853515625,0.99951171875,2.498001805406602e-16
2023,central_shared,1.0,True,5_to_6,0.4372808273506228,0.6270502823822566,0.5582504082150269,0.8902801320719468,0.8735661344920802,0.3289649904274102,0.22928541778761674,1.0,0.4536200381458091,0.10463037006921783,2.6822636627255605,0.24290541612458427,2.4393582466009764,1.0,3.1154146217803413,-0.43315095905478085,0.2229979225751739,0.03184361277414762,0.19115430980102627,1.0,4.416820120024029,1.0,1.0,0.999755859375,2.220446049250313e-16
2023,central_shared,1.0,True,6_to_7,0.6270502823822566,0.732590438329298,0.672199684162513,0.9175654622185506,0.9011640240063288,0.40743817174266544,0.2647615124198475,1.0,0.5250690947924324,0.1471305893700806,3.055948152682917,0.32718560733768554,2.7287625453452313,1.0,2.831538647929865,0.22440950475305188,0.24545544800316876,0.04617032531461418,0.19928512268855458,1.0,5.840666268186791,1.0,0.999755859375,0.999755859375,2.220446049250313e-16
2023,directional_relay,1.0,True,4_to_5,0.3013088797419664,0.4705834131467561,0.3865833369707268,0.8214980090047648,0.8066241062633686,0.2335966407529728,0.152986696217754,1.0,0.32811840877936693,0.058464928191359844,0.10930407211100207,0.17124228809368036,-0.06193821598267829,0.0,1.7084882350271589,-1.5991841629161567,0.04093421976774352,0.02252824352244894,0.01840597624529458,1.0,1.6335180738160877,1.0,0.999755859375,1.0,2.220446049250313e-16
2023,directional_relay,1.0,True,5_to_6,0.4705834131467561,0.6042619127575286,0.5584470374634389,0.9241804351278486,0.9197497318128355,0.324923273120431,0.23352376434300792,1.0,0.4332951390151228,0.12515189844831615,0.47034266408413694,0.11987183818074403,0.3504708259033929,1.0,0.39947797975503097,0.07086468432910598,0.13598858496852428,0.023057996280800675,0.11293058868772361,1.0,5.478376989814001,1.0,1.0,1.0,2.220446049250313e-16
2023,directional_relay,1.0,True,6_to_7,0.6042619127575286,0.6808733987182309,0.6696252553172674,0.9834798313135179,0.9574871422746302,0.38124958523330854,0.2883756700839588,1.0,0.45981665211442435,0.209808603202843,1.8266351194071144,0.0860247078003994,1.740610411606715,1.0,0.14478501952648243,1.681850099880632,0.3229520625199729,0.019264561623455558,0.3036875008965173,1.0,8.2185821303605,1.0,0.999755859375,1.0,2.220446049250313e-16
2023,four_channel_crossbar,1.0,True,4_to_5,0.294342912006864,0.4670498401946577,0.3519634190879662,0.753588565497152,0.9051326106549694,0.2271996560578706,0.12476376303009559,1.0,0.29587213065525797,0.05609128843270822,0.20997511396037913,0.3075717236527813,-0.09759660969240216,0.0,3.1691780147291992,-2.9592029007688203,0.03619663255868674,0.027504872528849873,0.008691760029836869,1.0,1.2697421035542507,0.966552734375,0.981689453125,0.96435546875,2.220446049250313e-16
2023,four_channel_crossbar,1.0,True,5_to_6,0.4670498401946577,0.6647713189815188,0.5861904460810755,0.8817926245361559,0.9625062674699099,0.32735501230241537,0.25883543377866014,1.0,0.4793389377449733,0.10685150833610219,1.7718230099713683,0.42219282656989465,1.3496301834014737,1.0,3.6109527961839265,-1.8391297862125582,0.15930050765396406,0.040442478280768746,0.11885802937319531,1.0,4.463724705783757,1.0,0.99267578125,0.986328125,2.498001805406602e-16
2023,four_channel_crossbar,1.0,True,6_to_7,0.6647713189815188,0.8077124869773176,0.7662928044185795,0.9487197694395664,0.9760500682660875,0.4131870388302268,0.3531057655883527,1.0,0.5256938868152075,0.24059891760337204,3.49052583783527,0.44275581621119786,3.047770021624072,1.0,1.1732081100273375,2.317317727807932,0.3557745081418437,0.05054986101817585,0.3052246471236678,1.0,7.827930232208172,1.0,0.9990234375,0.99365234375,2.220446049250313e-16
