dataset_id,transfer,observation_map_id,predicted_class,bilateral_feedback,J_joint_generation,H_history,I_intervention,P_pair_specificity,G_gauge_invariance,N_null_separation,T_frozen_transfer,history_joint_mismatch,history_A_mismatch,history_B_mismatch,reset_margin,partner_margin,remove_A_margin,remove_B_margin,driver_history_mismatch
de0eae0b9134aba1dd3f,T1,G0,0,False,False,False,False,False,True,True,True,0.125,0.125,0.16666666666666666,-0.020833333333333343,-0.020833333333333315,-0.010416666666666657,-0.010416666666666657,0.0
de0eae0b9134aba1dd3f,T1,G1,0,False,False,False,False,False,True,True,True,0.11458333333333333,0.21875,0.15625,0.020833333333333343,0.03125,0.02083333333333333,0.020833333333333343,0.0
de0eae0b9134aba1dd3f,T1,G2,0,False,False,False,False,False,True,True,True,0.16470588235294117,0.1590909090909091,0.16091954022988506,-0.05395537525354968,-0.06346462526237809,0.005928853754940705,0.005291005291005291,0.0
de0eae0b9134aba1dd3f,T1,G3,0,False,False,False,False,False,True,True,True,0.15294117647058825,0.11764705882352941,0.16304347826086957,0.013865546218487401,-0.058139534883720936,0.05021141649048627,0.05813953488372092,0.0
087f1fc2d77da9ecf8ed,T1,G0,0,False,False,False,False,False,True,True,True,0.25,0.14583333333333334,0.14583333333333334,-0.07291666666666666,-0.125,-0.09375,-0.10416666666666666,0.0
087f1fc2d77da9ecf8ed,T1,G1,0,False,False,False,False,False,True,True,True,0.14583333333333334,0.052083333333333336,0.22916666666666666,-0.04166666666666666,0.0,-0.041666666666666685,0.0,0.0
087f1fc2d77da9ecf8ed,T1,G2,0,False,False,False,False,False,True,True,True,0.1724137931034483,0.17045454545454544,0.12643678160919541,0.03337893296853625,-0.02459425717852684,-0.07009703779366702,-0.05916927899686519,0.0
087f1fc2d77da9ecf8ed,T1,G3,0,False,False,False,False,False,True,True,True,0.1839080459770115,0.1566265060240964,0.16279069767441862,0.07097032878909383,0.035919540229885055,0.036487570168404176,0.0020898641588296685,0.0
09e759be4f46518d8426,T1,G0,0,False,False,False,False,False,True,True,True,0.10416666666666667,0.1875,0.125,0.03125,-0.020833333333333343,-0.010416666666666685,-0.020833333333333315,0.0
09e759be4f46518d8426,T1,G1,0,False,False,False,False,False,True,True,True,0.13541666666666666,0.16666666666666666,0.16666666666666666,0.0,0.010416666666666657,0.03125,0.020833333333333343,0.0
09e759be4f46518d8426,T1,G2,0,False,False,False,False,False,True,True,True,0.12195121951219512,0.13095238095238096,0.10465116279069768,-0.02298850574712645,0.015023055183697745,-0.08235294117647059,-0.010183591508892725,0.0
09e759be4f46518d8426,T1,G3,0,False,False,False,False,False,True,True,True,0.13953488372093023,0.12643678160919541,0.19101123595505617,0.04976335361730899,0.04881828748547076,0.06019151846785227,0.05883838383838384,0.0
fd3ca13e85c7579721e1,T1,G0,0,False,False,False,False,False,True,True,True,0.125,0.14583333333333334,0.16666666666666666,-0.04166666666666666,0.010416666666666657,-0.04166666666666666,-0.020833333333333343,0.0
fd3ca13e85c7579721e1,T1,G1,0,False,False,False,False,False,True,True,True,0.15625,0.15625,0.16666666666666666,-0.010416666666666685,0.03125,0.010416666666666685,0.010416666666666657,0.0
fd3ca13e85c7579721e1,T1,G2,0,False,False,False,False,False,True,True,True,0.2375,0.20689655172413793,0.14457831325301204,-0.05236329935125114,-0.03676470588235295,-0.09292168674698795,-0.06928104575163396,0.0
fd3ca13e85c7579721e1,T1,G3,0,False,False,False,False,False,True,True,True,0.14285714285714285,0.15384615384615385,0.14772727272727273,0.04166666666666666,0.053030303030303025,0.052346331791143424,0.008133623819898322,0.0
c695486678de191ff24b,T1,G0,0,False,False,False,False,False,True,True,True,0.13541666666666666,0.125,0.16666666666666666,0.05208333333333334,0.02083333333333333,0.05208333333333333,0.04166666666666667,0.0
c695486678de191ff24b,T1,G1,0,False,False,False,False,False,True,True,True,0.1875,0.125,0.21875,0.010416666666666657,0.020833333333333343,0.020833333333333315,0.020833333333333343,0.0
c695486678de191ff24b,T1,G2,0,False,False,False,False,False,True,True,True,0.13333333333333333,0.13636363636363635,0.13793103448275862,0.02247191011235955,0.010214504596527063,0.022988505747126436,0.010644257703081236,0.0
c695486678de191ff24b,T1,G3,0,False,False,False,False,False,True,True,True,0.16279069767441862,0.16666666666666666,0.12359550561797752,-0.10158730158730157,-0.033031000406118866,-0.05366922234392113,-0.02017056992012997,0.0
32575fd496b2904cfba5,T1,G0,0,False,False,False,False,False,True,True,True,0.13541666666666666,0.20833333333333334,0.14583333333333334,-0.05208333333333334,-0.04166666666666667,-0.05208333333333334,-0.03125,0.0
32575fd496b2904cfba5,T1,G1,0,False,False,False,False,False,True,True,True,0.11458333333333333,0.16666666666666666,0.1875,0.010416666666666657,-0.010416666666666657,-0.04166666666666667,0.0,0.0
32575fd496b2904cfba5,T1,G2,0,False,False,False,False,False,True,True,True,0.23255813953488372,0.10975609756097561,0.13253012048192772,0.0,0.0,0.05658263305322131,0.0,0.0
32575fd496b2904cfba5,T1,G3,0,False,False,False,False,False,True,True,True,0.11494252873563218,0.1927710843373494,0.16091954022988506,0.037627384374183434,0.05082309903318527,0.0049261083743842304,0.005213903743315512,0.0
b8c61ed634cb1fa0e301,T1,G0,0,False,False,False,False,False,True,True,True,0.17708333333333334,0.14583333333333334,0.14583333333333334,-0.0625,-0.010416666666666685,-0.020833333333333343,-0.020833333333333343,0.0
b8c61ed634cb1fa0e301,T1,G1,0,False,False,False,False,False,True,True,True,0.16666666666666666,0.17708333333333334,0.15625,-0.05208333333333334,-0.020833333333333343,-0.03125,-0.020833333333333343,0.0
b8c61ed634cb1fa0e301,T1,G2,0,False,False,False,False,False,True,True,True,0.16470588235294117,0.12941176470588237,0.13095238095238096,-0.010470453241537586,-0.0449438202247191,-0.011627906976744207,-0.043756530825496326,0.0
b8c61ed634cb1fa0e301,T1,G3,0,False,False,False,False,False,True,True,True,0.18181818181818182,0.10465116279069768,0.12643678160919541,0.0037878787878787845,0.002898550724637683,-0.031746031746031744,-0.00885935769656701,0.0
35798109570069965b97,T1,G0,0,False,False,False,False,False,True,True,True,0.13541666666666666,0.125,0.14583333333333334,0.010416666666666657,-0.020833333333333343,-0.03125,-0.010416666666666685,0.0
35798109570069965b97,T1,G1,0,False,False,False,False,False,True,True,True,0.13541666666666666,0.14583333333333334,0.13541666666666666,-0.031250000000000014,-0.04166666666666667,-0.010416666666666671,-0.010416666666666685,0.0
35798109570069965b97,T1,G2,0,False,False,False,False,False,True,True,True,0.10989010989010989,0.14942528735632185,0.11904761904761904,0.04123965921718731,0.031746031746031744,0.053033922599139985,-0.00146520146520146,0.0
35798109570069965b97,T1,G3,0,False,False,False,False,False,True,True,True,0.17647058823529413,0.17391304347826086,0.15384615384615385,-0.05197534323339871,-0.02955665024630541,-0.031663035584604204,-0.029124820659971296,0.0
614218825c2d0fb29d9d,T1,G0,0,False,False,False,False,False,True,True,True,0.20833333333333334,0.1875,0.16666666666666666,-0.03125,-0.03125,-0.03125,-0.010416666666666685,0.0
614218825c2d0fb29d9d,T1,G1,0,False,False,False,False,False,True,True,True,0.21875,0.11458333333333333,0.13541666666666666,-0.03125,-0.052083333333333315,-0.04166666666666666,-0.09374999999999999,0.0
614218825c2d0fb29d9d,T1,G2,0,False,False,False,False,False,True,True,True,0.13636363636363635,0.20689655172413793,0.13953488372093023,-0.003875968992248041,0.04076772205099466,0.040282094190772166,0.0625236832133384,0.0
614218825c2d0fb29d9d,T1,G3,0,False,False,False,False,False,True,True,True,0.18181818181818182,0.1590909090909091,0.10526315789473684,0.033849684452094075,0.011627906976744207,0.0017783857729138375,0.0436259143155695,0.0
aebe50d939e8cd708ca9,T1,G0,0,False,False,False,False,False,True,True,True,0.15625,0.1875,0.14583333333333334,-0.020833333333333343,-0.05208333333333334,0.010416666666666657,-0.010416666666666685,0.0
aebe50d939e8cd708ca9,T1,G1,0,False,False,False,False,False,True,True,True,0.11458333333333333,0.14583333333333334,0.17708333333333334,-0.04166666666666666,-0.05208333333333334,-0.04166666666666666,-0.052083333333333315,0.0
aebe50d939e8cd708ca9,T1,G2,0,False,False,False,False,False,True,True,True,0.14130434782608695,0.17391304347826086,0.13095238095238096,0.04116161616161615,0.04166666666666666,0.009401709401709424,0.0174825174825175,0.0
aebe50d939e8cd708ca9,T1,G3,0,False,False,False,False,False,True,True,True,0.14634146341463414,0.19318181818181818,0.16049382716049382,0.006844892160661226,0.021117348302592875,0.03039112050739956,0.018212384421406574,0.0
c9abf3fd78d983359fd5,T1,G0,0,False,False,False,False,False,True,True,True,0.15625,0.10416666666666667,0.17708333333333334,-0.03125,-0.02083333333333333,-0.04166666666666666,-0.04166666666666666,0.0
c9abf3fd78d983359fd5,T1,G1,0,False,False,False,False,False,True,True,True,0.1875,0.17708333333333334,0.16666666666666666,0.06250000000000001,-0.03125,0.0,0.0,0.0
c9abf3fd78d983359fd5,T1,G2,0,False,False,False,False,False,True,True,True,0.09302325581395349,0.15294117647058825,0.12087912087912088,0.0033222591362126186,-0.04972513743128436,-0.030698065601345678,-0.009363295880149808,0.0
c9abf3fd78d983359fd5,T1,G3,0,False,False,False,False,False,True,True,True,0.16304347826086957,0.13793103448275862,0.16279069767441862,0.0020898641588296685,0.026955602536997886,0.03880324013587666,-0.007246376811594207,0.0
9ce29704edc5fadd9a8d,T1,G0,0,False,False,False,False,False,True,True,True,0.14583333333333334,0.11458333333333333,0.11458333333333333,-0.04166666666666666,-0.041666666666666685,-0.041666666666666685,-0.04166666666666666,0.0
9ce29704edc5fadd9a8d,T1,G1,0,False,False,False,False,False,True,True,True,0.16666666666666666,0.125,0.17708333333333334,-0.04166666666666666,0.020833333333333315,0.0,-0.04166666666666666,0.0
9ce29704edc5fadd9a8d,T1,G2,0,False,False,False,False,False,True,True,True,0.0898876404494382,0.16666666666666666,0.10714285714285714,0.015930388219544844,0.03193779904306221,-0.0017402945113788454,0.011919965942954441,0.0
9ce29704edc5fadd9a8d,T1,G3,0,False,False,False,False,False,True,True,True,0.14285714285714285,0.1411764705882353,0.125,0.034883720930232565,0.021614227086183324,0.05882352941176472,0.025000000000000022,0.0
9cf7c2f5916aab01dfd7,T1,G0,0,False,False,False,False,False,True,True,True,0.1875,0.07291666666666667,0.20833333333333334,0.010416666666666657,-0.020833333333333343,-0.010416666666666685,-0.020833333333333343,0.0
9cf7c2f5916aab01dfd7,T1,G1,0,False,False,False,False,False,True,True,True,0.10416666666666667,0.125,0.13541666666666666,0.010416666666666671,-0.010416666666666657,-0.020833333333333343,-0.03125,0.0
9cf7c2f5916aab01dfd7,T1,G2,0,False,False,False,False,False,True,True,True,0.16470588235294117,0.16279069767441862,0.1111111111111111,0.0159090909090909,-0.04994714587737842,-0.029067041725269582,-0.054806312769010046,0.0
9cf7c2f5916aab01dfd7,T1,G3,0,False,False,False,False,False,True,True,True,0.15,0.13793103448275862,0.1511627906976744,-0.05103884372177053,-0.07268518518518517,-0.03529411764705884,-0.04999999999999999,0.0
a432a301a964797b9f17,T1,G0,0,False,False,False,False,False,True,True,True,0.14583333333333334,0.15625,0.08333333333333333,0.010416666666666657,0.0,0.0,0.010416666666666685,0.0
a432a301a964797b9f17,T1,G1,0,False,False,False,False,False,True,True,True,0.15625,0.16666666666666666,0.1875,-0.010416666666666685,-0.010416666666666657,-0.03125,0.010416666666666657,0.0
a432a301a964797b9f17,T1,G2,0,False,False,False,False,False,True,True,True,0.19318181818181818,0.14942528735632185,0.2247191011235955,-0.04175475687103594,0.0017478152309612915,0.02442528735632185,-0.06999426276534709,0.0
a432a301a964797b9f17,T1,G3,0,False,False,False,False,False,True,True,True,0.16304347826086957,0.14772727272727273,0.16304347826086957,-0.1167506134573163,-0.09566596194503173,-0.06078224101479916,-0.10055535861987476,0.0
eced9724de8cd598cb4b,T1,G0,0,False,False,False,False,False,True,True,True,0.09375,0.14583333333333334,0.125,-0.02083333333333333,-0.03125,-0.05208333333333333,-0.04166666666666667,0.0
eced9724de8cd598cb4b,T1,G1,0,False,False,False,False,False,True,True,True,0.16666666666666666,0.125,0.125,0.020833333333333315,0.0,0.020833333333333343,0.0,0.0
eced9724de8cd598cb4b,T1,G2,0,False,False,False,False,False,True,True,True,0.16853932584269662,0.1839080459770115,0.14444444444444443,0.025682182985553775,-0.021268057784911726,0.06018400204446715,0.028420356906807664,0.0
eced9724de8cd598cb4b,T1,G3,0,False,False,False,False,False,True,True,True,0.18181818181818182,0.13793103448275862,0.13793103448275862,0.0,0.0,-0.024817136886102403,-0.04545454545454547,0.0
c6f7d50ddb0a61c0a883,T1,G0,0,False,False,False,False,False,True,True,True,0.11458333333333333,0.14583333333333334,0.19791666666666666,-0.04166666666666667,-0.05208333333333333,-0.07291666666666666,-0.08333333333333333,0.0
c6f7d50ddb0a61c0a883,T1,G1,0,False,False,False,False,False,True,True,True,0.17708333333333334,0.14583333333333334,0.17708333333333334,0.020833333333333343,0.04166666666666667,0.10416666666666667,0.010416666666666657,0.0
c6f7d50ddb0a61c0a883,T1,G2,0,False,False,False,False,False,True,True,True,0.11764705882352941,0.16279069767441862,0.16666666666666666,0.04915966386554621,0.001871157444533561,0.01323175621491579,0.013322884012539199,0.0
c6f7d50ddb0a61c0a883,T1,G3,0,False,False,False,False,False,True,True,True,0.1348314606741573,0.14444444444444443,0.11494252873563218,-0.015327695560253707,-0.026523297491039433,0.004870129870129886,-0.020588606795503367,0.0
2edf109d7e3d1d63e26b,T1,G0,0,True,False,True,False,False,True,False,True,0.9791666666666666,0.8958333333333334,0.8958333333333334,-0.7395833333333334,-0.7708333333333334,-0.75,-0.7916666666666666,1.0
2edf109d7e3d1d63e26b,T1,G1,0,True,False,True,False,False,True,False,True,0.8958333333333334,0.9375,0.9375,-0.7916666666666666,-0.8020833333333334,-0.7291666666666666,-0.78125,1.0
2edf109d7e3d1d63e26b,T1,G2,0,True,False,True,False,False,True,False,True,1.0,0.9397590361445783,0.9347826086956522,-0.7417898193760263,-0.7937984496124031,-0.8455962305183037,-0.8211462450592886,1.0
2edf109d7e3d1d63e26b,T1,G3,0,True,False,True,False,False,True,False,True,0.9512195121951219,0.9069767441860465,0.9058823529411765,-0.7932900432900433,-0.7782855560171721,-0.736764705882353,-0.7793934358122143,1.0
a8050a8b607f33acca1b,T1,G0,0,True,False,True,False,False,True,False,True,0.9375,0.9375,0.9375,-0.8333333333333334,-0.7604166666666667,-0.8333333333333334,-0.875,1.0
a8050a8b607f33acca1b,T1,G1,0,True,False,True,False,False,True,False,True,0.9270833333333334,0.9479166666666666,0.9166666666666666,-0.6354166666666667,-0.71875,-0.6979166666666666,-0.7291666666666666,1.0
a8050a8b607f33acca1b,T1,G2,0,True,False,True,False,False,True,False,True,0.9080459770114943,0.9024390243902439,0.9156626506024096,-0.6575235109717867,-0.6502808988764045,-0.7600334448160535,-0.8195863125638407,1.0
a8050a8b607f33acca1b,T1,G3,0,True,False,True,False,False,True,False,True,0.9318181818181818,0.9550561797752809,0.927710843373494,-0.7666083916083916,-0.8401162790697675,-0.765792759051186,-0.6889360639360639,1.0
d477e4947d38da70feda,T1,G0,0,True,False,True,False,False,True,False,True,0.9375,0.9375,0.875,-0.78125,-0.8020833333333334,-0.7604166666666666,-0.7708333333333334,1.0
d477e4947d38da70feda,T1,G1,0,True,False,True,False,False,True,False,True,0.9270833333333334,0.9166666666666666,0.9375,-0.75,-0.7604166666666667,-0.8229166666666667,-0.8020833333333334,1.0
d477e4947d38da70feda,T1,G2,0,True,False,True,False,False,True,False,True,0.891566265060241,0.9090909090909091,0.8444444444444444,-0.7203830369357045,-0.7033699059561129,-0.7973321858864028,-0.8250341997264021,1.0
d477e4947d38da70feda,T1,G3,0,True,False,True,False,False,True,False,True,0.9325842696629213,0.9302325581395349,0.9545454545454546,-0.7974747474747474,-0.8175710594315246,-0.849894291754757,-0.774975024975025,1.0
584e51f3411f95507269,T1,G0,0,True,False,True,False,False,True,False,True,0.9270833333333334,0.9375,0.9166666666666666,-0.8333333333333334,-0.84375,-0.75,-0.7916666666666667,1.0
584e51f3411f95507269,T1,G1,0,True,False,True,False,False,True,False,True,0.90625,0.90625,0.9375,-0.7083333333333333,-0.7395833333333333,-0.8125,-0.7708333333333334,1.0
584e51f3411f95507269,T1,G2,0,True,False,True,False,False,True,False,True,0.8850574712643678,0.9111111111111111,0.9222222222222223,-0.7694016200679383,-0.7671122994652406,-0.7863386613386614,-0.7268199233716476,1.0
584e51f3411f95507269,T1,G3,0,True,False,True,False,False,True,False,True,0.9090909090909091,0.9540229885057471,0.8941176470588236,-0.7491077329808328,-0.7672098016925603,-0.8090439276485788,-0.7579051383399209,1.0
801ce6c13326ac25bd68,T1,G0,0,True,False,True,False,False,True,False,True,0.9166666666666666,0.9479166666666666,0.9583333333333334,-0.8020833333333334,-0.75,-0.7395833333333334,-0.7916666666666667,1.0
801ce6c13326ac25bd68,T1,G1,0,True,False,True,False,False,True,False,True,0.875,0.8645833333333334,0.9375,-0.78125,-0.7604166666666666,-0.7395833333333334,-0.6770833333333333,1.0
801ce6c13326ac25bd68,T1,G2,0,True,False,True,False,False,True,False,True,0.9438202247191011,0.9325842696629213,0.9318181818181818,-0.8,-0.7586206896551724,-0.8181818181818182,-0.7303370786516854,1.0
801ce6c13326ac25bd68,T1,G3,0,True,False,True,False,False,True,False,True,0.9047619047619048,0.9285714285714286,0.9125,-0.6091954022988506,-0.7857142857142857,-0.7679764768778401,-0.848563611491108,1.0
f5bcf5a76aa3fd023785,T1,G0,0,True,False,True,False,False,True,False,True,0.9270833333333334,0.90625,0.9479166666666666,-0.7916666666666667,-0.8541666666666666,-0.8229166666666666,-0.7916666666666666,1.0
f5bcf5a76aa3fd023785,T1,G1,0,True,False,True,False,False,True,False,True,0.8958333333333334,0.90625,0.9270833333333334,-0.7604166666666667,-0.71875,-0.7083333333333334,-0.7916666666666667,1.0
f5bcf5a76aa3fd023785,T1,G2,0,True,False,True,False,False,True,False,True,0.9325842696629213,0.927710843373494,0.9213483146067416,-0.801641586867305,-0.7408069458631256,-0.7263584117032393,-0.7719435736677116,1.0
f5bcf5a76aa3fd023785,T1,G3,0,True,False,True,False,False,True,False,True,0.9090909090909091,0.9186046511627907,0.927710843373494,-0.686046511627907,-0.7411764705882353,-0.773876404494382,-0.7840909090909092,1.0
83e925d1d2c7427eed48,T1,G0,0,True,False,True,False,False,True,False,True,0.875,0.9270833333333334,0.9270833333333334,-0.65625,-0.7395833333333334,-0.71875,-0.7291666666666666,1.0
83e925d1d2c7427eed48,T1,G1,0,True,False,True,False,False,True,False,True,0.9583333333333334,0.9479166666666666,0.9375,-0.8125,-0.8125,-0.8333333333333333,-0.7916666666666667,1.0
83e925d1d2c7427eed48,T1,G2,0,True,False,True,False,False,True,False,True,0.9294117647058824,0.945054945054945,0.9156626506024096,-0.7746003996003996,-0.799218368343918,-0.69376026272578,-0.7853482897105664,1.0
83e925d1d2c7427eed48,T1,G3,0,True,False,True,False,False,True,False,True,0.9069767441860465,0.9294117647058824,0.9512195121951219,-0.818342151675485,-0.758007640317367,-0.8723316912972086,-0.774202693125443,1.0
cd04a813ec94fbc0b2d1,T1,G0,0,True,False,True,False,False,True,False,True,0.9375,0.8854166666666666,0.9479166666666666,-0.8125,-0.75,-0.8020833333333334,-0.8229166666666666,1.0
cd04a813ec94fbc0b2d1,T1,G1,0,True,False,True,False,False,True,False,True,0.9270833333333334,0.9479166666666666,0.9375,-0.8125,-0.8229166666666666,-0.78125,-0.8125,1.0
cd04a813ec94fbc0b2d1,T1,G2,0,True,False,True,False,False,True,False,True,0.9425287356321839,0.9634146341463414,0.8764044943820225,-0.8175287356321839,-0.8288923719958202,-0.8774032459425718,-0.780807270783213,1.0
cd04a813ec94fbc0b2d1,T1,G3,0,True,False,True,False,False,True,False,True,0.9195402298850575,0.9518072289156626,0.8390804597701149,-0.8059038662486938,-0.8327116212338594,-0.7992007992007992,-0.7682806324110671,1.0
e71f06a7069dd7bbe7e9,T1,G0,0,False,False,False,False,False,True,True,True,0.14583333333333334,0.10416666666666667,0.21875,0.03125,0.020833333333333343,0.010416666666666657,-0.010416666666666685,0.0
e71f06a7069dd7bbe7e9,T1,G1,0,False,False,False,False,False,True,True,True,0.14583333333333334,0.17708333333333334,0.14583333333333334,-0.010416666666666685,-0.010416666666666685,-0.020833333333333315,-0.03125,0.0
e71f06a7069dd7bbe7e9,T1,G2,0,False,False,False,False,False,True,True,True,0.14285714285714285,0.14102564102564102,0.11627906976744186,-0.04141414141414143,-0.046184738955823285,-0.0091655266757866,-0.041887125220458565,0.0
e71f06a7069dd7bbe7e9,T1,G3,0,False,False,False,False,False,True,True,True,0.15730337078651685,0.20930232558139536,0.12941176470588237,0.08678806664083688,0.07593582887700535,0.06722801390002675,0.029788345962895216,0.0
b41f9cf95f0b2d0e0271,T1,G0,0,False,False,False,False,False,True,True,True,0.1875,0.125,0.16666666666666666,0.06250000000000001,0.0625,0.0625,0.07291666666666669,0.0
b41f9cf95f0b2d0e0271,T1,G1,0,False,False,False,False,False,True,True,True,0.15625,0.1875,0.17708333333333334,0.05208333333333333,0.05208333333333333,0.020833333333333343,0.06250000000000001,0.0
b41f9cf95f0b2d0e0271,T1,G2,0,False,False,False,False,False,True,True,True,0.1686746987951807,0.1348314606741573,0.15384615384615385,0.0,0.011494252873563232,0.011764705882352927,0.013322884012539199,0.0
b41f9cf95f0b2d0e0271,T1,G3,0,False,False,False,False,False,True,True,True,0.09090909090909091,0.19318181818181818,0.16049382716049382,-0.0010449320794148342,-0.013322884012539199,-0.015389082462253179,-0.0014701951349906373,0.0
0a4e5ab4145f60fcc005,T1,G0,0,False,False,False,False,False,True,True,True,0.0625,0.19791666666666666,0.15625,0.010416666666666657,0.010416666666666657,0.010416666666666671,0.0,0.0
0a4e5ab4145f60fcc005,T1,G1,0,False,False,False,False,False,True,True,True,0.16666666666666666,0.125,0.13541666666666666,-0.020833333333333343,-0.04166666666666666,-0.05208333333333334,0.03125,0.0
0a4e5ab4145f60fcc005,T1,G2,0,False,False,False,False,False,True,True,True,0.10112359550561797,0.175,0.12643678160919541,0.0035353535353535304,-0.02950191570881225,-0.00847835787594825,0.01719576719576718,0.0
0a4e5ab4145f60fcc005,T1,G3,0,False,False,False,False,False,True,True,True,0.14942528735632185,0.20454545454545456,0.17045454545454544,-0.06648380355276906,-0.041327650781350894,-0.023809523809523808,-0.04437316225608126,0.0
0b17805dd966dd027a78,T1,G0,0,False,False,False,False,False,True,True,True,0.15625,0.13541666666666666,0.13541666666666666,0.020833333333333343,0.03125,-0.0625,0.0,0.0
0b17805dd966dd027a78,T1,G1,0,False,False,False,False,False,True,True,True,0.17708333333333334,0.17708333333333334,0.17708333333333334,0.03125,0.062499999999999986,0.05208333333333334,0.09375000000000001,0.0
0b17805dd966dd027a78,T1,G2,0,False,False,False,False,False,True,True,True,0.10588235294117647,0.19101123595505617,0.1744186046511628,-0.010924369747899162,-0.02251864601262192,-0.04545454545454547,-0.009427870334495672,0.0
0b17805dd966dd027a78,T1,G3,0,False,False,False,False,False,True,True,True,0.08045977011494253,0.18181818181818182,0.11494252873563218,-0.00498084291187742,-0.039705882352941174,-0.027203065134099633,0.004620379620379617,0.0
ae0958052066faee4e8e,T1,G0,0,False,False,False,False,False,True,True,True,0.13541666666666666,0.16666666666666666,0.1875,0.010416666666666685,0.05208333333333334,0.020833333333333315,0.03125,0.0
ae0958052066faee4e8e,T1,G1,0,False,False,False,False,False,True,True,True,0.13541666666666666,0.19791666666666666,0.21875,-0.07291666666666667,-0.04166666666666666,-0.05208333333333334,-0.06250000000000001,0.0
ae0958052066faee4e8e,T1,G2,0,False,False,False,False,False,True,True,True,0.21428571428571427,0.10465116279069768,0.18181818181818182,0.020214190093708173,0.012475469582282045,0.03411197626992957,0.014412416851441234,0.0
ae0958052066faee4e8e,T1,G3,0,False,False,False,False,False,True,True,True,0.20454545454545456,0.11494252873563218,0.15555555555555556,0.05916927899686519,0.034639273769708545,0.004040404040404039,-0.018661257606490872,0.0
00003effcb6ec0d21185,T1,G0,0,False,False,False,False,False,True,True,True,0.07291666666666667,0.13541666666666666,0.1875,0.010416666666666671,0.010416666666666671,0.010416666666666657,0.05208333333333334,0.0
00003effcb6ec0d21185,T1,G1,0,False,False,False,False,False,True,True,True,0.13541666666666666,0.125,0.19791666666666666,-0.010416666666666657,0.020833333333333343,0.0,0.010416666666666657,0.0
00003effcb6ec0d21185,T1,G2,0,False,False,False,False,False,True,True,True,0.11494252873563218,0.13636363636363635,0.14772727272727273,-0.008496732026143816,0.012669683257918563,-0.00784313725490196,0.00587784308714541,0.0
00003effcb6ec0d21185,T1,G3,0,False,False,False,False,False,True,True,True,0.17045454545454544,0.1839080459770115,0.16470588235294117,0.017960534089566355,-0.026427061310782263,-0.004545454545454547,-0.03737373737373739,0.0
668f424d684995a44646,T1,G0,0,False,False,False,False,False,True,True,True,0.14583333333333334,0.20833333333333334,0.125,-0.031249999999999986,-0.03125,-0.03125,-0.010416666666666657,0.0
668f424d684995a44646,T1,G1,0,False,False,False,False,False,True,True,True,0.13541666666666666,0.10416666666666667,0.13541666666666666,-0.02083333333333333,-0.020833333333333343,-0.05208333333333333,0.010416666666666685,0.0
668f424d684995a44646,T1,G2,0,False,False,False,False,False,True,True,True,0.12790697674418605,0.1724137931034483,0.16279069767441862,0.002220480668756547,-0.032319134550371886,0.013132694938440506,-0.018434343434343442,0.0
668f424d684995a44646,T1,G3,0,False,False,False,False,False,True,True,True,0.15384615384615385,0.1111111111111111,0.10588235294117647,0.04105090311986864,0.037643207855973804,0.017418751461304657,0.01609195402298852,0.0
511953bc95a60210f8e7,T1,G0,0,False,False,False,False,False,True,True,True,0.09375,0.15625,0.13541666666666666,0.0,0.010416666666666685,0.020833333333333343,-0.020833333333333343,0.0
511953bc95a60210f8e7,T1,G1,0,False,False,False,False,False,True,True,True,0.10416666666666667,0.21875,0.15625,-0.02083333333333333,0.0,-0.031250000000000014,-0.031249999999999986,0.0
511953bc95a60210f8e7,T1,G2,0,False,False,False,False,False,True,True,True,0.1566265060240964,0.14772727272727273,0.12359550561797752,-0.008120939530234905,-0.019930444087747468,-0.036029411764705865,0.03856209150326796,0.0
511953bc95a60210f8e7,T1,G3,0,False,False,False,False,False,True,True,True,0.19318181818181818,0.13095238095238096,0.12790697674418605,-0.03296703296703296,-0.03409090909090909,-0.023529411764705882,-0.022727272727272707,0.0
0de6c8bfa2e5977c2a1e,T1,G0,0,False,False,True,False,False,True,True,True,0.9583333333333334,0.15625,0.16666666666666666,-0.7604166666666667,-0.6666666666666666,-0.8229166666666666,-0.7708333333333334,0.0
0de6c8bfa2e5977c2a1e,T1,G1,0,False,False,True,False,False,True,True,True,0.8958333333333334,0.20833333333333334,0.125,-0.71875,-0.7916666666666667,-0.7395833333333334,-0.7916666666666666,0.0
0de6c8bfa2e5977c2a1e,T1,G2,0,False,False,True,False,False,True,True,True,0.9540229885057471,0.13953488372093023,0.19101123595505617,-0.8286660644384222,-0.793103448275862,-0.7631511746680286,-0.8701680672268908,0.0
0de6c8bfa2e5977c2a1e,T1,G3,0,False,False,True,False,False,True,True,True,0.8977272727272727,0.11363636363636363,0.1411764705882353,-0.7430830039525692,-0.7101123595505618,-0.6124794745484401,-0.735693754899399,0.0
8cd794d40a0e321b1a1d,T1,G0,0,False,False,True,False,False,True,True,True,0.9583333333333334,0.16666666666666666,0.16666666666666666,-0.7708333333333333,-0.84375,-0.8020833333333333,-0.7083333333333334,0.0
8cd794d40a0e321b1a1d,T1,G1,0,False,False,True,False,False,True,True,True,0.9375,0.10416666666666667,0.14583333333333334,-0.7395833333333333,-0.8020833333333334,-0.75,-0.7916666666666666,0.0
8cd794d40a0e321b1a1d,T1,G2,0,False,False,True,False,False,True,True,True,0.9101123595505618,0.15294117647058825,0.17045454545454544,-0.7767625632794173,-0.7690274841437632,-0.720855614973262,-0.735693754899399,0.0
8cd794d40a0e321b1a1d,T1,G3,0,False,False,True,False,False,True,True,True,0.9213483146067416,0.1978021978021978,0.17045454545454544,-0.737460815047022,-0.7294433094994892,-0.7135579937304075,-0.6837209302325582,0.0
54411a195f2cc168f729,T1,G0,0,False,False,True,False,False,True,True,True,0.9270833333333334,0.10416666666666667,0.14583333333333334,-0.8541666666666667,-0.8020833333333333,-0.75,-0.8020833333333333,0.0
54411a195f2cc168f729,T1,G1,0,False,False,True,False,False,True,True,True,0.9166666666666666,0.14583333333333334,0.13541666666666666,-0.84375,-0.7708333333333334,-0.8333333333333334,-0.8229166666666666,0.0
54411a195f2cc168f729,T1,G2,0,False,False,True,False,False,True,True,True,0.9518072289156626,0.12359550561797752,0.16279069767441862,-0.847469220246238,-0.8242134062927496,-0.8786364972083456,-0.9159495123350545,0.0
54411a195f2cc168f729,T1,G3,0,False,False,True,False,False,True,True,True,0.8461538461538461,0.1744186046511628,0.12359550561797752,-0.7655993431855501,-0.6867647058823529,-0.7837269113864858,-0.7526840975116837,0.0
ac9db515f3bc85d84b65,T1,G0,0,False,False,True,False,False,True,True,True,0.875,0.21875,0.23958333333333334,-0.7916666666666666,-0.6770833333333334,-0.71875,-0.7291666666666667,0.0
ac9db515f3bc85d84b65,T1,G1,0,False,False,True,False,False,True,True,True,0.9166666666666666,0.13541666666666666,0.1875,-0.6875,-0.7395833333333334,-0.6145833333333333,-0.78125,0.0
ac9db515f3bc85d84b65,T1,G2,0,False,False,True,False,False,True,True,True,0.9302325581395349,0.0963855421686747,0.11627906976744186,-0.8068181818181818,-0.7415730337078652,-0.7093023255813954,-0.6744186046511628,0.0
ac9db515f3bc85d84b65,T1,G3,0,False,False,True,False,False,True,True,True,0.8604651162790697,0.12941176470588237,0.17045454545454544,-0.7607370659107017,-0.6966292134831461,-0.6574970941495544,-0.6938697318007663,0.0
ea0614c112f716c9666a,T1,G0,0,False,False,True,False,False,True,True,True,0.90625,0.13541666666666666,0.16666666666666666,-0.8229166666666666,-0.78125,-0.8125,-0.7708333333333334,0.0
ea0614c112f716c9666a,T1,G1,0,False,False,True,False,False,True,True,True,0.9270833333333334,0.13541666666666666,0.15625,-0.7708333333333334,-0.8125,-0.84375,-0.7291666666666666,0.0
ea0614c112f716c9666a,T1,G2,0,False,False,True,False,False,True,True,True,0.9285714285714286,0.22727272727272727,0.13953488372093023,-0.7781121751025991,-0.8023255813953489,-0.7471264367816092,-0.7831325301204819,0.0
ea0614c112f716c9666a,T1,G3,0,False,False,True,False,False,True,True,True,0.9240506329113924,0.11627906976744186,0.19540229885057472,-0.7889192886456908,-0.7240193780278168,-0.8056126946811637,-0.7795414462081128,0.0
b8e0a973ae1dcd8ecc5d,T1,G0,0,False,False,True,False,False,True,True,True,0.8541666666666666,0.14583333333333334,0.16666666666666666,-0.78125,-0.6875,-0.6770833333333334,-0.65625,0.0
b8e0a973ae1dcd8ecc5d,T1,G1,0,False,False,True,False,False,True,True,True,0.8854166666666666,0.11458333333333333,0.13541666666666666,-0.6979166666666666,-0.7708333333333334,-0.8020833333333333,-0.7604166666666667,0.0
b8e0a973ae1dcd8ecc5d,T1,G2,0,False,False,True,False,False,True,True,True,0.9518072289156626,0.14942528735632185,0.10843373493975904,-0.733617396414928,-0.856425702811245,-0.7518518518518519,-0.8365253077975376,0.0
b8e0a973ae1dcd8ecc5d,T1,G3,0,False,False,True,False,False,True,True,True,0.9156626506024096,0.09411764705882353,0.1590909090909091,-0.7093596059113301,-0.795793049385942,-0.7680623973727422,-0.7327586206896551,0.0
f50a2ce9d4fab1ab2ea9,T1,G0,0,False,False,True,False,False,True,True,True,0.90625,0.17708333333333334,0.14583333333333334,-0.7604166666666666,-0.7395833333333334,-0.7395833333333334,-0.6979166666666666,0.0
f50a2ce9d4fab1ab2ea9,T1,G1,0,False,False,True,False,False,True,True,True,0.90625,0.14583333333333334,0.125,-0.8125,-0.78125,-0.8020833333333334,-0.7291666666666667,0.0
f50a2ce9d4fab1ab2ea9,T1,G2,0,False,False,True,False,False,True,True,True,0.9418604651162791,0.18181818181818182,0.1111111111111111,-0.8255813953488372,-0.8636363636363636,-0.8295454545454546,-0.8290229885057471,0.0
f50a2ce9d4fab1ab2ea9,T1,G3,0,False,False,True,False,False,True,True,True,0.9425287356321839,0.1744186046511628,0.16279069767441862,-0.7972420837589378,-0.817398119122257,-0.7898768809849521,-0.8122923588039868,0.0
32fd16aa743e45abfef0,T1,G0,0,False,False,True,False,False,True,True,True,0.9375,0.125,0.125,-0.71875,-0.8125,-0.71875,-0.7604166666666667,0.0
32fd16aa743e45abfef0,T1,G1,0,False,False,True,False,False,True,True,True,0.875,0.13541666666666666,0.13541666666666666,-0.7395833333333334,-0.7083333333333334,-0.7395833333333333,-0.6875,0.0
32fd16aa743e45abfef0,T1,G2,0,False,False,True,False,False,True,True,True,0.8901098901098901,0.13636363636363635,0.13095238095238096,-0.8160919540229885,-0.7586206896551724,-0.7391304347826088,-0.7798716920609463,0.0
32fd16aa743e45abfef0,T1,G3,0,False,False,True,False,False,True,True,True,0.8953488372093024,0.11627906976744186,0.16279069767441862,-0.7515151515151515,-0.8401136510396487,-0.7823840888544492,-0.7404040404040404,0.0
f17c9bc9c450f1f75112,T1,G0,1,False,True,True,True,False,True,True,True,0.8958333333333334,0.09375,0.13541666666666666,0.7708333333333333,-0.8020833333333334,0.6979166666666666,0.7708333333333333,0.0
f17c9bc9c450f1f75112,T1,G1,1,False,True,True,True,False,True,True,True,0.90625,0.15625,0.17708333333333334,0.8125,-0.7083333333333333,0.75,0.7708333333333334,0.0
f17c9bc9c450f1f75112,T1,G2,1,False,True,True,True,False,True,True,True,0.9240506329113924,0.14772727272727273,0.1686746987951807,0.7407407407407407,-0.7426979825353809,0.7646341463414634,0.8086632243258749,0.0
f17c9bc9c450f1f75112,T1,G3,1,False,True,True,True,False,True,True,True,0.9195402298850575,0.11235955056179775,0.12087912087912088,0.6785714285714286,-0.8419042021745519,0.8292842215256009,0.7609007458405048,0.0
2669f56b828f13d9eae9,T1,G0,1,False,True,True,True,False,True,True,True,0.9479166666666666,0.17708333333333334,0.14583333333333334,0.6875,-0.8229166666666666,0.71875,0.75,0.0
2669f56b828f13d9eae9,T1,G1,1,False,True,True,True,False,True,True,True,0.9375,0.09375,0.15625,0.7395833333333334,-0.6979166666666667,0.8229166666666667,0.84375,0.0
2669f56b828f13d9eae9,T1,G2,1,False,True,True,True,False,True,True,True,0.8571428571428571,0.13793103448275862,0.26666666666666666,0.7474585339753879,-0.7517157236541101,0.7272014632871701,0.7287581699346405,0.0
2669f56b828f13d9eae9,T1,G3,1,False,True,True,True,False,True,True,True,0.8901098901098901,0.1724137931034483,0.14444444444444443,0.6961639662096663,-0.6469622331691298,0.7354665363947239,0.7715796430931923,0.0
8f7267541b4f13b5e0b9,T1,G0,1,False,True,True,True,False,True,True,True,0.9270833333333334,0.15625,0.14583333333333334,0.78125,-0.7708333333333334,0.7395833333333334,0.7708333333333334,0.0
8f7267541b4f13b5e0b9,T1,G1,1,False,True,True,True,False,True,True,True,0.90625,0.16666666666666666,0.20833333333333334,0.78125,-0.71875,0.78125,0.65625,0.0
8f7267541b4f13b5e0b9,T1,G2,1,False,True,True,True,False,True,True,True,0.9222222222222223,0.12222222222222222,0.20238095238095238,0.730343300110742,-0.8520904382973349,0.7603436880370125,0.715597438685514,0.0
8f7267541b4f13b5e0b9,T1,G3,1,False,True,True,True,False,True,True,True,0.9418604651162791,0.1348314606741573,0.1590909090909091,0.7405398424383314,-0.8069223815058763,0.7994949494949495,0.8214646464646465,0.0
8c6f70aaad23ee80aac4,T1,G0,1,False,True,True,True,False,True,True,True,0.9270833333333334,0.19791666666666666,0.19791666666666666,0.71875,-0.8125,0.7083333333333334,0.78125,0.0
8c6f70aaad23ee80aac4,T1,G1,1,False,True,True,True,False,True,True,True,0.9375,0.15625,0.13541666666666666,0.8125,-0.78125,0.71875,0.8229166666666666,0.0
8c6f70aaad23ee80aac4,T1,G2,1,False,True,True,True,False,True,True,True,0.9615384615384616,0.13793103448275862,0.11235955056179775,0.810126582278481,-0.85,0.8076923076923077,0.8292682926829269,0.0
8c6f70aaad23ee80aac4,T1,G3,1,False,True,True,True,False,True,True,True,0.9222222222222223,0.1566265060240964,0.1,0.7857507660878447,-0.7703057811753464,0.7993757802746566,0.7631511746680286,0.0
54e2c9ab871e73a8fb95,T1,G0,1,False,True,True,True,False,True,True,True,0.8958333333333334,0.21875,0.1875,0.7083333333333334,-0.7604166666666666,0.7395833333333334,0.7916666666666666,0.0
54e2c9ab871e73a8fb95,T1,G1,1,False,True,True,True,False,True,True,True,0.9895833333333334,0.11458333333333333,0.20833333333333334,0.7604166666666667,-0.7604166666666666,0.7708333333333333,0.7604166666666666,0.0
54e2c9ab871e73a8fb95,T1,G2,1,False,True,True,True,False,True,True,True,0.8928571428571429,0.16091954022988506,0.11627906976744186,0.7478858350951374,-0.7403100775193798,0.7622368590985407,0.6917450365726228,0.0
54e2c9ab871e73a8fb95,T1,G3,1,False,True,True,True,False,True,True,True,0.9101123595505618,0.1,0.15294117647058825,0.8008893280632411,-0.7679240235420011,0.7444444444444445,0.7738372093023256,0.0
9bd8ac6e3886d0404f60,T1,G0,1,False,True,True,True,False,True,True,True,0.8958333333333334,0.17708333333333334,0.17708333333333334,0.6875,-0.8020833333333334,0.7395833333333334,0.75,0.0
9bd8ac6e3886d0404f60,T1,G1,1,False,True,True,True,False,True,True,True,0.9166666666666666,0.13541666666666666,0.15625,0.7916666666666666,-0.8125,0.7291666666666666,0.7916666666666667,0.0
9bd8ac6e3886d0404f60,T1,G2,1,False,True,True,True,False,True,True,True,0.9195402298850575,0.26506024096385544,0.10588235294117647,0.7507660878447395,-0.7461908580593424,0.765043695380774,0.7068399452804377,0.0
9bd8ac6e3886d0404f60,T1,G3,1,False,True,True,True,False,True,True,True,0.8863636363636364,0.18604651162790697,0.16091954022988506,0.70522141440846,-0.7256336556049124,0.7581168831168832,0.821188630490956,0.0
3a958478c4e4a048a78e,T1,G0,1,False,True,True,True,False,True,True,True,0.9166666666666666,0.16666666666666666,0.15625,0.7604166666666666,-0.8229166666666667,0.78125,0.78125,0.0
3a958478c4e4a048a78e,T1,G1,1,False,True,True,True,False,True,True,True,0.9583333333333334,0.19791666666666666,0.19791666666666666,0.7916666666666667,-0.8125,0.8333333333333333,0.7395833333333333,0.0
3a958478c4e4a048a78e,T1,G2,1,False,True,True,True,False,True,True,True,0.9310344827586207,0.1724137931034483,0.15730337078651685,0.8500400962309543,-0.7623850868232891,0.8287526427061311,0.7970453241537578,0.0
3a958478c4e4a048a78e,T1,G3,1,False,True,True,True,False,True,True,True,0.9540229885057471,0.22727272727272727,0.09090909090909091,0.8048811653462817,-0.788596245446904,0.8099986151502562,0.8150105708245243,0.0
aa037a33ca92b639872f,T1,G0,1,False,True,True,True,False,True,True,True,0.875,0.17708333333333334,0.19791666666666666,0.7395833333333334,-0.7708333333333333,0.6875,0.78125,0.0
aa037a33ca92b639872f,T1,G1,1,False,True,True,True,False,True,True,True,0.9270833333333334,0.13541666666666666,0.13541666666666666,0.8229166666666667,-0.8020833333333334,0.7916666666666666,0.7708333333333333,0.0
aa037a33ca92b639872f,T1,G2,1,False,True,True,True,False,True,True,True,0.9550561797752809,0.07777777777777778,0.18604651162790697,0.8382034632034632,-0.7478036175710595,0.7408268733850129,0.7592861863846663,0.0
aa037a33ca92b639872f,T1,G3,1,False,True,True,True,False,True,True,True,0.9047619047619048,0.14772727272727273,0.14942528735632185,0.8939645625692137,-0.7719230272504197,0.8468992248062015,0.8090909090909091,0.0
dd331063e4209b5fb5c1,T1,G0,2,True,True,True,True,True,True,True,True,0.9270833333333334,0.9375,0.90625,0.78125,0.7083333333333334,0.8020833333333333,0.7708333333333334,0.0
dd331063e4209b5fb5c1,T1,G1,2,True,True,True,True,True,True,True,True,0.9375,0.9479166666666666,0.90625,0.84375,0.78125,0.7395833333333334,0.7708333333333333,0.0
dd331063e4209b5fb5c1,T1,G2,2,True,True,True,True,True,True,True,True,0.9879518072289156,0.9176470588235294,0.9431818181818182,0.766484268125855,0.8500400962309543,0.8743469174503657,0.7842624854819976,0.0
dd331063e4209b5fb5c1,T1,G3,2,True,True,True,True,True,True,True,True,0.9090909090909091,0.9135802469135802,0.925,0.7067070860174308,0.7870553359683795,0.7240658479226548,0.777056277056277,0.0
b0b1a163e61a7e9bf736,T1,G0,2,True,True,True,True,True,True,True,True,0.8854166666666666,0.9583333333333334,0.8958333333333334,0.6458333333333333,0.6354166666666666,0.6145833333333334,0.7291666666666666,0.0
b0b1a163e61a7e9bf736,T1,G1,2,True,True,True,True,True,True,True,True,0.9375,0.875,0.90625,0.8125,0.78125,0.6979166666666667,0.8020833333333334,0.0
b0b1a163e61a7e9bf736,T1,G2,2,True,True,True,True,True,True,True,True,0.9186046511627907,0.9294117647058824,0.9662921348314607,0.7636113886113887,0.7107604017216642,0.7318181818181817,0.7505050505050505,0.0
b0b1a163e61a7e9bf736,T1,G3,2,True,True,True,True,True,True,True,True,0.872093023255814,0.9230769230769231,0.8554216867469879,0.7128339140534262,0.7406162464985994,0.7159090909090909,0.6724806201550387,0.0
8f99f2abeec4538ab9fe,T1,G0,2,True,True,True,True,True,True,True,True,0.8958333333333334,0.90625,0.9791666666666666,0.7604166666666666,0.7604166666666666,0.7708333333333334,0.7395833333333334,0.0
8f99f2abeec4538ab9fe,T1,G1,2,True,True,True,True,True,True,True,True,0.9375,0.9166666666666666,0.9270833333333334,0.7708333333333334,0.7291666666666667,0.8541666666666666,0.6979166666666666,0.0
8f99f2abeec4538ab9fe,T1,G2,2,True,True,True,True,True,True,True,True,0.9540229885057471,0.9213483146067416,0.9101123595505618,0.8038933890776065,0.8409961685823755,0.8717914438502674,0.8058891902363425,0.0
8f99f2abeec4538ab9fe,T1,G3,2,True,True,True,True,True,True,True,True,0.9080459770114943,0.9647058823529412,0.9010989010989011,0.7571260652365559,0.7736210418794689,0.7825235109717867,0.7508403361344538,0.0
37930a9d751e220d8ef6,T1,G0,2,True,True,True,True,True,True,True,True,0.9479166666666666,0.8958333333333334,0.90625,0.7604166666666667,0.8020833333333334,0.75,0.7395833333333334,0.0
37930a9d751e220d8ef6,T1,G1,2,True,True,True,True,True,True,True,True,0.8854166666666666,0.9166666666666666,0.9270833333333334,0.7604166666666667,0.71875,0.75,0.75,0.0
37930a9d751e220d8ef6,T1,G2,2,True,True,True,True,True,True,True,True,0.945054945054945,0.9534883720930233,0.9310344827586207,0.7778228532792427,0.7594043887147335,0.7103346092110137,0.8222591362126246,0.0
37930a9d751e220d8ef6,T1,G3,2,True,True,True,True,True,True,True,True,0.8928571428571429,0.8433734939759037,0.9529411764705882,0.7271179225202213,0.8098322048866646,0.7275337352856732,0.7841269841269842,0.0
4e945d246555439fb025,T1,G0,2,True,True,True,True,True,True,True,True,0.9166666666666666,0.9375,0.9270833333333334,0.7395833333333333,0.8333333333333334,0.8229166666666667,0.8125,0.0
4e945d246555439fb025,T1,G1,2,True,True,True,True,True,True,True,True,0.8854166666666666,0.9166666666666666,0.9270833333333334,0.7083333333333334,0.71875,0.7083333333333334,0.7291666666666666,0.0
4e945d246555439fb025,T1,G2,2,True,True,True,True,True,True,True,True,0.9195402298850575,0.9456521739130435,0.9767441860465116,0.7810755215985894,0.7139498432601881,0.8398072869617585,0.7278516057585824,0.0
4e945d246555439fb025,T1,G3,2,True,True,True,True,True,True,True,True,0.9204545454545454,0.8888888888888888,0.9397590361445783,0.7492063492063492,0.7912495365220615,0.7593632958801497,0.7795753286147624,0.0
bc7fe55163fb1b5df531,T1,G0,2,True,True,True,True,True,True,True,True,0.90625,0.9166666666666666,0.9479166666666666,0.7916666666666666,0.75,0.8020833333333334,0.8020833333333333,0.0
bc7fe55163fb1b5df531,T1,G1,2,True,True,True,True,True,True,True,True,0.875,0.9166666666666666,0.9375,0.6979166666666667,0.6770833333333334,0.8125,0.7604166666666667,0.0
bc7fe55163fb1b5df531,T1,G2,2,True,True,True,True,True,True,True,True,0.9397590361445783,0.9310344827586207,0.9213483146067416,0.7658002735978111,0.813953488372093,0.8059038662486938,0.8189479060265576,0.0
bc7fe55163fb1b5df531,T1,G3,2,True,True,True,True,True,True,True,True,0.9090909090909091,0.9156626506024096,0.9012345679012346,0.8160047597798601,0.7360857068199633,0.7890815828041036,0.8072796934865901,0.0
2d8d19222ee73a23d05e,T1,G0,2,True,True,True,True,True,True,True,True,0.9270833333333334,0.96875,0.8958333333333334,0.7916666666666667,0.8020833333333333,0.7291666666666666,0.7708333333333334,0.0
2d8d19222ee73a23d05e,T1,G1,2,True,True,True,True,True,True,True,True,0.9479166666666666,0.8958333333333334,0.9479166666666666,0.7916666666666666,0.75,0.8125,0.75,0.0
2d8d19222ee73a23d05e,T1,G2,2,True,True,True,True,True,True,True,True,0.9120879120879121,0.9222222222222223,0.8953488372093024,0.7519152196118488,0.7572684246112238,0.6507405637840421,0.7727272727272727,0.0
2d8d19222ee73a23d05e,T1,G3,2,True,True,True,True,True,True,True,True,0.9662921348314607,0.9101123595505618,0.9120879120879121,0.817398119122257,0.8760214504596527,0.8350140056022408,0.8861024033437827,0.0
e9fa9d0a396c2e0f7701,T1,G0,2,True,True,True,True,True,True,True,True,0.9375,0.9375,0.90625,0.7916666666666666,0.8020833333333334,0.8333333333333334,0.7916666666666667,0.0
e9fa9d0a396c2e0f7701,T1,G1,2,True,True,True,True,True,True,True,True,0.90625,0.8958333333333334,0.90625,0.71875,0.7291666666666666,0.7604166666666666,0.7708333333333334,0.0
e9fa9d0a396c2e0f7701,T1,G2,2,True,True,True,True,True,True,True,True,0.9176470588235294,0.9560439560439561,0.8977272727272727,0.8186384666226041,0.7906403940886699,0.7581550802139038,0.7605173765351451,0.0
e9fa9d0a396c2e0f7701,T1,G3,2,True,True,True,True,True,True,True,True,0.9397590361445783,0.8837209302325582,0.946236559139785,0.7179802955665024,0.7473216618761431,0.7856542448865228,0.8111658456486042,0.0
b1f30cbd40ecffa38394,T1,G0,2,True,True,True,True,True,True,True,True,0.9270833333333334,0.9583333333333334,0.9270833333333334,0.8020833333333334,0.75,0.8229166666666666,0.7916666666666666,0.0
b1f30cbd40ecffa38394,T1,G1,2,True,True,True,True,True,True,True,True,0.9270833333333334,0.9583333333333334,0.9583333333333334,0.8125,0.7291666666666667,0.8020833333333333,0.78125,0.0
b1f30cbd40ecffa38394,T1,G2,2,True,True,True,True,True,True,True,True,0.9204545454545454,0.9176470588235294,0.896551724137931,0.7494553376906318,0.7078967544083823,0.7857881136950904,0.7838730998017185,0.0
b1f30cbd40ecffa38394,T1,G3,2,True,True,True,True,True,True,True,True,0.8977272727272727,0.9213483146067416,0.8674698795180723,0.6816168327796235,0.6878944348823867,0.7724396228851866,0.6843434343434343,0.0
fc1c3c65009ef93b40df,T1,G0,2,True,True,True,True,True,True,True,True,0.9270833333333334,0.8958333333333334,0.8958333333333334,0.8229166666666666,0.7708333333333333,0.875,0.8333333333333333,0.0
fc1c3c65009ef93b40df,T1,G1,2,True,True,True,True,True,True,True,True,0.90625,0.9375,0.9479166666666666,0.7708333333333334,0.78125,0.8333333333333334,0.78125,0.0
fc1c3c65009ef93b40df,T1,G2,2,True,True,True,True,True,True,True,True,0.975,0.9382716049382716,0.9069767441860465,0.8308845136644137,0.6997607655502391,0.721863062004114,0.8072289156626505,0.0
fc1c3c65009ef93b40df,T1,G3,2,True,True,True,True,True,True,True,True,0.9545454545454546,0.872093023255814,0.8888888888888888,0.8308080808080808,0.8179000387446727,0.7806553911205074,0.8150105708245243,0.0
6bc08c593ea3b529e693,T1,G0,2,True,True,True,True,True,True,True,True,0.9375,0.9791666666666666,0.9375,0.7604166666666667,0.7916666666666667,0.78125,0.75,0.0
6bc08c593ea3b529e693,T1,G1,2,True,True,True,True,True,True,True,True,0.8958333333333334,0.9270833333333334,0.9270833333333334,0.78125,0.75,0.7083333333333334,0.7604166666666666,0.0
6bc08c593ea3b529e693,T1,G2,2,True,True,True,True,True,True,True,True,0.9397590361445783,0.8780487804878049,0.9120879120879121,0.7191558441558441,0.7301948051948053,0.7738540368370032,0.7854767184035476,0.0
6bc08c593ea3b529e693,T1,G3,2,True,True,True,True,True,True,True,True,0.9186046511627907,0.8690476190476191,0.9204545454545454,0.8129958960328317,0.8596443228454173,0.7816091954022988,0.7160493827160495,0.0
efdba38f25ff01a45080,T1,G0,2,True,True,True,True,True,True,True,True,0.9375,0.9479166666666666,0.90625,0.7604166666666666,0.84375,0.84375,0.84375,0.0
efdba38f25ff01a45080,T1,G1,2,True,True,True,True,True,True,True,True,0.9166666666666666,0.8958333333333334,0.9375,0.78125,0.8020833333333333,0.7291666666666667,0.7916666666666666,0.0
efdba38f25ff01a45080,T1,G2,2,True,True,True,True,True,True,True,True,0.8977272727272727,0.8863636363636364,0.9560439560439561,0.8097802976612332,0.7144723092998956,0.7165181454216712,0.7428180574555403,0.0
efdba38f25ff01a45080,T1,G3,2,True,True,True,True,True,True,True,True,0.9012345679012346,0.8764044943820225,0.9647058823529412,0.826797385620915,0.8254653760238273,0.8435660218671153,0.8052325581395349,0.0
62fb7245aea090b8db38,T1,G0,2,True,True,True,True,True,True,True,True,0.96875,0.9270833333333334,0.8958333333333334,0.84375,0.8333333333333333,0.8333333333333334,0.7916666666666666,0.0
62fb7245aea090b8db38,T1,G1,2,True,True,True,True,True,True,True,True,0.8958333333333334,0.9583333333333334,0.8854166666666666,0.71875,0.7604166666666666,0.78125,0.6875,0.0
62fb7245aea090b8db38,T1,G2,2,True,True,True,True,True,True,True,True,0.9418604651162791,0.927710843373494,0.8953488372093024,0.7914995990376904,0.7451216252338947,0.8052507836990597,0.7743697478991596,0.0
62fb7245aea090b8db38,T1,G3,2,True,True,True,True,True,True,True,True,0.8809523809523809,0.9534883720930233,0.9230769230769231,0.741664331745587,0.7739894097894873,0.6915351506456242,0.7189922480620154,0.0
9d9fddc0ae75bad102e4,T1,G0,2,True,True,True,True,True,True,True,True,0.8958333333333334,0.90625,0.9166666666666666,0.78125,0.7708333333333334,0.7604166666666666,0.75,0.0
9d9fddc0ae75bad102e4,T1,G1,2,True,True,True,True,True,True,True,True,0.9166666666666666,0.9375,0.96875,0.7708333333333334,0.78125,0.6354166666666667,0.71875,0.0
9d9fddc0ae75bad102e4,T1,G2,2,True,True,True,True,True,True,True,True,0.9404761904761905,0.8295454545454546,0.9,0.854360465116279,0.8090832632464255,0.7798287854467629,0.7982898794505187,0.0
9d9fddc0ae75bad102e4,T1,G3,2,True,True,True,True,True,True,True,True,0.8765432098765432,0.9032258064516129,0.9523809523809523,0.7428180574555403,0.6998128842555467,0.7999999999999999,0.7529411764705882,0.0
1a2c5616fad5709568df,T1,G0,2,True,True,True,True,True,True,True,True,0.875,0.9375,0.9166666666666666,0.7291666666666667,0.6979166666666666,0.7916666666666666,0.6666666666666667,0.0
1a2c5616fad5709568df,T1,G1,2,True,True,True,True,True,True,True,True,0.8958333333333334,0.8541666666666666,0.9270833333333334,0.7395833333333334,0.7395833333333334,0.75,0.7083333333333334,0.0
1a2c5616fad5709568df,T1,G2,2,True,True,True,True,True,True,True,True,0.9195402298850575,0.9651162790697675,0.9058823529411765,0.7187414500683994,0.7411764705882353,0.8426966292134832,0.7272727272727273,0.0
1a2c5616fad5709568df,T1,G3,2,True,True,True,True,True,True,True,True,0.9080459770114943,0.9325842696629213,0.9397590361445783,0.7521072796934867,0.79383328978312,0.8021346469622332,0.6974747474747475,0.0
6a5eda723563aeafca33,T1,G0,2,True,True,True,True,True,True,True,True,0.8854166666666666,0.90625,0.9479166666666666,0.7395833333333333,0.7604166666666666,0.78125,0.75,0.0
6a5eda723563aeafca33,T1,G1,2,True,True,True,True,True,True,True,True,0.8958333333333334,0.8958333333333334,0.9166666666666666,0.7395833333333334,0.6875,0.7708333333333333,0.7291666666666666,0.0
6a5eda723563aeafca33,T1,G2,2,True,True,True,True,True,True,True,True,0.945054945054945,0.9404761904761905,0.9186046511627907,0.8560439560439561,0.8765293383270911,0.8096129837702871,0.8549203605383381,0.0
6a5eda723563aeafca33,T1,G3,2,True,True,True,True,True,True,True,True,0.9101123595505618,0.8666666666666667,0.9080459770114943,0.7058823529411765,0.7490444338270426,0.8248974008207934,0.8014569699962959,0.0
bd874b4add419c9a0fc7,T2,G0,0,False,False,False,False,False,True,True,True,0.14583333333333334,0.15625,0.19791666666666666,0.031250000000000014,0.0625,0.05208333333333333,0.05208333333333334,0.0
bd874b4add419c9a0fc7,T2,G1,0,False,False,False,False,False,True,True,True,0.15625,0.17708333333333334,0.11458333333333333,-0.05208333333333333,-0.010416666666666657,-0.0625,-0.04166666666666666,0.0
bd874b4add419c9a0fc7,T2,G2,0,False,False,False,False,False,True,True,True,0.15730337078651685,0.1511627906976744,0.10714285714285714,-0.060564435564435554,0.007242757242757247,-0.050664451827242524,0.05320855614973262,0.0
bd874b4add419c9a0fc7,T2,G3,0,False,False,False,False,False,True,True,True,0.19101123595505617,0.15476190476190477,0.16853932584269662,-0.018855740668991344,-0.019656699889258028,0.050664451827242524,0.0036161694433682057,0.0
02b0d8c28365b0bc093b,T2,G0,0,False,False,False,False,False,True,True,True,0.17708333333333334,0.15625,0.1875,-0.020833333333333343,0.010416666666666657,-0.020833333333333343,-0.020833333333333343,0.0
02b0d8c28365b0bc093b,T2,G1,0,False,False,False,False,False,True,True,True,0.15625,0.16666666666666666,0.13541666666666666,0.03125,0.08333333333333334,-0.010416666666666657,0.05208333333333334,0.0
02b0d8c28365b0bc093b,T2,G2,0,False,False,False,False,False,True,True,True,0.1,0.12087912087912088,0.16091954022988506,-0.07121212121212123,-0.05876275345473331,-0.03784063024667442,-0.037790697674418616,0.0
02b0d8c28365b0bc093b,T2,G3,0,False,False,False,False,False,True,True,True,0.15730337078651685,0.16470588235294117,0.17204301075268819,-0.03128460686600221,-0.005747126436781602,-0.053855094924447885,-0.019888931938525117,0.0
e507df31941fcda8941d,T2,G0,0,False,False,False,False,False,True,True,True,0.125,0.1875,0.16666666666666666,-0.031250000000000014,-0.06250000000000001,-0.06250000000000001,-0.08333333333333333,0.0
e507df31941fcda8941d,T2,G1,0,False,False,False,False,False,True,True,True,0.14583333333333334,0.17708333333333334,0.16666666666666666,-0.06250000000000001,-0.05208333333333333,-0.020833333333333343,0.0,0.0
e507df31941fcda8941d,T2,G2,0,False,False,False,False,False,True,True,True,0.2,0.13333333333333333,0.15555555555555556,0.06995288147879666,0.07237589996210687,0.014256373082034562,0.039883672621520566,0.0
e507df31941fcda8941d,T2,G3,0,False,False,False,False,False,True,True,True,0.19767441860465115,0.10227272727272728,0.14444444444444443,-0.01190476190476189,-0.010317460317460309,0.048500140173815515,0.03546771355083256,0.0
0e6e7161448d80550d88,T2,G0,0,False,False,False,False,False,True,True,True,0.17708333333333334,0.13541666666666666,0.16666666666666666,-0.020833333333333315,0.010416666666666657,0.0,0.010416666666666685,0.0
0e6e7161448d80550d88,T2,G1,0,False,False,False,False,False,True,True,True,0.14583333333333334,0.14583333333333334,0.1875,0.010416666666666671,-0.010416666666666657,0.010416666666666685,0.020833333333333315,0.0
0e6e7161448d80550d88,T2,G2,0,False,False,False,False,False,True,True,True,0.12359550561797752,0.1411764705882353,0.13095238095238096,0.06818181818181816,0.011111111111111113,0.04440961337513061,0.033707865168539325,0.0
0e6e7161448d80550d88,T2,G3,0,False,False,False,False,False,True,True,True,0.14772727272727273,0.11764705882352941,0.12643678160919541,-0.05064599483204134,-0.016176470588235292,-0.05271317829457364,-0.03056713401540989,0.0
a888095ed1ddb45adc93,T2,G0,0,False,False,False,False,False,True,True,True,0.11458333333333333,0.14583333333333334,0.21875,0.02083333333333333,-0.02083333333333333,0.03125,0.031250000000000014,0.0
a888095ed1ddb45adc93,T2,G1,0,False,False,False,False,False,True,True,True,0.13541666666666666,0.11458333333333333,0.17708333333333334,0.010416666666666685,0.05208333333333333,0.010416666666666671,0.04166666666666666,0.0
a888095ed1ddb45adc93,T2,G2,0,False,False,False,False,False,True,True,True,0.14606741573033707,0.20224719101123595,0.21839080459770116,0.038104543234000976,0.02760136785539813,0.019942611190817805,-0.00614058008884244,0.0
a888095ed1ddb45adc93,T2,G3,0,False,False,False,False,False,True,True,True,0.06818181818181818,0.10465116279069768,0.125,0.008433734939759033,-0.03975903614457832,-0.03633667037449016,-0.014349532963313927,0.0
a2227884ae58fbb7a41b,T2,G0,0,False,False,False,False,False,True,True,True,0.13541666666666666,0.15625,0.13541666666666666,-0.031249999999999986,0.04166666666666666,0.010416666666666685,0.010416666666666657,0.0
a2227884ae58fbb7a41b,T2,G1,0,False,False,False,False,False,True,True,True,0.14583333333333334,0.15625,0.13541666666666666,0.0,0.010416666666666657,-0.0625,-0.04166666666666666,0.0
a2227884ae58fbb7a41b,T2,G2,0,False,False,False,False,False,True,True,True,0.15294117647058825,0.13636363636363635,0.11764705882352941,0.0014981273408239681,0.012048192771084348,0.0025210084033613356,0.02442528735632185,0.0
a2227884ae58fbb7a41b,T2,G3,0,False,False,False,False,False,True,True,True,0.12048192771084337,0.19101123595505617,0.20238095238095238,-0.03448275862068964,-0.06918767507002802,-0.023185787413429693,-0.054949784791965564,0.0
bac71725a3c897792f89,T2,G0,0,False,False,False,False,False,True,True,True,0.19791666666666666,0.14583333333333334,0.08333333333333333,-0.010416666666666685,0.03125,0.041666666666666685,0.04166666666666666,0.0
bac71725a3c897792f89,T2,G1,0,False,False,False,False,False,True,True,True,0.14583333333333334,0.14583333333333334,0.15625,0.010416666666666685,-0.020833333333333343,-0.010416666666666657,-0.03125,0.0
bac71725a3c897792f89,T2,G2,0,False,False,False,False,False,True,True,True,0.12359550561797752,0.15555555555555556,0.1978021978021978,0.03448275862068967,0.04597701149425287,0.045454545454545456,0.023255813953488372,0.0
bac71725a3c897792f89,T2,G3,0,False,False,False,False,False,True,True,True,0.16666666666666666,0.10112359550561797,0.15730337078651685,-0.014883061658398311,0.008248816768086559,-0.0028348688873139627,0.007437457741717363,0.0
8a8342566c4c51154a4e,T2,G0,0,False,False,False,False,False,True,True,True,0.13541666666666666,0.125,0.15625,0.041666666666666685,0.05208333333333334,0.010416666666666657,0.0,0.0
8a8342566c4c51154a4e,T2,G1,0,False,False,False,False,False,True,True,True,0.10416666666666667,0.16666666666666666,0.15625,-0.02083333333333333,0.03125,0.02083333333333333,0.010416666666666671,0.0
8a8342566c4c51154a4e,T2,G2,0,False,False,False,False,False,True,True,True,0.20930232558139536,0.13333333333333333,0.10714285714285714,0.07691230036424768,-0.018855740668991344,-0.007475083056478399,-0.007795889440113418,0.0
8a8342566c4c51154a4e,T2,G3,0,False,False,False,False,False,True,True,True,0.2125,0.14634146341463414,0.18072289156626506,0.027781715095676812,0.04064039408866996,0.050664451827242524,0.004819277108433717,0.0
500d75c49430f1c10da0,T2,G0,0,False,False,False,False,False,True,True,True,0.19791666666666666,0.11458333333333333,0.15625,0.09375,0.10416666666666666,0.03125,0.08333333333333334,0.0
500d75c49430f1c10da0,T2,G1,0,False,False,False,False,False,True,True,True,0.125,0.11458333333333333,0.17708333333333334,0.0,0.020833333333333343,0.05208333333333333,0.0,0.0
500d75c49430f1c10da0,T2,G2,0,False,False,False,False,False,True,True,True,0.1566265060240964,0.15384615384615385,0.15730337078651685,-0.044733242134062906,-0.02409638554216867,-0.03239289446185997,-0.044733242134062906,0.0
500d75c49430f1c10da0,T2,G3,0,False,False,False,False,False,True,True,True,0.1797752808988764,0.14634146341463414,0.18181818181818182,-0.031305114638447984,0.04452637549631308,-0.03005050505050505,-0.017914438502673796,0.0
0c93cdf452d54f4c2134,T2,G0,0,False,False,False,False,False,True,True,True,0.13541666666666666,0.19791666666666666,0.13541666666666666,-0.010416666666666657,-0.010416666666666685,-0.020833333333333343,0.020833333333333315,0.0
0c93cdf452d54f4c2134,T2,G1,0,False,False,False,False,False,True,True,True,0.08333333333333333,0.20833333333333334,0.17708333333333334,0.04166666666666667,0.03125,0.020833333333333343,0.03125,0.0
0c93cdf452d54f4c2134,T2,G2,0,False,False,False,False,False,True,True,True,0.1744186046511628,0.14444444444444443,0.10465116279069768,0.06580338266384776,-0.003786342123056119,0.100473292765382,0.053118393234672295,0.0
0c93cdf452d54f4c2134,T2,G3,0,False,False,False,False,False,True,True,True,0.19101123595505617,0.16666666666666666,0.18181818181818182,0.05747126436781608,0.0,0.023809523809523808,0.0357142857142857,0.0
f72c392bf69ccf1d233d,T2,G0,0,False,False,False,False,False,True,True,True,0.13541666666666666,0.14583333333333334,0.19791666666666666,0.041666666666666685,-0.010416666666666657,0.020833333333333343,0.010416666666666657,0.0
f72c392bf69ccf1d233d,T2,G1,0,False,False,False,False,False,True,True,True,0.17708333333333334,0.125,0.17708333333333334,0.010416666666666657,-0.03125,0.010416666666666657,0.03125,0.0
f72c392bf69ccf1d233d,T2,G2,0,False,False,False,False,False,True,True,True,0.11363636363636363,0.26506024096385544,0.13636363636363635,-0.042533936651583726,-0.0054347826086956486,-0.07002022244691608,0.009523809523809518,0.0
f72c392bf69ccf1d233d,T2,G3,0,False,False,False,False,False,True,True,True,0.13186813186813187,0.1724137931034483,0.14130434782608695,0.017464582315583788,0.039080459770114956,-0.02847152847152848,-0.005744255744255744,0.0
6ea5a1027e785d45eeaa,T2,G0,0,False,False,False,False,False,True,True,True,0.17708333333333334,0.16666666666666666,0.16666666666666666,0.0,-0.010416666666666657,-0.020833333333333343,-0.03125,0.0
6ea5a1027e785d45eeaa,T2,G1,0,False,False,False,False,False,True,True,True,0.14583333333333334,0.17708333333333334,0.125,0.0,-0.020833333333333315,-0.031249999999999986,-0.03125,0.0
6ea5a1027e785d45eeaa,T2,G2,0,False,False,False,False,False,True,True,True,0.11363636363636363,0.18181818181818182,0.18604651162790697,-0.03359319631467045,-0.03245942571785268,-0.012500000000000011,-0.022988505747126436,0.0
6ea5a1027e785d45eeaa,T2,G3,0,False,False,False,False,False,True,True,True,0.14457831325301204,0.25555555555555554,0.12345679012345678,-0.012378426171529622,0.08171817705605028,0.009514875368533904,0.013267220584293762,0.0
42f4982b5e09e85b3ee1,T2,G0,0,False,False,False,False,False,True,True,True,0.10416666666666667,0.14583333333333334,0.17708333333333334,0.0,0.020833333333333343,0.020833333333333343,0.04166666666666667,0.0
42f4982b5e09e85b3ee1,T2,G1,0,False,False,False,False,False,True,True,True,0.16666666666666666,0.14583333333333334,0.16666666666666666,0.0,0.04166666666666667,0.02083333333333333,0.04166666666666666,0.0
42f4982b5e09e85b3ee1,T2,G2,0,False,False,False,False,False,True,True,True,0.14606741573033707,0.21348314606741572,0.13953488372093023,0.0,-0.03467643467643468,0.022727272727272735,0.03179264555669051,0.0
42f4982b5e09e85b3ee1,T2,G3,0,False,False,False,False,False,True,True,True,0.17777777777777778,0.11235955056179775,0.2413793103448276,-0.07853341218214074,-0.02921157118547929,-0.05426727229261297,0.034630940343781585,0.0
43e69ef080bbd6330979,T2,G0,0,False,False,False,False,False,True,True,True,0.16666666666666666,0.125,0.16666666666666666,-0.05208333333333334,-0.07291666666666666,-0.03125,0.041666666666666685,0.0
43e69ef080bbd6330979,T2,G1,0,False,False,False,False,False,True,True,True,0.11458333333333333,0.15625,0.13541666666666666,0.04166666666666667,-0.020833333333333343,0.041666666666666685,-0.010416666666666671,0.0
43e69ef080bbd6330979,T2,G2,0,False,False,False,False,False,True,True,True,0.1590909090909091,0.11764705882352941,0.13186813186813187,-0.030303030303030304,-0.04386892177589852,-0.03314621758887999,0.0014044943820224753,0.0
43e69ef080bbd6330979,T2,G3,0,False,False,False,False,False,True,True,True,0.2,0.1797752808988764,0.11904761904761904,-0.01378958120531154,-0.01605758582502767,0.020506792058516188,-0.06073871409028728,0.0
60bafa01c4d1b4551d67,T2,G0,0,False,False,False,False,False,True,True,True,0.20833333333333334,0.17708333333333334,0.19791666666666666,-0.020833333333333315,0.020833333333333343,-0.062499999999999986,-0.020833333333333315,0.0
60bafa01c4d1b4551d67,T2,G1,0,False,False,False,False,False,True,True,True,0.15625,0.17708333333333334,0.17708333333333334,-0.010416666666666657,0.03125,-0.010416666666666657,0.0,0.0
60bafa01c4d1b4551d67,T2,G2,0,False,False,False,False,False,True,True,True,0.10112359550561797,0.18292682926829268,0.1724137931034483,-0.011235955056179775,-0.02188782489740082,-0.04439746300211417,-0.05384615384615385,0.0
60bafa01c4d1b4551d67,T2,G3,0,False,False,False,False,False,True,True,True,0.14942528735632185,0.11627906976744186,0.14634146341463414,-0.0174825174825175,-0.04058441558441557,-0.0174825174825175,-0.051724137931034475,0.0
806fe38ec0c42ea3d661,T2,G0,0,False,False,False,False,False,True,True,True,0.15625,0.10416666666666667,0.10416666666666667,-0.09375000000000001,-0.041666666666666685,-0.062499999999999986,-0.06250000000000001,0.0
806fe38ec0c42ea3d661,T2,G1,0,False,False,False,False,False,True,True,True,0.16666666666666666,0.15625,0.15625,-0.010416666666666685,0.010416666666666657,0.020833333333333343,0.020833333333333343,0.0
806fe38ec0c42ea3d661,T2,G2,0,False,False,False,False,False,True,True,True,0.2,0.10227272727272728,0.18604651162790697,0.08475935828877007,0.04064039408866996,0.04976335361730899,0.031777108433734935,0.0
806fe38ec0c42ea3d661,T2,G3,0,False,False,False,False,False,True,True,True,0.16279069767441862,0.1411764705882353,0.16666666666666666,-0.0022408963585434094,-0.01345350052246605,-0.0111111111111111,-0.003875968992248041,0.0
fadd49b5b8d43c3a4328,T2,G0,0,True,False,True,False,False,True,False,True,0.9479166666666666,0.9375,0.9375,-0.7708333333333334,-0.8333333333333334,-0.7395833333333334,-0.7916666666666666,1.0
fadd49b5b8d43c3a4328,T2,G1,0,True,False,True,False,False,True,False,True,0.9270833333333334,0.9479166666666666,0.9375,-0.8020833333333334,-0.8229166666666666,-0.8229166666666666,-0.8020833333333334,1.0
fadd49b5b8d43c3a4328,T2,G2,0,True,False,True,False,False,True,False,True,0.9318181818181818,0.8765432098765432,0.9418604651162791,-0.7536828963795257,-0.8551673046055068,-0.824076607387141,-0.7167774086378738,1.0
fadd49b5b8d43c3a4328,T2,G3,0,True,False,True,False,False,True,False,True,0.898876404494382,0.9090909090909091,0.8953488372093024,-0.826383319967923,-0.7747474747474747,-0.8341736694677871,-0.7253134796238244,1.0
0ccbd2abf54a69ea0db6,T2,G0,0,True,False,True,False,False,True,False,True,0.9270833333333334,0.9375,0.9375,-0.84375,-0.8229166666666666,-0.7291666666666666,-0.7604166666666667,1.0
0ccbd2abf54a69ea0db6,T2,G1,0,True,False,True,False,False,True,False,True,0.90625,0.96875,0.9479166666666666,-0.7395833333333333,-0.7916666666666666,-0.6354166666666667,-0.7395833333333334,1.0
0ccbd2abf54a69ea0db6,T2,G2,0,True,False,True,False,False,True,False,True,0.9032258064516129,0.8837209302325582,0.8902439024390244,-0.8029144768275204,-0.8188202247191011,-0.8093632958801498,-0.7708986415882967,1.0
0ccbd2abf54a69ea0db6,T2,G3,0,True,False,True,False,False,True,False,True,0.8791208791208791,0.9347826086956522,0.9534883720930233,-0.6280643513789581,-0.7142857142857143,-0.7101123595505618,-0.6966292134831461,1.0
b6d12f0a5e9b1e4ff6ef,T2,G0,0,True,False,True,False,False,True,False,True,0.9375,0.8958333333333334,0.9479166666666666,-0.7291666666666666,-0.8125,-0.7916666666666666,-0.7604166666666667,1.0
b6d12f0a5e9b1e4ff6ef,T2,G1,0,True,False,True,False,False,True,False,True,0.90625,0.9375,0.8958333333333334,-0.71875,-0.7916666666666666,-0.84375,-0.7916666666666667,1.0
b6d12f0a5e9b1e4ff6ef,T2,G2,0,True,False,True,False,False,True,False,True,0.9310344827586207,0.9186046511627907,0.875,-0.7222222222222222,-0.8073289070480082,-0.7126436781609196,-0.7647058823529412,1.0
b6d12f0a5e9b1e4ff6ef,T2,G3,0,True,False,True,False,False,True,False,True,0.9761904761904762,0.896551724137931,0.8953488372093024,-0.8016227180527383,-0.8004926108374384,-0.8179000387446727,-0.8009575923392612,1.0
b8be4fbf5fd14d78a236,T2,G0,0,True,False,True,False,False,True,False,True,0.9270833333333334,0.8854166666666666,0.9270833333333334,-0.71875,-0.7395833333333334,-0.7291666666666666,-0.8125,1.0
b8be4fbf5fd14d78a236,T2,G1,0,True,False,True,False,False,True,False,True,0.9270833333333334,0.9166666666666666,0.96875,-0.7708333333333334,-0.8541666666666666,-0.7291666666666666,-0.71875,1.0
b8be4fbf5fd14d78a236,T2,G2,0,True,False,True,False,False,True,False,True,0.9101123595505618,0.8705882352941177,0.9204545454545454,-0.8115763546798029,-0.6969251336898395,-0.6832092638544252,-0.7153256704980844,1.0
b8be4fbf5fd14d78a236,T2,G3,0,True,False,True,False,False,True,False,True,0.9080459770114943,0.9090909090909091,0.9655172413793104,-0.7033699059561129,-0.7489550679205852,-0.7489550679205852,-0.7806736166800321,1.0
8e12db39b742154dac61,T2,G0,0,True,False,True,False,False,True,False,True,0.875,0.9375,0.9375,-0.7395833333333334,-0.6666666666666666,-0.7604166666666666,-0.7291666666666666,1.0
8e12db39b742154dac61,T2,G1,0,True,False,True,False,False,True,False,True,0.9270833333333334,0.9166666666666666,0.8958333333333334,-0.78125,-0.8020833333333333,-0.7708333333333333,-0.7395833333333334,1.0
8e12db39b742154dac61,T2,G2,0,True,False,True,False,False,True,False,True,0.9302325581395349,0.9404761904761905,0.9176470588235294,-0.6530586766541823,-0.6818181818181818,-0.7471264367816092,-0.7325581395348837,1.0
8e12db39b742154dac61,T2,G3,0,True,False,True,False,False,True,False,True,0.9411764705882353,0.9213483146067416,0.875,-0.7770039100684262,-0.80479302832244,-0.8379378717779247,-0.8360085607276618,1.0
318c7ab9db62462e3970,T2,G0,0,True,False,True,False,False,True,False,True,0.90625,0.9479166666666666,0.9479166666666666,-0.7083333333333333,-0.7083333333333334,-0.75,-0.65625,1.0
318c7ab9db62462e3970,T2,G1,0,True,False,True,False,False,True,False,True,0.8958333333333334,0.9270833333333334,0.9583333333333334,-0.6979166666666666,-0.6875,-0.7916666666666667,-0.7083333333333334,1.0
318c7ab9db62462e3970,T2,G2,0,True,False,True,False,False,True,False,True,0.9139784946236559,0.8977272727272727,0.9550561797752809,-0.7748978549540347,-0.7793650793650795,-0.847348303870043,-0.794932079414838,1.0
318c7ab9db62462e3970,T2,G3,0,True,False,True,False,False,True,False,True,0.9411764705882353,0.8941176470588236,0.9302325581395349,-0.8706349206349207,-0.7322097378277154,-0.8019359642591214,-0.7156352683461117,1.0
fff75dc1c991508454ef,T2,G0,0,True,False,True,False,False,True,False,True,0.90625,0.8958333333333334,0.90625,-0.7395833333333334,-0.7291666666666666,-0.6875,-0.7916666666666666,1.0
fff75dc1c991508454ef,T2,G1,0,True,False,True,False,False,True,False,True,0.8854166666666666,0.9270833333333334,0.9375,-0.7604166666666667,-0.75,-0.7395833333333333,-0.75,1.0
fff75dc1c991508454ef,T2,G2,0,True,False,True,False,False,True,False,True,0.8941176470588236,0.9425287356321839,0.9101123595505618,-0.7914462081128748,-0.7965784215784216,-0.7996715927750411,-0.7870985603543743,1.0
fff75dc1c991508454ef,T2,G3,0,True,False,True,False,False,True,False,True,0.9487179487179487,0.8777777777777778,0.9382716049382716,-0.7696428571428571,-0.8445074415308291,-0.8051146384479718,-0.8820598006644519,1.0
18bbe153011d624d0282,T2,G0,0,True,False,True,False,False,True,False,True,0.9479166666666666,0.9166666666666666,0.9583333333333334,-0.8229166666666666,-0.8020833333333334,-0.8229166666666666,-0.8541666666666666,1.0
18bbe153011d624d0282,T2,G1,0,True,False,True,False,False,True,False,True,0.8958333333333334,0.9375,0.8854166666666666,-0.7083333333333333,-0.75,-0.7291666666666666,-0.78125,1.0
18bbe153011d624d0282,T2,G2,0,True,False,True,False,False,True,False,True,0.9651162790697675,0.9058823529411765,0.9529411764705882,-0.7411764705882353,-0.7415730337078651,-0.813953488372093,-0.7873949579831934,1.0
18bbe153011d624d0282,T2,G3,0,True,False,True,False,False,True,False,True,0.9655172413793104,0.8941176470588236,0.9534883720930233,-0.8482900136798905,-0.8110644257703081,-0.7923015236567763,-0.7362579281183933,1.0
b3744a4f31d856f10609,T2,G0,0,False,False,False,False,False,True,True,True,0.14583333333333334,0.14583333333333334,0.15625,0.03125,0.041666666666666685,0.02083333333333333,0.04166666666666666,0.0
b3744a4f31d856f10609,T2,G1,0,False,False,False,False,False,True,True,True,0.16666666666666666,0.17708333333333334,0.16666666666666666,0.0,-0.010416666666666685,-0.020833333333333343,0.0,0.0
b3744a4f31d856f10609,T2,G2,0,False,False,False,False,False,True,True,True,0.10714285714285714,0.13793103448275862,0.15584415584415584,-0.03231106243154436,-0.01924941143885886,-0.04334579698102756,-0.018346253229974185,0.0
b3744a4f31d856f10609,T2,G3,0,False,False,False,False,False,True,True,True,0.11627906976744186,0.16470588235294117,0.1590909090909091,0.019261637239165325,-0.05039787798408489,0.006016042780748687,0.014408460013218771,0.0
6ef840f835ebf5053b6f,T2,G0,0,False,False,False,False,False,True,True,True,0.11458333333333333,0.17708333333333334,0.10416666666666667,0.010416666666666685,0.0,0.0,0.010416666666666685,0.0
6ef840f835ebf5053b6f,T2,G1,0,False,False,False,False,False,True,True,True,0.17708333333333334,0.13541666666666666,0.17708333333333334,-0.03125,-0.07291666666666669,-0.04166666666666666,-0.0625,0.0
6ef840f835ebf5053b6f,T2,G2,0,False,False,False,False,False,True,True,True,0.16091954022988506,0.15294117647058825,0.16470588235294117,-0.0370657367945241,-0.018181818181818188,-0.09934318555008209,0.006584477444662368,0.0
6ef840f835ebf5053b6f,T2,G3,0,False,False,False,False,False,True,True,True,0.1511627906976744,0.17045454545454544,0.13333333333333333,-0.022988505747126436,0.047058823529411764,-0.0215183106121358,0.056179775280898875,0.0
8bcb3b6f9405a441f99c,T2,G0,0,False,False,False,False,False,True,True,True,0.16666666666666666,0.19791666666666666,0.19791666666666666,-0.05208333333333334,-0.0625,-0.041666666666666685,-0.04166666666666666,0.0
8bcb3b6f9405a441f99c,T2,G1,0,False,False,False,False,False,True,True,True,0.10416666666666667,0.19791666666666666,0.19791666666666666,0.020833333333333343,-0.04166666666666667,0.05208333333333333,-0.03125,0.0
8bcb3b6f9405a441f99c,T2,G2,0,False,False,False,False,False,True,True,True,0.1,0.16666666666666666,0.16091954022988506,0.011494252873563218,0.02332112332112332,0.02247191011235955,0.05555555555555555,0.0
8bcb3b6f9405a441f99c,T2,G3,0,False,False,False,False,False,True,True,True,0.16853932584269662,0.16470588235294117,0.14444444444444443,0.03726215644820295,0.039080459770114956,0.026346377373111213,0.06124497991967871,0.0
bb973d6a04615ea32dd1,T2,G0,0,False,False,False,False,False,True,True,True,0.10416666666666667,0.1875,0.13541666666666666,-0.010416666666666671,0.0,-0.03125,0.0,0.0
bb973d6a04615ea32dd1,T2,G1,0,False,False,False,False,False,True,True,True,0.1875,0.13541666666666666,0.14583333333333334,-0.020833333333333315,0.03125,0.020833333333333315,-0.02083333333333333,0.0
bb973d6a04615ea32dd1,T2,G2,0,False,False,False,False,False,True,True,True,0.05747126436781609,0.15294117647058825,0.09195402298850575,0.0,0.0,0.011363636363636354,0.034482758620689655,0.0
bb973d6a04615ea32dd1,T2,G3,0,False,False,False,False,False,True,True,True,0.19101123595505617,0.11904761904761904,0.11235955056179775,0.0,0.03528693528693527,0.011363636363636354,-0.011363636363636367,0.0
fd87bf20395a45dec130,T2,G0,0,False,False,False,False,False,True,True,True,0.19791666666666666,0.125,0.15625,0.03125,0.0,0.05208333333333334,0.0,0.0
fd87bf20395a45dec130,T2,G1,0,False,False,False,False,False,True,True,True,0.15625,0.125,0.13541666666666666,0.010416666666666685,0.05208333333333334,0.0,-0.010416666666666685,0.0
fd87bf20395a45dec130,T2,G2,0,False,False,False,False,False,True,True,True,0.14606741573033707,0.14130434782608695,0.07954545454545454,-0.005213903743315512,-0.05019157088122607,-0.047848168938786434,-0.005734767025089599,0.0
fd87bf20395a45dec130,T2,G3,0,False,False,False,False,False,True,True,True,0.19318181818181818,0.14444444444444443,0.12087912087912088,0.007978363759296808,0.03189978044685522,-0.06073871409028728,-0.012541806020066909,0.0
9827c972b977087f0c5c,T2,G0,0,False,False,False,False,False,True,True,True,0.14583333333333334,0.125,0.21875,-0.010416666666666657,-0.020833333333333343,0.03125,0.010416666666666657,0.0
9827c972b977087f0c5c,T2,G1,0,False,False,False,False,False,True,True,True,0.10416666666666667,0.20833333333333334,0.15625,0.0,0.010416666666666657,0.0,0.0,0.0
9827c972b977087f0c5c,T2,G2,0,False,False,False,False,False,True,True,True,0.20930232558139536,0.1590909090909091,0.15294117647058825,-0.06201550387596898,-0.08228840125391851,-0.10766073871409032,-0.08344733242134064,0.0
9827c972b977087f0c5c,T2,G3,0,False,False,False,False,False,True,True,True,0.14285714285714285,0.18181818181818182,0.1590909090909091,-0.05311355311355312,0.02393162393162393,-0.04761904761904763,-0.03073866292660124,0.0
6116162bf23a57b02660,T2,G0,0,False,False,False,False,False,True,True,True,0.11458333333333333,0.20833333333333334,0.11458333333333333,0.04166666666666667,0.031250000000000014,0.07291666666666667,0.0,0.0
6116162bf23a57b02660,T2,G1,0,False,False,False,False,False,True,True,True,0.13541666666666666,0.17708333333333334,0.13541666666666666,-0.010416666666666685,-0.010416666666666657,0.0,-0.03125,0.0
6116162bf23a57b02660,T2,G2,0,False,False,False,False,False,True,True,True,0.21428571428571427,0.15476190476190477,0.23255813953488372,-0.026821572002294874,-0.0021384656508954825,0.0,0.021477428180574548,0.0
6116162bf23a57b02660,T2,G3,0,False,False,False,False,False,True,True,True,0.20930232558139536,0.23863636363636365,0.14772727272727273,0.05485893416927898,0.008192389006342504,0.007070707070707061,0.053118393234672295,0.0
58dec965cdfed81caae4,T2,G0,0,False,False,False,False,False,True,True,True,0.1875,0.1875,0.125,0.020833333333333343,0.020833333333333343,-0.04166666666666666,0.010416666666666657,0.0
58dec965cdfed81caae4,T2,G1,0,False,False,False,False,False,True,True,True,0.14583333333333334,0.125,0.10416666666666667,-0.03125,-0.010416666666666657,-0.0625,-0.03125,0.0
58dec965cdfed81caae4,T2,G2,0,False,False,False,False,False,True,True,True,0.07058823529411765,0.08641975308641975,0.1951219512195122,0.030698065601345678,0.04220779220779222,0.016479711951253292,0.01920381272778246,0.0
58dec965cdfed81caae4,T2,G3,0,False,False,False,False,False,True,True,True,0.12790697674418605,0.12941176470588237,0.1686746987951807,-0.013165266106442572,-0.001616220981486921,-0.04006968641114983,-0.04848484848484849,0.0
13856aacb00f7a80e4d9,T2,G0,0,False,False,True,False,False,True,True,True,0.96875,0.125,0.19791666666666666,-0.78125,-0.7916666666666666,-0.6979166666666666,-0.7708333333333334,0.0
13856aacb00f7a80e4d9,T2,G1,0,False,False,True,False,False,True,True,True,0.9270833333333334,0.1875,0.16666666666666666,-0.8020833333333334,-0.7708333333333333,-0.8229166666666667,-0.7916666666666666,0.0
13856aacb00f7a80e4d9,T2,G2,0,False,False,True,False,False,True,True,True,0.9213483146067416,0.0898876404494382,0.08235294117647059,-0.7031086729362592,-0.7743871297242083,-0.7711419015766842,-0.7578187650360866,0.0
13856aacb00f7a80e4d9,T2,G3,0,False,False,True,False,False,True,True,True,0.9642857142857143,0.16279069767441862,0.20689655172413793,-0.8093434343434343,-0.8706474248642924,-0.7717900063251106,-0.8584829804342,0.0
f7f9419456e5f9fc0bd9,T2,G0,0,False,False,True,False,False,True,True,True,0.8854166666666666,0.13541666666666666,0.16666666666666666,-0.78125,-0.6875,-0.59375,-0.6875,0.0
f7f9419456e5f9fc0bd9,T2,G1,0,False,False,True,False,False,True,True,True,0.90625,0.13541666666666666,0.15625,-0.78125,-0.7708333333333334,-0.78125,-0.7916666666666666,0.0
f7f9419456e5f9fc0bd9,T2,G2,0,False,False,True,False,False,True,True,True,0.9655172413793104,0.14772727272727273,0.10112359550561797,-0.8168756530825496,-0.8322097378277153,-0.8229548229548229,-0.7682926829268293,0.0
f7f9419456e5f9fc0bd9,T2,G3,0,False,False,True,False,False,True,True,True,0.9042553191489362,0.1927710843373494,0.09782608695652174,-0.8052699988183859,-0.7424242424242424,-0.8004691937276207,-0.8073543015726179,0.0
bfec61a79604a3066224,T2,G0,0,False,False,True,False,False,True,True,True,0.9479166666666666,0.125,0.14583333333333334,-0.78125,-0.78125,-0.7916666666666666,-0.8229166666666666,0.0
bfec61a79604a3066224,T2,G1,0,False,False,True,False,False,True,True,True,0.9375,0.09375,0.11458333333333333,-0.7708333333333334,-0.78125,-0.7604166666666666,-0.8020833333333333,0.0
bfec61a79604a3066224,T2,G2,0,False,False,True,False,False,True,True,True,0.9425287356321839,0.09411764705882353,0.12359550561797752,-0.8632445141065831,-0.8366621067031463,-0.8678849240646993,-0.7380952380952381,0.0
bfec61a79604a3066224,T2,G3,0,False,False,True,False,False,True,True,True,0.9318181818181818,0.16279069767441862,0.14444444444444443,-0.8235294117647058,-0.7611194402798601,-0.7327277073870428,-0.7308994197292069,0.0
f2dc6cad791d45f9b970,T2,G0,0,False,False,True,False,False,True,True,True,0.9375,0.13541666666666666,0.16666666666666666,-0.8125,-0.75,-0.7604166666666667,-0.7916666666666666,0.0
f2dc6cad791d45f9b970,T2,G1,0,False,False,True,False,False,True,True,True,0.9583333333333334,0.14583333333333334,0.14583333333333334,-0.8020833333333334,-0.8229166666666666,-0.78125,-0.84375,0.0
f2dc6cad791d45f9b970,T2,G2,0,False,False,True,False,False,True,True,True,0.9156626506024096,0.1927710843373494,0.13414634146341464,-0.736441893830703,-0.8175809649702578,-0.7640795741103951,-0.8315696649029982,0.0
f2dc6cad791d45f9b970,T2,G3,0,False,False,True,False,False,True,True,True,0.9166666666666666,0.10869565217391304,0.14772727272727273,-0.8297157622739018,-0.7326839826839827,-0.8357568203849882,-0.7614011896893589,0.0
e9bc8b34194318d5483a,T2,G0,0,False,False,True,False,False,True,True,True,0.875,0.11458333333333333,0.13541666666666666,-0.7291666666666666,-0.7291666666666666,-0.7291666666666667,-0.75,0.0
e9bc8b34194318d5483a,T2,G1,0,False,False,True,False,False,True,True,True,0.96875,0.14583333333333334,0.1875,-0.8333333333333333,-0.7708333333333334,-0.90625,-0.8125,0.0
e9bc8b34194318d5483a,T2,G2,0,False,False,True,False,False,True,True,True,0.9647058823529412,0.16666666666666666,0.13953488372093023,-0.8169786096256685,-0.7287755673858223,-0.7721452835118892,-0.7910509031198686,0.0
e9bc8b34194318d5483a,T2,G3,0,False,False,True,False,False,True,True,True,0.8902439024390244,0.15476190476190477,0.15555555555555556,-0.7320109439124487,-0.7920806985847636,-0.7879356149398343,-0.7537125245166714,0.0
6288d06d95289dab7496,T2,G0,0,False,False,True,False,False,True,True,True,0.9479166666666666,0.13541666666666666,0.15625,-0.7291666666666667,-0.7604166666666666,-0.78125,-0.8125,0.0
6288d06d95289dab7496,T2,G1,0,False,False,True,False,False,True,True,True,0.9375,0.14583333333333334,0.13541666666666666,-0.8229166666666666,-0.84375,-0.8541666666666666,-0.75,0.0
6288d06d95289dab7496,T2,G2,0,False,False,True,False,False,True,True,True,0.8791208791208791,0.13636363636363635,0.08602150537634409,-0.6828396322778345,-0.7315717989875293,-0.7250522466039707,-0.735632183908046,0.0
6288d06d95289dab7496,T2,G3,0,False,False,True,False,False,True,True,True,0.9195402298850575,0.10843373493975904,0.14942528735632185,-0.6963154492566258,-0.8241805023414219,-0.7584512285927029,-0.7537694863276259,0.0
cb677ed0ad084b045770,T2,G0,0,False,False,True,False,False,True,True,True,0.9166666666666666,0.15625,0.17708333333333334,-0.8333333333333334,-0.7708333333333334,-0.875,-0.84375,0.0
cb677ed0ad084b045770,T2,G1,0,False,False,True,False,False,True,True,True,0.9166666666666666,0.15625,0.13541666666666666,-0.7291666666666666,-0.7083333333333333,-0.78125,-0.7083333333333333,0.0
cb677ed0ad084b045770,T2,G2,0,False,False,True,False,False,True,True,True,0.9166666666666666,0.10227272727272728,0.2261904761904762,-0.7630490956072351,-0.7456709956709957,-0.8132183908045977,-0.6877705627705628,0.0
cb677ed0ad084b045770,T2,G3,0,False,False,True,False,False,True,True,True,0.9534883720930233,0.18823529411764706,0.1348314606741573,-0.7900197628458497,-0.7932900432900433,-0.7788394959146933,-0.7561576354679803,0.0
ea19881d298635432af1,T2,G0,0,False,False,True,False,False,True,True,True,0.8958333333333334,0.15625,0.125,-0.7604166666666667,-0.6875,-0.7291666666666666,-0.7083333333333334,0.0
ea19881d298635432af1,T2,G1,0,False,False,True,False,False,True,True,True,0.875,0.17708333333333334,0.19791666666666666,-0.7604166666666666,-0.75,-0.7395833333333334,-0.7916666666666666,0.0
ea19881d298635432af1,T2,G2,0,False,False,True,False,False,True,True,True,0.9302325581395349,0.14285714285714285,0.09195402298850575,-0.7874115267947421,-0.872946330777656,-0.7937399678972713,-0.8108597285067873,0.0
ea19881d298635432af1,T2,G3,0,False,False,True,False,False,True,True,True,0.8823529411764706,0.16279069767441862,0.08888888888888889,-0.7037324034611907,-0.7411616161616161,-0.7085868830290737,-0.6695079426578846,0.0
7d65b20af050477b1136,T2,G0,1,False,True,True,True,False,True,True,True,0.9166666666666666,0.16666666666666666,0.16666666666666666,0.7916666666666666,-0.7291666666666667,0.75,0.7708333333333333,0.0
7d65b20af050477b1136,T2,G1,1,False,True,True,True,False,True,True,True,0.90625,0.15625,0.22916666666666666,0.6979166666666666,-0.7708333333333334,0.6666666666666666,0.6875,0.0
7d65b20af050477b1136,T2,G2,1,False,True,True,True,False,True,True,True,0.9529411764705882,0.25301204819277107,0.11363636363636363,0.8374186400775516,-0.7362450368689732,0.8035714285714286,0.7082121589807506,0.0
7d65b20af050477b1136,T2,G3,1,False,True,True,True,False,True,True,True,0.9431818181818182,0.2441860465116279,0.1375,0.8083458270864567,-0.7243178170144463,0.7960060667340748,0.7206349206349206,0.0
9195e978419d54898282,T2,G0,1,False,True,True,True,False,True,True,True,0.9583333333333334,0.1875,0.11458333333333333,0.71875,-0.7708333333333334,0.7604166666666667,0.71875,0.0
9195e978419d54898282,T2,G1,1,False,True,True,True,False,True,True,True,0.9583333333333334,0.1875,0.15625,0.7291666666666667,-0.75,0.7291666666666666,0.6979166666666666,0.0
9195e978419d54898282,T2,G2,1,False,True,True,True,False,True,True,True,0.9111111111111111,0.2413793103448276,0.15384615384615385,0.735042735042735,-0.75,0.735632183908046,0.797752808988764,0.0
9195e978419d54898282,T2,G3,1,False,True,True,True,False,True,True,True,0.9318181818181818,0.18681318681318682,0.10465116279069768,0.7792270531400967,-0.7595137420718816,0.7990033222591362,0.7737487231869254,0.0
bc6e480ad6122ac0caa8,T2,G0,1,False,True,True,True,False,True,True,True,0.9270833333333334,0.16666666666666666,0.16666666666666666,0.8020833333333333,-0.8125,0.8125,0.8125,0.0
bc6e480ad6122ac0caa8,T2,G1,1,False,True,True,True,False,True,True,True,0.9479166666666666,0.1875,0.11458333333333333,0.7708333333333333,-0.71875,0.8020833333333334,0.8020833333333333,0.0
bc6e480ad6122ac0caa8,T2,G2,1,False,True,True,True,False,True,True,True,0.9111111111111111,0.11904761904761904,0.15555555555555556,0.7209302325581395,-0.7954545454545455,0.7613636363636364,0.7093023255813954,0.0
bc6e480ad6122ac0caa8,T2,G3,1,False,True,True,True,False,True,True,True,0.896551724137931,0.125,0.13793103448275862,0.7566880684858213,-0.8217141429285357,0.7425037481259371,0.7571711830799736,0.0
81dc56b322e62900b629,T2,G0,1,False,True,True,True,False,True,True,True,0.9270833333333334,0.15625,0.09375,0.84375,-0.78125,0.71875,0.8229166666666666,0.0
81dc56b322e62900b629,T2,G1,1,False,True,True,True,False,True,True,True,0.9479166666666666,0.14583333333333334,0.15625,0.7916666666666667,-0.7291666666666667,0.8125,0.8229166666666667,0.0
81dc56b322e62900b629,T2,G2,1,False,True,True,True,False,True,True,True,0.9047619047619048,0.1724137931034483,0.15730337078651685,0.7751937984496124,-0.747096399535424,0.7873563218390804,0.7714064316156528,0.0
81dc56b322e62900b629,T2,G3,1,False,True,True,True,False,True,True,True,0.9666666666666667,0.14285714285714285,0.17777777777777778,0.7801718440185064,-0.7447265378299861,0.8216902784562775,0.7532840722495895,0.0
1f44e9b27acb62e6b339,T2,G0,1,False,True,True,True,False,True,True,True,0.9270833333333334,0.17708333333333334,0.19791666666666666,0.6770833333333333,-0.7916666666666666,0.7395833333333334,0.78125,0.0
1f44e9b27acb62e6b339,T2,G1,1,False,True,True,True,False,True,True,True,0.9791666666666666,0.10416666666666667,0.11458333333333333,0.7708333333333334,-0.84375,0.7291666666666667,0.875,0.0
1f44e9b27acb62e6b339,T2,G2,1,False,True,True,True,False,True,True,True,0.9302325581395349,0.22988505747126436,0.15294117647058825,0.8251336898395722,-0.8079460699942628,0.7604535790219702,0.7757475083056478,0.0
1f44e9b27acb62e6b339,T2,G3,1,False,True,True,True,False,True,True,True,0.9310344827586207,0.17721518987341772,0.13095238095238096,0.8515808727462765,-0.7902298850574712,0.7775033954809236,0.7124220079410097,0.0
75089ee5fea1513c397e,T2,G0,1,False,True,True,True,False,True,True,True,0.9583333333333334,0.17708333333333334,0.16666666666666666,0.8645833333333333,-0.8333333333333334,0.8125,0.78125,0.0
75089ee5fea1513c397e,T2,G1,1,False,True,True,True,False,True,True,True,0.9166666666666666,0.13541666666666666,0.15625,0.8125,-0.7916666666666666,0.7395833333333334,0.71875,0.0
75089ee5fea1513c397e,T2,G2,1,False,True,True,True,False,True,True,True,0.9404761904761905,0.14444444444444443,0.07608695652173914,0.666019955654102,-0.770281124497992,0.8066926575698505,0.7666666666666667,0.0
75089ee5fea1513c397e,T2,G3,1,False,True,True,True,False,True,True,True,0.9662921348314607,0.19047619047619047,0.18181818181818182,0.7416333666333667,-0.8756205905408936,0.7802867383512544,0.793049385941991,0.0
c2ee01c022c11da4b913,T2,G0,1,False,True,True,True,False,True,True,True,0.9166666666666666,0.17708333333333334,0.16666666666666666,0.7708333333333334,-0.7604166666666666,0.7916666666666667,0.8125,0.0
c2ee01c022c11da4b913,T2,G1,1,False,True,True,True,False,True,True,True,0.9166666666666666,0.17708333333333334,0.23958333333333334,0.7916666666666667,-0.75,0.8020833333333333,0.7291666666666666,0.0
c2ee01c022c11da4b913,T2,G2,1,False,True,True,True,False,True,True,True,0.9347826086956522,0.1686746987951807,0.13793103448275862,0.8539325842696629,-0.7840909090909091,0.7848569969356486,0.8557997557997558,0.0
c2ee01c022c11da4b913,T2,G3,1,False,True,True,True,False,True,True,True,0.9318181818181818,0.1956521739130435,0.14444444444444443,0.8283611003487021,-0.7857507660878447,0.7545638945233265,0.8109080841638981,0.0
b7e325de3f01d76d9346,T2,G0,1,False,True,True,True,False,True,True,True,0.9166666666666666,0.1875,0.22916666666666666,0.7604166666666667,-0.7604166666666667,0.7395833333333333,0.75,0.0
b7e325de3f01d76d9346,T2,G1,1,False,True,True,True,False,True,True,True,0.9166666666666666,0.15625,0.19791666666666666,0.6979166666666667,-0.75,0.84375,0.8541666666666666,0.0
b7e325de3f01d76d9346,T2,G2,1,False,True,True,True,False,True,True,True,0.8674698795180723,0.11235955056179775,0.21951219512195122,0.67816091954023,-0.7023809523809523,0.686046511627907,0.7778385772913817,0.0
b7e325de3f01d76d9346,T2,G3,1,False,True,True,True,False,True,True,True,0.9411764705882353,0.20652173913043478,0.14942528735632185,0.800547195622435,-0.8542317417819426,0.8221288515406162,0.7797380379577652,0.0
a480094ec2d5dbc6450d,T2,G0,2,True,True,True,True,True,True,True,True,0.9166666666666666,0.9479166666666666,0.9166666666666666,0.7708333333333333,0.6458333333333334,0.6875,0.7291666666666666,0.0
a480094ec2d5dbc6450d,T2,G1,2,True,True,True,True,True,True,True,True,0.875,0.90625,0.9166666666666666,0.75,0.78125,0.7083333333333334,0.7395833333333334,0.0
a480094ec2d5dbc6450d,T2,G2,2,True,True,True,True,True,True,True,True,0.9024390243902439,0.9195402298850575,0.9431818181818182,0.7719449225473323,0.8045977011494252,0.7984593837535015,0.7105110336817654,0.0
a480094ec2d5dbc6450d,T2,G3,2,True,True,True,True,True,True,True,True,0.898876404494382,0.9651162790697675,0.9333333333333333,0.8150105708245243,0.821323888617489,0.7732379979570991,0.7542906531670577,0.0
ac106898fc505a86c8c0,T2,G0,2,True,True,True,True,True,True,True,True,0.9583333333333334,0.9270833333333334,0.9479166666666666,0.75,0.8020833333333334,0.78125,0.7604166666666667,0.0
ac106898fc505a86c8c0,T2,G1,2,True,True,True,True,True,True,True,True,0.9583333333333334,0.9479166666666666,0.9479166666666666,0.7916666666666666,0.78125,0.7395833333333333,0.8020833333333333,0.0
ac106898fc505a86c8c0,T2,G2,2,True,True,True,True,True,True,True,True,0.9775280898876404,0.9659090909090909,0.9318181818181818,0.7897271268057784,0.8372549019607843,0.838777110007839,0.8313343328335833,0.0
ac106898fc505a86c8c0,T2,G3,2,True,True,True,True,True,True,True,True,0.9397590361445783,0.891566265060241,0.9101123595505618,0.8318082788671024,0.8703081232492997,0.7808734939759037,0.7148148148148148,0.0
017449de9bb3168d6c07,T2,G0,2,True,True,True,True,True,True,True,True,0.90625,0.9375,0.8645833333333334,0.75,0.7291666666666667,0.7604166666666666,0.7916666666666666,0.0
017449de9bb3168d6c07,T2,G1,2,True,True,True,True,True,True,True,True,0.9479166666666666,0.9270833333333334,0.8854166666666666,0.7708333333333333,0.8020833333333334,0.84375,0.71875,0.0
017449de9bb3168d6c07,T2,G2,2,True,True,True,True,True,True,True,True,0.9080459770114943,0.9438202247191011,0.9666666666666667,0.8165775401069518,0.7575757575757576,0.8378489326765188,0.7285289939300013,0.0
017449de9bb3168d6c07,T2,G3,2,True,True,True,True,True,True,True,True,0.926829268292683,0.9186046511627907,0.9431818181818182,0.7324650657983991,0.6887709991158266,0.729296066252588,0.7188202247191011,0.0
fa548c71c4af85c21026,T2,G0,2,True,True,True,True,True,True,True,True,0.9583333333333334,0.9479166666666666,0.9166666666666666,0.7083333333333333,0.6666666666666667,0.8333333333333333,0.8125,0.0
fa548c71c4af85c21026,T2,G1,2,True,True,True,True,True,True,True,True,0.9375,0.875,0.9270833333333334,0.8125,0.7395833333333333,0.7916666666666666,0.75,0.0
fa548c71c4af85c21026,T2,G2,2,True,True,True,True,True,True,True,True,0.9239130434782609,0.8928571428571429,0.9404761904761905,0.7395066511687977,0.8318007662835248,0.7315875613747955,0.8010739260739261,0.0
fa548c71c4af85c21026,T2,G3,2,True,True,True,True,True,True,True,True,0.9166666666666666,0.9090909090909091,0.8823529411764706,0.8612576064908722,0.7663474692202462,0.7649501661129569,0.8035158891142663,0.0
248098b6a227b6a263ab,T2,G0,2,True,True,True,True,True,True,True,True,0.9375,0.9166666666666666,0.9791666666666666,0.84375,0.7395833333333334,0.8125,0.78125,0.0
248098b6a227b6a263ab,T2,G1,2,True,True,True,True,True,True,True,True,0.96875,0.9375,0.9375,0.8125,0.8333333333333334,0.7604166666666667,0.71875,0.0
248098b6a227b6a263ab,T2,G2,2,True,True,True,True,True,True,True,True,0.8977272727272727,0.9418604651162791,0.9318181818181818,0.7537878787878788,0.7987373737373737,0.8176593521421107,0.7668946648426812,0.0
248098b6a227b6a263ab,T2,G3,2,True,True,True,True,True,True,True,True,0.8888888888888888,0.9222222222222223,0.8888888888888888,0.7623737373737374,0.7497094149554435,0.7039907012785742,0.7179292929292929,0.0
3bef7bc51ca2fdf2a2af,T2,G0,2,True,True,True,True,True,True,True,True,0.9375,0.9270833333333334,0.8958333333333334,0.8125,0.6979166666666666,0.7395833333333334,0.78125,0.0
3bef7bc51ca2fdf2a2af,T2,G1,2,True,True,True,True,True,True,True,True,0.90625,0.9375,0.9375,0.7395833333333334,0.7395833333333334,0.75,0.7395833333333334,0.0
3bef7bc51ca2fdf2a2af,T2,G2,2,True,True,True,True,True,True,True,True,0.9620253164556962,0.9375,0.9615384615384616,0.8005698005698005,0.7357723577235773,0.7616929698708752,0.7518434486670449,0.0
3bef7bc51ca2fdf2a2af,T2,G3,2,True,True,True,True,True,True,True,True,0.9318181818181818,0.8705882352941177,0.9550561797752809,0.7284053156146179,0.688953488372093,0.7690274841437632,0.7179802955665024,0.0
90a1e492ef06a0825386,T2,G0,2,True,True,True,True,True,True,True,True,0.9375,0.9375,0.9375,0.7708333333333334,0.8541666666666666,0.7916666666666666,0.75,0.0
90a1e492ef06a0825386,T2,G1,2,True,True,True,True,True,True,True,True,0.875,0.8854166666666666,0.90625,0.7604166666666666,0.7916666666666666,0.7604166666666666,0.78125,0.0
90a1e492ef06a0825386,T2,G2,2,True,True,True,True,True,True,True,True,0.9080459770114943,0.9120879120879121,0.9204545454545454,0.7287755673858223,0.7745320476460579,0.7605173765351451,0.7992007992007992,0.0
90a1e492ef06a0825386,T2,G3,2,True,True,True,True,True,True,True,True,0.9310344827586207,0.9523809523809523,0.8977272727272727,0.7881759596525637,0.770877378435518,0.8295009145544814,0.7028578407425501,0.0
3f17c5e7a8c8ddbe2618,T2,G0,2,True,True,True,True,True,True,True,True,0.90625,0.9166666666666666,0.9375,0.6666666666666666,0.7291666666666666,0.7708333333333334,0.7395833333333334,0.0
3f17c5e7a8c8ddbe2618,T2,G1,2,True,True,True,True,True,True,True,True,0.9166666666666666,0.9166666666666666,0.9375,0.7708333333333334,0.8333333333333333,0.7604166666666666,0.8229166666666666,0.0
3f17c5e7a8c8ddbe2618,T2,G2,2,True,True,True,True,True,True,True,True,0.9156626506024096,0.9438202247191011,0.9090909090909091,0.7068106312292359,0.7019027484143763,0.7873949579831934,0.7710843373493975,0.0
3f17c5e7a8c8ddbe2618,T2,G3,2,True,True,True,True,True,True,True,True,0.9523809523809523,0.9302325581395349,0.9186046511627907,0.7727272727272728,0.8008207934336525,0.7590361445783133,0.7999999999999999,0.0
e87d0d55adef7e5a1a61,T2,G0,2,True,True,True,True,True,True,True,True,0.9479166666666666,0.8958333333333334,0.9166666666666666,0.7916666666666666,0.8333333333333334,0.8645833333333333,0.8125,0.0
e87d0d55adef7e5a1a61,T2,G1,2,True,True,True,True,True,True,True,True,0.9166666666666666,0.9583333333333334,0.9166666666666666,0.75,0.7916666666666666,0.75,0.8125,0.0
e87d0d55adef7e5a1a61,T2,G2,2,True,True,True,True,True,True,True,True,0.9325842696629213,0.9418604651162791,0.9204545454545454,0.8184166343794395,0.7986611090059366,0.806245100600993,0.7954010974653776,0.0
e87d0d55adef7e5a1a61,T2,G3,2,True,True,True,True,True,True,True,True,0.9302325581395349,0.9318181818181818,0.8888888888888888,0.787375415282392,0.7679144385026737,0.7581699346405228,0.7955190017016449,0.0
ccf992c52461b52b8ab1,T2,G0,2,True,True,True,True,True,True,True,True,0.8958333333333334,0.90625,0.90625,0.78125,0.7291666666666667,0.78125,0.8020833333333333,0.0
ccf992c52461b52b8ab1,T2,G1,2,True,True,True,True,True,True,True,True,0.8958333333333334,0.9375,0.9375,0.7291666666666666,0.84375,0.7916666666666666,0.7916666666666666,0.0
ccf992c52461b52b8ab1,T2,G2,2,True,True,True,True,True,True,True,True,0.9340659340659341,0.8977272727272727,0.9518072289156626,0.7710594315245478,0.7683155080213904,0.7681094749367842,0.8217063835041363,0.0
ccf992c52461b52b8ab1,T2,G3,2,True,True,True,True,True,True,True,True,0.9325842696629213,0.9404761904761905,0.9302325581395349,0.8438202247191011,0.7626404494382022,0.8160919540229885,0.84593837535014,0.0
ecb2c45979876ae9883b,T2,G0,2,True,True,True,True,True,True,True,True,0.8854166666666666,0.9166666666666666,0.9166666666666666,0.7916666666666666,0.75,0.75,0.8125,0.0
ecb2c45979876ae9883b,T2,G1,2,True,True,True,True,True,True,True,True,0.90625,0.9375,0.9375,0.7708333333333334,0.7604166666666666,0.7916666666666666,0.8229166666666666,0.0
ecb2c45979876ae9883b,T2,G2,2,True,True,True,True,True,True,True,True,0.9390243902439024,0.9213483146067416,0.898876404494382,0.8196649029982364,0.7808734939759037,0.7644998599047352,0.8034898213543831,0.0
ecb2c45979876ae9883b,T2,G3,2,True,True,True,True,True,True,True,True,0.9285714285714286,0.9285714285714286,0.9090909090909091,0.8181818181818182,0.7305061559507523,0.7411764705882353,0.7951807228915662,0.0
96555a6b68df01d68fd3,T2,G0,2,True,True,True,True,True,True,True,True,0.9375,0.9375,0.96875,0.8333333333333334,0.78125,0.78125,0.7916666666666666,0.0
96555a6b68df01d68fd3,T2,G1,2,True,True,True,True,True,True,True,True,0.9375,0.9166666666666666,0.9166666666666666,0.7916666666666666,0.7916666666666667,0.7604166666666666,0.8333333333333334,0.0
96555a6b68df01d68fd3,T2,G2,2,True,True,True,True,True,True,True,True,0.898876404494382,0.9090909090909091,0.9195402298850575,0.7454844006568144,0.7501652346331791,0.7389292795769993,0.7392213221844787,0.0
96555a6b68df01d68fd3,T2,G3,2,True,True,True,True,True,True,True,True,0.9080459770114943,0.9545454545454546,0.9411764705882353,0.80109439124487,0.7791751183231914,0.7914807302231237,0.779445571331981,0.0
3c0f7da643fb3c0b92ff,T2,G0,2,True,True,True,True,True,True,True,True,0.90625,0.9375,0.90625,0.7916666666666666,0.7916666666666667,0.75,0.7708333333333333,0.0
3c0f7da643fb3c0b92ff,T2,G1,2,True,True,True,True,True,True,True,True,0.8541666666666666,0.8958333333333334,0.9479166666666666,0.65625,0.6979166666666667,0.65625,0.6875,0.0
3c0f7da643fb3c0b92ff,T2,G2,2,True,True,True,True,True,True,True,True,0.9069767441860465,0.9390243902439024,0.9302325581395349,0.7541528239202658,0.8395061728395061,0.6639935846030474,0.7126436781609196,0.0
3c0f7da643fb3c0b92ff,T2,G3,2,True,True,True,True,True,True,True,True,0.9285714285714286,0.9425287356321839,0.9240506329113924,0.7987373737373737,0.7113821138211383,0.7618710134656271,0.7419712070874862,0.0
c3610012428fed83c925,T2,G0,2,True,True,True,True,True,True,True,True,0.9166666666666666,0.8645833333333334,0.9375,0.7708333333333334,0.78125,0.8125,0.7708333333333334,0.0
c3610012428fed83c925,T2,G1,2,True,True,True,True,True,True,True,True,0.9479166666666666,0.9375,0.9270833333333334,0.8229166666666666,0.84375,0.7604166666666666,0.8645833333333334,0.0
c3610012428fed83c925,T2,G2,2,True,True,True,True,True,True,True,True,0.8809523809523809,0.9411764705882353,0.9651162790697675,0.7649201456990753,0.8434343434343434,0.7225152129817445,0.7306201550387597,0.0
c3610012428fed83c925,T2,G3,2,True,True,True,True,True,True,True,True,0.8977272727272727,0.9397590361445783,0.9090909090909091,0.7137949260042282,0.712310161748364,0.7551299589603283,0.7095959595959596,0.0
4d5d881688849e2dbbb0,T2,G0,2,True,True,True,True,True,True,True,True,0.9270833333333334,0.9166666666666666,0.9270833333333334,0.7708333333333334,0.7291666666666666,0.7395833333333333,0.78125,0.0
4d5d881688849e2dbbb0,T2,G1,2,True,True,True,True,True,True,True,True,0.8958333333333334,0.8958333333333334,0.8958333333333334,0.6979166666666666,0.71875,0.71875,0.71875,0.0
4d5d881688849e2dbbb0,T2,G2,2,True,True,True,True,True,True,True,True,0.8913043478260869,0.9418604651162791,0.9024390243902439,0.7615077926785068,0.7307328605200947,0.6777819881268157,0.6170542635658915,0.0
4d5d881688849e2dbbb0,T2,G3,2,True,True,True,True,True,True,True,True,0.927710843373494,0.8681318681318682,0.898876404494382,0.7235772357723578,0.8106307583274273,0.7781121751025991,0.7768549280177187,0.0
c1e9017e681f164fea76,T2,G0,2,True,True,True,True,True,True,True,True,0.9375,0.9583333333333334,0.9166666666666666,0.8020833333333334,0.8125,0.7604166666666667,0.7916666666666666,0.0
c1e9017e681f164fea76,T2,G1,2,True,True,True,True,True,True,True,True,0.8958333333333334,0.9166666666666666,0.9270833333333334,0.7395833333333334,0.7708333333333333,0.7604166666666666,0.75,0.0
c1e9017e681f164fea76,T2,G2,2,True,True,True,True,True,True,True,True,0.9069767441860465,0.9222222222222223,0.9230769230769231,0.7700348432055749,0.6716826265389877,0.7711287577992059,0.7757475083056478,0.0
c1e9017e681f164fea76,T2,G3,2,True,True,True,True,True,True,True,True,0.9222222222222223,0.8452380952380952,0.9,0.8768731268731268,0.8313131313131312,0.7674104124408384,0.7918449197860963,0.0
dfb79d8a79ad4f5757bb,T3,G0,0,False,False,False,False,False,True,True,True,0.13541666666666666,0.13541666666666666,0.17708333333333334,-0.041666666666666685,-0.020833333333333343,-0.05208333333333333,-0.03125,0.0
dfb79d8a79ad4f5757bb,T3,G1,0,False,False,False,False,False,True,True,True,0.15625,0.13541666666666666,0.16666666666666666,0.05208333333333334,0.07291666666666667,0.03125,0.05208333333333333,0.0
dfb79d8a79ad4f5757bb,T3,G2,0,False,False,False,False,False,True,True,True,0.11494252873563218,0.14457831325301204,0.12643678160919541,-0.018472906403940892,0.015599343185550077,-0.004940711462450592,-0.018931710615280595,0.0
dfb79d8a79ad4f5757bb,T3,G3,0,False,False,False,False,False,True,True,True,0.13333333333333333,0.20238095238095238,0.18604651162790697,-0.024164054336468135,0.0,-0.04395604395604394,0.011363636363636354,0.0
819bb61a070e8b72b5a9,T3,G0,0,False,False,False,False,False,True,True,True,0.125,0.14583333333333334,0.09375,0.02083333333333333,-0.020833333333333315,-0.010416666666666657,0.020833333333333315,0.0
819bb61a070e8b72b5a9,T3,G1,0,False,False,False,False,False,True,True,True,0.13541666666666666,0.13541666666666666,0.15625,-0.09375,-0.05208333333333334,-0.03125,-0.04166666666666666,0.0
819bb61a070e8b72b5a9,T3,G2,0,False,False,False,False,False,True,True,True,0.2,0.1111111111111111,0.2,0.058139534883720936,0.011235955056179775,0.0111111111111111,0.022988505747126436,0.0
819bb61a070e8b72b5a9,T3,G3,0,False,False,False,False,False,True,True,True,0.11764705882352941,0.15853658536585366,0.14285714285714285,0.011494252873563232,0.023809523809523822,0.024294670846394986,0.03853955375253551,0.0
944372d5495b746c8f02,T3,G0,0,False,False,False,False,False,True,True,True,0.19791666666666666,0.16666666666666666,0.15625,-0.07291666666666666,-0.10416666666666666,-0.04166666666666666,-0.0625,0.0
944372d5495b746c8f02,T3,G1,0,False,False,False,False,False,True,True,True,0.17708333333333334,0.14583333333333334,0.16666666666666666,0.0625,0.0625,0.07291666666666666,0.020833333333333315,0.0
944372d5495b746c8f02,T3,G2,0,False,False,False,False,False,True,True,True,0.1,0.1590909090909091,0.18604651162790697,0.0,0.0,0.009796238244514116,-0.011627906976744179,0.0
944372d5495b746c8f02,T3,G3,0,False,False,False,False,False,True,True,True,0.16853932584269662,0.1724137931034483,0.11392405063291139,0.021384656508954825,0.011627906976744207,-0.028668018931710615,0.008248816768086559,0.0
c3b6bd3b7ff8b439e10d,T3,G0,0,False,False,False,False,False,True,True,True,0.17708333333333334,0.14583333333333334,0.2604166666666667,0.0,-0.010416666666666657,0.020833333333333343,0.010416666666666685,0.0
c3b6bd3b7ff8b439e10d,T3,G1,0,False,False,False,False,False,True,True,True,0.16666666666666666,0.19791666666666666,0.10416666666666667,0.020833333333333315,0.07291666666666667,0.020833333333333315,0.03125,0.0
c3b6bd3b7ff8b439e10d,T3,G2,0,False,False,False,False,False,True,True,True,0.12359550561797752,0.18681318681318682,0.1839080459770115,0.0304975922953451,0.010757829309108291,-0.002683363148479445,-0.004622688655672169,0.0
c3b6bd3b7ff8b439e10d,T3,G3,0,False,False,False,False,False,True,True,True,0.15,0.1839080459770115,0.21348314606741572,0.03754578754578755,-0.015189873417721517,-0.05465367965367965,-0.06837349397590362,0.0
36c47998c5cfd2f0182d,T3,G0,0,False,False,False,False,False,True,True,True,0.15625,0.1875,0.1875,-0.02083333333333333,-0.05208333333333334,-0.010416666666666685,0.010416666666666685,0.0
36c47998c5cfd2f0182d,T3,G1,0,False,False,False,False,False,True,True,True,0.17708333333333334,0.14583333333333334,0.125,0.041666666666666685,0.031249999999999986,0.03125,0.0625,0.0
36c47998c5cfd2f0182d,T3,G2,0,False,False,False,False,False,True,True,True,0.20224719101123595,0.20512820512820512,0.10588235294117647,0.07415458937198068,0.029118773946360144,0.08678806664083688,0.017779972836152624,0.0
36c47998c5cfd2f0182d,T3,G3,0,False,False,False,False,False,True,True,True,0.13333333333333333,0.14942528735632185,0.16483516483516483,-0.01653746770025838,-0.03687943262411347,-0.003915624605279777,0.053178230162027426,0.0
2f19f3b14ae99e352161,T3,G0,0,False,False,False,False,False,True,True,True,0.15625,0.13541666666666666,0.17708333333333334,-0.020833333333333315,-0.031250000000000014,-0.010416666666666657,-0.041666666666666685,0.0
2f19f3b14ae99e352161,T3,G1,0,False,False,False,False,False,True,True,True,0.15625,0.14583333333333334,0.125,-0.020833333333333343,0.010416666666666657,0.0,0.010416666666666657,0.0
2f19f3b14ae99e352161,T3,G2,0,False,False,False,False,False,True,True,True,0.10588235294117647,0.14606741573033707,0.10588235294117647,-0.005213903743315512,0.008210180623973731,0.0069767441860465185,0.05360962566844921,0.0
2f19f3b14ae99e352161,T3,G3,0,False,False,False,False,False,True,True,True,0.1839080459770115,0.16279069767441862,0.14444444444444443,-0.010084033613445398,0.02425944841675179,-0.009703779366700721,-0.019743069641649763,0.0
36753391d539260cd498,T3,G0,0,False,False,False,False,False,True,True,True,0.15625,0.20833333333333334,0.14583333333333334,-0.010416666666666657,-0.02083333333333333,-0.010416666666666657,0.0,0.0
36753391d539260cd498,T3,G1,0,False,False,False,False,False,True,True,True,0.19791666666666666,0.13541666666666666,0.14583333333333334,-0.0625,-0.09375,-0.07291666666666666,-0.11458333333333334,0.0
36753391d539260cd498,T3,G2,0,False,False,False,False,False,True,True,True,0.19767441860465115,0.10989010989010989,0.20930232558139536,0.046184738955823285,-0.025078369905956105,0.05538140020898641,0.05756302521008404,0.0
36753391d539260cd498,T3,G3,0,False,False,False,False,False,True,True,True,0.14606741573033707,0.20454545454545456,0.14772727272727273,0.032099803756658246,0.008120939530234905,0.06309345327336331,0.04447702834799608,0.0
33c75127d52fc3081602,T3,G0,0,False,False,False,False,False,True,True,True,0.15625,0.13541666666666666,0.09375,-0.010416666666666657,-0.052083333333333315,-0.04166666666666666,0.010416666666666657,0.0
33c75127d52fc3081602,T3,G1,0,False,False,False,False,False,True,True,True,0.19791666666666666,0.1875,0.13541666666666666,0.07291666666666667,-0.03125,0.03125,0.05208333333333334,0.0
33c75127d52fc3081602,T3,G2,0,False,False,False,False,False,True,True,True,0.1978021978021978,0.14772727272727273,0.13636363636363635,-0.0203057811753464,-0.005007327796775762,0.04886602758943184,0.05057471264367816,0.0
33c75127d52fc3081602,T3,G3,0,False,False,False,False,False,True,True,True,0.13793103448275862,0.26436781609195403,0.21176470588235294,0.017513368983957195,0.021751025991792045,0.006550802139037443,0.05186830415469035,0.0
5899bc07db600167de52,T3,G0,0,True,False,True,False,False,True,False,True,0.875,0.90625,0.8645833333333334,-0.6979166666666666,-0.7083333333333333,-0.6875,-0.7395833333333334,1.0
5899bc07db600167de52,T3,G1,0,True,False,True,False,False,True,False,True,0.9166666666666666,0.8854166666666666,0.9270833333333334,-0.78125,-0.7916666666666667,-0.8020833333333334,-0.7395833333333334,1.0
5899bc07db600167de52,T3,G2,0,True,False,True,False,False,True,False,True,0.9411764705882353,0.9302325581395349,0.9404761904761905,-0.7815964523281596,-0.8218487394957983,-0.8470608635338998,-0.6523594053005818,1.0
5899bc07db600167de52,T3,G3,0,True,False,True,False,False,True,False,True,0.9318181818181818,0.9302325581395349,0.9230769230769231,-0.7626404494382022,-0.8045977011494253,-0.7944096133751306,-0.7365464994775339,1.0
275f884fd6032e6a78a3,T3,G0,0,True,False,True,False,False,True,False,True,0.9270833333333334,0.90625,0.9166666666666666,-0.8229166666666666,-0.8333333333333334,-0.8125,-0.7604166666666667,1.0
275f884fd6032e6a78a3,T3,G1,0,True,False,True,False,False,True,False,True,0.9479166666666666,0.90625,0.9375,-0.8229166666666667,-0.78125,-0.6666666666666666,-0.7395833333333334,1.0
275f884fd6032e6a78a3,T3,G2,0,True,False,True,False,False,True,False,True,0.9058823529411765,0.896551724137931,0.9294117647058824,-0.8173834431099056,-0.8591954022988505,-0.7740263379097786,-0.7403100775193798,1.0
275f884fd6032e6a78a3,T3,G3,0,True,False,True,False,False,True,False,True,0.9166666666666666,0.9111111111111111,0.9550561797752809,-0.8106060606060606,-0.762639029322548,-0.7904761904761904,-0.7945402298850575,1.0
c89597ca89a9433ac7b9,T3,G0,0,True,False,True,False,False,True,False,True,0.9166666666666666,0.8854166666666666,0.9479166666666666,-0.8541666666666667,-0.7291666666666666,-0.7291666666666666,-0.7291666666666667,1.0
c89597ca89a9433ac7b9,T3,G1,0,True,False,True,False,False,True,False,True,0.9791666666666666,0.9270833333333334,0.9791666666666666,-0.8541666666666666,-0.7604166666666666,-0.8541666666666667,-0.8229166666666666,1.0
c89597ca89a9433ac7b9,T3,G2,0,True,False,True,False,False,True,False,True,0.9310344827586207,0.8928571428571429,0.9213483146067416,-0.7963483146067416,-0.6359094916250367,-0.7285495403472931,-0.7347202295552366,1.0
c89597ca89a9433ac7b9,T3,G3,0,True,False,True,False,False,True,False,True,0.9431818181818182,0.8823529411764706,0.9239130434782609,-0.7303370786516854,-0.8214285714285714,-0.7221331194867683,-0.7865168539325843,1.0
ab78f48d3febb3245137,T3,G0,0,True,False,True,False,False,True,False,True,0.96875,0.9166666666666666,0.8333333333333334,-0.7083333333333334,-0.8541666666666666,-0.84375,-0.8229166666666666,1.0
ab78f48d3febb3245137,T3,G1,0,True,False,True,False,False,True,False,True,0.9166666666666666,0.875,0.8854166666666666,-0.7916666666666667,-0.7395833333333334,-0.8020833333333334,-0.7604166666666666,1.0
ab78f48d3febb3245137,T3,G2,0,True,False,True,False,False,True,False,True,0.8850574712643678,0.9080459770114943,0.9340659340659341,-0.7825235109717867,-0.7666666666666666,-0.7205992509363296,-0.8201376936316696,1.0
ab78f48d3febb3245137,T3,G3,0,True,False,True,False,False,True,False,True,0.891566265060241,0.9294117647058824,0.9058823529411765,-0.7414634146341463,-0.8025451559934318,-0.7532922387223312,-0.7672413793103448,1.0
49caaa18928c9f8c718f,T3,G0,0,False,False,False,False,False,True,True,True,0.14583333333333334,0.15625,0.19791666666666666,0.09375000000000001,0.020833333333333343,0.06250000000000001,0.02083333333333333,0.0
49caaa18928c9f8c718f,T3,G1,0,False,False,False,False,False,True,True,True,0.16666666666666666,0.10416666666666667,0.14583333333333334,-0.04166666666666666,-0.03125,-0.010416666666666657,-0.020833333333333343,0.0
49caaa18928c9f8c718f,T3,G2,0,False,False,False,False,False,True,True,True,0.24719101123595505,0.14606741573033707,0.1724137931034483,0.03899835796387521,-0.007694186614557896,0.007070707070707061,0.006157635467980288,0.0
49caaa18928c9f8c718f,T3,G3,0,False,False,False,False,False,True,True,True,0.16853932584269662,0.12195121951219512,0.13043478260869565,0.032358820589705156,0.00013376136971643415,-0.002464403066812698,-0.014311270125223624,0.0
0617718ef2c252a6e7ea,T3,G0,0,False,False,False,False,False,True,True,True,0.13541666666666666,0.17708333333333334,0.1875,0.0,-0.020833333333333343,-0.010416666666666657,0.010416666666666685,0.0
0617718ef2c252a6e7ea,T3,G1,0,False,False,False,False,False,True,True,True,0.16666666666666666,0.10416666666666667,0.1875,0.010416666666666657,0.05208333333333333,0.02083333333333333,0.04166666666666667,0.0
0617718ef2c252a6e7ea,T3,G2,0,False,False,False,False,False,True,True,True,0.1375,0.16853932584269662,0.18292682926829268,-0.021593447505584507,-0.007755158565295656,-0.0055954088952654135,0.03834422657952072,0.0
0617718ef2c252a6e7ea,T3,G3,0,False,False,False,False,False,True,True,True,0.12643678160919541,0.15476190476190477,0.14444444444444443,-0.006644518272425265,-0.010024057738572567,0.024686520376175553,-0.009796238244514116,0.0
c469c9014efbbfed88c9,T3,G0,0,False,False,False,False,False,True,True,True,0.13541666666666666,0.16666666666666666,0.16666666666666666,-0.041666666666666685,-0.02083333333333333,0.020833333333333315,-0.020833333333333343,0.0
c469c9014efbbfed88c9,T3,G1,0,False,False,False,False,False,True,True,True,0.125,0.16666666666666666,0.13541666666666666,-0.04166666666666667,-0.03125,-0.020833333333333315,-0.020833333333333343,0.0
c469c9014efbbfed88c9,T3,G2,0,False,False,False,False,False,True,True,True,0.18072289156626506,0.2,0.19540229885057472,0.055600106923282544,0.046511627906976744,-0.001871157444533561,-0.011627906976744207,0.0
c469c9014efbbfed88c9,T3,G3,0,False,False,False,False,False,True,True,True,0.1511627906976744,0.15853658536585366,0.16279069767441862,-0.054286109957069645,-0.028423772609819126,-0.09615887117846877,0.014610389610389601,0.0
cb262027cb291d530fe5,T3,G0,0,False,False,False,False,False,True,True,True,0.14583333333333334,0.17708333333333334,0.10416666666666667,-0.03125,-0.020833333333333343,-0.03125,-0.020833333333333315,0.0
cb262027cb291d530fe5,T3,G1,0,False,False,False,False,False,True,True,True,0.19791666666666666,0.17708333333333334,0.13541666666666666,-0.03125,-0.04166666666666666,-0.05208333333333334,-0.05208333333333334,0.0
cb262027cb291d530fe5,T3,G2,0,False,False,False,False,False,True,True,True,0.17073170731707318,0.1511627906976744,0.14772727272727273,0.005336617405582916,-0.04146141215106733,-0.09852216748768472,-0.0665328805186786,0.0
cb262027cb291d530fe5,T3,G3,0,False,False,False,False,False,True,True,True,0.16091954022988506,0.2,0.21428571428571427,0.07590802194930754,0.0392764857881137,0.07718794835007176,0.12613265675969554,0.0
05565f51748e92542564,T3,G0,0,False,False,True,False,False,True,True,True,0.8854166666666666,0.125,0.13541666666666666,-0.8020833333333334,-0.7916666666666666,-0.78125,-0.7291666666666667,0.0
05565f51748e92542564,T3,G1,0,False,False,True,False,False,True,True,True,0.9479166666666666,0.20833333333333334,0.20833333333333334,-0.75,-0.8125,-0.8645833333333333,-0.7916666666666666,0.0
05565f51748e92542564,T3,G2,0,False,False,True,False,False,True,True,True,0.8941176470588236,0.11627906976744186,0.20652173913043478,-0.7283524904214559,-0.8522727272727272,-0.8234177215189873,-0.7453889334402566,0.0
05565f51748e92542564,T3,G3,0,False,False,True,False,False,True,True,True,0.9431818181818182,0.125,0.1511627906976744,-0.6839218833600856,-0.6712138436276367,-0.7193675889328063,-0.6070327822919586,0.0
cc8f1f5edb5dac4dfee3,T3,G0,0,False,False,True,False,False,True,True,True,0.9479166666666666,0.09375,0.19791666666666666,-0.7708333333333334,-0.8125,-0.8229166666666667,-0.7395833333333333,0.0
cc8f1f5edb5dac4dfee3,T3,G1,0,False,False,True,False,False,True,True,True,0.8854166666666666,0.15625,0.21875,-0.7604166666666667,-0.78125,-0.8020833333333334,-0.71875,0.0
cc8f1f5edb5dac4dfee3,T3,G2,0,False,False,True,False,False,True,True,True,0.9347826086956522,0.17045454545454544,0.18292682926829268,-0.7241379310344828,-0.8390804597701149,-0.7272727272727273,-0.8426966292134832,0.0
cc8f1f5edb5dac4dfee3,T3,G3,0,False,False,True,False,False,True,True,True,0.9294117647058824,0.07865168539325842,0.1625,-0.7475935828877005,-0.8165961945031712,-0.8010647240123283,-0.8143939393939393,0.0
83149c7495459f0ed2e8,T3,G0,0,False,False,True,False,False,True,True,True,0.8958333333333334,0.15625,0.125,-0.7291666666666666,-0.7604166666666667,-0.75,-0.78125,0.0
83149c7495459f0ed2e8,T3,G1,0,False,False,True,False,False,True,True,True,0.9479166666666666,0.09375,0.15625,-0.8125,-0.8645833333333334,-0.7708333333333333,-0.8125,0.0
83149c7495459f0ed2e8,T3,G2,0,False,False,True,False,False,True,True,True,0.9195402298850575,0.19540229885057472,0.08888888888888889,-0.671647509578544,-0.689966030833551,-0.7532840722495895,-0.7132218447870394,0.0
83149c7495459f0ed2e8,T3,G3,0,False,False,True,False,False,True,True,True,0.8901098901098901,0.1411764705882353,0.18604651162790697,-0.7132816982214571,-0.8438202247191011,-0.7858784473953013,-0.7055404881828748,0.0
85b5b92a795a7ce58709,T3,G0,0,False,False,True,False,False,True,True,True,0.9479166666666666,0.17708333333333334,0.125,-0.7395833333333334,-0.78125,-0.7604166666666666,-0.8020833333333334,0.0
85b5b92a795a7ce58709,T3,G1,0,False,False,True,False,False,True,True,True,0.96875,0.15625,0.1875,-0.8229166666666666,-0.7708333333333334,-0.7291666666666666,-0.8333333333333334,0.0
85b5b92a795a7ce58709,T3,G2,0,False,False,True,False,False,True,True,True,0.8780487804878049,0.1724137931034483,0.19101123595505617,-0.690880169671262,-0.7427108519414023,-0.7917939764295068,-0.6963447589247618,0.0
85b5b92a795a7ce58709,T3,G3,0,False,False,True,False,False,True,True,True,0.9302325581395349,0.11627906976744186,0.18888888888888888,-0.7764705882352941,-0.7961672473867596,-0.8132694938440492,-0.7701149425287356,0.0
1f7b701ae856f5c377f7,T3,G0,1,False,True,True,True,False,True,True,True,0.9166666666666666,0.16666666666666666,0.10416666666666667,0.7708333333333334,-0.7916666666666666,0.78125,0.6875,0.0
1f7b701ae856f5c377f7,T3,G1,1,False,True,True,True,False,True,True,True,0.8958333333333334,0.11458333333333333,0.16666666666666666,0.8229166666666667,-0.7083333333333333,0.7291666666666666,0.75,0.0
1f7b701ae856f5c377f7,T3,G2,1,False,True,True,True,False,True,True,True,0.9186046511627907,0.16279069767441862,0.16091954022988506,0.7786144578313253,-0.763136288998358,0.6678122934567085,0.7350267379679145,0.0
1f7b701ae856f5c377f7,T3,G3,1,False,True,True,True,False,True,True,True,0.8941176470588236,0.14457831325301204,0.25,0.7722631877481565,-0.7678571428571429,0.7561136814276271,0.7467385138967668,0.0
ae0d3886a6bbd2a39e36,T3,G0,1,False,True,True,True,False,True,True,True,0.9375,0.13541666666666666,0.16666666666666666,0.875,-0.7708333333333333,0.7708333333333333,0.8645833333333334,0.0
ae0d3886a6bbd2a39e36,T3,G1,1,False,True,True,True,False,True,True,True,0.9270833333333334,0.19791666666666666,0.11458333333333333,0.8333333333333334,-0.7395833333333333,0.7708333333333333,0.78125,0.0
ae0d3886a6bbd2a39e36,T3,G2,1,False,True,True,True,False,True,True,True,0.9213483146067416,0.20454545454545456,0.0963855421686747,0.750191570881226,-0.776010101010101,0.802807486631016,0.7605363984674329,0.0
ae0d3886a6bbd2a39e36,T3,G3,1,False,True,True,True,False,True,True,True,0.9310344827586207,0.19318181818181818,0.10714285714285714,0.8,-0.7992344733917768,0.7632884479092842,0.7923015236567763,0.0
792098935c4a1e38de51,T3,G0,1,False,True,True,True,False,True,True,True,0.9479166666666666,0.16666666666666666,0.16666666666666666,0.8020833333333334,-0.8229166666666666,0.7916666666666667,0.71875,0.0
792098935c4a1e38de51,T3,G1,1,False,True,True,True,False,True,True,True,0.875,0.13541666666666666,0.1875,0.78125,-0.7916666666666666,0.7604166666666666,0.65625,0.0
792098935c4a1e38de51,T3,G2,1,False,True,True,True,False,True,True,True,0.9382716049382716,0.2111111111111111,0.2235294117647059,0.797979797979798,-0.8764044943820225,0.7769251849821869,0.7609427609427609,0.0
792098935c4a1e38de51,T3,G3,1,False,True,True,True,False,True,True,True,0.9176470588235294,0.19767441860465115,0.09195402298850575,0.7757074810871393,-0.8155212960543506,0.8195402298850575,0.7488894695584009,0.0
2c672c31121c7bd91a74,T3,G0,1,False,True,True,True,False,True,True,True,0.9791666666666666,0.1875,0.20833333333333334,0.7708333333333333,-0.7604166666666666,0.75,0.8020833333333333,0.0
2c672c31121c7bd91a74,T3,G1,1,False,True,True,True,False,True,True,True,0.9270833333333334,0.09375,0.1875,0.7604166666666666,-0.7708333333333333,0.7708333333333334,0.8020833333333334,0.0
2c672c31121c7bd91a74,T3,G2,1,False,True,True,True,False,True,True,True,0.9101123595505618,0.15730337078651685,0.21978021978021978,0.7284218590398366,-0.7630117525506909,0.7089887640449438,0.7121342512908778,0.0
2c672c31121c7bd91a74,T3,G3,1,False,True,True,True,False,True,True,True,0.8953488372093024,0.10112359550561797,0.16304347826086957,0.7710292580982235,-0.7763012181616833,0.6531537916371368,0.7403100775193798,0.0
567931b4ca97bf7811b4,T3,G0,2,True,True,True,True,True,True,True,True,0.9270833333333334,0.9791666666666666,0.96875,0.75,0.8125,0.7916666666666666,0.75,0.0
567931b4ca97bf7811b4,T3,G1,2,True,True,True,True,True,True,True,True,0.9166666666666666,0.90625,0.8854166666666666,0.7916666666666667,0.7395833333333334,0.7916666666666666,0.7708333333333333,0.0
567931b4ca97bf7811b4,T3,G2,2,True,True,True,True,True,True,True,True,0.9139784946236559,0.9302325581395349,0.9069767441860465,0.8060344827586207,0.7878901373283396,0.7600574712643678,0.7628958120531154,0.0
567931b4ca97bf7811b4,T3,G3,2,True,True,True,True,True,True,True,True,0.9021739130434783,0.8941176470588236,0.9333333333333333,0.7415730337078651,0.6847826086956521,0.7472527472527473,0.782608695652174,0.0
bc04ecb77498eb4f9717,T3,G0,2,True,True,True,True,True,True,True,True,0.8854166666666666,0.9375,0.9166666666666666,0.8125,0.7083333333333334,0.8125,0.7291666666666667,0.0
bc04ecb77498eb4f9717,T3,G1,2,True,True,True,True,True,True,True,True,0.8958333333333334,0.8958333333333334,0.9375,0.71875,0.6875,0.6979166666666666,0.7395833333333334,0.0
bc04ecb77498eb4f9717,T3,G2,2,True,True,True,True,True,True,True,True,0.9512195121951219,0.9340659340659341,0.9534883720930233,0.8377281947261663,0.8366621067031463,0.8052325581395349,0.7887596899224806,0.0
bc04ecb77498eb4f9717,T3,G3,2,True,True,True,True,True,True,True,True,0.8850574712643678,0.9647058823529412,0.9411764705882353,0.7601604278074866,0.7080459770114942,0.7479946524064172,0.747192513368984,0.0
89dc1f437fc34f0ed50d,T3,G0,2,True,True,True,True,True,True,True,True,0.9791666666666666,0.9270833333333334,0.8541666666666666,0.7916666666666666,0.8541666666666667,0.7916666666666666,0.8854166666666666,0.0
89dc1f437fc34f0ed50d,T3,G1,2,True,True,True,True,True,True,True,True,0.9375,0.9479166666666666,0.96875,0.84375,0.8020833333333334,0.8229166666666666,0.8645833333333334,0.0
89dc1f437fc34f0ed50d,T3,G2,2,True,True,True,True,True,True,True,True,0.9411764705882353,0.9195402298850575,0.9111111111111111,0.8287433155080214,0.7884288145207032,0.7473544973544973,0.7496733733995296,0.0
89dc1f437fc34f0ed50d,T3,G3,2,True,True,True,True,True,True,True,True,0.9302325581395349,0.9444444444444444,0.9425287356321839,0.7344080338266384,0.808489773045671,0.8585271317829457,0.7695560253699788,0.0
6274fb3b285ab364d012,T3,G0,2,True,True,True,True,True,True,True,True,0.9375,0.90625,0.90625,0.75,0.8229166666666666,0.7395833333333334,0.8229166666666667,0.0
6274fb3b285ab364d012,T3,G1,2,True,True,True,True,True,True,True,True,0.9479166666666666,0.9270833333333334,0.9375,0.8229166666666667,0.8020833333333334,0.7604166666666666,0.84375,0.0
6274fb3b285ab364d012,T3,G2,2,True,True,True,True,True,True,True,True,0.881578947368421,0.9080459770114943,0.9302325581395349,0.7334704672347928,0.6304748405386251,0.7330296796943873,0.6867469879518072,0.0
6274fb3b285ab364d012,T3,G3,2,True,True,True,True,True,True,True,True,0.9166666666666666,0.896551724137931,0.9425287356321839,0.7104326396495071,0.7712209302325581,0.6700130947184635,0.6573009791400596,0.0
0299df0e0a83e2510cac,T3,G0,2,True,True,True,True,True,True,True,True,0.9479166666666666,0.90625,0.90625,0.875,0.6875,0.8854166666666667,0.8333333333333333,0.0
0299df0e0a83e2510cac,T3,G1,2,True,True,True,True,True,True,True,True,0.875,0.9166666666666666,0.90625,0.6770833333333334,0.71875,0.7291666666666666,0.7083333333333333,0.0
0299df0e0a83e2510cac,T3,G2,2,True,True,True,True,True,True,True,True,0.9431818181818182,0.9239130434782609,0.8876404494382022,0.8202247191011236,0.7045454545454545,0.6741573033707865,0.7184385382059801,0.0
0299df0e0a83e2510cac,T3,G3,2,True,True,True,True,True,True,True,True,0.9431818181818182,0.9069767441860465,0.9318181818181818,0.8247827305859265,0.7647584973166368,0.7751937984496124,0.7443778110944528,0.0
ba2051ca3e0e5f0b6dd8,T3,G0,2,True,True,True,True,True,True,True,True,0.9375,0.8854166666666666,0.9270833333333334,0.7708333333333334,0.7395833333333334,0.7083333333333334,0.75,0.0
ba2051ca3e0e5f0b6dd8,T3,G1,2,True,True,True,True,True,True,True,True,0.9583333333333334,0.9375,0.8958333333333334,0.7395833333333334,0.8229166666666666,0.7395833333333333,0.8229166666666667,0.0
ba2051ca3e0e5f0b6dd8,T3,G2,2,True,True,True,True,True,True,True,True,0.9111111111111111,0.8941176470588236,0.9213483146067416,0.7858784473953013,0.7640449438202247,0.8045977011494252,0.7727272727272727,0.0
ba2051ca3e0e5f0b6dd8,T3,G3,2,True,True,True,True,True,True,True,True,0.9560439560439561,0.9438202247191011,0.9213483146067416,0.7489550679205852,0.7491638795986623,0.7268603827072998,0.8402560083594566,0.0
d01feb3e112f0ff7f1df,T3,G0,2,True,True,True,True,True,True,True,True,0.9166666666666666,0.9270833333333334,0.9375,0.7291666666666667,0.71875,0.7083333333333334,0.7708333333333334,0.0
d01feb3e112f0ff7f1df,T3,G1,2,True,True,True,True,True,True,True,True,0.9166666666666666,0.9583333333333334,0.9166666666666666,0.78125,0.75,0.7083333333333334,0.71875,0.0
d01feb3e112f0ff7f1df,T3,G2,2,True,True,True,True,True,True,True,True,0.8941176470588236,0.9333333333333333,0.9010989010989011,0.7852400408580184,0.7699089039083162,0.7568831863138199,0.613953488372093,0.0
d01feb3e112f0ff7f1df,T3,G3,2,True,True,True,True,True,True,True,True,0.9512195121951219,0.9431818181818182,0.9534883720930233,0.8262339418526031,0.7964576074332171,0.8414634146341463,0.7229350441058541,0.0
91d0d48d6ec408df598d,T3,G0,2,True,True,True,True,True,True,True,True,0.9166666666666666,0.9166666666666666,0.9479166666666666,0.8125,0.78125,0.8125,0.6770833333333334,0.0
91d0d48d6ec408df598d,T3,G1,2,True,True,True,True,True,True,True,True,0.9583333333333334,0.9270833333333334,0.9270833333333334,0.6875,0.8125,0.8333333333333333,0.8333333333333333,0.0
91d0d48d6ec408df598d,T3,G2,2,True,True,True,True,True,True,True,True,0.8953488372093024,0.9058823529411765,0.8554216867469879,0.781183932346723,0.819949494949495,0.7376985664471135,0.788235294117647,0.0
91d0d48d6ec408df598d,T3,G3,2,True,True,True,True,True,True,True,True,0.946236559139785,0.9318181818181818,0.8850574712643678,0.7711419015766842,0.8274894810659187,0.8571428571428572,0.8166199158485273,0.0
